label,h,d,h_prime,k,a,w,l,swn,mmax,security,size,keygen_C,sign_C,verify_C,c_per_byte
w=256,50,2,25,6,20,256,18,0,0,128.0,3408,154887258110.0,309799682039.0,4953.0,1.4533450704225352
w=256,50,2,25,7,17,256,18,0,0,128.0,3408,154887258110.0,309778186229.0,4952.0,1.4530516431924883
w=256,50,2,25,8,15,256,18,0,0,128.0,3440,154887258110.0,309775564787.0,4955.0,1.440406976744186
w=256,46,2,23,7,18,256,18,0,0,128.0,3456,38721814526.0,77450969077.0,4958.0,1.4346064814814814
w=256,44,2,22,8,16,256,18,0,0,128.0,3472,19360907262.0,38723911667.0,4959.0,1.4282834101382489
w=256,50,2,25,10,12,256,18,0,0,128.0,3472,154887258110.0,309774680048.0,4958.0,1.4279953917050692
w=256,46,2,23,9,14,256,18,0,0,128.0,3488,38721814526.0,77444218865.0,4960.0,1.4220183486238531
w=256,48,2,24,7,18,256,18,0,0,128.0,3488,77443629054.0,154894598133.0,4962.0,1.422591743119266
w=256,42,2,21,7,19,256,18,0,0,128.0,3504,9680453630.0,19375587317.0,4964.0,1.4166666666666667
w=256,46,2,23,8,16,256,18,0,0,128.0,3504,38721814526.0,77445726195.0,4963.0,1.4163812785388128
w=256,50,2,25,11,11,256,18,0,0,128.0,3504,154887258110.0,309774606318.0,4961.0,1.4158105022831051
w=256,50,2,25,12,10,256,18,0,0,128.0,3504,154887258110.0,309774565356.0,4960.0,1.4155251141552512
w=256,48,2,24,9,14,256,18,0,0,128.0,3520,77443629054.0,154887847921.0,4964.0,1.4102272727272727
w=256,50,2,25,7,18,256,18,0,0,128.0,3520,154887258110.0,309781856245.0,4966.0,1.4107954545454546
w=256,44,2,22,7,19,256,18,0,0,128.0,3536,19360907262.0,38736494581.0,4968.0,1.4049773755656108
w=256,48,2,24,8,16,256,18,0,0,128.0,3536,77443629054.0,154889355251.0,4967.0,1.4046945701357465
w=256,50,2,25,9,14,256,18,0,0,128.0,3552,154887258110.0,309775106033.0,4968.0,1.3986486486486487
w=256,42,2,21,8,17,256,18,0,0,128.0,3568,9680453630.0,19365101555.0,4971.0,1.3932174887892377
w=256,42,2,21,9,15,256,18,0,0,128.0,3568,9680453630.0,19362086897.0,4970.0,1.3929372197309418
w=256,46,2,23,7,19,256,18,0,0,128.0,3568,38721814526.0,77458309109.0,4972.0,1.3934977578475336
w=256,46,2,23,10,13,256,18,0,0,128.0,3568,38721814526.0,77443956720.0,4970.0,1.3929372197309418
w=256,50,2,25,8,16,256,18,0,0,128.0,3568,154887258110.0,309776613363.0,4971.0,1.3932174887892377
w=256,40,2,20,7,20,256,18,0,0,128.0,3584,4840226814.0,9709813749.0,4974.0,1.3878348214285714
w=256,44,2,22,11,12,256,18,0,0,128.0,3584,19360907262.0,38721994734.0,4971.0,1.3869977678571428
w=256,44,2,22,8,17,256,18,0,0,128.0,3600,19360907262.0,38726008819.0,4975.0,1.3819444444444444
w=256,44,2,22,9,15,256,18,0,0,128.0,3600,19360907262.0,38722994161.0,4974.0,1.3816666666666666
w=256,48,2,24,7,19,256,18,0,0,128.0,3600,77443629054.0,154901938165.0,4976.0,1.3822222222222222
w=256,48,2,24,10,13,256,18,0,0,128.0,3600,77443629054.0,154887585776.0,4974.0,1.3816666666666666
w=256,48,2,24,14,9,256,18,0,0,128.0,3600,77443629054.0,154887286761.0,4971.0,1.3808333333333334
w=256,42,2,21,7,20,256,18,0,0,128.0,3616,9680453630.0,19390267381.0,4978.0,1.3766592920353982
w=256,46,2,23,11,12,256,18,0,0,128.0,3616,38721814526.0,77443809262.0,4975.0,1.375829646017699
w=256,46,2,23,13,10,256,18,0,0,128.0,3616,38721814526.0,77443682282.0,4973.0,1.3752765486725664
w=256,46,2,23,8,17,256,18,0,0,128.0,3632,38721814526.0,77447823347.0,4979.0,1.3708700440528634
w=256,46,2,23,9,15,256,18,0,0,128.0,3632,38721814526.0,77444808689.0,4978.0,1.3705947136563876
w=256,46,2,23,12,11,256,18,0,0,128.0,3632,38721814526.0,77443727340.0,4976.0,1.3700440528634361
w=256,50,2,25,7,19,256,18,0,0,128.0,3632,154887258110.0,309789196277.0,4980.0,1.3711453744493391
w=256,50,2,25,10,13,256,18,0,0,128.0,3632,154887258110.0,309774843888.0,4978.0,1.3705947136563876
w=256,50,2,25,14,9,256,18,0,0,128.0,3632,154887258110.0,309774544873.0,4975.0,1.3697687224669604
w=256,44,2,22,7,20,256,18,0,0,128.0,3648,19360907262.0,38751174645.0,4982.0,1.3656798245614035
w=256,48,2,24,11,12,256,18,0,0,128.0,3648,77443629054.0,154887438318.0,4979.0,1.3648574561403508
w=256,48,2,24,13,10,256,18,0,0,128.0,3648,77443629054.0,154887311338.0,4977.0,1.3643092105263157
w=256,40,2,20,8,18,256,18,0,0,128.0,3664,4840226814.0,9688842227.0,4983.0,1.3599890829694323
w=256,42,2,21,10,14,256,18,0,0,128.0,3664,9680453630.0,19361562608.0,4982.0,1.35971615720524
w=256,48,2,24,8,17,256,18,0,0,128.0,3664,77443629054.0,154891452403.0,4983.0,1.3599890829694323
w=256,48,2,24,9,15,256,18,0,0,128.0,3664,77443629054.0,154888437745.0,4982.0,1.35971615720524
w=256,48,2,24,12,11,256,18,0,0,128.0,3664,77443629054.0,154887356396.0,4980.0,1.3591703056768558
w=256,48,2,24,16,8,256,18,0,0,128.0,3664,77443629054.0,154887274469.0,4977.0,1.3583515283842795
w=256,40,2,20,9,16,256,18,0,0,128.0,3680,4840226814.0,9682812913.0,4984.0,1.3543478260869566
w=256,46,2,23,7,20,256,18,0,0,128.0,3680,38721814526.0,77472989173.0,4986.0,1.3548913043478261
w=256,50,2,25,11,12,256,18,0,0,128.0,3680,154887258110.0,309774696430.0,4983.0,1.3540760869565218
w=256,50,2,25,13,10,256,18,0,0,128.0,3680,154887258110.0,309774569450.0,4981.0,1.3535326086956523
w=256,42,2,21,8,18,256,18,0,0,128.0,3696,9680453630.0,19369295859.0,4987.0,1.3492965367965368
w=256,44,2,22,10,14,256,18,0,0,128.0,3696,19360907262.0,38722469872.0,4986.0,1.349025974025974
w=256,50,2,25,8,17,256,18,0,0,128.0,3696,154887258110.0,309778710515.0,4987.0,1.3492965367965368
w=256,50,2,25,9,15,256,18,0,0,128.0,3696,154887258110.0,309775695857.0,4986.0,1.349025974025974
w=256,50,2,25,12,11,256,18,0,0,128.0,3696,154887258110.0,309774614508.0,4984.0,1.3484848484848484
w=256,50,2,25,16,8,256,18,0,0,128.0,3696,154887258110.0,309774532581.0,4981.0,1.3476731601731602
w=256,42,2,21,9,16,256,18,0,0,128.0,3712,9680453630.0,19363266545.0,4988.0,1.34375
w=256,48,2,24,7,20,256,18,0,0,128.0,3712,77443629054.0,154916618229.0,4990.0,1.3442887931034482
w=32,50,2,25,6,20,32,28,0,0,128.0,3728,30400315390.0,60825796599.0,1235.0,0.3312768240343348
w=32,50,2,25,7,17,32,28,0,0,128.0,3728,30400315390.0,60804300789.0,1234.0,0.3310085836909871
w=256,42,2,21,11,13,256,18,0,0,128.0,3728,9680453630.0,19361267694.0,4989.0,1.3382510729613735
w=256,44,2,22,8,18,256,18,0,0,128.0,3728,19360907262.0,38730203123.0,4991.0,1.3387875536480687
w=256,45,3,15,7,18,256,18,0,0,128.0,3728,151257086.0,461111283.0,7257.0,1.9466201716738198
w=256,46,2,23,10,14,256,18,0,0,128.0,3728,38721814526.0,77444284400.0,4990.0,1.338519313304721
w=256,46,2,23,15,9,256,18,0,0,128.0,3728,38721814526.0,77443659751.0,4986.0,1.3374463519313304
w=256,44,2,22,9,16,256,18,0,0,128.0,3744,19360907262.0,38724173809.0,4992.0,1.3333333333333333
w=256,50,2,25,7,20,256,18,0,0,128.0,3744,154887258110.0,309803876341.0,4994.0,1.3338675213675213
w=32,50,2,25,8,15,32,28,0,0,128.0,3760,30400315390.0,60801679347.0,1237.0,0.32898936170212767
w=256,42,2,21,12,12,256,18,0,0,128.0,3760,9680453630.0,19361103852.0,4992.0,1.327659574468085
w=256,42,2,21,13,11,256,18,0,0,128.0,3760,9680453630.0,19361013738.0,4991.0,1.3273936170212766
w=256,44,2,22,11,13,256,18,0,0,128.0,3760,19360907262.0,38722174958.0,4993.0,1.3279255319148937
w=256,44,2,22,14,10,256,18,0,0,128.0,3760,19360907262.0,38721871849.0,4991.0,1.3273936170212766
w=256,46,2,23,8,18,256,18,0,0,128.0,3760,38721814526.0,77452017651.0,4995.0,1.3284574468085106
w=256,48,2,24,10,14,256,18,0,0,128.0,3760,77443629054.0,154887913456.0,4994.0,1.3281914893617022
w=256,48,2,24,15,9,256,18,0,0,128.0,3760,77443629054.0,154887288807.0,4990.0,1.327127659574468
w=32,46,2,23,7,18,32,28,0,0,128.0,3776,7600078846.0,15207497717.0,1240.0,0.3283898305084746
w=256,45,3,15,8,16,256,18,0,0,128.0,3776,151257086.0,455868401.0,7262.0,1.9231991525423728
w=256,46,2,23,9,16,256,18,0,0,128.0,3776,38721814526.0,77445988337.0,4996.0,1.3230932203389831
w=256,46,2,23,17,8,256,18,0,0,128.0,3776,38721814526.0,77443646435.0,4990.0,1.3215042372881356
w=256,48,3,16,7,18,256,18,0,0,128.0,3776,302514174.0,914882547.0,7263.0,1.9234639830508475
w=32,44,2,22,8,16,32,28,0,0,128.0,3792,3800039422.0,7602175987.0,1241.0,0.32726793248945146
w=32,50,2,25,10,12,32,28,0,0,128.0,3792,30400315390.0,60800794608.0,1240.0,0.3270042194092827
w=256,40,2,20,8,19,256,18,0,0,128.0,3792,4840226814.0,9697230835.0,4999.0,1.318301687763713
w=256,40,2,20,10,15,256,18,0,0,128.0,3792,4840226814.0,9681764336.0,4998.0,1.3180379746835442
w=256,42,3,14,7,19,256,18,0,0,128.0,3792,75628542.0,241565683.0,7265.0,1.9158755274261603
w=256,44,2,22,12,12,256,18,0,0,128.0,3792,19360907262.0,38722011116.0,4996.0,1.3175105485232068
w=256,44,2,22,13,11,256,18,0,0,128.0,3792,19360907262.0,38721921002.0,4995.0,1.317246835443038
w=256,46,2,23,11,13,256,18,0,0,128.0,3792,38721814526.0,77443989486.0,4997.0,1.3177742616033756
w=256,46,2,23,14,10,256,18,0,0,128.0,3792,38721814526.0,77443686377.0,4995.0,1.317246835443038
w=256,48,2,24,8,18,256,18,0,0,128.0,3792,77443629054.0,154895646707.0,4999.0,1.318301687763713
w=256,50,2,25,10,14,256,18,0,0,128.0,3792,154887258110.0,309775171568.0,4998.0,1.3180379746835442
w=256,50,2,25,15,9,256,18,0,0,128.0,3792,154887258110.0,309774546919.0,4994.0,1.3169831223628692
w=32,46,2,23,9,14,32,28,0,0,128.0,3808,7600078846.0,15200747505.0,1242.0,0.32615546218487396
w=32,48,2,24,7,18,32,28,0,0,128.0,3808,15200157694.0,30407655413.0,1244.0,0.32668067226890757
w=256,48,2,24,9,16,256,18,0,0,128.0,3808,77443629054.0,154889617393.0,5000.0,1.3130252100840336
w=256,48,2,24,17,8,256,18,0,0,128.0,3808,77443629054.0,154887275491.0,4994.0,1.3114495798319328
w=256,48,3,16,9,14,256,18,0,0,128.0,3808,302514174.0,908132335.0,7265.0,1.9078256302521008
w=32,42,2,21,7,19,32,28,0,0,128.0,3824,1900019710.0,3814719477.0,1246.0,0.32583682008368203
w=32,46,2,23,8,16,32,28,0,0,128.0,3824,7600078846.0,15202254835.0,1245.0,0.3255753138075314
w=32,50,2,25,11,11,32,28,0,0,128.0,3824,30400315390.0,60800720878.0,1243.0,0.3250523012552301
w=32,50,2,25,12,10,32,28,0,0,128.0,3824,30400315390.0,60800679916.0,1242.0,0.3247907949790795
w=256,40,2,20,9,17,256,18,0,0,128.0,3824,4840226814.0,9685172209.0,5002.0,1.3080543933054394
w=256,42,2,21,8,19,256,18,0,0,128.0,3824,9680453630.0,19377684467.0,5003.0,1.30831589958159
w=256,42,2,21,10,15,256,18,0,0,128.0,3824,9680453630.0,19362217968.0,5002.0,1.3080543933054394
w=256,46,2,23,12,12,256,18,0,0,128.0,3824,38721814526.0,77443825644.0,5000.0,1.3075313807531381
w=256,46,2,23,13,11,256,18,0,0,128.0,3824,38721814526.0,77443735530.0,4999.0,1.3072698744769875
w=256,48,2,24,11,13,256,18,0,0,128.0,3824,77443629054.0,154887618542.0,5001.0,1.3077928870292888
w=256,48,2,24,14,10,256,18,0,0,128.0,3824,77443629054.0,154887315433.0,4999.0,1.3072698744769875
w=256,48,3,16,8,16,256,18,0,0,128.0,3824,302514174.0,909639665.0,7268.0,1.9006276150627615
w=256,50,2,25,8,18,256,18,0,0,128.0,3824,154887258110.0,309782904819.0,5003.0,1.30831589958159
w=32,48,2,24,9,14,32,28,0,0,128.0,3840,15200157694.0,30400905201.0,1246.0,0.32447916666666665
w=32,50,2,25,7,18,32,28,0,0,128.0,3840,30400315390.0,60807970805.0,1248.0,0.325
w=256,45,3,15,7,19,256,18,0,0,128.0,3840,151257086.0,468451315.0,7271.0,1.8934895833333334
w=256,45,3,15,10,13,256,18,0,0,128.0,3840,151257086.0,454098926.0,7269.0,1.89296875
w=256,50,2,25,9,16,256,18,0,0,128.0,3840,154887258110.0,309776875505.0,5004.0,1.303125
w=256,50,2,25,17,8,256,18,0,0,128.0,3840,154887258110.0,309774533603.0,4998.0,1.3015625
w=32,44,2,22,7,19,32,28,0,0,128.0,3856,3800039422.0,7614758901.0,1250.0,0.3241701244813278
w=32,48,2,24,8,16,32,28,0,0,128.0,3856,15200157694.0,30402412531.0,1249.0,0.32391078838174275
w=256,42,2,21,9,17,256,18,0,0,128.0,3856,9680453630.0,19365625841.0,5006.0,1.2982365145228216
w=256,42,3,14,8,17,256,18,0,0,128.0,3856,75628542.0,231079921.0,7272.0,1.8858921161825726
w=256,42,3,14,9,15,256,18,0,0,128.0,3856,75628542.0,228065263.0,7271.0,1.8856327800829875
w=256,44,2,22,8,19,256,18,0,0,128.0,3856,19360907262.0,38738591731.0,5007.0,1.2984958506224067
w=256,44,2,22,10,15,256,18,0,0,128.0,3856,19360907262.0,38723125232.0,5006.0,1.2982365145228216
w=256,44,2,22,16,9,256,18,0,0,128.0,3856,19360907262.0,38721847269.0,5001.0,1.2969398340248963
w=256,48,2,24,12,12,256,18,0,0,128.0,3856,77443629054.0,154887454700.0,5004.0,1.2977178423236515
w=256,48,2,24,13,11,256,18,0,0,128.0,3856,77443629054.0,154887364586.0,5003.0,1.2974585062240664
w=256,50,2,25,11,13,256,18,0,0,128.0,3856,154887258110.0,309774876654.0,5005.0,1.2979771784232366
w=256,50,2,25,14,10,256,18,0,0,128.0,3856,154887258110.0,309774573545.0,5003.0,1.2974585062240664
w=32,50,2,25,9,14,32,28,0,0,128.0,3872,30400315390.0,60801220593.0,1250.0,0.3228305785123967
w=256,40,2,20,11,14,256,18,0,0,128.0,3872,4840226814.0,9681174510.0,5007.0,1.2931301652892562
w=32,42,2,21,8,17,32,28,0,0,128.0,3888,1900019710.0,3804233715.0,1253.0,0.32227366255144035
w=32,42,2,21,9,15,32,28,0,0,128.0,3888,1900019710.0,3801219057.0,1252.0,0.3220164609053498
w=32,46,2,23,7,19,32,28,0,0,128.0,3888,7600078846.0,15214837749.0,1254.0,0.32253086419753085
w=32,46,2,23,10,13,32,28,0,0,128.0,3888,7600078846.0,15200485360.0,1252.0,0.3220164609053498
w=32,50,2,25,8,16,32,28,0,0,128.0,3888,30400315390.0,60802727923.0,1253.0,0.32227366255144035
w=256,44,2,22,9,17,256,18,0,0,128.0,3888,19360907262.0,38726533105.0,5010.0,1.2885802469135803
w=256,45,3,15,11,12,256,18,0,0,128.0,3888,151257086.0,453951468.0,7274.0,1.8708847736625513
w=256,46,2,23,8,19,256,18,0,0,128.0,3888,38721814526.0,77460406259.0,5011.0,1.2888374485596708
w=256,46,2,23,10,15,256,18,0,0,128.0,3888,38721814526.0,77444939760.0,5010.0,1.2885802469135803
w=256,46,2,23,16,9,256,18,0,0,128.0,3888,38721814526.0,77443661797.0,5005.0,1.2872942386831276
w=256,48,3,16,7,19,256,18,0,0,128.0,3888,302514174.0,922222579.0,7277.0,1.8716563786008231
w=256,48,3,16,10,13,256,18,0,0,128.0,3888,302514174.0,907870190.0,7275.0,1.871141975308642
w=256,48,3,16,14,9,256,18,0,0,128.0,3888,302514174.0,907571175.0,7272.0,1.8703703703703705
w=256,50,2,25,12,12,256,18,0,0,128.0,3888,154887258110.0,309774712812.0,5008.0,1.2880658436213992
w=256,50,2,25,13,11,256,18,0,0,128.0,3888,154887258110.0,309774622698.0,5007.0,1.2878086419753085
w=32,40,2,20,7,20,32,28,0,0,128.0,3904,950009854.0,1929379829.0,1256.0,0.32172131147540983
w=32,44,2,22,11,12,32,28,0,0,128.0,3904,3800039422.0,7600259054.0,1253.0,0.320952868852459
w=256,42,2,21,11,14,256,18,0,0,128.0,3904,9680453630.0,19361628142.0,5011.0,1.2835553278688525
w=256,42,2,21,15,10,256,18,0,0,128.0,3904,9680453630.0,19360968679.0,5008.0,1.2827868852459017
w=256,42,3,14,7,20,256,18,0,0,128.0,3904,75628542.0,256245747.0,7279.0,1.8644979508196722
w=256,45,3,15,8,17,256,18,0,0,128.0,3904,151257086.0,457965553.0,7278.0,1.8642418032786885
w=256,45,3,15,9,15,256,18,0,0,128.0,3904,151257086.0,454950895.0,7277.0,1.863985655737705
w=256,45,3,15,12,11,256,18,0,0,128.0,3904,151257086.0,453869546.0,7275.0,1.8634733606557377
w=32,44,2,22,8,17,32,28,0,0,128.0,3920,3800039422.0,7604273139.0,1257.0,0.32066326530612244
w=32,44,2,22,9,15,32,28,0,0,128.0,3920,3800039422.0,7601258481.0,1256.0,0.32040816326530613
w=32,48,2,24,7,19,32,28,0,0,128.0,3920,15200157694.0,30414995445.0,1258.0,0.3209183673469388
w=32,48,2,24,10,13,32,28,0,0,128.0,3920,15200157694.0,30400643056.0,1256.0,0.32040816326530613
w=32,48,2,24,14,9,32,28,0,0,128.0,3920,15200157694.0,30400344041.0,1253.0,0.3196428571428571
w=256,40,2,20,8,20,256,18,0,0,128.0,3920,4840226814.0,9714008051.0,5015.0,1.2793367346938775
w=256,40,2,20,12,13,256,18,0,0,128.0,3920,4840226814.0,9680846828.0,5012.0,1.2785714285714285
w=256,46,2,23,9,17,256,18,0,0,128.0,3920,38721814526.0,77448347633.0,5014.0,1.2790816326530612
w=256,46,2,23,18,8,256,18,0,0,128.0,3920,38721814526.0,77443647458.0,5008.0,1.2775510204081633
w=256,48,2,24,8,19,256,18,0,0,128.0,3920,77443629054.0,154904035315.0,5015.0,1.2793367346938775
w=256,48,2,24,10,15,256,18,0,0,128.0,3920,77443629054.0,154888568816.0,5014.0,1.2790816326530612
w=256,48,2,24,16,9,256,18,0,0,128.0,3920,77443629054.0,154887290853.0,5009.0,1.2778061224489796
w=32,42,2,21,7,20,32,28,0,0,128.0,3936,1900019710.0,3829399541.0,1260.0,0.3201219512195122
w=32,46,2,23,11,12,32,28,0,0,128.0,3936,7600078846.0,15200337902.0,1257.0,0.31935975609756095
w=32,46,2,23,13,10,32,28,0,0,128.0,3936,7600078846.0,15200210922.0,1255.0,0.31885162601626016
w=256,40,2,20,13,12,256,18,0,0,128.0,3936,4840226814.0,9680666602.0,5013.0,1.2736280487804879
w=256,44,2,22,11,14,256,18,0,0,128.0,3936,19360907262.0,38722535406.0,5015.0,1.2741361788617886
w=256,44,2,22,15,10,256,18,0,0,128.0,3936,19360907262.0,38721875943.0,5012.0,1.2733739837398375
w=256,48,3,16,11,12,256,18,0,0,128.0,3936,302514174.0,907722732.0,7280.0,1.8495934959349594
w=256,48,3,16,13,10,256,18,0,0,128.0,3936,302514174.0,907595752.0,7278.0,1.8490853658536586
w=16,50,2,25,6,20,16,35,0,0,128.0,3952,19193135102.0,38411436023.0,895.0,0.22646761133603238
w=16,50,2,25,7,17,16,35,0,0,128.0,3952,19193135102.0,38389940213.0,894.0,0.22621457489878544
w=32,46,2,23,8,17,32,28,0,0,128.0,3952,7600078846.0,15204351987.0,1261.0,0.3190789473684211
w=32,46,2,23,9,15,32,28,0,0,128.0,3952,7600078846.0,15201337329.0,1260.0,0.3188259109311741
w=32,46,2,23,12,11,32,28,0,0,128.0,3952,7600078846.0,15200255980.0,1258.0,0.3183198380566802
w=32,50,2,25,7,19,32,28,0,0,128.0,3952,30400315390.0,60815310837.0,1262.0,0.319331983805668
w=32,50,2,25,10,13,32,28,0,0,128.0,3952,30400315390.0,60800958448.0,1260.0,0.3188259109311741
w=32,50,2,25,14,9,32,28,0,0,128.0,3952,30400315390.0,60800659433.0,1257.0,0.3180668016194332
w=256,40,2,20,10,16,256,18,0,0,128.0,3952,4840226814.0,9683075056.0,5018.0,1.269736842105263
w=256,42,2,21,8,20,256,18,0,0,128.0,3952,9680453630.0,19394461683.0,5019.0,1.26998987854251
w=256,42,2,21,12,13,256,18,0,0,128.0,3952,9680453630.0,19361300460.0,5016.0,1.2692307692307692
w=256,42,2,21,14,11,256,18,0,0,128.0,3952,9680453630.0,19361021929.0,5015.0,1.2689777327935223
w=256,42,3,14,10,14,256,18,0,0,128.0,3952,75628542.0,227540974.0,7283.0,1.8428643724696356
w=256,45,3,15,7,20,256,18,0,0,128.0,3952,151257086.0,483131379.0,7285.0,1.8433704453441295
w=256,48,2,24,9,17,256,18,0,0,128.0,3952,77443629054.0,154891976689.0,5018.0,1.269736842105263
w=256,48,2,24,18,8,256,18,0,0,128.0,3952,77443629054.0,154887276514.0,5012.0,1.2682186234817814
w=256,48,3,16,8,17,256,18,0,0,128.0,3952,302514174.0,911736817.0,7284.0,1.8431174089068827
w=256,48,3,16,9,15,256,18,0,0,128.0,3952,302514174.0,908722159.0,7283.0,1.8428643724696356
w=256,48,3,16,12,11,256,18,0,0,128.0,3952,302514174.0,907640810.0,7281.0,1.8423582995951417
w=256,48,3,16,16,8,256,18,0,0,128.0,3952,302514174.0,907558883.0,7278.0,1.8415991902834008
w=256,50,2,25,8,19,256,18,0,0,128.0,3952,154887258110.0,309791293427.0,5019.0,1.26998987854251
w=256,50,2,25,10,15,256,18,0,0,128.0,3952,154887258110.0,309775826928.0,5018.0,1.269736842105263
w=256,50,2,25,16,9,256,18,0,0,128.0,3952,154887258110.0,309774548965.0,5013.0,1.2684716599190284
w=32,44,2,22,7,20,32,28,0,0,128.0,3968,3800039422.0,7629438965.0,1264.0,0.3185483870967742
w=32,48,2,24,11,12,32,28,0,0,128.0,3968,15200157694.0,30400495598.0,1261.0,0.31779233870967744
w=32,48,2,24,13,10,32,28,0,0,128.0,3968,15200157694.0,30400368618.0,1259.0,0.3172883064516129
w=256,40,2,20,9,18,256,18,0,0,128.0,3968,4840226814.0,9689890801.0,5020.0,1.2651209677419355
w=256,42,2,21,13,12,256,18,0,0,128.0,3968,9680453630.0,19361120234.0,5017.0,1.2643649193548387
w=256,46,2,23,11,14,256,18,0,0,128.0,3968,38721814526.0,77444349934.0,5019.0,1.2648689516129032
w=256,46,2,23,15,10,256,18,0,0,128.0,3968,38721814526.0,77443690471.0,5016.0,1.2641129032258065
w=16,50,2,25,8,15,16,35,0,0,128.0,3984,19193135102.0,38387318771.0,897.0,0.22515060240963855
w=32,40,2,20,8,18,32,28,0,0,128.0,3984,950009854.0,1908408307.0,1265.0,0.31752008032128515
w=32,42,2,21,10,14,32,28,0,0,128.0,3984,1900019710.0,3800694768.0,1264.0,0.3172690763052209
w=32,48,2,24,8,17,32,28,0,0,128.0,3984,15200157694.0,30404509683.0,1265.0,0.31752008032128515
w=32,48,2,24,9,15,32,28,0,0,128.0,3984,15200157694.0,30401495025.0,1264.0,0.3172690763052209
w=32,48,2,24,12,11,32,28,0,0,128.0,3984,15200157694.0,30400413676.0,1262.0,0.31676706827309237
w=32,48,2,24,16,8,32,28,0,0,128.0,3984,15200157694.0,30400331749.0,1259.0,0.3160140562248996
w=256,42,2,21,10,16,256,18,0,0,128.0,3984,9680453630.0,19363528688.0,5022.0,1.2605421686746987
w=256,42,2,21,17,9,256,18,0,0,128.0,3984,9680453630.0,19360942051.0,5016.0,1.2590361445783131
w=256,42,3,14,8,18,256,18,0,0,128.0,3984,75628542.0,235274225.0,7288.0,1.8293172690763053
w=256,44,2,22,8,20,256,18,0,0,128.0,3984,19360907262.0,38755368947.0,5023.0,1.260793172690763
w=256,44,2,22,12,13,256,18,0,0,128.0,3984,19360907262.0,38722207724.0,5020.0,1.2600401606425702
w=256,44,2,22,14,11,256,18,0,0,128.0,3984,19360907262.0,38721929193.0,5019.0,1.259789156626506
w=256,50,2,25,9,17,256,18,0,0,128.0,3984,154887258110.0,309779234801.0,5022.0,1.2605421686746987
w=256,50,2,25,18,8,256,18,0,0,128.0,3984,154887258110.0,309774534626.0,5016.0,1.2590361445783131
w=16,46,2,23,7,18,16,35,0,0,128.0,4000,4798283774.0,9603907573.0,900.0,0.225
w=32,40,2,20,9,16,32,28,0,0,128.0,4000,950009854.0,1902378993.0,1266.0,0.3165
w=32,46,2,23,7,20,32,28,0,0,128.0,4000,7600078846.0,15229517813.0,1268.0,0.317
w=32,50,2,25,11,12,32,28,0,0,128.0,4000,30400315390.0,60800810990.0,1265.0,0.31625
w=32,50,2,25,13,10,32,28,0,0,128.0,4000,30400315390.0,60800684010.0,1263.0,0.31575
w=256,42,2,21,9,18,256,18,0,0,128.0,4000,9680453630.0,19370344433.0,5024.0,1.256
w=256,42,3,14,9,16,256,18,0,0,128.0,4000,75628542.0,229244911.0,7289.0,1.82225
w=256,44,2,22,13,12,256,18,0,0,128.0,4000,19360907262.0,38722027498.0,5021.0,1.25525
w=256,45,3,15,10,14,256,18,0,0,128.0,4000,151257086.0,454426606.0,7289.0,1.82225
w=256,48,2,24,11,14,256,18,0,0,128.0,4000,77443629054.0,154887978990.0,5023.0,1.25575
w=256,48,2,24,15,10,256,18,0,0,128.0,4000,77443629054.0,154887319527.0,5020.0,1.255
w=256,48,3,16,7,20,256,18,0,0,128.0,4000,302514174.0,936902643.0,7291.0,1.82275
w=16,44,2,22,8,16,16,35,0,0,128.0,4016,2399141886.0,4800380915.0,901.0,0.22435258964143426
w=16,50,2,25,10,12,16,35,0,0,128.0,4016,19193135102.0,38386434032.0,900.0,0.2241035856573705
w=32,42,2,21,8,18,32,28,0,0,128.0,4016,1900019710.0,3808428019.0,1269.0,0.3159860557768924
w=32,44,2,22,10,14,32,28,0,0,128.0,4016,3800039422.0,7600734192.0,1268.0,0.3157370517928287
w=32,50,2,25,8,17,32,28,0,0,128.0,4016,30400315390.0,60804825075.0,1269.0,0.3159860557768924
w=32,50,2,25,9,15,32,28,0,0,128.0,4016,30400315390.0,60801810417.0,1268.0,0.3157370517928287
w=32,50,2,25,12,11,32,28,0,0,128.0,4016,30400315390.0,60800729068.0,1266.0,0.3152390438247012
w=32,50,2,25,16,8,32,28,0,0,128.0,4016,30400315390.0,60800647141.0,1263.0,0.31449203187250996
w=256,42,3,14,11,13,256,18,0,0,128.0,4016,75628542.0,227246060.0,7290.0,1.8152390438247012
w=256,44,2,22,10,16,256,18,0,0,128.0,4016,19360907262.0,38724435952.0,5026.0,1.2514940239043826
w=256,44,2,22,17,9,256,18,0,0,128.0,4016,19360907262.0,38721849315.0,5020.0,1.25
w=256,46,2,23,8,20,256,18,0,0,128.0,4016,38721814526.0,77477183475.0,5027.0,1.2517430278884463
w=256,46,2,23,12,13,256,18,0,0,128.0,4016,38721814526.0,77444022252.0,5024.0,1.250996015936255
w=256,46,2,23,14,11,256,18,0,0,128.0,4016,38721814526.0,77443743721.0,5023.0,1.2507470119521913
w=16,46,2,23,9,14,16,35,0,0,128.0,4032,4798283774.0,9597157361.0,902.0,0.22371031746031747
w=16,48,2,24,7,18,16,35,0,0,128.0,4032,9596567550.0,19200475125.0,904.0,0.22420634920634921
w=32,42,2,21,9,16,32,28,0,0,128.0,4032,1900019710.0,3802398705.0,1270.0,0.3149801587301587
w=32,48,2,24,7,20,32,28,0,0,128.0,4032,15200157694.0,30429675509.0,1272.0,0.31547619047619047
w=256,44,2,22,9,18,256,18,0,0,128.0,4032,19360907262.0,38731251697.0,5028.0,1.2470238095238095
w=256,44,2,22,19,8,256,18,0,0,128.0,4032,19360907262.0,38721833952.0,5021.0,1.2452876984126984
w=256,45,3,15,8,18,256,18,0,0,128.0,4032,151257086.0,462159857.0,7294.0,1.8090277777777777
w=256,46,2,23,13,12,256,18,0,0,128.0,4032,38721814526.0,77443842026.0,5025.0,1.2462797619047619
w=256,50,2,25,11,14,256,18,0,0,128.0,4032,154887258110.0,309775237102.0,5027.0,1.2467757936507937
w=256,50,2,25,15,10,256,18,0,0,128.0,4032,154887258110.0,309774577639.0,5024.0,1.246031746031746
w=16,42,2,21,7,19,16,35,0,0,128.0,4048,1199570942.0,2413821941.0,906.0,0.22381422924901187
w=16,46,2,23,8,16,16,35,0,0,128.0,4048,4798283774.0,9598664691.0,905.0,0.22356719367588934
w=16,50,2,25,11,11,16,35,0,0,128.0,4048,19193135102.0,38386360302.0,903.0,0.22307312252964426
w=16,50,2,25,12,10,16,35,0,0,128.0,4048,19193135102.0,38386319340.0,902.0,0.22282608695652173
w=32,42,2,21,11,13,32,28,0,0,128.0,4048,1900019710.0,3800399854.0,1271.0,0.31398221343873517
w=32,44,2,22,8,18,32,28,0,0,128.0,4048,3800039422.0,7608467443.0,1273.0,0.3144762845849802
w=32,46,2,23,10,14,32,28,0,0,128.0,4048,7600078846.0,15200813040.0,1272.0,0.3142292490118577
w=32,46,2,23,15,9,32,28,0,0,128.0,4048,7600078846.0,15200188391.0,1268.0,0.3132411067193676
w=256,40,2,20,11,15,256,18,0,0,128.0,4048,4840226814.0,9681895406.0,5029.0,1.2423418972332017
w=256,42,3,14,12,12,256,18,0,0,128.0,4048,75628542.0,227082218.0,7293.0,1.8016304347826086
w=256,42,3,14,13,11,256,18,0,0,128.0,4048,75628542.0,226992104.0,7292.0,1.801383399209486
w=256,44,4,11,8,16,256,18,0,0,128.0,4048,9453566.0,39911407.0,9561.0,2.361907114624506
w=256,45,3,15,9,16,256,18,0,0,128.0,4048,151257086.0,456130543.0,7295.0,1.8021245059288538
w=256,46,2,23,10,16,256,18,0,0,128.0,4048,38721814526.0,77446250480.0,5030.0,1.2425889328063242
w=256,46,2,23,17,9,256,18,0,0,128.0,4048,38721814526.0,77443663843.0,5024.0,1.2411067193675889
w=256,48,2,24,8,20,256,18,0,0,128.0,4048,77443629054.0,154920812531.0,5031.0,1.2428359683794465
w=256,48,2,24,12,13,256,18,0,0,128.0,4048,77443629054.0,154887651308.0,5028.0,1.242094861660079
w=256,48,2,24,14,11,256,18,0,0,128.0,4048,77443629054.0,154887372777.0,5027.0,1.2418478260869565
w=256,48,3,16,10,14,256,18,0,0,128.0,4048,302514174.0,908197870.0,7295.0,1.8021245059288538
w=256,48,3,16,15,9,256,18,0,0,128.0,4048,302514174.0,907573221.0,7291.0,1.8011363636363635
w=16,48,2,24,9,14,16,35,0,0,128.0,4064,9596567550.0,19193724913.0,906.0,0.22293307086614172
w=16,50,2,25,7,18,16,35,0,0,128.0,4064,19193135102.0,38393610229.0,908.0,0.2234251968503937
w=32,44,2,22,9,16,32,28,0,0,128.0,4064,3800039422.0,7602438129.0,1274.0,0.31348425196850394
w=32,50,2,25,7,20,32,28,0,0,128.0,4064,30400315390.0,60829990901.0,1276.0,0.3139763779527559
w=256,45,3,15,11,13,256,18,0,0,128.0,4064,151257086.0,454131692.0,7296.0,1.795275590551181
w=256,45,3,15,14,10,256,18,0,0,128.0,4064,151257086.0,453828583.0,7294.0,1.7947834645669292
w=256,46,2,23,9,18,256,18,0,0,128.0,4064,38721814526.0,77453066225.0,5032.0,1.2381889763779528
w=256,46,2,23,19,8,256,18,0,0,128.0,4064,38721814526.0,77443648480.0,5025.0,1.2364665354330708
w=256,48,2,24,13,12,256,18,0,0,128.0,4064,77443629054.0,154887471082.0,5029.0,1.2374507874015748
w=256,48,4,12,7,18,256,18,0,0,128.0,4064,18907134.0,82968561.0,9564.0,2.3533464566929134
w=16,44,2,22,7,19,16,35,0,0,128.0,4080,2399141886.0,4812963829.0,910.0,0.22303921568627452
w=16,48,2,24,8,16,16,35,0,0,128.0,4080,9596567550.0,19195232243.0,909.0,0.22279411764705884
w=32,42,2,21,12,12,32,28,0,0,128.0,4080,1900019710.0,3800236012.0,1274.0,0.3122549019607843
w=32,42,2,21,13,11,32,28,0,0,128.0,4080,1900019710.0,3800145898.0,1273.0,0.31200980392156863
w=32,44,2,22,11,13,32,28,0,0,128.0,4080,3800039422.0,7600439278.0,1275.0,0.3125
w=32,44,2,22,14,10,32,28,0,0,128.0,4080,3800039422.0,7600136169.0,1273.0,0.31200980392156863
w=32,46,2,23,8,18,32,28,0,0,128.0,4080,7600078846.0,15208546291.0,1277.0,0.31299019607843137
w=32,48,2,24,10,14,32,28,0,0,128.0,4080,15200157694.0,30400970736.0,1276.0,0.3127450980392157
w=32,48,2,24,15,9,32,28,0,0,128.0,4080,15200157694.0,30400346087.0,1272.0,0.31176470588235294
w=256,42,2,21,11,15,256,18,0,0,128.0,4080,9680453630.0,19362349038.0,5033.0,1.233578431372549
w=256,42,2,21,16,10,256,18,0,0,128.0,4080,9680453630.0,19360972773.0,5029.0,1.2325980392156863
w=256,48,2,24,10,16,256,18,0,0,128.0,4080,77443629054.0,154889879536.0,5034.0,1.2338235294117648
w=256,48,2,24,17,9,256,18,0,0,128.0,4080,77443629054.0,154887292899.0,5028.0,1.2323529411764707
w=256,48,3,16,8,18,256,18,0,0,128.0,4080,302514174.0,915931121.0,7300.0,1.7892156862745099
w=256,50,2,25,8,20,256,18,0,0,128.0,4080,154887258110.0,309808070643.0,5035.0,1.2340686274509804
w=256,50,2,25,12,13,256,18,0,0,128.0,4080,154887258110.0,309774909420.0,5032.0,1.2333333333333334
w=256,50,2,25,14,11,256,18,0,0,128.0,4080,154887258110.0,309774630889.0,5031.0,1.2330882352941177
w=16,50,2,25,9,14,16,35,0,0,128.0,4096,19193135102.0,38386860017.0,910.0,0.22216796875
w=32,46,2,23,9,16,32,28,0,0,128.0,4096,7600078846.0,15202516977.0,1278.0,0.31201171875
w=32,46,2,23,17,8,32,28,0,0,128.0,4096,7600078846.0,15200175075.0,1272.0,0.310546875
w=256,45,3,15,12,12,256,18,0,0,128.0,4096,151257086.0,453967850.0,7299.0,1.781982421875
w=256,45,3,15,13,11,256,18,0,0,128.0,4096,151257086.0,453877736.0,7298.0,1.78173828125
w=256,48,2,24,9,18,256,18,0,0,128.0,4096,77443629054.0,154896695281.0,5036.0,1.2294921875
w=256,48,2,24,19,8,256,18,0,0,128.0,4096,77443629054.0,154887277536.0,5029.0,1.227783203125
w=256,48,3,16,9,16,256,18,0,0,128.0,4096,302514174.0,909901807.0,7301.0,1.782470703125
w=256,48,3,16,17,8,256,18,0,0,128.0,4096,302514174.0,907559905.0,7295.0,1.781005859375
w=256,48,4,12,9,14,256,18,0,0,128.0,4096,18907134.0,76218349.0,9566.0,2.33544921875
w=256,50,2,25,13,12,256,18,0,0,128.0,4096,154887258110.0,309774729194.0,5033.0,1.228759765625
w=16,42,2,21,8,17,16,35,0,0,128.0,4112,1199570942.0,2403336179.0,913.0,0.22203307392996108
w=16,42,2,21,9,15,16,35,0,0,128.0,4112,1199570942.0,2400321521.0,912.0,0.22178988326848248
w=16,46,2,23,7,19,16,35,0,0,128.0,4112,4798283774.0,9611247605.0,914.0,0.22227626459143968
w=16,46,2,23,10,13,16,35,0,0,128.0,4112,4798283774.0,9596895216.0,912.0,0.22178988326848248
w=16,50,2,25,8,16,16,35,0,0,128.0,4112,19193135102.0,38388367347.0,913.0,0.22203307392996108
w=32,40,2,20,8,19,32,28,0,0,128.0,4112,950009854.0,1916796915.0,1281.0,0.3115272373540856
w=32,40,2,20,10,15,32,28,0,0,128.0,4112,950009854.0,1901330416.0,1280.0,0.311284046692607
w=32,44,2,22,12,12,32,28,0,0,128.0,4112,3800039422.0,7600275436.0,1278.0,0.3107976653696498
w=32,44,2,22,13,11,32,28,0,0,128.0,4112,3800039422.0,7600185322.0,1277.0,0.3105544747081712
w=32,46,2,23,11,13,32,28,0,0,128.0,4112,7600078846.0,15200518126.0,1279.0,0.3110408560311284
w=32,46,2,23,14,10,32,28,0,0,128.0,4112,7600078846.0,15200215017.0,1277.0,0.3105544747081712
w=32,48,2,24,8,18,32,28,0,0,128.0,4112,15200157694.0,30408703987.0,1281.0,0.3115272373540856
w=32,50,2,25,10,14,32,28,0,0,128.0,4112,30400315390.0,60801286128.0,1280.0,0.311284046692607
w=32,50,2,25,15,9,32,28,0,0,128.0,4112,30400315390.0,60800661479.0,1276.0,0.3103112840466926
w=256,40,2,20,9,19,256,18,0,0,128.0,4112,4840226814.0,9699327985.0,5038.0,1.225194552529183
w=256,40,2,20,10,17,256,18,0,0,128.0,4112,4840226814.0,9685696496.0,5038.0,1.225194552529183
w=256,40,2,20,12,14,256,18,0,0,128.0,4112,4840226814.0,9681240044.0,5036.0,1.2247081712062258
w=256,40,2,20,15,11,256,18,0,0,128.0,4112,4840226814.0,9680576487.0,5034.0,1.2242217898832686
w=256,42,3,14,8,19,256,18,0,0,128.0,4112,75628542.0,243662833.0,7304.0,1.7762645914396886
w=256,42,3,14,10,15,256,18,0,0,128.0,4112,75628542.0,228196334.0,7303.0,1.77602140077821
w=256,44,2,22,11,15,256,18,0,0,128.0,4112,19360907262.0,38723256302.0,5037.0,1.2249513618677044
w=256,44,2,22,16,10,256,18,0,0,128.0,4112,19360907262.0,38721880037.0,5033.0,1.22397859922179
w=256,44,4,11,7,19,256,18,0,0,128.0,4112,9453566.0,52494321.0,9570.0,2.3273346303501947
w=256,48,3,16,11,13,256,18,0,0,128.0,4112,302514174.0,907902956.0,7302.0,1.7757782101167314
w=256,48,3,16,14,10,256,18,0,0,128.0,4112,302514174.0,907599847.0,7300.0,1.7752918287937742
w=256,48,4,12,8,16,256,18,0,0,128.0,4112,18907134.0,77725679.0,9569.0,2.327091439688716
w=256,50,2,25,10,16,256,18,0,0,128.0,4112,154887258110.0,309777137648.0,5038.0,1.225194552529183
w=256,50,2,25,17,9,256,18,0,0,128.0,4112,154887258110.0,309774551011.0,5032.0,1.2237354085603114
w=16,40,2,20,7,20,16,35,0,0,128.0,4128,599785470.0,1228931061.0,916.0,0.22189922480620156
w=16,44,2,22,11,12,16,35,0,0,128.0,4128,2399141886.0,4798463982.0,913.0,0.22117248062015504
w=32,48,2,24,9,16,32,28,0,0,128.0,4128,15200157694.0,30402674673.0,1282.0,0.31056201550387597
w=32,48,2,24,17,8,32,28,0,0,128.0,4128,15200157694.0,30400332771.0,1276.0,0.30910852713178294
w=256,50,2,25,9,18,256,18,0,0,128.0,4128,154887258110.0,309783953393.0,5040.0,1.2209302325581395
w=256,50,2,25,19,8,256,18,0,0,128.0,4128,154887258110.0,309774535648.0,5033.0,1.219234496124031
w=16,44,2,22,8,17,16,35,0,0,128.0,4144,2399141886.0,4802478067.0,917.0,0.22128378378378377
w=16,44,2,22,9,15,16,35,0,0,128.0,4144,2399141886.0,4799463409.0,916.0,0.22104247104247104
w=16,48,2,24,7,19,16,35,0,0,128.0,4144,9596567550.0,19207815157.0,918.0,0.22152509652509653
w=16,48,2,24,10,13,16,35,0,0,128.0,4144,9596567550.0,19193462768.0,916.0,0.22104247104247104
w=16,48,2,24,14,9,16,35,0,0,128.0,4144,9596567550.0,19193163753.0,913.0,0.2203185328185328
w=32,40,2,20,9,17,32,28,0,0,128.0,4144,950009854.0,1904738289.0,1284.0,0.30984555984555984
w=32,42,2,21,8,19,32,28,0,0,128.0,4144,1900019710.0,3816816627.0,1285.0,0.31008687258687256
w=32,42,2,21,10,15,32,28,0,0,128.0,4144,1900019710.0,3801350128.0,1284.0,0.30984555984555984
w=32,46,2,23,12,12,32,28,0,0,128.0,4144,7600078846.0,15200354284.0,1282.0,0.3093629343629344
w=32,46,2,23,13,11,32,28,0,0,128.0,4144,7600078846.0,15200264170.0,1281.0,0.3091216216216216
w=32,48,2,24,11,13,32,28,0,0,128.0,4144,15200157694.0,30400675822.0,1283.0,0.3096042471042471
w=32,48,2,24,14,10,32,28,0,0,128.0,4144,15200157694.0,30400372713.0,1281.0,0.3091216216216216
w=32,50,2,25,8,18,32,28,0,0,128.0,4144,30400315390.0,60809019379.0,1285.0,0.31008687258687256
w=256,40,2,20,13,13,256,18,0,0,128.0,4144,4840226814.0,9680879594.0,5039.0,1.2159749034749034
w=256,40,2,20,14,12,256,18,0,0,128.0,4144,4840226814.0,9680682985.0,5039.0,1.2159749034749034
w=256,42,2,21,9,19,256,18,0,0,128.0,4144,9680453630.0,19379781617.0,5042.0,1.2166988416988418
w=256,42,2,21,10,17,256,18,0,0,128.0,4144,9680453630.0,19366150128.0,5042.0,1.2166988416988418
w=256,42,2,21,12,14,256,18,0,0,128.0,4144,9680453630.0,19361693676.0,5040.0,1.2162162162162162
w=256,42,2,21,15,11,256,18,0,0,128.0,4144,9680453630.0,19361030119.0,5038.0,1.2157335907335907
w=256,42,2,21,18,9,256,18,0,0,128.0,4144,9680453630.0,19360944098.0,5036.0,1.2152509652509653
w=256,42,2,21,20,8,256,18,0,0,128.0,4144,9680453630.0,19360927710.0,5034.0,1.2147683397683398
w=256,42,3,14,9,17,256,18,0,0,128.0,4144,75628542.0,231604207.0,7307.0,1.7632722007722008
w=256,46,2,23,11,15,256,18,0,0,128.0,4144,38721814526.0,77445070830.0,5041.0,1.216457528957529
w=256,46,2,23,16,10,256,18,0,0,128.0,4144,38721814526.0,77443694565.0,5037.0,1.215492277992278
w=256,48,3,16,12,12,256,18,0,0,128.0,4144,302514174.0,907739114.0,7305.0,1.7627895752895753
w=256,48,3,16,13,11,256,18,0,0,128.0,4144,302514174.0,907649000.0,7304.0,1.7625482625482625
w=16,42,2,21,7,20,16,35,0,0,128.0,4160,1199570942.0,2428502005.0,920.0,0.22115384615384615
w=16,46,2,23,11,12,16,35,0,0,128.0,4160,4798283774.0,9596747758.0,917.0,0.2204326923076923
w=16,46,2,23,13,10,16,35,0,0,128.0,4160,4798283774.0,9596620778.0,915.0,0.21995192307692307
w=32,50,2,25,9,16,32,28,0,0,128.0,4160,30400315390.0,60802990065.0,1286.0,0.3091346153846154
w=32,50,2,25,17,8,32,28,0,0,128.0,4160,30400315390.0,60800648163.0,1280.0,0.3076923076923077
w=256,40,4,10,7,20,256,18,0,0,128.0,4160,4726782.0,48267249.0,9576.0,2.3019230769230767
w=256,44,4,11,11,12,256,18,0,0,128.0,4160,9453566.0,37994474.0,9573.0,2.301201923076923
w=256,45,3,15,8,19,256,18,0,0,128.0,4160,151257086.0,470548465.0,7310.0,1.7572115384615385
w=256,45,3,15,10,15,256,18,0,0,128.0,4160,151257086.0,455081966.0,7309.0,1.7569711538461539
w=256,45,3,15,16,9,256,18,0,0,128.0,4160,151257086.0,453804003.0,7304.0,1.7557692307692307
w=16,46,2,23,8,17,16,35,0,0,128.0,4176,4798283774.0,9600761843.0,921.0,0.22054597701149425
w=16,46,2,23,9,15,16,35,0,0,128.0,4176,4798283774.0,9597747185.0,920.0,0.22030651340996169
w=16,46,2,23,12,11,16,35,0,0,128.0,4176,4798283774.0,9596665836.0,918.0,0.21982758620689655
w=16,50,2,25,7,19,16,35,0,0,128.0,4176,19193135102.0,38400950261.0,922.0,0.22078544061302682
w=16,50,2,25,10,13,16,35,0,0,128.0,4176,19193135102.0,38386597872.0,920.0,0.22030651340996169
w=16,50,2,25,14,9,16,35,0,0,128.0,4176,19193135102.0,38386298857.0,917.0,0.21958812260536398
w=32,42,2,21,9,17,32,28,0,0,128.0,4176,1900019710.0,3804758001.0,1288.0,0.30842911877394635
w=32,44,2,22,8,19,32,28,0,0,128.0,4176,3800039422.0,7616856051.0,1289.0,0.30866858237547895
w=32,44,2,22,10,15,32,28,0,0,128.0,4176,3800039422.0,7601389552.0,1288.0,0.30842911877394635
w=32,44,2,22,16,9,32,28,0,0,128.0,4176,3800039422.0,7600111589.0,1283.0,0.30723180076628354
w=32,48,2,24,12,12,32,28,0,0,128.0,4176,15200157694.0,30400511980.0,1286.0,0.3079501915708812
w=32,48,2,24,13,11,32,28,0,0,128.0,4176,15200157694.0,30400421866.0,1285.0,0.3077107279693487
w=32,50,2,25,11,13,32,28,0,0,128.0,4176,30400315390.0,60800991214.0,1287.0,0.3081896551724138
w=32,50,2,25,14,10,32,28,0,0,128.0,4176,30400315390.0,60800688105.0,1285.0,0.3077107279693487
w=256,42,2,21,13,13,256,18,0,0,128.0,4176,9680453630.0,19361333226.0,5043.0,1.2076149425287357
w=256,42,2,21,14,12,256,18,0,0,128.0,4176,9680453630.0,19361136617.0,5043.0,1.2076149425287357
w=256,44,2,22,9,19,256,18,0,0,128.0,4176,19360907262.0,38740688881.0,5046.0,1.2083333333333333
w=256,44,2,22,10,17,256,18,0,0,128.0,4176,19360907262.0,38727057392.0,5046.0,1.2083333333333333
w=256,44,2,22,12,14,256,18,0,0,128.0,4176,19360907262.0,38722600940.0,5044.0,1.2078544061302683
w=256,44,2,22,15,11,256,18,0,0,128.0,4176,19360907262.0,38721937383.0,5042.0,1.207375478927203
w=256,44,2,22,18,9,256,18,0,0,128.0,4176,19360907262.0,38721851362.0,5040.0,1.206896551724138
w=256,44,2,22,20,8,256,18,0,0,128.0,4176,19360907262.0,38721834974.0,5038.0,1.2064176245210727
w=256,44,4,11,8,17,256,18,0,0,128.0,4176,9453566.0,42008559.0,9577.0,2.2933429118773945
w=256,44,4,11,9,15,256,18,0,0,128.0,4176,9453566.0,38993901.0,9576.0,2.293103448275862
w=256,48,2,24,11,15,256,18,0,0,128.0,4176,77443629054.0,154888699886.0,5045.0,1.2080938697318007
w=256,48,2,24,16,10,256,18,0,0,128.0,4176,77443629054.0,154887323621.0,5041.0,1.2071360153256705
w=256,48,4,12,7,19,256,18,0,0,128.0,4176,18907134.0,90308593.0,9578.0,2.2935823754789273
w=256,48,4,12,10,13,256,18,0,0,128.0,4176,18907134.0,75956204.0,9576.0,2.293103448275862
w=256,48,4,12,14,9,256,18,0,0,128.0,4176,18907134.0,75657189.0,9573.0,2.2923850574712645
w=16,44,2,22,7,20,16,35,0,0,128.0,4192,2399141886.0,4827643893.0,924.0,0.22041984732824427
w=16,48,2,24,11,12,16,35,0,0,128.0,4192,9596567550.0,19193315310.0,921.0,0.21970419847328243
w=16,48,2,24,13,10,16,35,0,0,128.0,4192,9596567550.0,19193188330.0,919.0,0.21922709923664122
w=32,40,2,20,11,14,32,28,0,0,128.0,4192,950009854.0,1900740590.0,1289.0,0.3074904580152672
w=256,42,3,14,11,14,256,18,0,0,128.0,4192,75628542.0,227606508.0,7312.0,1.7442748091603053
w=256,42,3,14,15,10,256,18,0,0,128.0,4192,75628542.0,226947045.0,7309.0,1.7435591603053435
w=256,45,3,15,9,17,256,18,0,0,128.0,4192,151257086.0,458489839.0,7313.0,1.744513358778626
w=256,45,3,15,18,8,256,18,0,0,128.0,4192,151257086.0,453789664.0,7307.0,1.7430820610687023
w=16,40,2,20,8,18,16,35,0,0,128.0,4208,599785470.0,1207959539.0,925.0,0.219819391634981
w=16,42,2,21,10,14,16,35,0,0,128.0,4208,1199570942.0,2399797232.0,924.0,0.21958174904942965
w=16,48,2,24,8,17,16,35,0,0,128.0,4208,9596567550.0,19197329395.0,925.0,0.219819391634981
w=16,48,2,24,9,15,16,35,0,0,128.0,4208,9596567550.0,19194314737.0,924.0,0.21958174904942965
w=16,48,2,24,12,11,16,35,0,0,128.0,4208,9596567550.0,19193233388.0,922.0,0.219106463878327
w=16,48,2,24,16,8,16,35,0,0,128.0,4208,9596567550.0,19193151461.0,919.0,0.218393536121673
w=32,44,2,22,9,17,32,28,0,0,128.0,4208,3800039422.0,7604797425.0,1292.0,0.3070342205323194
w=32,45,3,15,7,18,32,28,0,0,128.0,4208,29687806.0,96403443.0,1680.0,0.39923954372623577
w=32,46,2,23,8,19,32,28,0,0,128.0,4208,7600078846.0,15216934899.0,1293.0,0.30727186311787075
w=32,46,2,23,10,15,32,28,0,0,128.0,4208,7600078846.0,15201468400.0,1292.0,0.3070342205323194
w=32,46,2,23,16,9,32,28,0,0,128.0,4208,7600078846.0,15200190437.0,1287.0,0.30584600760456276
w=32,50,2,25,12,12,32,28,0,0,128.0,4208,30400315390.0,60800827372.0,1290.0,0.30655893536121676
w=32,50,2,25,13,11,32,28,0,0,128.0,4208,30400315390.0,60800737258.0,1289.0,0.3063212927756654
w=256,44,2,22,13,13,256,18,0,0,128.0,4208,19360907262.0,38722240490.0,5047.0,1.1993821292775666
w=256,44,2,22,14,12,256,18,0,0,128.0,4208,19360907262.0,38722043881.0,5047.0,1.1993821292775666
w=256,46,2,23,9,19,256,18,0,0,128.0,4208,38721814526.0,77462503409.0,5050.0,1.2000950570342206
w=256,46,2,23,10,17,256,18,0,0,128.0,4208,38721814526.0,77448871920.0,5050.0,1.2000950570342206
w=256,46,2,23,12,14,256,18,0,0,128.0,4208,38721814526.0,77444415468.0,5048.0,1.1996197718631179
w=256,46,2,23,15,11,256,18,0,0,128.0,4208,38721814526.0,77443751911.0,5046.0,1.1991444866920151
w=256,46,2,23,18,9,256,18,0,0,128.0,4208,38721814526.0,77443665890.0,5044.0,1.1986692015209126
w=256,46,2,23,20,8,256,18,0,0,128.0,4208,38721814526.0,77443649502.0,5042.0,1.1981939163498099
w=256,48,3,16,8,19,256,18,0,0,128.0,4208,302514174.0,924319729.0,7316.0,1.7385931558935361
w=256,48,3,16,10,15,256,18,0,0,128.0,4208,302514174.0,908853230.0,7315.0,1.7383555133079849
w=256,48,3,16,16,9,256,18,0,0,128.0,4208,302514174.0,907575267.0,7310.0,1.7371673003802282
w=256,50,2,25,11,15,256,18,0,0,128.0,4208,154887258110.0,309775957998.0,5049.0,1.1998574144486691
w=256,50,2,25,16,10,256,18,0,0,128.0,4208,154887258110.0,309774581733.0,5045.0,1.1989068441064639
w=16,40,2,20,9,16,16,35,0,0,128.0,4224,599785470.0,1201930225.0,926.0,0.21922348484848486
w=16,46,2,23,7,20,16,35,0,0,128.0,4224,4798283774.0,9625927669.0,928.0,0.2196969696969697
w=16,50,2,25,11,12,16,35,0,0,128.0,4224,19193135102.0,38386450414.0,925.0,0.21898674242424243
w=16,50,2,25,13,10,16,35,0,0,128.0,4224,19193135102.0,38386323434.0,923.0,0.21851325757575757
w=32,42,2,21,11,14,32,28,0,0,128.0,4224,1900019710.0,3800760302.0,1293.0,0.30610795454545453
w=32,42,2,21,15,10,32,28,0,0,128.0,4224,1900019710.0,3800100839.0,1290.0,0.3053977272727273
w=256,40,2,20,11,16,256,18,0,0,128.0,4224,4840226814.0,9683337198.0,5051.0,1.1957859848484849
w=256,40,2,20,17,10,256,18,0,0,128.0,4224,4840226814.0,9680523235.0,5046.0,1.1946022727272727
w=256,44,4,11,7,20,256,18,0,0,128.0,4224,9453566.0,67174385.0,9584.0,2.268939393939394
w=256,48,4,12,11,12,256,18,0,0,128.0,4224,18907134.0,75808746.0,9581.0,2.2682291666666665
w=256,48,4,12,13,10,256,18,0,0,128.0,4224,18907134.0,75681766.0,9579.0,2.2677556818181817
w=16,42,2,21,8,18,16,35,0,0,128.0,4240,1199570942.0,2407530483.0,929.0,0.21910377358490565
w=16,44,2,22,10,14,16,35,0,0,128.0,4240,2399141886.0,4798939120.0,928.0,0.2188679245283019
w=16,50,2,25,8,17,16,35,0,0,128.0,4240,19193135102.0,38390464499.0,929.0,0.21910377358490565
w=16,50,2,25,9,15,16,35,0,0,128.0,4240,19193135102.0,38387449841.0,928.0,0.2188679245283019
w=16,50,2,25,12,11,16,35,0,0,128.0,4240,19193135102.0,38386368492.0,926.0,0.21839622641509435
w=16,50,2,25,16,8,16,35,0,0,128.0,4240,19193135102.0,38386286565.0,923.0,0.217688679245283
w=32,40,2,20,8,20,32,28,0,0,128.0,4240,950009854.0,1933574131.0,1297.0,0.30589622641509434
w=32,40,2,20,12,13,32,28,0,0,128.0,4240,950009854.0,1900412908.0,1294.0,0.30518867924528303
w=32,46,2,23,9,17,32,28,0,0,128.0,4240,7600078846.0,15204876273.0,1296.0,0.30566037735849055
w=32,46,2,23,18,8,32,28,0,0,128.0,4240,7600078846.0,15200176098.0,1290.0,0.30424528301886794
w=32,48,2,24,8,19,32,28,0,0,128.0,4240,15200157694.0,30417092595.0,1297.0,0.30589622641509434
w=32,48,2,24,10,15,32,28,0,0,128.0,4240,15200157694.0,30401626096.0,1296.0,0.30566037735849055
w=32,48,2,24,16,9,32,28,0,0,128.0,4240,15200157694.0,30400348133.0,1291.0,0.30448113207547167
w=256,40,4,10,8,18,256,18,0,0,128.0,4240,4726782.0,27295727.0,9585.0,2.26061320754717
w=256,42,3,14,8,20,256,18,0,0,128.0,4240,75628542.0,260440049.0,7320.0,1.7264150943396226
w=256,42,3,14,12,13,256,18,0,0,128.0,4240,75628542.0,227278826.0,7317.0,1.7257075471698113
w=256,42,3,14,14,11,256,18,0,0,128.0,4240,75628542.0,227000295.0,7316.0,1.7254716981132074
w=256,45,3,15,11,14,256,18,0,0,128.0,4240,151257086.0,454492140.0,7318.0,1.725943396226415
w=256,45,3,15,15,10,256,18,0,0,128.0,4240,151257086.0,453832677.0,7315.0,1.7252358490566038
w=256,46,2,23,13,13,256,18,0,0,128.0,4240,38721814526.0,77444055018.0,5051.0,1.1912735849056604
w=256,46,2,23,14,12,256,18,0,0,128.0,4240,38721814526.0,77443858409.0,5051.0,1.1912735849056604
w=256,48,2,24,9,19,256,18,0,0,128.0,4240,77443629054.0,154906132465.0,5054.0,1.1919811320754716
w=256,48,2,24,10,17,256,18,0,0,128.0,4240,77443629054.0,154892500976.0,5054.0,1.1919811320754716
w=256,48,2,24,12,14,256,18,0,0,128.0,4240,77443629054.0,154888044524.0,5052.0,1.191509433962264
w=256,48,2,24,15,11,256,18,0,0,128.0,4240,77443629054.0,154887380967.0,5050.0,1.1910377358490567
w=256,48,2,24,18,9,256,18,0,0,128.0,4240,77443629054.0,154887294946.0,5048.0,1.1905660377358491
w=256,48,2,24,20,8,256,18,0,0,128.0,4240,77443629054.0,154887278558.0,5046.0,1.1900943396226416
w=256,48,3,16,9,17,256,18,0,0,128.0,4240,302514174.0,912261103.0,7319.0,1.726179245283019
w=256,48,3,16,18,8,256,18,0,0,128.0,4240,302514174.0,907560928.0,7313.0,1.7247641509433962
w=256,48,4,12,8,17,256,18,0,0,128.0,4240,18907134.0,79822831.0,9585.0,2.26061320754717
w=256,48,4,12,9,15,256,18,0,0,128.0,4240,18907134.0,76808173.0,9584.0,2.260377358490566
w=256,48,4,12,12,11,256,18,0,0,128.0,4240,18907134.0,75726824.0,9582.0,2.2599056603773584
w=256,48,4,12,16,8,256,18,0,0,128.0,4240,18907134.0,75644897.0,9579.0,2.2591981132075474
w=16,42,2,21,9,16,16,35,0,0,128.0,4256,1199570942.0,2401501169.0,930.0,0.21851503759398497
w=16,48,2,24,7,20,16,35,0,0,128.0,4256,9596567550.0,19222495221.0,932.0,0.21898496240601503
w=32,40,2,20,13,12,32,28,0,0,128.0,4256,950009854.0,1900232682.0,1295.0,0.3042763157894737
w=32,44,2,22,11,14,32,28,0,0,128.0,4256,3800039422.0,7600799726.0,1297.0,0.30474624060150374
w=32,44,2,22,15,10,32,28,0,0,128.0,4256,3800039422.0,7600140263.0,1294.0,0.30404135338345867
w=32,45,3,15,8,16,32,28,0,0,128.0,4256,29687806.0,91160561.0,1685.0,0.39591165413533835
w=32,48,3,16,7,18,32,28,0,0,128.0,4256,59375614.0,185466867.0,1686.0,0.39614661654135336
w=256,40,2,20,9,20,256,18,0,0,128.0,4256,4840226814.0,9718202353.0,5056.0,1.1879699248120301
w=256,40,4,10,9,16,256,18,0,0,128.0,4256,4726782.0,21266413.0,9586.0,2.2523496240601504
w=256,42,2,21,11,16,256,18,0,0,128.0,4256,9680453630.0,19363790830.0,5055.0,1.187734962406015
w=256,42,2,21,17,10,256,18,0,0,128.0,4256,9680453630.0,19360976867.0,5050.0,1.1865601503759398
w=256,42,3,14,13,12,256,18,0,0,128.0,4256,75628542.0,227098600.0,7318.0,1.719454887218045
w=16,42,2,21,11,13,16,35,0,0,128.0,4272,1199570942.0,2399502318.0,931.0,0.21793071161048688
w=16,44,2,22,8,18,16,35,0,0,128.0,4272,2399141886.0,4806672371.0,933.0,0.21839887640449437
w=16,46,2,23,10,14,16,35,0,0,128.0,4272,4798283774.0,9597222896.0,932.0,0.21816479400749064
w=16,46,2,23,15,9,16,35,0,0,128.0,4272,4798283774.0,9596598247.0,928.0,0.21722846441947566
w=32,40,2,20,10,16,32,28,0,0,128.0,4272,950009854.0,1902641136.0,1300.0,0.30430711610486894
w=32,42,2,21,8,20,32,28,0,0,128.0,4272,1900019710.0,3833593843.0,1301.0,0.30454119850187267
w=32,42,2,21,12,13,32,28,0,0,128.0,4272,1900019710.0,3800432620.0,1298.0,0.3038389513108614
w=32,42,2,21,14,11,32,28,0,0,128.0,4272,1900019710.0,3800154089.0,1297.0,0.3036048689138577
w=32,42,3,14,7,19,32,28,0,0,128.0,4272,14843902.0,59211763.0,1688.0,0.3951310861423221
w=32,48,2,24,9,17,32,28,0,0,128.0,4272,15200157694.0,30405033969.0,1300.0,0.30430711610486894
w=32,48,2,24,18,8,32,28,0,0,128.0,4272,15200157694.0,30400333794.0,1294.0,0.30290262172284643
w=32,50,2,25,8,19,32,28,0,0,128.0,4272,30400315390.0,60817407987.0,1301.0,0.30454119850187267
w=32,50,2,25,10,15,32,28,0,0,128.0,4272,30400315390.0,60801941488.0,1300.0,0.30430711610486894
w=32,50,2,25,16,9,32,28,0,0,128.0,4272,30400315390.0,60800663525.0,1295.0,0.30313670411985016
w=256,40,2,20,10,18,256,18,0,0,128.0,4272,4840226814.0,9690939376.0,5058.0,1.1839887640449438
w=256,40,2,20,19,9,256,18,0,0,128.0,4272,4840226814.0,9680492512.0,5051.0,1.1823501872659177
w=256,42,3,14,10,16,256,18,0,0,128.0,4272,75628542.0,229507054.0,7323.0,1.714185393258427
w=256,42,3,14,17,9,256,18,0,0,128.0,4272,75628542.0,226920417.0,7317.0,1.7127808988764044
w=256,44,4,11,10,14,256,18,0,0,128.0,4272,9453566.0,38469612.0,9588.0,2.24438202247191
w=256,48,2,24,13,13,256,18,0,0,128.0,4272,77443629054.0,154887684074.0,5055.0,1.1832865168539326
w=256,48,2,24,14,12,256,18,0,0,128.0,4272,77443629054.0,154887487465.0,5055.0,1.1832865168539326
w=256,50,2,25,9,19,256,18,0,0,128.0,4272,154887258110.0,309793390577.0,5058.0,1.1839887640449438
w=256,50,2,25,10,17,256,18,0,0,128.0,4272,154887258110.0,309779759088.0,5058.0,1.1839887640449438
w=256,50,2,25,12,14,256,18,0,0,128.0,4272,154887258110.0,309775302636.0,5056.0,1.1835205992509363
w=256,50,2,25,15,11,256,18,0,0,128.0,4272,154887258110.0,309774639079.0,5054.0,1.1830524344569289
w=256,50,2,25,18,9,256,18,0,0,128.0,4272,154887258110.0,309774553058.0,5052.0,1.1825842696629214
w=256,50,2,25,20,8,256,18,0,0,128.0,4272,154887258110.0,309774536670.0,5050.0,1.182116104868914
w=256,50,5,10,6,20,256,18,0,0,128.0,4272,4726782.0,48799729.0,11856.0,2.7752808988764044
w=256,50,5,10,7,17,256,18,0,0,128.0,4272,4726782.0,27303919.0,11855.0,2.7750468164794007
w=16,44,2,22,9,16,16,35,0,0,128.0,4288,2399141886.0,4800643057.0,934.0,0.2178171641791045
w=16,50,2,25,7,20,16,35,0,0,128.0,4288,19193135102.0,38415630325.0,936.0,0.21828358208955223
w=32,40,2,20,9,18,32,28,0,0,128.0,4288,950009854.0,1909456881.0,1302.0,0.30363805970149255
w=32,42,2,21,13,12,32,28,0,0,128.0,4288,1900019710.0,3800252394.0,1299.0,0.3029384328358209
w=32,46,2,23,11,14,32,28,0,0,128.0,4288,7600078846.0,15200878574.0,1301.0,0.30340485074626866
w=32,46,2,23,15,10,32,28,0,0,128.0,4288,7600078846.0,15200219111.0,1298.0,0.302705223880597
w=32,48,3,16,9,14,32,28,0,0,128.0,4288,59375614.0,178716655.0,1688.0,0.39365671641791045
w=256,42,2,21,9,20,256,18,0,0,128.0,4288,9680453630.0,19398655985.0,5060.0,1.180037313432836
w=256,42,2,21,21,8,256,18,0,0,128.0,4288,9680453630.0,19360928732.0,5051.0,1.177938432835821
w=256,42,3,14,9,18,256,18,0,0,128.0,4288,75628542.0,236322799.0,7325.0,1.7082555970149254
w=256,44,2,22,11,16,256,18,0,0,128.0,4288,19360907262.0,38724698094.0,5059.0,1.179804104477612
w=256,44,2,22,17,10,256,18,0,0,128.0,4288,19360907262.0,38721884131.0,5054.0,1.1786380597014925
w=256,45,3,15,8,20,256,18,0,0,128.0,4288,151257086.0,487325681.0,7326.0,1.7084888059701493
w=256,45,3,15,12,13,256,18,0,0,128.0,4288,151257086.0,454164458.0,7323.0,1.7077891791044777
w=256,45,3,15,14,11,256,18,0,0,128.0,4288,151257086.0,453885927.0,7322.0,1.7075559701492538
w=256,48,3,16,11,14,256,18,0,0,128.0,4288,302514174.0,908263404.0,7324.0,1.7080223880597014
w=256,48,3,16,15,10,256,18,0,0,128.0,4288,302514174.0,907603941.0,7321.0,1.7073227611940298
w=256,48,4,12,7,20,256,18,0,0,128.0,4288,18907134.0,104988657.0,9592.0,2.236940298507463
w=16,42,2,21,12,12,16,35,0,0,128.0,4304,1199570942.0,2399338476.0,934.0,0.2170074349442379
w=16,42,2,21,13,11,16,35,0,0,128.0,4304,1199570942.0,2399248362.0,933.0,0.21677509293680297
w=16,44,2,22,11,13,16,35,0,0,128.0,4304,2399141886.0,4798644206.0,935.0,0.21723977695167287
w=16,44,2,22,14,10,16,35,0,0,128.0,4304,2399141886.0,4798341097.0,933.0,0.21677509293680297
w=16,46,2,23,8,18,16,35,0,0,128.0,4304,4798283774.0,9604956147.0,937.0,0.21770446096654275
w=16,48,2,24,10,14,16,35,0,0,128.0,4304,9596567550.0,19193790448.0,936.0,0.2174721189591078
w=16,48,2,24,15,9,16,35,0,0,128.0,4304,9596567550.0,19193165799.0,932.0,0.21654275092936803
w=32,42,2,21,10,16,32,28,0,0,128.0,4304,1900019710.0,3802660848.0,1304.0,0.30297397769516726
w=32,42,2,21,17,9,32,28,0,0,128.0,4304,1900019710.0,3800074211.0,1298.0,0.30157992565055763
w=32,44,2,22,8,20,32,28,0,0,128.0,4304,3800039422.0,7633633267.0,1305.0,0.30320631970260226
w=32,44,2,22,12,13,32,28,0,0,128.0,4304,3800039422.0,7600472044.0,1302.0,0.3025092936802974
w=32,44,2,22,14,11,32,28,0,0,128.0,4304,3800039422.0,7600193513.0,1301.0,0.30227695167286245
w=32,48,3,16,8,16,32,28,0,0,128.0,4304,59375614.0,180223985.0,1691.0,0.39289033457249073
w=32,50,2,25,9,17,32,28,0,0,128.0,4304,30400315390.0,60805349361.0,1304.0,0.30297397769516726
w=32,50,2,25,18,8,32,28,0,0,128.0,4304,30400315390.0,60800649186.0,1298.0,0.30157992565055763
w=256,40,2,20,12,15,256,18,0,0,128.0,4304,4840226814.0,9682026476.0,5060.0,1.1756505576208178
w=256,40,2,20,16,11,256,18,0,0,128.0,4304,4840226814.0,9680584677.0,5057.0,1.174953531598513
w=256,42,2,21,10,18,256,18,0,0,128.0,4304,9680453630.0,19371393008.0,5062.0,1.1761152416356877
w=256,42,2,21,19,9,256,18,0,0,128.0,4304,9680453630.0,19360946144.0,5055.0,1.174488847583643
w=256,44,4,11,8,18,256,18,0,0,128.0,4304,9453566.0,46202863.0,9593.0,2.22885687732342
w=256,45,3,15,13,12,256,18,0,0,128.0,4304,151257086.0,453984232.0,7324.0,1.7016728624535316
w=256,45,5,9,7,18,256,18,0,0,128.0,4304,2363390.0,19156975.0,11859.0,2.7553438661710037
w=256,50,2,25,13,13,256,18,0,0,128.0,4304,154887258110.0,309774942186.0,5059.0,1.175418215613383
w=256,50,2,25,14,12,256,18,0,0,128.0,4304,154887258110.0,309774745577.0,5059.0,1.175418215613383
w=256,50,5,10,8,15,256,18,0,0,128.0,4304,4726782.0,24682477.0,11858.0,2.755111524163569
w=16,46,2,23,9,16,16,35,0,0,128.0,4320,4798283774.0,9598926833.0,938.0,0.21712962962962962
w=16,46,2,23,17,8,16,35,0,0,128.0,4320,4798283774.0,9596584931.0,932.0,0.21574074074074073
w=32,42,2,21,9,18,32,28,0,0,128.0,4320,1900019710.0,3809476593.0,1306.0,0.3023148148148148
w=32,44,2,22,13,12,32,28,0,0,128.0,4320,3800039422.0,7600291818.0,1303.0,0.30162037037037037
w=32,45,3,15,7,19,32,28,0,0,128.0,4320,29687806.0,103743475.0,1694.0,0.3921296296296296
w=32,45,3,15,10,13,32,28,0,0,128.0,4320,29687806.0,89391086.0,1692.0,0.39166666666666666
w=32,48,2,24,11,14,32,28,0,0,128.0,4320,15200157694.0,30401036270.0,1305.0,0.3020833333333333
w=32,48,2,24,15,10,32,28,0,0,128.0,4320,15200157694.0,30400376807.0,1302.0,0.3013888888888889
w=256,44,2,22,9,20,256,18,0,0,128.0,4320,19360907262.0,38759563249.0,5064.0,1.1722222222222223
w=256,44,2,22,21,8,256,18,0,0,128.0,4320,19360907262.0,38721835996.0,5055.0,1.1701388888888888
w=256,44,4,11,9,16,256,18,0,0,128.0,4320,9453566.0,40173549.0,9594.0,2.220833333333333
w=256,45,3,15,10,16,256,18,0,0,128.0,4320,151257086.0,456392686.0,7329.0,1.6965277777777779
w=256,45,3,15,17,9,256,18,0,0,128.0,4320,151257086.0,453806049.0,7323.0,1.695138888888889
w=256,46,2,23,11,16,256,18,0,0,128.0,4320,38721814526.0,77446512622.0,5063.0,1.1719907407407408
w=256,46,2,23,17,10,256,18,0,0,128.0,4320,38721814526.0,77443698659.0,5058.0,1.1708333333333334
w=16,40,2,20,8,19,16,35,0,0,128.0,4336,599785470.0,1216348147.0,941.0,0.21702029520295202
w=16,40,2,20,10,15,16,35,0,0,128.0,4336,599785470.0,1200881648.0,940.0,0.21678966789667897
w=16,44,2,22,12,12,16,35,0,0,128.0,4336,2399141886.0,4798480364.0,938.0,0.21632841328413285
w=16,44,2,22,13,11,16,35,0,0,128.0,4336,2399141886.0,4798390250.0,937.0,0.21609778597785978
w=16,46,2,23,11,13,16,35,0,0,128.0,4336,4798283774.0,9596927982.0,939.0,0.2165590405904059
w=16,46,2,23,14,10,16,35,0,0,128.0,4336,4798283774.0,9596624873.0,937.0,0.21609778597785978
w=16,48,2,24,8,18,16,35,0,0,128.0,4336,9596567550.0,19201523699.0,941.0,0.21702029520295202
w=16,50,2,25,10,14,16,35,0,0,128.0,4336,19193135102.0,38386925552.0,940.0,0.21678966789667897
w=16,50,2,25,15,9,16,35,0,0,128.0,4336,19193135102.0,38386300903.0,936.0,0.2158671586715867
w=32,42,3,14,8,17,32,28,0,0,128.0,4336,14843902.0,48726001.0,1695.0,0.3909132841328413
w=32,42,3,14,9,15,32,28,0,0,128.0,4336,14843902.0,45711343.0,1694.0,0.3906826568265683
w=32,44,2,22,10,16,32,28,0,0,128.0,4336,3800039422.0,7602700272.0,1308.0,0.3016605166051661
w=32,44,2,22,17,9,32,28,0,0,128.0,4336,3800039422.0,7600113635.0,1302.0,0.3002767527675277
w=32,46,2,23,8,20,32,28,0,0,128.0,4336,7600078846.0,15233712115.0,1309.0,0.3018911439114391
w=32,46,2,23,12,13,32,28,0,0,128.0,4336,7600078846.0,15200550892.0,1306.0,0.3011992619926199
w=32,46,2,23,14,11,32,28,0,0,128.0,4336,7600078846.0,15200272361.0,1305.0,0.3009686346863469
w=256,42,2,21,12,15,256,18,0,0,128.0,4336,9680453630.0,19362480108.0,5064.0,1.1678966789667897
w=256,42,2,21,16,11,256,18,0,0,128.0,4336,9680453630.0,19361038309.0,5061.0,1.1672047970479704
w=256,44,2,22,10,18,256,18,0,0,128.0,4336,19360907262.0,38732300272.0,5066.0,1.1683579335793357
w=256,44,2,22,19,9,256,18,0,0,128.0,4336,19360907262.0,38721853408.0,5059.0,1.1667435424354244
w=256,44,4,11,11,13,256,18,0,0,128.0,4336,9453566.0,38174698.0,9595.0,2.2128690036900367
w=256,44,4,11,14,10,256,18,0,0,128.0,4336,9453566.0,37871589.0,9593.0,2.212407749077491
w=256,45,3,15,9,18,256,18,0,0,128.0,4336,151257086.0,463208431.0,7331.0,1.690728782287823
w=256,45,3,15,19,8,256,18,0,0,128.0,4336,151257086.0,453790686.0,7324.0,1.6891143911439115
w=256,48,3,16,8,20,256,18,0,0,128.0,4336,302514174.0,941096945.0,7332.0,1.6909594095940959
w=256,48,3,16,12,13,256,18,0,0,128.0,4336,302514174.0,907935722.0,7329.0,1.6902675276752768
w=256,48,3,16,14,11,256,18,0,0,128.0,4336,302514174.0,907657191.0,7328.0,1.6900369003690037
w=256,48,4,12,10,14,256,18,0,0,128.0,4336,18907134.0,76283884.0,9596.0,2.21309963099631
w=256,48,4,12,15,9,256,18,0,0,128.0,4336,18907134.0,75659235.0,9592.0,2.2121771217712176
w=256,50,5,10,10,12,256,18,0,0,128.0,4336,4726782.0,23797738.0,11861.0,2.735470479704797
w=16,48,2,24,9,16,16,35,0,0,128.0,4352,9596567550.0,19195494385.0,942.0,0.21645220588235295
w=16,48,2,24,17,8,16,35,0,0,128.0,4352,9596567550.0,19193152483.0,936.0,0.21507352941176472
w=32,44,2,22,9,18,32,28,0,0,128.0,4352,3800039422.0,7609516017.0,1310.0,0.3010110294117647
w=32,44,2,22,19,8,32,28,0,0,128.0,4352,3800039422.0,7600098272.0,1303.0,0.29940257352941174
w=32,46,2,23,13,12,32,28,0,0,128.0,4352,7600078846.0,15200370666.0,1307.0,0.30032169117647056
w=32,50,2,25,11,14,32,28,0,0,128.0,4352,30400315390.0,60801351662.0,1309.0,0.30078125
w=32,50,2,25,15,10,32,28,0,0,128.0,4352,30400315390.0,60800692199.0,1306.0,0.3000919117647059
w=256,40,2,20,13,14,256,18,0,0,128.0,4352,4840226814.0,9681305578.0,5065.0,1.1638327205882353
w=256,40,2,20,15,12,256,18,0,0,128.0,4352,4840226814.0,9680699367.0,5064.0,1.1636029411764706
w=256,45,5,9,8,16,256,18,0,0,128.0,4352,2363390.0,13914093.0,11864.0,2.7261029411764706
w=256,46,2,23,9,20,256,18,0,0,128.0,4352,38721814526.0,77481377777.0,5068.0,1.1645220588235294
w=256,46,2,23,21,8,256,18,0,0,128.0,4352,38721814526.0,77443650524.0,5059.0,1.162454044117647
w=256,48,2,24,11,16,256,18,0,0,128.0,4352,77443629054.0,154890141678.0,5067.0,1.1642922794117647
w=256,48,2,24,17,10,256,18,0,0,128.0,4352,77443629054.0,154887327715.0,5062.0,1.1631433823529411
w=256,48,3,16,13,12,256,18,0,0,128.0,4352,302514174.0,907755496.0,7330.0,1.6842830882352942
w=16,40,2,20,9,17,16,35,0,0,128.0,4368,599785470.0,1204289521.0,944.0,0.21611721611721613
w=16,42,2,21,8,19,16,35,0,0,128.0,4368,1199570942.0,2415919091.0,945.0,0.21634615384615385
w=16,42,2,21,10,15,16,35,0,0,128.0,4368,1199570942.0,2400452592.0,944.0,0.21611721611721613
w=16,46,2,23,12,12,16,35,0,0,128.0,4368,4798283774.0,9596764140.0,942.0,0.21565934065934067
w=16,46,2,23,13,11,16,35,0,0,128.0,4368,4798283774.0,9596674026.0,941.0,0.21543040293040294
w=16,48,2,24,11,13,16,35,0,0,128.0,4368,9596567550.0,19193495534.0,943.0,0.2158882783882784
w=16,48,2,24,14,10,16,35,0,0,128.0,4368,9596567550.0,19193192425.0,941.0,0.21543040293040294
w=16,50,2,25,8,18,16,35,0,0,128.0,4368,19193135102.0,38394658803.0,945.0,0.21634615384615385
w=32,40,2,20,11,15,32,28,0,0,128.0,4368,950009854.0,1901461486.0,1311.0,0.3001373626373626
w=32,45,3,15,11,12,32,28,0,0,128.0,4368,29687806.0,89243628.0,1697.0,0.388507326007326
w=32,46,2,23,10,16,32,28,0,0,128.0,4368,7600078846.0,15202779120.0,1312.0,0.30036630036630035
w=32,46,2,23,17,9,32,28,0,0,128.0,4368,7600078846.0,15200192483.0,1306.0,0.298992673992674
w=32,48,2,24,8,20,32,28,0,0,128.0,4368,15200157694.0,30433869811.0,1313.0,0.3005952380952381
w=32,48,2,24,12,13,32,28,0,0,128.0,4368,15200157694.0,30400708588.0,1310.0,0.2999084249084249
w=32,48,2,24,14,11,32,28,0,0,128.0,4368,15200157694.0,30400430057.0,1309.0,0.29967948717948717
w=32,48,3,16,7,19,32,28,0,0,128.0,4368,59375614.0,192806899.0,1700.0,0.3891941391941392
w=32,48,3,16,10,13,32,28,0,0,128.0,4368,59375614.0,178454510.0,1698.0,0.38873626373626374
w=32,48,3,16,14,9,32,28,0,0,128.0,4368,59375614.0,178155495.0,1695.0,0.38804945054945056
w=256,40,2,20,14,13,256,18,0,0,128.0,4368,4840226814.0,9680912361.0,5067.0,1.1600274725274726
w=256,40,4,10,8,19,256,18,0,0,128.0,4368,4726782.0,35684335.0,9601.0,2.1980311355311355
w=256,40,4,10,10,15,256,18,0,0,128.0,4368,4726782.0,20217836.0,9600.0,2.197802197802198
w=256,42,3,14,11,15,256,18,0,0,128.0,4368,75628542.0,228327404.0,7334.0,1.679029304029304
w=256,42,3,14,16,10,256,18,0,0,128.0,4368,75628542.0,226951139.0,7330.0,1.6781135531135531
w=256,44,2,22,12,15,256,18,0,0,128.0,4368,19360907262.0,38723387372.0,5068.0,1.1602564102564104
w=256,44,2,22,16,11,256,18,0,0,128.0,4368,19360907262.0,38721945573.0,5065.0,1.1595695970695972
w=256,44,4,11,12,12,256,18,0,0,128.0,4368,9453566.0,38010856.0,9598.0,2.1973443223443225
w=256,44,4,11,13,11,256,18,0,0,128.0,4368,9453566.0,37920742.0,9597.0,2.1971153846153846
w=256,46,2,23,10,18,256,18,0,0,128.0,4368,38721814526.0,77454114800.0,5070.0,1.1607142857142858
w=256,46,2,23,19,9,256,18,0,0,128.0,4368,38721814526.0,77443667936.0,5063.0,1.1591117216117217
w=256,48,3,16,10,16,256,18,0,0,128.0,4368,302514174.0,910163950.0,7335.0,1.6792582417582418
w=256,48,3,16,17,9,256,18,0,0,128.0,4368,302514174.0,907577313.0,7329.0,1.6778846153846154
w=256,48,4,12,8,18,256,18,0,0,128.0,4368,18907134.0,84017135.0,9601.0,2.1980311355311355
w=256,50,5,10,11,11,256,18,0,0,128.0,4368,4726782.0,23724008.0,11864.0,2.7161172161172162
w=256,50,5,10,12,10,256,18,0,0,128.0,4368,4726782.0,23683046.0,11863.0,2.7158882783882783
w=16,50,2,25,9,16,16,35,0,0,128.0,4384,19193135102.0,38388629489.0,946.0,0.21578467153284672
w=16,50,2,25,17,8,16,35,0,0,128.0,4384,19193135102.0,38386287587.0,940.0,0.21441605839416059
w=32,42,3,14,7,20,32,28,0,0,128.0,4384,14843902.0,73891827.0,1702.0,0.38822992700729925
w=32,45,3,15,8,17,32,28,0,0,128.0,4384,29687806.0,93257713.0,1701.0,0.38800182481751827
w=32,45,3,15,9,15,32,28,0,0,128.0,4384,29687806.0,90243055.0,1700.0,0.38777372262773724
w=32,45,3,15,12,11,32,28,0,0,128.0,4384,29687806.0,89161706.0,1698.0,0.3873175182481752
w=32,46,2,23,9,18,32,28,0,0,128.0,4384,7600078846.0,15209594865.0,1314.0,0.29972627737226276
w=32,46,2,23,19,8,32,28,0,0,128.0,4384,7600078846.0,15200177120.0,1307.0,0.2981295620437956
w=32,48,2,24,13,12,32,28,0,0,128.0,4384,15200157694.0,30400528362.0,1311.0,0.2990419708029197
w=256,42,2,21,13,14,256,18,0,0,128.0,4384,9680453630.0,19361759210.0,5069.0,1.15625
w=256,42,2,21,15,12,256,18,0,0,128.0,4384,9680453630.0,19361152999.0,5068.0,1.156021897810219
w=256,48,2,24,9,20,256,18,0,0,128.0,4384,77443629054.0,154925006833.0,5072.0,1.1569343065693432
w=256,48,2,24,21,8,256,18,0,0,128.0,4384,77443629054.0,154887279580.0,5063.0,1.154881386861314
w=256,48,3,16,9,18,256,18,0,0,128.0,4384,302514174.0,916979695.0,7337.0,1.6735857664233578
w=256,48,3,16,19,8,256,18,0,0,128.0,4384,302514174.0,907561950.0,7330.0,1.6719890510948905
w=256,48,4,12,9,16,256,18,0,0,128.0,4384,18907134.0,77987821.0,9602.0,2.190237226277372
w=256,48,4,12,17,8,256,18,0,0,128.0,4384,18907134.0,75645919.0,9596.0,2.1888686131386863
w=256,50,2,25,11,16,256,18,0,0,128.0,4384,154887258110.0,309777399790.0,5071.0,1.156706204379562
w=256,50,2,25,17,10,256,18,0,0,128.0,4384,154887258110.0,309774585827.0,5066.0,1.1555656934306568
w=256,50,5,10,7,18,256,18,0,0,128.0,4384,4726782.0,30973935.0,11869.0,2.707344890510949
w=16,42,2,21,9,17,16,35,0,0,128.0,4400,1199570942.0,2403860465.0,948.0,0.21545454545454545
w=16,44,2,22,8,19,16,35,0,0,128.0,4400,2399141886.0,4815060979.0,949.0,0.21568181818181817
w=16,44,2,22,10,15,16,35,0,0,128.0,4400,2399141886.0,4799594480.0,948.0,0.21545454545454545
w=16,44,2,22,16,9,16,35,0,0,128.0,4400,2399141886.0,4798316517.0,943.0,0.21431818181818182
w=16,48,2,24,12,12,16,35,0,0,128.0,4400,9596567550.0,19193331692.0,946.0,0.215
w=16,48,2,24,13,11,16,35,0,0,128.0,4400,9596567550.0,19193241578.0,945.0,0.21477272727272728
w=16,50,2,25,11,13,16,35,0,0,128.0,4400,19193135102.0,38386630638.0,947.0,0.21522727272727274
w=16,50,2,25,14,10,16,35,0,0,128.0,4400,19193135102.0,38386327529.0,945.0,0.21477272727272728
w=32,42,2,21,11,15,32,28,0,0,128.0,4400,1900019710.0,3801481198.0,1315.0,0.2988636363636364
w=32,42,2,21,16,10,32,28,0,0,128.0,4400,1900019710.0,3800104933.0,1311.0,0.29795454545454547
w=32,48,2,24,10,16,32,28,0,0,128.0,4400,15200157694.0,30402936816.0,1316.0,0.2990909090909091
w=32,48,2,24,17,9,32,28,0,0,128.0,4400,15200157694.0,30400350179.0,1310.0,0.29772727272727273
w=32,50,2,25,8,20,32,28,0,0,128.0,4400,30400315390.0,60834185203.0,1317.0,0.2993181818181818
w=32,50,2,25,12,13,32,28,0,0,128.0,4400,30400315390.0,60801023980.0,1314.0,0.29863636363636364
w=32,50,2,25,14,11,32,28,0,0,128.0,4400,30400315390.0,60800745449.0,1313.0,0.2984090909090909
w=256,40,2,20,11,17,256,18,0,0,128.0,4400,4840226814.0,9686220782.0,5073.0,1.1529545454545456
w=256,40,2,20,18,10,256,18,0,0,128.0,4400,4840226814.0,9680527330.0,5068.0,1.1518181818181819
w=256,40,4,10,9,17,256,18,0,0,128.0,4400,4726782.0,23625709.0,9604.0,2.1827272727272726
w=256,42,2,21,14,13,256,18,0,0,128.0,4400,9680453630.0,19361365993.0,5071.0,1.1525
w=256,46,2,23,12,15,256,18,0,0,128.0,4400,38721814526.0,77445201900.0,5072.0,1.1527272727272728
w=256,46,2,23,16,11,256,18,0,0,128.0,4400,38721814526.0,77443760101.0,5069.0,1.1520454545454546
w=256,48,2,24,10,18,256,18,0,0,128.0,4400,77443629054.0,154897743856.0,5074.0,1.153181818181818
w=256,48,2,24,19,9,256,18,0,0,128.0,4400,77443629054.0,154887296992.0,5067.0,1.151590909090909
w=256,48,4,12,11,13,256,18,0,0,128.0,4400,18907134.0,75988970.0,9603.0,2.1825
w=256,48,4,12,14,10,256,18,0,0,128.0,4400,18907134.0,75685861.0,9601.0,2.1820454545454546
w=16,40,2,20,11,14,16,35,0,0,128.0,4416,599785470.0,1200291822.0,949.0,0.21490036231884058
w=32,48,2,24,9,18,32,28,0,0,128.0,4416,15200157694.0,30409752561.0,1318.0,0.29846014492753625
w=32,48,2,24,19,8,32,28,0,0,128.0,4416,15200157694.0,30400334816.0,1311.0,0.296875
w=32,48,3,16,11,12,32,28,0,0,128.0,4416,59375614.0,178307052.0,1703.0,0.385643115942029
w=32,48,3,16,13,10,32,28,0,0,128.0,4416,59375614.0,178180072.0,1701.0,0.3851902173913043
w=32,50,2,25,13,12,32,28,0,0,128.0,4416,30400315390.0,60800843754.0,1315.0,0.2977807971014493
w=256,44,2,22,13,14,256,18,0,0,128.0,4416,19360907262.0,38722666474.0,5073.0,1.1487771739130435
w=256,44,2,22,15,12,256,18,0,0,128.0,4416,19360907262.0,38722060263.0,5072.0,1.1485507246376812
w=256,45,3,15,11,15,256,18,0,0,128.0,4416,151257086.0,455213036.0,7340.0,1.6621376811594204
w=256,45,3,15,16,10,256,18,0,0,128.0,4416,151257086.0,453836771.0,7336.0,1.661231884057971
w=256,45,5,9,7,19,256,18,0,0,128.0,4416,2363390.0,26497007.0,11873.0,2.6886322463768115
w=256,45,5,9,10,13,256,18,0,0,128.0,4416,2363390.0,12144618.0,11871.0,2.688179347826087
w=256,50,2,25,9,20,256,18,0,0,128.0,4416,154887258110.0,309812264945.0,5076.0,1.1494565217391304
w=256,50,2,25,21,8,256,18,0,0,128.0,4416,154887258110.0,309774537692.0,5067.0,1.1474184782608696
w=256,50,5,10,9,14,256,18,0,0,128.0,4416,4726782.0,24223723.0,11871.0,2.688179347826087
w=16,44,2,22,9,17,16,35,0,0,128.0,4432,2399141886.0,4803002353.0,952.0,0.2148014440433213
w=16,46,2,23,8,19,16,35,0,0,128.0,4432,4798283774.0,9613344755.0,953.0,0.21502707581227437
w=16,46,2,23,10,15,16,35,0,0,128.0,4432,4798283774.0,9597878256.0,952.0,0.2148014440433213
w=16,46,2,23,16,9,16,35,0,0,128.0,4432,4798283774.0,9596600293.0,947.0,0.21367328519855597
w=16,50,2,25,12,12,16,35,0,0,128.0,4432,19193135102.0,38386466796.0,950.0,0.21435018050541516
w=16,50,2,25,13,11,16,35,0,0,128.0,4432,19193135102.0,38386376682.0,949.0,0.21412454873646208
w=32,40,2,20,9,19,32,28,0,0,128.0,4432,950009854.0,1918894065.0,1320.0,0.29783393501805056
w=32,40,2,20,10,17,32,28,0,0,128.0,4432,950009854.0,1905262576.0,1320.0,0.29783393501805056
w=32,40,2,20,12,14,32,28,0,0,128.0,4432,950009854.0,1900806124.0,1318.0,0.2973826714801444
w=32,40,2,20,15,11,32,28,0,0,128.0,4432,950009854.0,1900142567.0,1316.0,0.29693140794223827
w=32,42,3,14,10,14,32,28,0,0,128.0,4432,14843902.0,45187054.0,1706.0,0.384927797833935
w=32,44,2,22,11,15,32,28,0,0,128.0,4432,3800039422.0,7601520622.0,1319.0,0.2976083032490975
w=32,44,2,22,16,10,32,28,0,0,128.0,4432,3800039422.0,7600144357.0,1315.0,0.2967057761732852
w=32,45,3,15,7,20,32,28,0,0,128.0,4432,29687806.0,118423539.0,1708.0,0.38537906137184114
w=32,48,3,16,8,17,32,28,0,0,128.0,4432,59375614.0,182321137.0,1707.0,0.38515342960288806
w=32,48,3,16,9,15,32,28,0,0,128.0,4432,59375614.0,179306479.0,1706.0,0.384927797833935
w=32,48,3,16,12,11,32,28,0,0,128.0,4432,59375614.0,178225130.0,1704.0,0.3844765342960289
w=32,48,3,16,16,8,32,28,0,0,128.0,4432,59375614.0,178143203.0,1701.0,0.3837996389891697
w=32,50,2,25,10,16,32,28,0,0,128.0,4432,30400315390.0,60803252208.0,1320.0,0.29783393501805056
w=32,50,2,25,17,9,32,28,0,0,128.0,4432,30400315390.0,60800665571.0,1314.0,0.2964801444043321
w=256,40,2,20,10,19,256,18,0,0,128.0,4432,4840226814.0,9701425136.0,5078.0,1.1457581227436824
w=256,40,2,20,20,9,256,18,0,0,128.0,4432,4840226814.0,9680494558.0,5070.0,1.1439530685920578
w=256,42,2,21,11,17,256,18,0,0,128.0,4432,9680453630.0,19366674414.0,5077.0,1.1455324909747293
w=256,42,2,21,18,10,256,18,0,0,128.0,4432,9680453630.0,19360980962.0,5072.0,1.144404332129964
w=256,42,2,21,22,8,256,18,0,0,128.0,4432,9680453630.0,19360929755.0,5069.0,1.1437274368231047
w=256,42,3,14,9,19,256,18,0,0,128.0,4432,75628542.0,245759983.0,7343.0,1.6568140794223827
w=256,42,3,14,10,17,256,18,0,0,128.0,4432,75628542.0,232128494.0,7343.0,1.6568140794223827
w=256,42,3,14,12,14,256,18,0,0,128.0,4432,75628542.0,227672042.0,7341.0,1.6563628158844765
w=256,42,3,14,15,11,256,18,0,0,128.0,4432,75628542.0,227008485.0,7339.0,1.6559115523465704
w=256,42,3,14,18,9,256,18,0,0,128.0,4432,75628542.0,226922464.0,7337.0,1.6554602888086642
w=256,42,3,14,20,8,256,18,0,0,128.0,4432,75628542.0,226906076.0,7335.0,1.655009025270758
w=256,44,2,22,14,13,256,18,0,0,128.0,4432,19360907262.0,38722273257.0,5075.0,1.1450812274368232
w=256,44,4,11,8,19,256,18,0,0,128.0,4432,9453566.0,54591471.0,9609.0,2.1680956678700363
w=256,44,4,11,10,15,256,18,0,0,128.0,4432,9453566.0,39124972.0,9608.0,2.167870036101083
w=256,44,4,11,16,9,256,18,0,0,128.0,4432,9453566.0,37847009.0,9603.0,2.166741877256318
w=256,48,2,24,12,15,256,18,0,0,128.0,4432,77443629054.0,154888830956.0,5076.0,1.1453068592057762
w=256,48,2,24,16,11,256,18,0,0,128.0,4432,77443629054.0,154887389157.0,5073.0,1.144629963898917
w=256,48,4,12,12,12,256,18,0,0,128.0,4432,18907134.0,75825128.0,9606.0,2.167418772563177
w=256,48,4,12,13,11,256,18,0,0,128.0,4432,18907134.0,75735014.0,9605.0,2.167193140794224
w=256,50,2,25,10,18,256,18,0,0,128.0,4432,154887258110.0,309785001968.0,5078.0,1.1457581227436824
w=256,50,2,25,19,9,256,18,0,0,128.0,4432,154887258110.0,309774555104.0,5071.0,1.1441787003610109
w=256,50,5,10,8,16,256,18,0,0,128.0,4432,4726782.0,25731053.0,11874.0,2.6791516245487363
w=16,42,2,21,11,14,16,35,0,0,128.0,4448,1199570942.0,2399862766.0,953.0,0.21425359712230216
w=16,42,2,21,15,10,16,35,0,0,128.0,4448,1199570942.0,2399203303.0,950.0,0.2135791366906475
w=32,50,2,25,9,18,32,28,0,0,128.0,4448,30400315390.0,60810067953.0,1322.0,0.2972122302158273
w=32,50,2,25,19,8,32,28,0,0,128.0,4448,30400315390.0,60800650208.0,1315.0,0.2956384892086331
w=256,40,4,10,11,14,256,18,0,0,128.0,4448,4726782.0,19628010.0,9609.0,2.160296762589928
w=256,40,5,8,7,20,256,18,0,0,128.0,4448,1181694.0,35268591.0,11877.0,2.6701888489208634
w=256,46,2,23,13,14,256,18,0,0,128.0,4448,38721814526.0,77444481002.0,5077.0,1.1414118705035972
w=256,46,2,23,15,12,256,18,0,0,128.0,4448,38721814526.0,77443874791.0,5076.0,1.1411870503597121
w=16,40,2,20,8,20,16,35,0,0,128.0,4464,599785470.0,1233125363.0,957.0,0.21438172043010753
w=16,40,2,20,12,13,16,35,0,0,128.0,4464,599785470.0,1199964140.0,954.0,0.21370967741935484
w=16,46,2,23,9,17,16,35,0,0,128.0,4464,4798283774.0,9601286129.0,956.0,0.21415770609318996
w=16,46,2,23,18,8,16,35,0,0,128.0,4464,4798283774.0,9596585954.0,950.0,0.21281362007168458
w=16,48,2,24,8,19,16,35,0,0,128.0,4464,9596567550.0,19209912307.0,957.0,0.21438172043010753
w=16,48,2,24,10,15,16,35,0,0,128.0,4464,9596567550.0,19194445808.0,956.0,0.21415770609318996
w=16,48,2,24,16,9,16,35,0,0,128.0,4464,9596567550.0,19193167845.0,951.0,0.21303763440860216
w=32,40,2,20,13,13,32,28,0,0,128.0,4464,950009854.0,1900445674.0,1321.0,0.29592293906810035
w=32,40,2,20,14,12,32,28,0,0,128.0,4464,950009854.0,1900249065.0,1321.0,0.29592293906810035
w=32,42,2,21,9,19,32,28,0,0,128.0,4464,1900019710.0,3818913777.0,1324.0,0.29659498207885304
w=32,42,2,21,10,17,32,28,0,0,128.0,4464,1900019710.0,3805282288.0,1324.0,0.29659498207885304
w=32,42,2,21,12,14,32,28,0,0,128.0,4464,1900019710.0,3800825836.0,1322.0,0.2961469534050179
w=32,42,2,21,15,11,32,28,0,0,128.0,4464,1900019710.0,3800162279.0,1320.0,0.2956989247311828
w=32,42,2,21,18,9,32,28,0,0,128.0,4464,1900019710.0,3800076258.0,1318.0,0.29525089605734767
w=32,42,2,21,20,8,32,28,0,0,128.0,4464,1900019710.0,3800059870.0,1316.0,0.2948028673835125
w=32,42,3,14,8,18,32,28,0,0,128.0,4464,14843902.0,52920305.0,1711.0,0.3832885304659498
w=32,46,2,23,11,15,32,28,0,0,128.0,4464,7600078846.0,15201599470.0,1323.0,0.2963709677419355
w=32,46,2,23,16,10,32,28,0,0,128.0,4464,7600078846.0,15200223205.0,1319.0,0.2954749103942652
w=256,42,2,21,10,19,256,18,0,0,128.0,4464,9680453630.0,19381878768.0,5082.0,1.1384408602150538
w=256,42,2,21,20,9,256,18,0,0,128.0,4464,9680453630.0,19360948190.0,5074.0,1.1366487455197132
w=256,42,3,14,13,13,256,18,0,0,128.0,4464,75628542.0,227311592.0,7344.0,1.6451612903225807
w=256,42,3,14,14,12,256,18,0,0,128.0,4464,75628542.0,227114983.0,7344.0,1.6451612903225807
w=256,44,2,22,11,17,256,18,0,0,128.0,4464,19360907262.0,38727581678.0,5081.0,1.138216845878136
w=256,44,2,22,18,10,256,18,0,0,128.0,4464,19360907262.0,38721888226.0,5076.0,1.1370967741935485
w=256,44,2,22,22,8,256,18,0,0,128.0,4464,19360907262.0,38721837019.0,5073.0,1.1364247311827957
w=256,44,4,11,9,17,256,18,0,0,128.0,4464,9453566.0,42532845.0,9612.0,2.153225806451613
w=256,45,5,9,11,12,256,18,0,0,128.0,4464,2363390.0,11997160.0,11876.0,2.660394265232975
w=256,46,2,23,14,13,256,18,0,0,128.0,4464,38721814526.0,77444087785.0,5079.0,1.137768817204301
w=256,48,3,16,11,15,256,18,0,0,128.0,4464,302514174.0,908984300.0,7346.0,1.6456093189964158
w=256,48,3,16,16,10,256,18,0,0,128.0,4464,302514174.0,907608035.0,7342.0,1.6447132616487454
w=256,50,2,25,12,15,256,18,0,0,128.0,4464,154887258110.0,309776089068.0,5080.0,1.1379928315412187
w=256,50,2,25,16,11,256,18,0,0,128.0,4464,154887258110.0,309774647269.0,5077.0,1.137320788530466
w=16,40,2,20,13,12,16,35,0,0,128.0,4480,599785470.0,1199783914.0,955.0,0.21316964285714285
w=16,44,2,22,11,14,16,35,0,0,128.0,4480,2399141886.0,4799004654.0,957.0,0.21361607142857142
w=16,44,2,22,15,10,16,35,0,0,128.0,4480,2399141886.0,4798345191.0,954.0,0.21294642857142856
w=32,42,3,14,9,16,32,28,0,0,128.0,4480,14843902.0,46890991.0,1712.0,0.3821428571428571
w=32,45,3,15,10,14,32,28,0,0,128.0,4480,29687806.0,89718766.0,1712.0,0.3821428571428571
w=32,48,3,16,7,20,32,28,0,0,128.0,4480,59375614.0,207486963.0,1714.0,0.3825892857142857
w=256,45,3,15,9,19,256,18,0,0,128.0,4480,151257086.0,472645615.0,7349.0,1.6404017857142856
w=256,45,3,15,10,17,256,18,0,0,128.0,4480,151257086.0,459014126.0,7349.0,1.6404017857142856
w=256,45,3,15,12,14,256,18,0,0,128.0,4480,151257086.0,454557674.0,7347.0,1.6399553571428571
w=256,45,3,15,15,11,256,18,0,0,128.0,4480,151257086.0,453894117.0,7345.0,1.6395089285714286
w=256,45,3,15,18,9,256,18,0,0,128.0,4480,151257086.0,453808096.0,7343.0,1.6390625
w=256,45,3,15,20,8,256,18,0,0,128.0,4480,151257086.0,453791708.0,7341.0,1.6386160714285714
w=256,45,5,9,8,17,256,18,0,0,128.0,4480,2363390.0,16011245.0,11880.0,2.6517857142857144
w=256,45,5,9,9,15,256,18,0,0,128.0,4480,2363390.0,12996587.0,11879.0,2.6515625
w=256,45,5,9,12,11,256,18,0,0,128.0,4480,2363390.0,11915238.0,11877.0,2.6511160714285715
w=256,48,2,24,13,14,256,18,0,0,128.0,4480,77443629054.0,154888110058.0,5081.0,1.1341517857142858
w=256,48,2,24,15,12,256,18,0,0,128.0,4480,77443629054.0,154887503847.0,5080.0,1.1339285714285714
w=16,40,2,20,10,16,16,35,0,0,128.0,4496,599785470.0,1202192368.0,960.0,0.21352313167259787
w=16,42,2,21,8,20,16,35,0,0,128.0,4496,1199570942.0,2432696307.0,961.0,0.2137455516014235
w=16,42,2,21,12,13,16,35,0,0,128.0,4496,1199570942.0,2399535084.0,958.0,0.2130782918149466
w=16,42,2,21,14,11,16,35,0,0,128.0,4496,1199570942.0,2399256553.0,957.0,0.21285587188612098
w=16,48,2,24,9,17,16,35,0,0,128.0,4496,9596567550.0,19197853681.0,960.0,0.21352313167259787
w=16,48,2,24,18,8,16,35,0,0,128.0,4496,9596567550.0,19193153506.0,954.0,0.21218861209964412
w=16,50,2,25,8,19,16,35,0,0,128.0,4496,19193135102.0,38403047411.0,961.0,0.2137455516014235
w=16,50,2,25,10,15,16,35,0,0,128.0,4496,19193135102.0,38387580912.0,960.0,0.21352313167259787
w=16,50,2,25,16,9,16,35,0,0,128.0,4496,19193135102.0,38386302949.0,955.0,0.21241103202846975
w=32,42,2,21,13,13,32,28,0,0,128.0,4496,1900019710.0,3800465386.0,1325.0,0.2947064056939502
w=32,42,2,21,14,12,32,28,0,0,128.0,4496,1900019710.0,3800268777.0,1325.0,0.2947064056939502
w=32,42,3,14,11,13,32,28,0,0,128.0,4496,14843902.0,44892140.0,1713.0,0.3810053380782918
w=32,44,2,22,9,19,32,28,0,0,128.0,4496,3800039422.0,7618953201.0,1328.0,0.29537366548042704
w=32,44,2,22,10,17,32,28,0,0,128.0,4496,3800039422.0,7605321712.0,1328.0,0.29537366548042704
w=32,44,2,22,12,14,32,28,0,0,128.0,4496,3800039422.0,7600865260.0,1326.0,0.2949288256227758
w=32,44,2,22,15,11,32,28,0,0,128.0,4496,3800039422.0,7600201703.0,1324.0,0.2944839857651246
w=32,44,2,22,18,9,32,28,0,0,128.0,4496,3800039422.0,7600115682.0,1322.0,0.2940391459074733
w=32,44,2,22,20,8,32,28,0,0,128.0,4496,3800039422.0,7600099294.0,1320.0,0.29359430604982206
w=32,48,2,24,11,15,32,28,0,0,128.0,4496,15200157694.0,30401757166.0,1327.0,0.29515124555160144
w=32,48,2,24,16,10,32,28,0,0,128.0,4496,15200157694.0,30400380901.0,1323.0,0.2942615658362989
w=256,40,2,20,12,16,256,18,0,0,128.0,4496,4840226814.0,9683599340.0,5084.0,1.1307829181494662
w=256,40,2,20,17,11,256,18,0,0,128.0,4496,4840226814.0,9680592867.0,5080.0,1.1298932384341638
w=256,40,4,10,8,20,256,18,0,0,128.0,4496,4726782.0,52461551.0,9617.0,2.1390124555160144
w=256,40,4,10,12,13,256,18,0,0,128.0,4496,4726782.0,19300328.0,9614.0,2.138345195729537
w=256,44,2,22,10,19,256,18,0,0,128.0,4496,19360907262.0,38742786032.0,5086.0,1.1312277580071175
w=256,44,2,22,20,9,256,18,0,0,128.0,4496,19360907262.0,38721855454.0,5078.0,1.1294483985765125
w=256,46,2,23,11,17,256,18,0,0,128.0,4496,38721814526.0,77449396206.0,5085.0,1.1310053380782918
w=256,46,2,23,18,10,256,18,0,0,128.0,4496,38721814526.0,77443702754.0,5080.0,1.1298932384341638
w=256,46,2,23,22,8,256,18,0,0,128.0,4496,38721814526.0,77443651547.0,5077.0,1.1292259786476868
w=256,48,2,24,14,13,256,18,0,0,128.0,4496,77443629054.0,154887716841.0,5083.0,1.1305604982206405
w=256,48,4,12,8,19,256,18,0,0,128.0,4496,18907134.0,92405743.0,9617.0,2.1390124555160144
w=256,48,4,12,10,15,256,18,0,0,128.0,4496,18907134.0,76939244.0,9616.0,2.1387900355871885
w=256,48,4,12,16,9,256,18,0,0,128.0,4496,18907134.0,75661281.0,9611.0,2.1376779359430604
w=256,50,5,10,7,19,256,18,0,0,128.0,4496,4726782.0,38313967.0,11883.0,2.6430160142348753
w=256,50,5,10,10,13,256,18,0,0,128.0,4496,4726782.0,23961578.0,11881.0,2.642571174377224
w=256,50,5,10,14,9,256,18,0,0,128.0,4496,4726782.0,23662563.0,11878.0,2.6419039145907472
w=16,40,2,20,9,18,16,35,0,0,128.0,4512,599785470.0,1209008113.0,962.0,0.21320921985815602
w=16,42,2,21,13,12,16,35,0,0,128.0,4512,1199570942.0,2399354858.0,959.0,0.21254432624113476
w=16,46,2,23,11,14,16,35,0,0,128.0,4512,4798283774.0,9597288430.0,961.0,0.21298758865248227
w=16,46,2,23,15,10,16,35,0,0,128.0,4512,4798283774.0,9596628967.0,958.0,0.212322695035461
w=32,45,3,15,8,18,32,28,0,0,128.0,4512,29687806.0,97452017.0,1717.0,0.38054078014184395
w=256,40,4,10,13,12,256,18,0,0,128.0,4512,4726782.0,19120102.0,9615.0,2.1309840425531914
w=256,44,4,11,11,14,256,18,0,0,128.0,4512,9453566.0,38535146.0,9617.0,2.131427304964539
w=256,44,4,11,15,10,256,18,0,0,128.0,4512,9453566.0,37875683.0,9614.0,2.1307624113475176
w=256,45,3,15,13,13,256,18,0,0,128.0,4512,151257086.0,454197224.0,7350.0,1.6289893617021276
w=256,45,3,15,14,12,256,18,0,0,128.0,4512,151257086.0,454000615.0,7350.0,1.6289893617021276
w=256,50,2,25,13,14,256,18,0,0,128.0,4512,154887258110.0,309775368170.0,5085.0,1.1269946808510638
w=256,50,2,25,15,12,256,18,0,0,128.0,4512,154887258110.0,309774761959.0,5084.0,1.12677304964539
w=16,42,2,21,10,16,16,35,0,0,128.0,4528,1199570942.0,2401763312.0,964.0,0.21289752650176677
w=16,42,2,21,17,9,16,35,0,0,128.0,4528,1199570942.0,2399176675.0,958.0,0.21157243816254417
w=16,44,2,22,8,20,16,35,0,0,128.0,4528,2399141886.0,4831838195.0,965.0,0.21311837455830387
w=16,44,2,22,12,13,16,35,0,0,128.0,4528,2399141886.0,4798676972.0,962.0,0.2124558303886926
w=16,44,2,22,14,11,16,35,0,0,128.0,4528,2399141886.0,4798398441.0,961.0,0.2122349823321555
w=16,50,2,25,9,17,16,35,0,0,128.0,4528,19193135102.0,38390988785.0,964.0,0.21289752650176677
w=16,50,2,25,18,8,16,35,0,0,128.0,4528,19193135102.0,38386288610.0,958.0,0.21157243816254417
w=32,42,3,14,12,12,32,28,0,0,128.0,4528,14843902.0,44728298.0,1716.0,0.3789752650176678
w=32,42,3,14,13,11,32,28,0,0,128.0,4528,14843902.0,44638184.0,1715.0,0.37875441696113077
w=32,44,2,22,13,13,32,28,0,0,128.0,4528,3800039422.0,7600504810.0,1329.0,0.29350706713780916
w=32,44,2,22,14,12,32,28,0,0,128.0,4528,3800039422.0,7600308201.0,1329.0,0.29350706713780916
w=32,45,3,15,9,16,32,28,0,0,128.0,4528,29687806.0,91422703.0,1718.0,0.379416961130742
w=32,46,2,23,9,19,32,28,0,0,128.0,4528,7600078846.0,15219032049.0,1332.0,0.2941696113074205
w=32,46,2,23,10,17,32,28,0,0,128.0,4528,7600078846.0,15205400560.0,1332.0,0.2941696113074205
w=32,46,2,23,12,14,32,28,0,0,128.0,4528,7600078846.0,15200944108.0,1330.0,0.29372791519434627
w=32,46,2,23,15,11,32,28,0,0,128.0,4528,7600078846.0,15200280551.0,1328.0,0.29328621908127206
w=32,46,2,23,18,9,32,28,0,0,128.0,4528,7600078846.0,15200194530.0,1326.0,0.2928445229681979
w=32,46,2,23,20,8,32,28,0,0,128.0,4528,7600078846.0,15200178142.0,1324.0,0.2924028268551237
w=32,48,3,16,10,14,32,28,0,0,128.0,4528,59375614.0,178782190.0,1718.0,0.379416961130742
w=32,48,3,16,15,9,32,28,0,0,128.0,4528,59375614.0,178157541.0,1714.0,0.37853356890459366
w=32,50,2,25,11,15,32,28,0,0,128.0,4528,30400315390.0,60802072558.0,1331.0,0.29394876325088337
w=32,50,2,25,16,10,32,28,0,0,128.0,4528,30400315390.0,60800696293.0,1327.0,0.29306537102473496
w=256,40,4,10,10,16,256,18,0,0,128.0,4528,4726782.0,21528556.0,9620.0,2.124558303886926
w=256,40,5,8,8,18,256,18,0,0,128.0,4528,1181694.0,14297069.0,11886.0,2.625
w=256,42,2,21,12,16,256,18,0,0,128.0,4528,9680453630.0,19364052972.0,5088.0,1.1236749116607774
w=256,42,2,21,17,11,256,18,0,0,128.0,4528,9680453630.0,19361046499.0,5084.0,1.122791519434629
w=256,45,5,9,7,20,256,18,0,0,128.0,4528,2363390.0,41177071.0,11887.0,2.625220848056537
w=256,46,2,23,10,19,256,18,0,0,128.0,4528,38721814526.0,77464600560.0,5090.0,1.1241166077738516
w=256,46,2,23,20,9,256,18,0,0,128.0,4528,38721814526.0,77443669982.0,5082.0,1.1223498233215548
w=256,48,2,24,11,17,256,18,0,0,128.0,4528,77443629054.0,154893025262.0,5089.0,1.1238957597173145
w=256,48,2,24,18,10,256,18,0,0,128.0,4528,77443629054.0,154887331810.0,5084.0,1.122791519434629
w=256,48,2,24,22,8,256,18,0,0,128.0,4528,77443629054.0,154887280603.0,5081.0,1.1221289752650176
w=256,48,3,16,9,19,256,18,0,0,128.0,4528,302514174.0,926416879.0,7355.0,1.6243374558303887
w=256,48,3,16,10,17,256,18,0,0,128.0,4528,302514174.0,912785390.0,7355.0,1.6243374558303887
w=256,48,3,16,12,14,256,18,0,0,128.0,4528,302514174.0,908328938.0,7353.0,1.6238957597173145
w=256,48,3,16,15,11,256,18,0,0,128.0,4528,302514174.0,907665381.0,7351.0,1.6234540636042403
w=256,48,3,16,18,9,256,18,0,0,128.0,4528,302514174.0,907579360.0,7349.0,1.623012367491166
w=256,48,3,16,20,8,256,18,0,0,128.0,4528,302514174.0,907562972.0,7347.0,1.6225706713780919
w=256,48,4,12,9,17,256,18,0,0,128.0,4528,18907134.0,80347117.0,9620.0,2.124558303886926
w=256,48,4,12,18,8,256,18,0,0,128.0,4528,18907134.0,75646942.0,9614.0,2.123233215547703
w=256,50,2,25,14,13,256,18,0,0,128.0,4528,154887258110.0,309774974953.0,5087.0,1.1234540636042403
w=16,42,2,21,9,18,16,35,0,0,128.0,4544,1199570942.0,2408579057.0,966.0,0.2125880281690141
w=16,44,2,22,13,12,16,35,0,0,128.0,4544,2399141886.0,4798496746.0,963.0,0.21192781690140844
w=16,45,3,15,7,18,16,35,0,0,128.0,4544,18743294.0,63569907.0,1170.0,0.2574823943661972
w=16,48,2,24,11,14,16,35,0,0,128.0,4544,9596567550.0,19193855982.0,965.0,0.21236795774647887
w=16,48,2,24,15,10,16,35,0,0,128.0,4544,9596567550.0,19193196519.0,962.0,0.21170774647887325
w=32,40,2,20,11,16,32,28,0,0,128.0,4544,950009854.0,1902903278.0,1333.0,0.2933538732394366
w=32,40,2,20,17,10,32,28,0,0,128.0,4544,950009854.0,1900089315.0,1328.0,0.29225352112676056
w=32,45,3,15,11,13,32,28,0,0,128.0,4544,29687806.0,89423852.0,1719.0,0.3783010563380282
w=32,45,3,15,14,10,32,28,0,0,128.0,4544,29687806.0,89120743.0,1717.0,0.37786091549295775
w=256,40,2,20,23,8,256,18,0,0,128.0,4544,4840226814.0,9680477145.0,5082.0,1.1183978873239437
w=256,40,4,10,9,18,256,18,0,0,128.0,4544,4726782.0,28344301.0,9622.0,2.117517605633803
w=256,40,5,8,9,16,256,18,0,0,128.0,4544,1181694.0,8267755.0,11887.0,2.6159771126760565
w=256,42,3,14,11,16,256,18,0,0,128.0,4544,75628542.0,229769196.0,7356.0,1.618838028169014
w=256,42,3,14,17,10,256,18,0,0,128.0,4544,75628542.0,226955233.0,7351.0,1.617737676056338
w=256,50,5,10,11,12,256,18,0,0,128.0,4544,4726782.0,23814120.0,11886.0,2.615757042253521
w=256,50,5,10,13,10,256,18,0,0,128.0,4544,4726782.0,23687140.0,11884.0,2.6153169014084505
w=16,44,2,22,10,16,16,35,0,0,128.0,4560,2399141886.0,4800905200.0,968.0,0.21228070175438596
w=16,44,2,22,17,9,16,35,0,0,128.0,4560,2399141886.0,4798318563.0,962.0,0.21096491228070174
w=16,46,2,23,8,20,16,35,0,0,128.0,4560,4798283774.0,9630121971.0,969.0,0.2125
w=16,46,2,23,12,13,16,35,0,0,128.0,4560,4798283774.0,9596960748.0,966.0,0.2118421052631579
w=16,46,2,23,14,11,16,35,0,0,128.0,4560,4798283774.0,9596682217.0,965.0,0.21162280701754385
w=32,46,2,23,13,13,32,28,0,0,128.0,4560,7600078846.0,15200583658.0,1333.0,0.29232456140350876
w=32,46,2,23,14,12,32,28,0,0,128.0,4560,7600078846.0,15200387049.0,1333.0,0.29232456140350876
w=32,48,2,24,9,19,32,28,0,0,128.0,4560,15200157694.0,30419189745.0,1336.0,0.2929824561403509
w=32,48,2,24,10,17,32,28,0,0,128.0,4560,15200157694.0,30405558256.0,1336.0,0.2929824561403509
w=32,48,2,24,12,14,32,28,0,0,128.0,4560,15200157694.0,30401101804.0,1334.0,0.29254385964912283
w=32,48,2,24,15,11,32,28,0,0,128.0,4560,15200157694.0,30400438247.0,1332.0,0.29210526315789476
w=32,48,2,24,18,9,32,28,0,0,128.0,4560,15200157694.0,30400352226.0,1330.0,0.2916666666666667
w=32,48,2,24,20,8,32,28,0,0,128.0,4560,15200157694.0,30400335838.0,1328.0,0.2912280701754386
w=32,48,3,16,8,18,32,28,0,0,128.0,4560,59375614.0,186515441.0,1723.0,0.37785087719298244
w=256,40,2,20,13,15,256,18,0,0,128.0,4560,4840226814.0,9682157546.0,5091.0,1.1164473684210525
w=256,40,2,20,16,12,256,18,0,0,128.0,4560,4840226814.0,9680715749.0,5089.0,1.1160087719298246
w=256,44,2,22,12,16,256,18,0,0,128.0,4560,19360907262.0,38724960236.0,5092.0,1.1166666666666667
w=256,44,2,22,17,11,256,18,0,0,128.0,4560,19360907262.0,38721953763.0,5088.0,1.1157894736842104
w=256,44,4,11,8,20,256,18,0,0,128.0,4560,9453566.0,71368687.0,9625.0,2.1107456140350878
w=256,44,4,11,12,13,256,18,0,0,128.0,4560,9453566.0,38207464.0,9622.0,2.1100877192982455
w=256,44,4,11,14,11,256,18,0,0,128.0,4560,9453566.0,37928933.0,9621.0,2.1098684210526315
w=256,48,2,24,10,19,256,18,0,0,128.0,4560,77443629054.0,154908229616.0,5094.0,1.1171052631578948
w=256,48,2,24,20,9,256,18,0,0,128.0,4560,77443629054.0,154887299038.0,5086.0,1.1153508771929825
w=256,48,3,16,13,13,256,18,0,0,128.0,4560,302514174.0,907968488.0,7356.0,1.6131578947368421
w=256,48,3,16,14,12,256,18,0,0,128.0,4560,302514174.0,907771879.0,7356.0,1.6131578947368421
w=256,50,2,25,11,17,256,18,0,0,128.0,4560,154887258110.0,309780283374.0,5093.0,1.1168859649122806
w=256,50,2,25,18,10,256,18,0,0,128.0,4560,154887258110.0,309774589922.0,5088.0,1.1157894736842104
w=256,50,2,25,22,8,256,18,0,0,128.0,4560,154887258110.0,309774538715.0,5085.0,1.1151315789473684
w=256,50,5,10,8,17,256,18,0,0,128.0,4560,4726782.0,27828205.0,11890.0,2.607456140350877
w=256,50,5,10,9,15,256,18,0,0,128.0,4560,4726782.0,24813547.0,11889.0,2.607236842105263
w=256,50,5,10,12,11,256,18,0,0,128.0,4560,4726782.0,23732198.0,11887.0,2.6067982456140353
w=256,50,5,10,16,8,256,18,0,0,128.0,4560,4726782.0,23650271.0,11884.0,2.606140350877193
w=16,44,2,22,9,18,16,35,0,0,128.0,4576,2399141886.0,4807720945.0,970.0,0.21197552447552448
w=16,44,2,22,19,8,16,35,0,0,128.0,4576,2399141886.0,4798303200.0,963.0,0.2104458041958042
w=16,46,2,23,13,12,16,35,0,0,128.0,4576,4798283774.0,9596780522.0,967.0,0.21131993006993008
w=16,50,2,25,11,14,16,35,0,0,128.0,4576,19193135102.0,38386991086.0,969.0,0.211756993006993
w=16,50,2,25,15,10,16,35,0,0,128.0,4576,19193135102.0,38386331623.0,966.0,0.2111013986013986
w=32,40,2,20,9,20,32,28,0,0,128.0,4576,950009854.0,1937768433.0,1338.0,0.2923951048951049
w=32,42,2,21,11,16,32,28,0,0,128.0,4576,1900019710.0,3802922990.0,1337.0,0.29217657342657344
w=32,42,2,21,17,10,32,28,0,0,128.0,4576,1900019710.0,3800109027.0,1332.0,0.2910839160839161
w=32,45,3,15,12,12,32,28,0,0,128.0,4576,29687806.0,89260010.0,1722.0,0.3763111888111888
w=32,45,3,15,13,11,32,28,0,0,128.0,4576,29687806.0,89169896.0,1721.0,0.37609265734265734
w=32,48,3,16,9,16,32,28,0,0,128.0,4576,59375614.0,180486127.0,1724.0,0.3767482517482518
w=32,48,3,16,17,8,32,28,0,0,128.0,4576,59375614.0,178144225.0,1718.0,0.3754370629370629
w=256,40,2,20,11,18,256,18,0,0,128.0,4576,4840226814.0,9691987950.0,5095.0,1.113417832167832
w=256,40,2,20,19,10,256,18,0,0,128.0,4576,4840226814.0,9680531424.0,5089.0,1.1121066433566433
w=256,42,2,21,23,8,256,18,0,0,128.0,4576,9680453630.0,19360930777.0,5086.0,1.111451048951049
w=256,42,3,14,9,20,256,18,0,0,128.0,4576,75628542.0,264634351.0,7361.0,1.6086101398601398
w=256,42,3,14,21,8,256,18,0,0,128.0,4576,75628542.0,226907098.0,7352.0,1.6066433566433567
w=256,44,4,11,13,12,256,18,0,0,128.0,4576,9453566.0,38027238.0,9623.0,2.1029283216783217
w=256,45,5,9,10,14,256,18,0,0,128.0,4576,2363390.0,12472298.0,11891.0,2.5985576923076925
w=256,48,4,12,11,14,256,18,0,0,128.0,4576,18907134.0,76349418.0,9625.0,2.1033653846153846
w=256,48,4,12,15,10,256,18,0,0,128.0,4576,18907134.0,75689955.0,9622.0,2.1027097902097904
w=16,40,2,20,11,15,16,35,0,0,128.0,4592,599785470.0,1201012718.0,971.0,0.2114547038327526
w=16,45,3,15,8,16,16,35,0,0,128.0,4592,18743294.0,58327025.0,1175.0,0.25587979094076657
w=16,46,2,23,10,16,16,35,0,0,128.0,4592,4798283774.0,9599188976.0,972.0,0.21167247386759583
w=16,46,2,23,17,9,16,35,0,0,128.0,4592,4798283774.0,9596602339.0,966.0,0.21036585365853658
w=16,48,2,24,8,20,16,35,0,0,128.0,4592,9596567550.0,19226689523.0,973.0,0.21189024390243902
w=16,48,2,24,12,13,16,35,0,0,128.0,4592,9596567550.0,19193528300.0,970.0,0.21123693379790942
w=16,48,2,24,14,11,16,35,0,0,128.0,4592,9596567550.0,19193249769.0,969.0,0.2110191637630662
w=16,48,3,16,7,18,16,35,0,0,128.0,4592,37486590.0,119799795.0,1176.0,0.25609756097560976
w=32,40,2,20,10,18,32,28,0,0,128.0,4592,950009854.0,1910505456.0,1340.0,0.29181184668989546
w=32,40,2,20,19,9,32,28,0,0,128.0,4592,950009854.0,1900058592.0,1333.0,0.290287456445993
w=32,42,3,14,8,19,32,28,0,0,128.0,4592,14843902.0,61308913.0,1727.0,0.376088850174216
w=32,42,3,14,10,15,32,28,0,0,128.0,4592,14843902.0,45842414.0,1726.0,0.3758710801393728
w=32,48,2,24,13,13,32,28,0,0,128.0,4592,15200157694.0,30400741354.0,1337.0,0.29115853658536583
w=32,48,2,24,14,12,32,28,0,0,128.0,4592,15200157694.0,30400544745.0,1337.0,0.29115853658536583
w=32,48,3,16,11,13,32,28,0,0,128.0,4592,59375614.0,178487276.0,1725.0,0.3756533101045296
w=32,48,3,16,14,10,32,28,0,0,128.0,4592,59375614.0,178184167.0,1723.0,0.3752177700348432
w=32,50,2,25,9,19,32,28,0,0,128.0,4592,30400315390.0,60819505137.0,1340.0,0.29181184668989546
w=32,50,2,25,10,17,32,28,0,0,128.0,4592,30400315390.0,60805873648.0,1340.0,0.29181184668989546
w=32,50,2,25,12,14,32,28,0,0,128.0,4592,30400315390.0,60801417196.0,1338.0,0.2913763066202091
w=32,50,2,25,15,11,32,28,0,0,128.0,4592,30400315390.0,60800753639.0,1336.0,0.29094076655052264
w=32,50,2,25,18,9,32,28,0,0,128.0,4592,30400315390.0,60800667618.0,1334.0,0.2905052264808362
w=32,50,2,25,20,8,32,28,0,0,128.0,4592,30400315390.0,60800651230.0,1332.0,0.29006968641114983
w=256,40,2,20,10,20,256,18,0,0,128.0,4592,4840226814.0,9722396656.0,5098.0,1.110191637630662
w=256,40,2,20,14,14,256,18,0,0,128.0,4592,4840226814.0,9681371113.0,5095.0,1.1095383275261324
w=256,40,2,20,15,13,256,18,0,0,128.0,4592,4840226814.0,9680945127.0,5094.0,1.1093205574912892
w=256,40,2,20,21,9,256,18,0,0,128.0,4592,4840226814.0,9680496604.0,5089.0,1.108231707317073
w=256,42,2,21,13,15,256,18,0,0,128.0,4592,9680453630.0,19362611178.0,5095.0,1.1095383275261324
w=256,42,2,21,16,12,256,18,0,0,128.0,4592,9680453630.0,19361169381.0,5093.0,1.109102787456446
w=256,42,3,14,10,18,256,18,0,0,128.0,4592,75628542.0,237371374.0,7363.0,1.6034407665505226
w=256,42,3,14,19,9,256,18,0,0,128.0,4592,75628542.0,226924510.0,7356.0,1.6019163763066202
w=256,44,4,11,10,16,256,18,0,0,128.0,4592,9453566.0,40435692.0,9628.0,2.096689895470383
w=256,44,4,11,17,9,256,18,0,0,128.0,4592,9453566.0,37849055.0,9622.0,2.095383275261324
w=256,45,3,15,11,16,256,18,0,0,128.0,4592,151257086.0,456654828.0,7362.0,1.6032229965156795
w=256,45,3,15,17,10,256,18,0,0,128.0,4592,151257086.0,453840865.0,7357.0,1.6021341463414633
w=256,46,2,23,12,16,256,18,0,0,128.0,4592,38721814526.0,77446774764.0,5096.0,1.1097560975609757
w=256,46,2,23,17,11,256,18,0,0,128.0,4592,38721814526.0,77443768291.0,5092.0,1.1088850174216027
w=256,50,2,25,10,19,256,18,0,0,128.0,4592,154887258110.0,309795487728.0,5098.0,1.110191637630662
w=256,50,2,25,20,9,256,18,0,0,128.0,4592,154887258110.0,309774557150.0,5090.0,1.1084494773519165
w=16,42,3,14,7,19,16,35,0,0,128.0,4608,9371646.0,42794995.0,1178.0,0.2556423611111111
w=16,46,2,23,9,18,16,35,0,0,128.0,4608,4798283774.0,9606004721.0,974.0,0.2113715277777778
w=16,46,2,23,19,8,16,35,0,0,128.0,4608,4798283774.0,9596586976.0,967.0,0.20985243055555555
w=16,48,2,24,13,12,16,35,0,0,128.0,4608,9596567550.0,19193348074.0,971.0,0.2107204861111111
w=32,42,2,21,9,20,32,28,0,0,128.0,4608,1900019710.0,3837788145.0,1342.0,0.2912326388888889
w=32,42,2,21,21,8,32,28,0,0,128.0,4608,1900019710.0,3800060892.0,1333.0,0.2892795138888889
w=32,44,2,22,11,16,32,28,0,0,128.0,4608,3800039422.0,7602962414.0,1341.0,0.291015625
w=32,44,2,22,17,10,32,28,0,0,128.0,4608,3800039422.0,7600148451.0,1336.0,0.2899305555555556
w=256,42,2,21,11,18,256,18,0,0,128.0,4608,9680453630.0,19372441582.0,5099.0,1.1065538194444444
w=256,42,2,21,19,10,256,18,0,0,128.0,4608,9680453630.0,19360985056.0,5093.0,1.1052517361111112
w=256,44,2,22,23,8,256,18,0,0,128.0,4608,19360907262.0,38721838041.0,5090.0,1.1046006944444444
w=256,44,4,11,9,18,256,18,0,0,128.0,4608,9453566.0,47251437.0,9630.0,2.08984375
w=256,44,4,11,19,8,256,18,0,0,128.0,4608,9453566.0,37833692.0,9623.0,2.0883246527777777
w=256,45,5,9,8,18,256,18,0,0,128.0,4608,2363390.0,20205549.0,11896.0,2.5815972222222223
w=256,50,5,10,7,20,256,18,0,0,128.0,4608,4726782.0,52994031.0,11897.0,2.581814236111111
w=16,42,2,21,11,15,16,35,0,0,128.0,4624,1199570942.0,2400583662.0,975.0,0.21085640138408304
w=16,42,2,21,16,10,16,35,0,0,128.0,4624,1199570942.0,2399207397.0,971.0,0.20999134948096887
w=16,48,2,24,10,16,16,35,0,0,128.0,4624,9596567550.0,19195756528.0,976.0,0.21107266435986158
w=16,48,2,24,17,9,16,35,0,0,128.0,4624,9596567550.0,19193169891.0,970.0,0.2097750865051903
w=16,48,3,16,9,14,16,35,0,0,128.0,4624,37486590.0,113049583.0,1178.0,0.254757785467128
w=16,50,2,25,8,20,16,35,0,0,128.0,4624,19193135102.0,38419824627.0,977.0,0.21128892733564014
w=16,50,2,25,12,13,16,35,0,0,128.0,4624,19193135102.0,38386663404.0,974.0,0.2106401384083045
w=16,50,2,25,14,11,16,35,0,0,128.0,4624,19193135102.0,38386384873.0,973.0,0.21042387543252594
w=32,40,2,20,12,15,32,28,0,0,128.0,4624,950009854.0,1901592556.0,1342.0,0.29022491349480967
w=32,40,2,20,16,11,32,28,0,0,128.0,4624,950009854.0,1900150757.0,1339.0,0.28957612456747406
w=32,42,2,21,10,18,32,28,0,0,128.0,4624,1900019710.0,3810525168.0,1344.0,0.2906574394463668
w=32,42,2,21,19,9,32,28,0,0,128.0,4624,1900019710.0,3800078304.0,1337.0,0.28914359861591693
w=32,42,3,14,9,17,32,28,0,0,128.0,4624,14843902.0,49250287.0,1730.0,0.3741349480968858
w=32,48,3,16,12,12,32,28,0,0,128.0,4624,59375614.0,178323434.0,1728.0,0.3737024221453287
w=32,48,3,16,13,11,32,28,0,0,128.0,4624,59375614.0,178233320.0,1727.0,0.3734861591695502
w=32,50,2,25,13,13,32,28,0,0,128.0,4624,30400315390.0,60801056746.0,1341.0,0.29000865051903113
w=32,50,2,25,14,12,32,28,0,0,128.0,4624,30400315390.0,60800860137.0,1341.0,0.29000865051903113
w=256,40,4,10,11,15,256,18,0,0,128.0,4624,4726782.0,20348906.0,9631.0,2.0828287197231834
w=256,42,2,21,10,20,256,18,0,0,128.0,4624,9680453630.0,19402850288.0,5102.0,1.1033737024221453
w=256,42,2,21,14,14,256,18,0,0,128.0,4624,9680453630.0,19361824745.0,5099.0,1.1027249134948096
w=256,42,2,21,15,13,256,18,0,0,128.0,4624,9680453630.0,19361398759.0,5098.0,1.1025086505190311
w=256,42,2,21,21,9,256,18,0,0,128.0,4624,9680453630.0,19360950236.0,5093.0,1.1014273356401385
w=256,42,3,14,12,15,256,18,0,0,128.0,4624,75628542.0,228458474.0,7365.0,1.5927768166089966
w=256,42,3,14,16,11,256,18,0,0,128.0,4624,75628542.0,227016675.0,7362.0,1.592128027681661
w=256,44,2,22,13,15,256,18,0,0,128.0,4624,19360907262.0,38723518442.0,5099.0,1.1027249134948096
w=256,44,2,22,16,12,256,18,0,0,128.0,4624,19360907262.0,38722076645.0,5097.0,1.1022923875432526
w=256,45,3,15,9,20,256,18,0,0,128.0,4624,151257086.0,491519983.0,7367.0,1.5932093425605536
w=256,45,3,15,21,8,256,18,0,0,128.0,4624,151257086.0,453792730.0,7358.0,1.5912629757785468
w=256,45,5,9,9,16,256,18,0,0,128.0,4624,2363390.0,14176235.0,11897.0,2.57288062283737
w=256,48,2,24,12,16,256,18,0,0,128.0,4624,77443629054.0,154890403820.0,5100.0,1.1029411764705883
w=256,48,2,24,17,11,256,18,0,0,128.0,4624,77443629054.0,154887397347.0,5096.0,1.102076124567474
w=256,48,4,12,8,20,256,18,0,0,128.0,4624,18907134.0,109182959.0,9633.0,2.0832612456747404
w=256,48,4,12,12,13,256,18,0,0,128.0,4624,18907134.0,76021736.0,9630.0,2.082612456747405
w=256,48,4,12,14,11,256,18,0,0,128.0,4624,18907134.0,75743205.0,9629.0,2.0823961937716264
w=16,48,2,24,9,18,16,35,0,0,128.0,4640,9596567550.0,19202572273.0,978.0,0.2107758620689655
w=16,48,2,24,19,8,16,35,0,0,128.0,4640,9596567550.0,19193154528.0,971.0,0.20926724137931035
w=16,48,3,16,8,16,16,35,0,0,128.0,4640,37486590.0,114556913.0,1181.0,0.2545258620689655
w=16,50,2,25,13,12,16,35,0,0,128.0,4640,19193135102.0,38386483178.0,975.0,0.2101293103448276
w=32,44,2,22,9,20,32,28,0,0,128.0,4640,3800039422.0,7637827569.0,1346.0,0.29008620689655173
w=32,44,2,22,21,8,32,28,0,0,128.0,4640,3800039422.0,7600100316.0,1337.0,0.28814655172413794
w=32,45,3,15,8,19,32,28,0,0,128.0,4640,29687806.0,105840625.0,1733.0,0.3734913793103448
w=32,45,3,15,10,15,32,28,0,0,128.0,4640,29687806.0,90374126.0,1732.0,0.3732758620689655
w=32,45,3,15,16,9,32,28,0,0,128.0,4640,29687806.0,89096163.0,1727.0,0.37219827586206894
w=32,46,2,23,11,16,32,28,0,0,128.0,4640,7600078846.0,15203041262.0,1345.0,0.28987068965517243
w=32,46,2,23,17,10,32,28,0,0,128.0,4640,7600078846.0,15200227299.0,1340.0,0.28879310344827586
w=256,44,2,22,11,18,256,18,0,0,128.0,4640,19360907262.0,38733348846.0,5103.0,1.0997844827586207
w=256,44,2,22,19,10,256,18,0,0,128.0,4640,19360907262.0,38721892320.0,5097.0,1.0984913793103448
w=256,45,3,15,10,18,256,18,0,0,128.0,4640,151257086.0,464257006.0,7369.0,1.588146551724138
w=256,45,3,15,19,9,256,18,0,0,128.0,4640,151257086.0,453810142.0,7362.0,1.5866379310344827
w=256,45,5,9,11,13,256,18,0,0,128.0,4640,2363390.0,12177384.0,11898.0,2.5642241379310344
w=256,45,5,9,14,10,256,18,0,0,128.0,4640,2363390.0,11874275.0,11896.0,2.5637931034482757
w=256,46,2,23,23,8,256,18,0,0,128.0,4640,38721814526.0,77443652569.0,5094.0,1.097844827586207
w=256,48,3,16,11,16,256,18,0,0,128.0,4640,302514174.0,910426092.0,7368.0,1.5879310344827586
w=256,48,3,16,17,10,256,18,0,0,128.0,4640,302514174.0,907612129.0,7363.0,1.586853448275862
w=256,48,4,12,13,12,256,18,0,0,128.0,4640,18907134.0,75841510.0,9631.0,2.075646551724138
w=256,48,6,8,7,18,256,18,0,0,128.0,4640,1181694.0,14430189.0,14166.0,3.0530172413793104
w=16,40,2,20,9,19,16,35,0,0,128.0,4656,599785470.0,1218445297.0,980.0,0.2104810996563574
w=16,40,2,20,10,17,16,35,0,0,128.0,4656,599785470.0,1204813808.0,980.0,0.2104810996563574
w=16,40,2,20,12,14,16,35,0,0,128.0,4656,599785470.0,1200357356.0,978.0,0.21005154639175258
w=16,40,2,20,15,11,16,35,0,0,128.0,4656,599785470.0,1199693799.0,976.0,0.20962199312714777
w=16,44,2,22,11,15,16,35,0,0,128.0,4656,2399141886.0,4799725550.0,979.0,0.21026632302405499
w=16,44,2,22,16,10,16,35,0,0,128.0,4656,2399141886.0,4798349285.0,975.0,0.20940721649484537
w=16,45,3,15,7,19,16,35,0,0,128.0,4656,18743294.0,70909939.0,1184.0,0.2542955326460481
w=16,45,3,15,10,13,16,35,0,0,128.0,4656,18743294.0,56557550.0,1182.0,0.2538659793814433
w=16,50,2,25,10,16,16,35,0,0,128.0,4656,19193135102.0,38388891632.0,980.0,0.2104810996563574
w=16,50,2,25,17,9,16,35,0,0,128.0,4656,19193135102.0,38386304995.0,974.0,0.20919243986254296
w=32,42,2,21,12,15,32,28,0,0,128.0,4656,1900019710.0,3801612268.0,1346.0,0.28908934707903783
w=32,42,2,21,16,11,32,28,0,0,128.0,4656,1900019710.0,3800170469.0,1343.0,0.28844501718213056
w=32,44,2,22,10,18,32,28,0,0,128.0,4656,3800039422.0,7610564592.0,1348.0,0.28951890034364264
w=32,44,2,22,19,9,32,28,0,0,128.0,4656,3800039422.0,7600117728.0,1341.0,0.28801546391752575
w=256,40,5,8,8,19,256,18,0,0,128.0,4656,1181694.0,22685677.0,11902.0,2.55627147766323
w=256,40,5,8,10,15,256,18,0,0,128.0,4656,1181694.0,7219178.0,11901.0,2.556056701030928
w=256,42,6,7,7,19,256,18,0,0,128.0,4656,590846.0,18225133.0,14168.0,3.042955326460481
w=256,44,2,22,10,20,256,18,0,0,128.0,4656,19360907262.0,38763757552.0,5106.0,1.0966494845360826
w=256,44,2,22,14,14,256,18,0,0,128.0,4656,19360907262.0,38722732009.0,5103.0,1.0960051546391754
w=256,44,2,22,15,13,256,18,0,0,128.0,4656,19360907262.0,38722306023.0,5102.0,1.095790378006873
w=256,44,2,22,21,9,256,18,0,0,128.0,4656,19360907262.0,38721857500.0,5097.0,1.094716494845361
w=256,46,2,23,13,15,256,18,0,0,128.0,4656,38721814526.0,77445332970.0,5103.0,1.0960051546391754
w=256,46,2,23,16,12,256,18,0,0,128.0,4656,38721814526.0,77443891173.0,5101.0,1.0955756013745706
w=256,48,4,12,10,16,256,18,0,0,128.0,4656,18907134.0,78249964.0,9636.0,2.0695876288659796
w=256,48,4,12,17,9,256,18,0,0,128.0,4656,18907134.0,75663327.0,9630.0,2.068298969072165
w=256,50,2,25,12,16,256,18,0,0,128.0,4656,154887258110.0,309777661932.0,5104.0,1.0962199312714778
w=256,50,2,25,17,11,256,18,0,0,128.0,4656,154887258110.0,309774655459.0,5100.0,1.0953608247422681
w=256,50,5,10,10,14,256,18,0,0,128.0,4656,4726782.0,24289258.0,11901.0,2.556056701030928
w=256,50,5,10,15,9,256,18,0,0,128.0,4656,4726782.0,23664609.0,11897.0,2.5551975945017182
w=16,42,3,14,8,17,16,35,0,0,128.0,4672,9371646.0,32309233.0,1185.0,0.253638698630137
w=16,42,3,14,9,15,16,35,0,0,128.0,4672,9371646.0,29294575.0,1184.0,0.2534246575342466
w=16,50,2,25,9,18,16,35,0,0,128.0,4672,19193135102.0,38395707377.0,982.0,0.21018835616438356
w=16,50,2,25,19,8,16,35,0,0,128.0,4672,19193135102.0,38386289632.0,975.0,0.2086900684931507
w=32,40,2,20,13,14,32,28,0,0,128.0,4672,950009854.0,1900871658.0,1347.0,0.2883133561643836
w=32,40,2,20,15,12,32,28,0,0,128.0,4672,950009854.0,1900265447.0,1346.0,0.2880993150684932
w=32,42,3,14,11,14,32,28,0,0,128.0,4672,14843902.0,45252588.0,1735.0,0.371361301369863
w=32,42,3,14,15,10,32,28,0,0,128.0,4672,14843902.0,44593125.0,1732.0,0.3707191780821918
w=32,45,3,15,9,17,32,28,0,0,128.0,4672,29687806.0,93781999.0,1736.0,0.3715753424657534
w=32,45,3,15,18,8,32,28,0,0,128.0,4672,29687806.0,89081824.0,1730.0,0.370291095890411
w=32,46,2,23,9,20,32,28,0,0,128.0,4672,7600078846.0,15237906417.0,1350.0,0.2889554794520548
w=32,46,2,23,21,8,32,28,0,0,128.0,4672,7600078846.0,15200179164.0,1341.0,0.2870291095890411
w=32,48,2,24,11,16,32,28,0,0,128.0,4672,15200157694.0,30403198958.0,1349.0,0.2887414383561644
w=32,48,2,24,17,10,32,28,0,0,128.0,4672,15200157694.0,30400384995.0,1344.0,0.2876712328767123
w=256,42,3,14,13,14,256,18,0,0,128.0,4672,75628542.0,227737576.0,7370.0,1.5774828767123288
w=256,42,3,14,15,12,256,18,0,0,128.0,4672,75628542.0,227131365.0,7369.0,1.5772688356164384
w=256,45,3,15,12,15,256,18,0,0,128.0,4672,151257086.0,455344106.0,7371.0,1.5776969178082192
w=256,45,3,15,16,11,256,18,0,0,128.0,4672,151257086.0,453902307.0,7368.0,1.577054794520548
w=256,45,5,9,12,12,256,18,0,0,128.0,4672,2363390.0,12013542.0,11901.0,2.547303082191781
w=256,45,5,9,13,11,256,18,0,0,128.0,4672,2363390.0,11923428.0,11900.0,2.5470890410958904
w=256,46,2,23,11,18,256,18,0,0,128.0,4672,38721814526.0,77455163374.0,5107.0,1.0931078767123288
w=256,46,2,23,19,10,256,18,0,0,128.0,4672,38721814526.0,77443706848.0,5101.0,1.0918236301369864
w=256,48,2,24,23,8,256,18,0,0,128.0,4672,77443629054.0,154887281625.0,5098.0,1.0911815068493151
w=256,48,3,16,9,20,256,18,0,0,128.0,4672,302514174.0,945291247.0,7373.0,1.578125
w=256,48,3,16,21,8,256,18,0,0,128.0,4672,302514174.0,907563994.0,7364.0,1.5761986301369864
w=256,48,4,12,9,18,256,18,0,0,128.0,4672,18907134.0,85065709.0,9638.0,2.062928082191781
w=256,48,4,12,19,8,256,18,0,0,128.0,4672,18907134.0,75647964.0,9631.0,2.061429794520548
w=256,48,6,8,9,14,256,18,0,0,128.0,4672,1181694.0,7679977.0,14168.0,3.0325342465753424
w=16,40,2,20,13,13,16,35,0,0,128.0,4688,599785470.0,1199996906.0,981.0,0.20925767918088736
w=16,40,2,20,14,12,16,35,0,0,128.0,4688,599785470.0,1199800297.0,981.0,0.20925767918088736
w=16,42,2,21,9,19,16,35,0,0,128.0,4688,1199570942.0,2418016241.0,984.0,0.2098976109215017
w=16,42,2,21,10,17,16,35,0,0,128.0,4688,1199570942.0,2404384752.0,984.0,0.2098976109215017
w=16,42,2,21,12,14,16,35,0,0,128.0,4688,1199570942.0,2399928300.0,982.0,0.20947098976109216
w=16,42,2,21,15,11,16,35,0,0,128.0,4688,1199570942.0,2399264743.0,980.0,0.2090443686006826
w=16,42,2,21,18,9,16,35,0,0,128.0,4688,1199570942.0,2399178722.0,978.0,0.20861774744027303
w=16,42,2,21,20,8,16,35,0,0,128.0,4688,1199570942.0,2399162334.0,976.0,0.20819112627986347
w=16,46,2,23,11,15,16,35,0,0,128.0,4688,4798283774.0,9598009326.0,983.0,0.20968430034129693
w=16,46,2,23,16,10,16,35,0,0,128.0,4688,4798283774.0,9596633061.0,979.0,0.20883105802047783
w=32,40,2,20,14,13,32,28,0,0,128.0,4688,950009854.0,1900478441.0,1349.0,0.28775597269624575
w=32,44,2,22,12,15,32,28,0,0,128.0,4688,3800039422.0,7601651692.0,1350.0,0.2879692832764505
w=32,44,2,22,16,11,32,28,0,0,128.0,4688,3800039422.0,7600209893.0,1347.0,0.28732935153583616
w=32,44,4,11,8,16,32,28,0,0,128.0,4688,1855486.0,9519087.0,2125.0,0.45328498293515357
w=32,46,2,23,10,18,32,28,0,0,128.0,4688,7600078846.0,15210643440.0,1352.0,0.2883959044368601
w=32,46,2,23,19,9,32,28,0,0,128.0,4688,7600078846.0,15200196576.0,1345.0,0.28690273037542663
w=32,48,3,16,8,19,32,28,0,0,128.0,4688,59375614.0,194904049.0,1739.0,0.3709470989761092
w=32,48,3,16,10,15,32,28,0,0,128.0,4688,59375614.0,179437550.0,1738.0,0.37073378839590443
w=32,48,3,16,16,9,32,28,0,0,128.0,4688,59375614.0,178159587.0,1733.0,0.36966723549488056
w=256,40,2,20,12,17,256,18,0,0,128.0,4688,4840226814.0,9686745068.0,5108.0,1.0895904436860069
w=256,40,2,20,18,11,256,18,0,0,128.0,4688,4840226814.0,9680601058.0,5104.0,1.0887372013651877
w=256,40,2,20,24,8,256,18,0,0,128.0,4688,4840226814.0,9680478167.0,5099.0,1.0876706484641638
w=256,40,4,10,9,19,256,18,0,0,128.0,4688,4726782.0,37781485.0,9640.0,2.0563139931740615
w=256,40,4,10,10,17,256,18,0,0,128.0,4688,4726782.0,24149996.0,9640.0,2.0563139931740615
w=256,40,4,10,12,14,256,18,0,0,128.0,4688,4726782.0,19693544.0,9638.0,2.0558873720136517
w=256,40,4,10,15,11,256,18,0,0,128.0,4688,4726782.0,19029987.0,9636.0,2.0554607508532423
w=256,40,5,8,9,17,256,18,0,0,128.0,4688,1181694.0,10627051.0,11905.0,2.539462457337884
w=256,42,3,14,14,13,256,18,0,0,128.0,4688,75628542.0,227344359.0,7372.0,1.5725255972696246
w=256,44,4,11,11,15,256,18,0,0,128.0,4688,9453566.0,39256042.0,9639.0,2.056100682593857
w=256,44,4,11,16,10,256,18,0,0,128.0,4688,9453566.0,37879777.0,9635.0,2.0552474402730376
w=256,46,2,23,10,20,256,18,0,0,128.0,4688,38721814526.0,77485572080.0,5110.0,1.0900170648464165
w=256,46,2,23,14,14,256,18,0,0,128.0,4688,38721814526.0,77444546537.0,5107.0,1.089377133105802
w=256,46,2,23,15,13,256,18,0,0,128.0,4688,38721814526.0,77444120551.0,5106.0,1.0891638225255973
w=256,46,2,23,21,9,256,18,0,0,128.0,4688,38721814526.0,77443672028.0,5101.0,1.0880972696245734
w=256,48,2,24,13,15,256,18,0,0,128.0,4688,77443629054.0,154888962026.0,5107.0,1.089377133105802
w=256,48,2,24,16,12,256,18,0,0,128.0,4688,77443629054.0,154887520229.0,5105.0,1.0889505119453924
w=256,48,3,16,10,18,256,18,0,0,128.0,4688,302514174.0,918028270.0,7375.0,1.5731655290102389
w=256,48,3,16,19,9,256,18,0,0,128.0,4688,302514174.0,907581406.0,7368.0,1.5716723549488054
w=256,48,6,8,8,16,256,18,0,0,128.0,4688,1181694.0,9187307.0,14171.0,3.0228242320819114
w=256,50,5,10,8,18,256,18,0,0,128.0,4688,4726782.0,32022509.0,11906.0,2.5396757679180886
w=16,45,3,15,11,12,16,35,0,0,128.0,4704,18743294.0,56410092.0,1187.0,0.2523384353741497
w=16,48,3,16,7,19,16,35,0,0,128.0,4704,37486590.0,127139827.0,1190.0,0.25297619047619047
w=16,48,3,16,10,13,16,35,0,0,128.0,4704,37486590.0,112787438.0,1188.0,0.25255102040816324
w=16,48,3,16,14,9,16,35,0,0,128.0,4704,37486590.0,112488423.0,1185.0,0.25191326530612246
w=32,42,2,21,13,14,32,28,0,0,128.0,4704,1900019710.0,3800891370.0,1351.0,0.28720238095238093
w=32,42,2,21,15,12,32,28,0,0,128.0,4704,1900019710.0,3800285159.0,1350.0,0.2869897959183674
w=32,48,2,24,9,20,32,28,0,0,128.0,4704,15200157694.0,30438064113.0,1354.0,0.28784013605442177
w=32,48,2,24,21,8,32,28,0,0,128.0,4704,15200157694.0,30400336860.0,1345.0,0.2859268707482993
w=32,48,4,12,7,18,32,28,0,0,128.0,4704,3710974.0,22183921.0,2128.0,0.4523809523809524
w=32,50,2,25,11,16,32,28,0,0,128.0,4704,30400315390.0,60803514350.0,1353.0,0.28762755102040816
w=32,50,2,25,17,10,32,28,0,0,128.0,4704,30400315390.0,60800700387.0,1348.0,0.28656462585034015
w=256,48,2,24,11,18,256,18,0,0,128.0,4704,77443629054.0,154898792430.0,5111.0,1.0865221088435375
w=256,48,2,24,19,10,256,18,0,0,128.0,4704,77443629054.0,154887335904.0,5105.0,1.0852465986394557
w=256,50,2,25,23,8,256,18,0,0,128.0,4704,154887258110.0,309774539737.0,5102.0,1.084608843537415
w=256,50,5,10,9,16,256,18,0,0,128.0,4704,4726782.0,25993195.0,11907.0,2.53125
w=256,50,5,10,17,8,256,18,0,0,128.0,4704,4726782.0,23651293.0,11901.0,2.529974489795918
w=16,42,2,21,13,13,16,35,0,0,128.0,4720,1199570942.0,2399567850.0,985.0,0.2086864406779661
w=16,42,2,21,14,12,16,35,0,0,128.0,4720,1199570942.0,2399371241.0,985.0,0.2086864406779661
w=16,42,3,14,7,20,16,35,0,0,128.0,4720,9371646.0,57475059.0,1192.0,0.25254237288135595
w=16,44,2,22,9,19,16,35,0,0,128.0,4720,2399141886.0,4817158129.0,988.0,0.2093220338983051
w=16,44,2,22,10,17,16,35,0,0,128.0,4720,2399141886.0,4803526640.0,988.0,0.2093220338983051
w=16,44,2,22,12,14,16,35,0,0,128.0,4720,2399141886.0,4799070188.0,986.0,0.20889830508474577
w=16,44,2,22,15,11,16,35,0,0,128.0,4720,2399141886.0,4798406631.0,984.0,0.20847457627118643
w=16,44,2,22,18,9,16,35,0,0,128.0,4720,2399141886.0,4798320610.0,982.0,0.2080508474576271
w=16,44,2,22,20,8,16,35,0,0,128.0,4720,2399141886.0,4798304222.0,980.0,0.2076271186440678
w=16,45,3,15,8,17,16,35,0,0,128.0,4720,18743294.0,60424177.0,1191.0,0.2523305084745763
w=16,45,3,15,9,15,16,35,0,0,128.0,4720,18743294.0,57409519.0,1190.0,0.2521186440677966
w=16,45,3,15,12,11,16,35,0,0,128.0,4720,18743294.0,56328170.0,1188.0,0.25169491525423726
w=16,48,2,24,11,15,16,35,0,0,128.0,4720,9596567550.0,19194576878.0,987.0,0.20911016949152542
w=16,48,2,24,16,10,16,35,0,0,128.0,4720,9596567550.0,19193200613.0,983.0,0.20826271186440679
w=32,40,2,20,11,17,32,28,0,0,128.0,4720,950009854.0,1905786862.0,1355.0,0.2870762711864407
w=32,40,2,20,18,10,32,28,0,0,128.0,4720,950009854.0,1900093410.0,1350.0,0.2860169491525424
w=32,42,2,21,14,13,32,28,0,0,128.0,4720,1900019710.0,3800498153.0,1353.0,0.28665254237288135
w=32,42,3,14,8,20,32,28,0,0,128.0,4720,14843902.0,78086129.0,1743.0,0.36927966101694915
w=32,42,3,14,12,13,32,28,0,0,128.0,4720,14843902.0,44924906.0,1740.0,0.3686440677966102
w=32,42,3,14,14,11,32,28,0,0,128.0,4720,14843902.0,44646375.0,1739.0,0.3684322033898305
w=32,45,3,15,11,14,32,28,0,0,128.0,4720,29687806.0,89784300.0,1741.0,0.36885593220338986
w=32,45,3,15,15,10,32,28,0,0,128.0,4720,29687806.0,89124837.0,1738.0,0.36822033898305084
w=32,46,2,23,12,15,32,28,0,0,128.0,4720,7600078846.0,15201730540.0,1354.0,0.286864406779661
w=32,46,2,23,16,11,32,28,0,0,128.0,4720,7600078846.0,15200288741.0,1351.0,0.28622881355932206
w=32,48,2,24,10,18,32,28,0,0,128.0,4720,15200157694.0,30410801136.0,1356.0,0.28728813559322036
w=32,48,2,24,19,9,32,28,0,0,128.0,4720,15200157694.0,30400354272.0,1349.0,0.2858050847457627
w=32,48,3,16,9,17,32,28,0,0,128.0,4720,59375614.0,182845423.0,1742.0,0.3690677966101695
w=32,48,3,16,18,8,32,28,0,0,128.0,4720,59375614.0,178145248.0,1736.0,0.3677966101694915
w=256,40,4,10,13,13,256,18,0,0,128.0,4720,4726782.0,19333094.0,9641.0,2.0425847457627118
w=256,40,4,10,14,12,256,18,0,0,128.0,4720,4726782.0,19136485.0,9641.0,2.0425847457627118
w=256,42,2,21,12,17,256,18,0,0,128.0,4720,9680453630.0,19367198700.0,5112.0,1.083050847457627
w=256,42,2,21,18,11,256,18,0,0,128.0,4720,9680453630.0,19361054690.0,5108.0,1.0822033898305086
w=256,42,2,21,24,8,256,18,0,0,128.0,4720,9680453630.0,19360931799.0,5103.0,1.0811440677966102
w=256,42,3,14,11,17,256,18,0,0,128.0,4720,75628542.0,232652780.0,7378.0,1.563135593220339
w=256,42,3,14,18,10,256,18,0,0,128.0,4720,75628542.0,226959328.0,7373.0,1.5620762711864407
w=256,42,3,14,22,8,256,18,0,0,128.0,4720,75628542.0,226908121.0,7370.0,1.5614406779661016
w=256,42,6,7,8,17,256,18,0,0,128.0,4720,590846.0,7739371.0,14175.0,3.003177966101695
w=256,42,6,7,9,15,256,18,0,0,128.0,4720,590846.0,4724713.0,14174.0,3.0029661016949154
w=256,45,3,15,13,14,256,18,0,0,128.0,4720,151257086.0,454623208.0,7376.0,1.5627118644067797
w=256,45,3,15,15,12,256,18,0,0,128.0,4720,151257086.0,454016997.0,7375.0,1.5625
w=256,48,2,24,10,20,256,18,0,0,128.0,4720,77443629054.0,154929201136.0,5114.0,1.0834745762711864
w=256,48,2,24,14,14,256,18,0,0,128.0,4720,77443629054.0,154888175593.0,5111.0,1.0828389830508474
w=256,48,2,24,15,13,256,18,0,0,128.0,4720,77443629054.0,154887749607.0,5110.0,1.0826271186440677
w=256,48,2,24,21,9,256,18,0,0,128.0,4720,77443629054.0,154887301084.0,5105.0,1.0815677966101696
w=256,48,3,16,12,15,256,18,0,0,128.0,4720,302514174.0,909115370.0,7377.0,1.5629237288135593
w=256,48,3,16,16,11,256,18,0,0,128.0,4720,302514174.0,907673571.0,7374.0,1.5622881355932203
w=256,50,2,25,13,15,256,18,0,0,128.0,4720,154887258110.0,309776220138.0,5111.0,1.0828389830508474
w=256,50,2,25,16,12,256,18,0,0,128.0,4720,154887258110.0,309774778341.0,5109.0,1.0824152542372882
w=256,50,5,10,11,13,256,18,0,0,128.0,4720,4726782.0,23994344.0,11908.0,2.522881355932203
w=256,50,5,10,14,10,256,18,0,0,128.0,4720,4726782.0,23691235.0,11906.0,2.522457627118644
w=32,42,3,14,13,12,32,28,0,0,128.0,4736,14843902.0,44744680.0,1741.0,0.3676097972972973
w=32,44,2,22,13,14,32,28,0,0,128.0,4736,3800039422.0,7600930794.0,1355.0,0.2861064189189189
w=32,44,2,22,15,12,32,28,0,0,128.0,4736,3800039422.0,7600324583.0,1354.0,0.2858952702702703
w=32,48,4,12,9,14,32,28,0,0,128.0,4736,3710974.0,15433709.0,2130.0,0.4497466216216216
w=32,50,2,25,9,20,32,28,0,0,128.0,4736,30400315390.0,60838379505.0,1358.0,0.28673986486486486
w=32,50,2,25,21,8,32,28,0,0,128.0,4736,30400315390.0,60800652252.0,1349.0,0.28483952702702703
w=256,40,5,8,11,14,256,18,0,0,128.0,4736,1181694.0,6629352.0,11910.0,2.5147804054054053
w=256,45,3,15,14,13,256,18,0,0,128.0,4736,151257086.0,454229991.0,7378.0,1.5578547297297298
w=256,45,5,9,8,19,256,18,0,0,128.0,4736,2363390.0,28594157.0,11912.0,2.5152027027027026
w=256,45,5,9,10,15,256,18,0,0,128.0,4736,2363390.0,13127658.0,11911.0,2.514991554054054
w=256,45,5,9,16,9,256,18,0,0,128.0,4736,2363390.0,11849695.0,11906.0,2.513935810810811
w=256,50,2,25,11,18,256,18,0,0,128.0,4736,154887258110.0,309786050542.0,5115.0,1.080025337837838
w=256,50,2,25,19,10,256,18,0,0,128.0,4736,154887258110.0,309774594016.0,5109.0,1.078758445945946
w=16,44,2,22,13,13,16,35,0,0,128.0,4752,2399141886.0,4798709738.0,989.0,0.20812289562289563
w=16,44,2,22,14,12,16,35,0,0,128.0,4752,2399141886.0,4798513129.0,989.0,0.20812289562289563
w=16,46,2,23,9,19,16,35,0,0,128.0,4752,4798283774.0,9615441905.0,992.0,0.20875420875420875
w=16,46,2,23,10,17,16,35,0,0,128.0,4752,4798283774.0,9601810416.0,992.0,0.20875420875420875
w=16,46,2,23,12,14,16,35,0,0,128.0,4752,4798283774.0,9597353964.0,990.0,0.20833333333333334
w=16,46,2,23,15,11,16,35,0,0,128.0,4752,4798283774.0,9596690407.0,988.0,0.2079124579124579
w=16,46,2,23,18,9,16,35,0,0,128.0,4752,4798283774.0,9596604386.0,986.0,0.2074915824915825
w=16,46,2,23,20,8,16,35,0,0,128.0,4752,4798283774.0,9596587998.0,984.0,0.20707070707070707
w=16,48,3,16,11,12,16,35,0,0,128.0,4752,37486590.0,112639980.0,1193.0,0.2510521885521885
w=16,48,3,16,13,10,16,35,0,0,128.0,4752,37486590.0,112513000.0,1191.0,0.25063131313131315
w=16,50,2,25,11,15,16,35,0,0,128.0,4752,19193135102.0,38387711982.0,991.0,0.20854377104377103
w=16,50,2,25,16,10,16,35,0,0,128.0,4752,19193135102.0,38386335717.0,987.0,0.2077020202020202
w=32,40,2,20,10,19,32,28,0,0,128.0,4752,950009854.0,1920991216.0,1360.0,0.28619528619528617
w=32,40,2,20,20,9,32,28,0,0,128.0,4752,950009854.0,1900060638.0,1352.0,0.2845117845117845
w=32,42,2,21,11,17,32,28,0,0,128.0,4752,1900019710.0,3805806574.0,1359.0,0.2859848484848485
w=32,42,2,21,18,10,32,28,0,0,128.0,4752,1900019710.0,3800113122.0,1354.0,0.2849326599326599
w=32,42,2,21,22,8,32,28,0,0,128.0,4752,1900019710.0,3800061915.0,1351.0,0.2843013468013468
w=32,42,3,14,10,16,32,28,0,0,128.0,4752,14843902.0,47153134.0,1746.0,0.36742424242424243
w=32,42,3,14,17,9,32,28,0,0,128.0,4752,14843902.0,44566497.0,1740.0,0.3661616161616162
w=32,44,2,22,14,13,32,28,0,0,128.0,4752,3800039422.0,7600537577.0,1357.0,0.2855639730639731
w=32,44,4,11,7,19,32,28,0,0,128.0,4752,1855486.0,22102001.0,2134.0,0.44907407407407407
w=32,48,2,24,12,15,32,28,0,0,128.0,4752,15200157694.0,30401888236.0,1358.0,0.2857744107744108
w=32,48,2,24,16,11,32,28,0,0,128.0,4752,15200157694.0,30400446437.0,1355.0,0.28514309764309764
w=32,48,4,12,8,16,32,28,0,0,128.0,4752,3710974.0,16941039.0,2133.0,0.44886363636363635
w=32,50,2,25,10,18,32,28,0,0,128.0,4752,30400315390.0,60811116528.0,1360.0,0.28619528619528617
w=32,50,2,25,19,9,32,28,0,0,128.0,4752,30400315390.0,60800669664.0,1353.0,0.2847222222222222
w=256,40,2,20,11,19,256,18,0,0,128.0,4752,4840226814.0,9703522286.0,5117.0,1.0768097643097643
w=256,40,2,20,20,10,256,18,0,0,128.0,4752,4840226814.0,9680535518.0,5110.0,1.0753367003367003
w=256,40,2,20,22,9,256,18,0,0,128.0,4752,4840226814.0,9680498651.0,5109.0,1.0751262626262625
w=256,42,3,14,10,19,256,18,0,0,128.0,4752,75628542.0,247857134.0,7383.0,1.5536616161616161
w=256,42,3,14,20,9,256,18,0,0,128.0,4752,75628542.0,226926556.0,7375.0,1.5519781144781144
w=256,44,2,22,12,17,256,18,0,0,128.0,4752,19360907262.0,38728105964.0,5116.0,1.0765993265993266
w=256,44,2,22,18,11,256,18,0,0,128.0,4752,19360907262.0,38721961954.0,5112.0,1.0757575757575757
w=256,44,2,22,24,8,256,18,0,0,128.0,4752,19360907262.0,38721839063.0,5107.0,1.074705387205387
w=256,44,4,11,9,19,256,18,0,0,128.0,4752,9453566.0,56688621.0,9648.0,2.0303030303030303
w=256,44,4,11,10,17,256,18,0,0,128.0,4752,9453566.0,43057132.0,9648.0,2.0303030303030303
w=256,44,4,11,12,14,256,18,0,0,128.0,4752,9453566.0,38600680.0,9646.0,2.029882154882155
w=256,44,4,11,15,11,256,18,0,0,128.0,4752,9453566.0,37937123.0,9644.0,2.0294612794612794
w=256,44,4,11,18,9,256,18,0,0,128.0,4752,9453566.0,37851102.0,9642.0,2.029040404040404
w=256,44,4,11,20,8,256,18,0,0,128.0,4752,9453566.0,37834714.0,9640.0,2.0286195286195285
w=256,48,4,12,11,15,256,18,0,0,128.0,4752,18907134.0,77070314.0,9647.0,2.0300925925925926
w=256,48,4,12,16,10,256,18,0,0,128.0,4752,18907134.0,75694049.0,9643.0,2.0292508417508417
w=256,48,6,8,7,19,256,18,0,0,128.0,4752,1181694.0,21770221.0,14180.0,2.984006734006734
w=256,48,6,8,10,13,256,18,0,0,128.0,4752,1181694.0,7417832.0,14178.0,2.9835858585858586
w=256,48,6,8,14,9,256,18,0,0,128.0,4752,1181694.0,7118817.0,14175.0,2.9829545454545454
w=256,50,2,25,10,20,256,18,0,0,128.0,4752,154887258110.0,309816459248.0,5118.0,1.077020202020202
w=256,50,2,25,14,14,256,18,0,0,128.0,4752,154887258110.0,309775433705.0,5115.0,1.0763888888888888
w=256,50,2,25,15,13,256,18,0,0,128.0,4752,154887258110.0,309775007719.0,5114.0,1.0761784511784511
w=256,50,2,25,21,9,256,18,0,0,128.0,4752,154887258110.0,309774559196.0,5109.0,1.0751262626262625
w=256,50,5,10,12,12,256,18,0,0,128.0,4752,4726782.0,23830502.0,11911.0,2.506523569023569
w=256,50,5,10,13,11,256,18,0,0,128.0,4752,4726782.0,23740388.0,11910.0,2.5063131313131315
w=16,40,2,20,11,16,16,35,0,0,128.0,4768,599785470.0,1202454510.0,993.0,0.20826342281879195
w=16,40,2,20,17,10,16,35,0,0,128.0,4768,599785470.0,1199640547.0,988.0,0.20721476510067113
w=16,42,3,14,10,14,16,35,0,0,128.0,4768,9371646.0,28770286.0,1196.0,0.25083892617449666
w=16,45,3,15,7,20,16,35,0,0,128.0,4768,18743294.0,85590003.0,1198.0,0.251258389261745
w=16,48,3,16,8,17,16,35,0,0,128.0,4768,37486590.0,116654065.0,1197.0,0.2510486577181208
w=16,48,3,16,9,15,16,35,0,0,128.0,4768,37486590.0,113639407.0,1196.0,0.25083892617449666
w=16,48,3,16,12,11,16,35,0,0,128.0,4768,37486590.0,112558058.0,1194.0,0.25041946308724833
w=16,48,3,16,16,8,16,35,0,0,128.0,4768,37486590.0,112476131.0,1191.0,0.24979026845637584
w=32,42,3,14,9,18,32,28,0,0,128.0,4768,14843902.0,53968879.0,1748.0,0.36661073825503354
w=32,45,3,15,8,20,32,28,0,0,128.0,4768,29687806.0,122617841.0,1749.0,0.36682046979865773
w=32,45,3,15,12,13,32,28,0,0,128.0,4768,29687806.0,89456618.0,1746.0,0.3661912751677852
w=32,45,3,15,14,11,32,28,0,0,128.0,4768,29687806.0,89178087.0,1745.0,0.3659815436241611
w=32,46,2,23,13,14,32,28,0,0,128.0,4768,7600078846.0,15201009642.0,1359.0,0.2850251677852349
w=32,46,2,23,15,12,32,28,0,0,128.0,4768,7600078846.0,15200403431.0,1358.0,0.28481543624161076
w=32,48,3,16,11,14,32,28,0,0,128.0,4768,59375614.0,178847724.0,1747.0,0.3664010067114094
w=32,48,3,16,15,10,32,28,0,0,128.0,4768,59375614.0,178188261.0,1744.0,0.36577181208053694
w=256,40,2,20,13,16,256,18,0,0,128.0,4768,4840226814.0,9683861482.0,5117.0,1.0731963087248322
w=256,40,2,20,17,12,256,18,0,0,128.0,4768,4840226814.0,9680732131.0,5114.0,1.0725671140939597
w=256,42,6,7,7,20,256,18,0,0,128.0,4768,590846.0,32905197.0,14182.0,2.9744127516778525
w=256,45,3,15,11,17,256,18,0,0,128.0,4768,151257086.0,459538412.0,7384.0,1.5486577181208054
w=256,45,3,15,18,10,256,18,0,0,128.0,4768,151257086.0,453844960.0,7379.0,1.5476090604026846
w=256,45,3,15,22,8,256,18,0,0,128.0,4768,151257086.0,453793753.0,7376.0,1.5469798657718121
w=256,45,5,9,9,17,256,18,0,0,128.0,4768,2363390.0,16535531.0,11915.0,2.498951342281879
w=256,45,5,9,18,8,256,18,0,0,128.0,4768,2363390.0,11835356.0,11909.0,2.497692953020134
w=256,48,3,16,13,14,256,18,0,0,128.0,4768,302514174.0,908394472.0,7382.0,1.548238255033557
w=256,48,3,16,15,12,256,18,0,0,128.0,4768,302514174.0,907788261.0,7381.0,1.548028523489933
w=16,46,2,23,13,13,16,35,0,0,128.0,4784,4798283774.0,9596993514.0,993.0,0.207566889632107
w=16,46,2,23,14,12,16,35,0,0,128.0,4784,4798283774.0,9596796905.0,993.0,0.207566889632107
w=16,48,2,24,9,19,16,35,0,0,128.0,4784,9596567550.0,19212009457.0,996.0,0.20819397993311037
w=16,48,2,24,10,17,16,35,0,0,128.0,4784,9596567550.0,19198377968.0,996.0,0.20819397993311037
w=16,48,2,24,12,14,16,35,0,0,128.0,4784,9596567550.0,19193921516.0,994.0,0.20777591973244147
w=16,48,2,24,15,11,16,35,0,0,128.0,4784,9596567550.0,19193257959.0,992.0,0.20735785953177258
w=16,48,2,24,18,9,16,35,0,0,128.0,4784,9596567550.0,19193171938.0,990.0,0.20693979933110368
w=16,48,2,24,20,8,16,35,0,0,128.0,4784,9596567550.0,19193155550.0,988.0,0.20652173913043478
w=32,42,2,21,10,19,32,28,0,0,128.0,4784,1900019710.0,3821010928.0,1364.0,0.28511705685618727
w=32,42,2,21,20,9,32,28,0,0,128.0,4784,1900019710.0,3800080350.0,1356.0,0.2834448160535117
w=32,44,2,22,11,17,32,28,0,0,128.0,4784,3800039422.0,7605845998.0,1363.0,0.28490802675585286
w=32,44,2,22,18,10,32,28,0,0,128.0,4784,3800039422.0,7600152546.0,1358.0,0.2838628762541806
w=32,44,2,22,22,8,32,28,0,0,128.0,4784,3800039422.0,7600101339.0,1355.0,0.2832357859531773
w=32,45,3,15,13,12,32,28,0,0,128.0,4784,29687806.0,89276392.0,1747.0,0.36517558528428096
w=32,46,2,23,14,13,32,28,0,0,128.0,4784,7600078846.0,15200616425.0,1361.0,0.28448996655518394
w=32,50,2,25,12,15,32,28,0,0,128.0,4784,30400315390.0,60802203628.0,1362.0,0.2846989966555184
w=32,50,2,25,16,11,32,28,0,0,128.0,4784,30400315390.0,60800761829.0,1359.0,0.28407190635451507
w=256,40,5,8,8,20,256,18,0,0,128.0,4784,1181694.0,39462893.0,11918.0,2.4912207357859533
w=256,40,5,8,12,13,256,18,0,0,128.0,4784,1181694.0,6301670.0,11915.0,2.49059364548495
w=256,42,2,21,11,19,256,18,0,0,128.0,4784,9680453630.0,19383975918.0,5121.0,1.070443143812709
w=256,42,2,21,20,10,256,18,0,0,128.0,4784,9680453630.0,19360989150.0,5114.0,1.068979933110368
w=256,42,2,21,22,9,256,18,0,0,128.0,4784,9680453630.0,19360952283.0,5113.0,1.0687709030100334
w=256,44,4,11,13,13,256,18,0,0,128.0,4784,9453566.0,38240230.0,9649.0,2.01693143812709
w=256,44,4,11,14,12,256,18,0,0,128.0,4784,9453566.0,38043621.0,9649.0,2.01693143812709
w=256,46,2,23,12,17,256,18,0,0,128.0,4784,38721814526.0,77449920492.0,5120.0,1.0702341137123745
w=256,46,2,23,18,11,256,18,0,0,128.0,4784,38721814526.0,77443776482.0,5116.0,1.0693979933110367
w=256,46,2,23,24,8,256,18,0,0,128.0,4784,38721814526.0,77443653591.0,5111.0,1.0683528428093645
w=256,48,3,16,14,13,256,18,0,0,128.0,4784,302514174.0,908001255.0,7384.0,1.5434782608695652
w=16,40,2,20,9,20,16,35,0,0,128.0,4800,599785470.0,1237319665.0,998.0,0.20791666666666667
w=16,42,2,21,11,16,16,35,0,0,128.0,4800,1199570942.0,2402025454.0,997.0,0.20770833333333333
w=16,42,2,21,17,10,16,35,0,0,128.0,4800,1199570942.0,2399211491.0,992.0,0.20666666666666667
w=16,42,3,14,8,18,16,35,0,0,128.0,4800,9371646.0,36503537.0,1201.0,0.2502083333333333
w=32,40,4,10,7,20,32,28,0,0,128.0,4800,927742.0,33071089.0,2140.0,0.44583333333333336
w=32,44,4,11,11,12,32,28,0,0,128.0,4800,1855486.0,7602154.0,2137.0,0.4452083333333333
w=32,45,3,15,10,16,32,28,0,0,128.0,4800,29687806.0,91684846.0,1752.0,0.365
w=32,45,3,15,17,9,32,28,0,0,128.0,4800,29687806.0,89098209.0,1746.0,0.36375
w=32,48,2,24,13,14,32,28,0,0,128.0,4800,15200157694.0,30401167338.0,1363.0,0.2839583333333333
w=32,48,2,24,15,12,32,28,0,0,128.0,4800,15200157694.0,30400561127.0,1362.0,0.28375
w=256,40,4,10,11,16,256,18,0,0,128.0,4800,4726782.0,21790698.0,9653.0,2.011041666666667
w=256,40,4,10,17,10,256,18,0,0,128.0,4800,4726782.0,18976735.0,9648.0,2.01
w=256,40,5,8,13,12,256,18,0,0,128.0,4800,1181694.0,6121444.0,11916.0,2.4825
w=256,42,2,21,13,16,256,18,0,0,128.0,4800,9680453630.0,19364315114.0,5121.0,1.066875
w=256,42,2,21,17,12,256,18,0,0,128.0,4800,9680453630.0,19361185763.0,5118.0,1.06625
w=256,45,3,15,10,19,256,18,0,0,128.0,4800,151257086.0,474742766.0,7389.0,1.539375
w=256,45,3,15,20,9,256,18,0,0,128.0,4800,151257086.0,453812188.0,7381.0,1.5377083333333332
w=256,48,6,8,11,12,256,18,0,0,128.0,4800,1181694.0,7270374.0,14183.0,2.9547916666666665
w=256,48,6,8,13,10,256,18,0,0,128.0,4800,1181694.0,7143394.0,14181.0,2.954375
w=16,40,2,20,10,18,16,35,0,0,128.0,4816,599785470.0,1210056688.0,1000.0,0.20764119601328904
w=16,40,2,20,19,9,16,35,0,0,128.0,4816,599785470.0,1199609824.0,993.0,0.206187707641196
w=16,42,3,14,9,16,16,35,0,0,128.0,4816,9371646.0,30474223.0,1202.0,0.24958471760797343
w=16,45,3,15,10,14,16,35,0,0,128.0,4816,18743294.0,56885230.0,1202.0,0.24958471760797343
w=16,48,2,24,13,13,16,35,0,0,128.0,4816,9596567550.0,19193561066.0,997.0,0.20701827242524917
w=16,48,2,24,14,12,16,35,0,0,128.0,4816,9596567550.0,19193364457.0,997.0,0.20701827242524917
w=16,48,3,16,7,20,16,35,0,0,128.0,4816,37486590.0,141819891.0,1204.0,0.25
w=16,50,2,25,9,19,16,35,0,0,128.0,4816,19193135102.0,38405144561.0,1000.0,0.20764119601328904
w=16,50,2,25,10,17,16,35,0,0,128.0,4816,19193135102.0,38391513072.0,1000.0,0.20764119601328904
w=16,50,2,25,12,14,16,35,0,0,128.0,4816,19193135102.0,38387056620.0,998.0,0.20722591362126247
w=16,50,2,25,15,11,16,35,0,0,128.0,4816,19193135102.0,38386393063.0,996.0,0.20681063122923588
w=16,50,2,25,18,9,16,35,0,0,128.0,4816,19193135102.0,38386307042.0,994.0,0.2063953488372093
w=16,50,2,25,20,8,16,35,0,0,128.0,4816,19193135102.0,38386290654.0,992.0,0.2059800664451827
w=32,40,2,20,12,16,32,28,0,0,128.0,4816,950009854.0,1903165420.0,1366.0,0.28363787375415284
w=32,40,2,20,17,11,32,28,0,0,128.0,4816,950009854.0,1900158947.0,1362.0,0.28280730897009965
w=32,44,2,22,10,19,32,28,0,0,128.0,4816,3800039422.0,7621050352.0,1368.0,0.2840531561461794
w=32,44,2,22,20,9,32,28,0,0,128.0,4816,3800039422.0,7600119774.0,1360.0,0.2823920265780731
w=32,44,4,11,8,17,32,28,0,0,128.0,4816,1855486.0,11616239.0,2141.0,0.44455980066445183
w=32,44,4,11,9,15,32,28,0,0,128.0,4816,1855486.0,8601581.0,2140.0,0.44435215946843853
w=32,45,3,15,9,18,32,28,0,0,128.0,4816,29687806.0,98500591.0,1754.0,0.364202657807309
w=32,45,3,15,19,8,32,28,0,0,128.0,4816,29687806.0,89082846.0,1747.0,0.36274916943521596
w=32,46,2,23,11,17,32,28,0,0,128.0,4816,7600078846.0,15205924846.0,1367.0,0.28384551495016613
w=32,46,2,23,18,10,32,28,0,0,128.0,4816,7600078846.0,15200231394.0,1362.0,0.28280730897009965
w=32,46,2,23,22,8,32,28,0,0,128.0,4816,7600078846.0,15200180187.0,1359.0,0.2821843853820598
w=32,48,2,24,14,13,32,28,0,0,128.0,4816,15200157694.0,30400774121.0,1365.0,0.28343023255813954
w=32,48,3,16,8,20,32,28,0,0,128.0,4816,59375614.0,211681265.0,1755.0,0.3644102990033223
w=32,48,3,16,12,13,32,28,0,0,128.0,4816,59375614.0,178520042.0,1752.0,0.3637873754152824
w=32,48,3,16,14,11,32,28,0,0,128.0,4816,59375614.0,178241511.0,1751.0,0.3635797342192691
w=32,48,4,12,7,19,32,28,0,0,128.0,4816,3710974.0,29523953.0,2142.0,0.44476744186046513
w=32,48,4,12,10,13,32,28,0,0,128.0,4816,3710974.0,15171564.0,2140.0,0.44435215946843853
w=32,48,4,12,14,9,32,28,0,0,128.0,4816,3710974.0,14872549.0,2137.0,0.4437292358803987
w=256,40,2,20,14,15,256,18,0,0,128.0,4816,4840226814.0,9682288617.0,5123.0,1.0637458471760797
w=256,40,2,20,16,13,256,18,0,0,128.0,4816,4840226814.0,9680977893.0,5121.0,1.0633305647840532
w=256,40,5,8,10,16,256,18,0,0,128.0,4816,1181694.0,8529898.0,11921.0,2.4752906976744184
w=256,42,3,14,12,16,256,18,0,0,128.0,4816,75628542.0,230031338.0,7389.0,1.5342607973421927
w=256,42,3,14,17,11,256,18,0,0,128.0,4816,75628542.0,227024865.0,7385.0,1.5334302325581395
w=256,42,6,7,10,14,256,18,0,0,128.0,4816,590846.0,4200424.0,14186.0,2.945598006644518
w=256,44,2,22,11,19,256,18,0,0,128.0,4816,19360907262.0,38744883182.0,5125.0,1.0641611295681064
w=256,44,2,22,20,10,256,18,0,0,128.0,4816,19360907262.0,38721896414.0,5118.0,1.0627076411960132
w=256,44,2,22,22,9,256,18,0,0,128.0,4816,19360907262.0,38721859547.0,5117.0,1.0625
w=256,45,5,9,11,14,256,18,0,0,128.0,4816,2363390.0,12537832.0,11920.0,2.475083056478405
w=256,45,5,9,15,10,256,18,0,0,128.0,4816,2363390.0,11878369.0,11917.0,2.4744601328903655
w=256,48,2,24,12,17,256,18,0,0,128.0,4816,77443629054.0,154893549548.0,5124.0,1.063953488372093
w=256,48,2,24,18,11,256,18,0,0,128.0,4816,77443629054.0,154887405538.0,5120.0,1.06312292358804
w=256,48,2,24,24,8,256,18,0,0,128.0,4816,77443629054.0,154887282647.0,5115.0,1.0620847176079735
w=256,48,3,16,11,17,256,18,0,0,128.0,4816,302514174.0,913309676.0,7390.0,1.534468438538206
w=256,48,3,16,18,10,256,18,0,0,128.0,4816,302514174.0,907616224.0,7385.0,1.5334302325581395
w=256,48,3,16,22,8,256,18,0,0,128.0,4816,302514174.0,907565017.0,7382.0,1.5328073089700998
w=256,48,4,12,9,19,256,18,0,0,128.0,4816,18907134.0,94502893.0,9656.0,2.004983388704319
w=256,48,4,12,10,17,256,18,0,0,128.0,4816,18907134.0,80871404.0,9656.0,2.004983388704319
w=256,48,4,12,12,14,256,18,0,0,128.0,4816,18907134.0,76414952.0,9654.0,2.004568106312292
w=256,48,4,12,15,11,256,18,0,0,128.0,4816,18907134.0,75751395.0,9652.0,2.0041528239202657
w=256,48,4,12,18,9,256,18,0,0,128.0,4816,18907134.0,75665374.0,9650.0,2.0037375415282392
w=256,48,4,12,20,8,256,18,0,0,128.0,4816,18907134.0,75648986.0,9648.0,2.0033222591362128
w=256,48,6,8,8,17,256,18,0,0,128.0,4816,1181694.0,11284459.0,14187.0,2.9458056478405314
w=256,48,6,8,9,15,256,18,0,0,128.0,4816,1181694.0,8269801.0,14186.0,2.945598006644518
w=256,48,6,8,12,11,256,18,0,0,128.0,4816,1181694.0,7188452.0,14184.0,2.9451827242524917
w=256,48,6,8,16,8,256,18,0,0,128.0,4816,1181694.0,7106525.0,14181.0,2.944559800664452
w=256,50,5,10,8,19,256,18,0,0,128.0,4816,4726782.0,40411117.0,11922.0,2.4754983388704317
w=256,50,5,10,10,15,256,18,0,0,128.0,4816,4726782.0,24944618.0,11921.0,2.4752906976744184
w=256,50,5,10,16,9,256,18,0,0,128.0,4816,4726782.0,23666655.0,11916.0,2.4742524916943522
w=16,42,2,21,9,20,16,35,0,0,128.0,4832,1199570942.0,2436890609.0,1002.0,0.20736754966887416
w=16,42,2,21,21,8,16,35,0,0,128.0,4832,1199570942.0,2399163356.0,993.0,0.2055049668874172
w=16,42,3,14,11,13,16,35,0,0,128.0,4832,9371646.0,28475372.0,1203.0,0.24896523178807947
w=16,44,2,22,11,16,16,35,0,0,128.0,4832,2399141886.0,4801167342.0,1001.0,0.20716059602649006
w=16,44,2,22,17,10,16,35,0,0,128.0,4832,2399141886.0,4798353379.0,996.0,0.20612582781456953
w=32,48,3,16,13,12,32,28,0,0,128.0,4832,59375614.0,178339816.0,1753.0,0.36278973509933776
w=32,50,2,25,13,14,32,28,0,0,128.0,4832,30400315390.0,60801482730.0,1367.0,0.28290562913907286
w=32,50,2,25,15,12,32,28,0,0,128.0,4832,30400315390.0,60800876519.0,1366.0,0.28269867549668876
w=256,40,2,20,15,14,256,18,0,0,128.0,4832,4840226814.0,9681436647.0,5124.0,1.060430463576159
w=256,40,4,10,9,20,256,18,0,0,128.0,4832,4726782.0,56655853.0,9658.0,1.9987582781456954
w=256,40,5,8,9,18,256,18,0,0,128.0,4832,1181694.0,15345643.0,11923.0,2.4675082781456954
w=256,44,2,22,13,16,256,18,0,0,128.0,4832,19360907262.0,38725222378.0,5125.0,1.060637417218543
w=256,44,2,22,17,12,256,18,0,0,128.0,4832,19360907262.0,38722093027.0,5122.0,1.0600165562913908
w=256,49,7,7,6,20,256,18,0,0,128.0,4832,590846.0,29301741.0,16456.0,3.4056291390728477
w=16,40,2,20,12,15,16,35,0,0,128.0,4848,599785470.0,1201143788.0,1002.0,0.20668316831683167
w=16,40,2,20,16,11,16,35,0,0,128.0,4848,599785470.0,1199701989.0,999.0,0.20606435643564355
w=16,42,2,21,10,18,16,35,0,0,128.0,4848,1199570942.0,2409627632.0,1004.0,0.2070957095709571
w=16,42,2,21,19,9,16,35,0,0,128.0,4848,1199570942.0,2399180768.0,997.0,0.20565181518151815
w=16,45,3,15,8,18,16,35,0,0,128.0,4848,18743294.0,64618481.0,1207.0,0.24896864686468648
w=16,50,2,25,13,13,16,35,0,0,128.0,4848,19193135102.0,38386696170.0,1001.0,0.20647689768976898
w=16,50,2,25,14,12,16,35,0,0,128.0,4848,19193135102.0,38386499561.0,1001.0,0.20647689768976898
w=32,42,2,21,12,16,32,28,0,0,128.0,4848,1900019710.0,3803185132.0,1370.0,0.2825907590759076
w=32,42,2,21,17,11,32,28,0,0,128.0,4848,1900019710.0,3800178659.0,1366.0,0.2817656765676568
w=32,42,3,14,11,15,32,28,0,0,128.0,4848,14843902.0,45973484.0,1757.0,0.3624174917491749
w=32,42,3,14,16,10,32,28,0,0,128.0,4848,14843902.0,44597219.0,1753.0,0.3615924092409241
w=32,46,2,23,10,19,32,28,0,0,128.0,4848,7600078846.0,15221129200.0,1372.0,0.283003300330033
w=32,46,2,23,20,9,32,28,0,0,128.0,4848,7600078846.0,15200198622.0,1364.0,0.28135313531353134
w=32,48,2,24,11,17,32,28,0,0,128.0,4848,15200157694.0,30406082542.0,1371.0,0.28279702970297027
w=32,48,2,24,18,10,32,28,0,0,128.0,4848,15200157694.0,30400389090.0,1366.0,0.2817656765676568
w=32,48,2,24,22,8,32,28,0,0,128.0,4848,15200157694.0,30400337883.0,1363.0,0.28114686468646866
w=32,48,3,16,10,16,32,28,0,0,128.0,4848,59375614.0,180748270.0,1758.0,0.3626237623762376
w=32,48,3,16,17,9,32,28,0,0,128.0,4848,59375614.0,178161633.0,1752.0,0.3613861386138614
w=32,50,2,25,14,13,32,28,0,0,128.0,4848,30400315390.0,60801089513.0,1369.0,0.2823844884488449
w=256,40,4,10,10,18,256,18,0,0,128.0,4848,4726782.0,29392876.0,9660.0,1.9925742574257426
w=256,40,4,10,19,9,256,18,0,0,128.0,4848,4726782.0,18946012.0,9653.0,1.9911303630363035
w=256,42,2,21,14,15,256,18,0,0,128.0,4848,9680453630.0,19362742249.0,5127.0,1.057549504950495
w=256,42,2,21,16,13,256,18,0,0,128.0,4848,9680453630.0,19361431525.0,5125.0,1.0571369636963697
w=256,42,6,7,8,18,256,18,0,0,128.0,4848,590846.0,11933675.0,14191.0,2.9271864686468647
w=256,46,2,23,11,19,256,18,0,0,128.0,4848,38721814526.0,77466697710.0,5129.0,1.0579620462046204
w=256,46,2,23,20,10,256,18,0,0,128.0,4848,38721814526.0,77443710942.0,5122.0,1.0565181518151816
w=256,46,2,23,22,9,256,18,0,0,128.0,4848,38721814526.0,77443674075.0,5121.0,1.056311881188119
w=256,48,3,16,10,19,256,18,0,0,128.0,4848,302514174.0,928514030.0,7395.0,1.5253712871287128
w=256,48,3,16,20,9,256,18,0,0,128.0,4848,302514174.0,907583452.0,7387.0,1.5237211221122111
w=256,48,4,12,13,13,256,18,0,0,128.0,4848,18907134.0,76054502.0,9657.0,1.9919554455445545
w=256,48,4,12,14,12,256,18,0,0,128.0,4848,18907134.0,75857893.0,9657.0,1.9919554455445545
w=256,50,2,25,12,17,256,18,0,0,128.0,4848,154887258110.0,309780807660.0,5128.0,1.0577557755775577
w=256,50,2,25,18,11,256,18,0,0,128.0,4848,154887258110.0,309774663650.0,5124.0,1.056930693069307
w=256,50,2,25,24,8,256,18,0,0,128.0,4848,154887258110.0,309774540759.0,5119.0,1.0558993399339933
w=256,50,5,10,9,17,256,18,0,0,128.0,4848,4726782.0,28352491.0,11925.0,2.459777227722772
w=256,50,5,10,18,8,256,18,0,0,128.0,4848,4726782.0,23652316.0,11919.0,2.458539603960396
w=16,42,3,14,12,12,16,35,0,0,128.0,4864,9371646.0,28311530.0,1206.0,0.24794407894736842
w=16,42,3,14,13,11,16,35,0,0,128.0,4864,9371646.0,28221416.0,1205.0,0.24773848684210525
w=16,44,2,22,9,20,16,35,0,0,128.0,4864,2399141886.0,4836032497.0,1006.0,0.20682565789473684
w=16,44,2,22,21,8,16,35,0,0,128.0,4864,2399141886.0,4798305244.0,997.0,0.20497532894736842
w=16,45,3,15,9,16,16,35,0,0,128.0,4864,18743294.0,58589167.0,1208.0,0.24835526315789475
w=16,46,2,23,11,16,16,35,0,0,128.0,4864,4798283774.0,9599451118.0,1005.0,0.20662006578947367
w=16,46,2,23,17,10,16,35,0,0,128.0,4864,4798283774.0,9596637155.0,1000.0,0.20559210526315788
w=16,48,3,16,10,14,16,35,0,0,128.0,4864,37486590.0,113115118.0,1208.0,0.24835526315789475
w=16,48,3,16,15,9,16,35,0,0,128.0,4864,37486590.0,112490469.0,1204.0,0.24753289473684212
w=32,40,2,20,23,8,32,28,0,0,128.0,4864,950009854.0,1900043225.0,1364.0,0.28042763157894735
w=32,44,4,11,7,20,32,28,0,0,128.0,4864,1855486.0,36782065.0,2148.0,0.44161184210526316
w=32,48,3,16,9,18,32,28,0,0,128.0,4864,59375614.0,187564015.0,1760.0,0.3618421052631579
w=32,48,3,16,19,8,32,28,0,0,128.0,4864,59375614.0,178146270.0,1753.0,0.36040296052631576
w=32,48,4,12,11,12,32,28,0,0,128.0,4864,3710974.0,15024106.0,2145.0,0.4409950657894737
w=32,48,4,12,13,10,32,28,0,0,128.0,4864,3710974.0,14897126.0,2143.0,0.44058388157894735
w=256,42,2,21,15,14,256,18,0,0,128.0,4864,9680453630.0,19361890279.0,5128.0,1.0542763157894737
w=256,42,3,14,23,8,256,18,0,0,128.0,4864,75628542.0,226909143.0,7387.0,1.5187088815789473
w=256,42,6,7,9,16,256,18,0,0,128.0,4864,590846.0,5904361.0,14192.0,2.9177631578947367
w=256,44,4,11,11,16,256,18,0,0,128.0,4864,9453566.0,40697834.0,9661.0,1.9862253289473684
w=256,44,4,11,17,10,256,18,0,0,128.0,4864,9453566.0,37883871.0,9656.0,1.9851973684210527
w=256,45,3,15,12,16,256,18,0,0,128.0,4864,151257086.0,456916970.0,7395.0,1.5203536184210527
w=256,45,3,15,17,11,256,18,0,0,128.0,4864,151257086.0,453910497.0,7391.0,1.51953125
w=256,45,5,9,8,20,256,18,0,0,128.0,4864,2363390.0,45371373.0,11928.0,2.4523026315789473
w=256,45,5,9,12,13,256,18,0,0,128.0,4864,2363390.0,12210150.0,11925.0,2.451685855263158
w=256,45,5,9,14,11,256,18,0,0,128.0,4864,2363390.0,11931619.0,11924.0,2.4514802631578947
w=256,46,2,23,13,16,256,18,0,0,128.0,4864,38721814526.0,77447036906.0,5129.0,1.054481907894737
w=256,46,2,23,17,12,256,18,0,0,128.0,4864,38721814526.0,77443907555.0,5126.0,1.0538651315789473
w=256,48,6,8,7,20,256,18,0,0,128.0,4864,1181694.0,36450285.0,14194.0,2.9181743421052633
w=256,49,7,7,8,15,256,18,0,0,128.0,4864,590846.0,5184489.0,16458.0,3.3836348684210527
w=16,42,2,21,12,15,16,35,0,0,128.0,4880,1199570942.0,2400714732.0,1006.0,0.20614754098360655
w=16,42,2,21,16,11,16,35,0,0,128.0,4880,1199570942.0,2399272933.0,1003.0,0.2055327868852459
w=16,44,2,22,10,18,16,35,0,0,128.0,4880,2399141886.0,4808769520.0,1008.0,0.20655737704918034
w=16,44,2,22,19,9,16,35,0,0,128.0,4880,2399141886.0,4798322656.0,1001.0,0.20512295081967213
w=16,45,3,15,11,13,16,35,0,0,128.0,4880,18743294.0,56590316.0,1209.0,0.24774590163934426
w=16,45,3,15,14,10,16,35,0,0,128.0,4880,18743294.0,56287207.0,1207.0,0.2473360655737705
w=32,40,2,20,13,15,32,28,0,0,128.0,4880,950009854.0,1901723626.0,1373.0,0.28135245901639344
w=32,40,2,20,16,12,32,28,0,0,128.0,4880,950009854.0,1900281829.0,1371.0,0.2809426229508197
w=32,40,4,10,8,18,32,28,0,0,128.0,4880,927742.0,12099567.0,2149.0,0.4403688524590164
w=32,44,2,22,12,16,32,28,0,0,128.0,4880,3800039422.0,7603224556.0,1374.0,0.2815573770491803
w=32,44,2,22,17,11,32,28,0,0,128.0,4880,3800039422.0,7600218083.0,1370.0,0.2807377049180328
w=32,48,2,24,10,19,32,28,0,0,128.0,4880,15200157694.0,30421286896.0,1376.0,0.2819672131147541
w=32,48,2,24,20,9,32,28,0,0,128.0,4880,15200157694.0,30400356318.0,1368.0,0.28032786885245903
w=32,48,4,12,8,17,32,28,0,0,128.0,4880,3710974.0,19038191.0,2149.0,0.4403688524590164
w=32,48,4,12,9,15,32,28,0,0,128.0,4880,3710974.0,16023533.0,2148.0,0.44016393442622953
w=32,48,4,12,12,11,32,28,0,0,128.0,4880,3710974.0,14942184.0,2146.0,0.43975409836065577
w=32,48,4,12,16,8,32,28,0,0,128.0,4880,3710974.0,14860257.0,2143.0,0.43913934426229506
w=32,50,2,25,11,17,32,28,0,0,128.0,4880,30400315390.0,60806397934.0,1375.0,0.2817622950819672
w=32,50,2,25,18,10,32,28,0,0,128.0,4880,30400315390.0,60800704482.0,1370.0,0.2807377049180328
w=32,50,2,25,22,8,32,28,0,0,128.0,4880,30400315390.0,60800653275.0,1367.0,0.28012295081967215
w=256,40,2,20,12,18,256,18,0,0,128.0,4880,4840226814.0,9693036524.0,5132.0,1.051639344262295
w=256,40,2,20,19,11,256,18,0,0,128.0,4880,4840226814.0,9680609248.0,5127.0,1.0506147540983606
w=256,40,4,10,12,15,256,18,0,0,128.0,4880,4726782.0,20479976.0,9662.0,1.9799180327868853
w=256,40,4,10,16,11,256,18,0,0,128.0,4880,4726782.0,19038177.0,9659.0,1.9793032786885245
w=256,42,3,14,13,15,256,18,0,0,128.0,4880,75628542.0,228589544.0,7396.0,1.5155737704918033
w=256,42,3,14,16,12,256,18,0,0,128.0,4880,75628542.0,227147747.0,7394.0,1.5151639344262295
w=256,42,6,7,11,13,256,18,0,0,128.0,4880,590846.0,3905510.0,14193.0,2.9084016393442624
w=256,44,2,22,14,15,256,18,0,0,128.0,4880,19360907262.0,38723649513.0,5131.0,1.0514344262295081
w=256,44,2,22,16,13,256,18,0,0,128.0,4880,19360907262.0,38722338789.0,5129.0,1.0510245901639343
w=256,45,5,9,13,12,256,18,0,0,128.0,4880,2363390.0,12029924.0,11926.0,2.4438524590163935
w=256,48,2,24,11,19,256,18,0,0,128.0,4880,77443629054.0,154910326766.0,5133.0,1.0518442622950819
w=256,48,2,24,20,10,256,18,0,0,128.0,4880,77443629054.0,154887339998.0,5126.0,1.0504098360655738
w=256,48,2,24,22,9,256,18,0,0,128.0,4880,77443629054.0,154887303131.0,5125.0,1.0502049180327868
w=16,40,2,20,13,14,16,35,0,0,128.0,4896,599785470.0,1200422890.0,1007.0,0.2056781045751634
w=16,40,2,20,15,12,16,35,0,0,128.0,4896,599785470.0,1199816679.0,1006.0,0.20547385620915032
w=16,46,2,23,9,20,16,35,0,0,128.0,4896,4798283774.0,9634316273.0,1010.0,0.2062908496732026
w=16,46,2,23,21,8,16,35,0,0,128.0,4896,4798283774.0,9596589020.0,1001.0,0.20445261437908496
w=16,48,2,24,11,16,16,35,0,0,128.0,4896,9596567550.0,19196018670.0,1009.0,0.20608660130718953
w=16,48,2,24,17,10,16,35,0,0,128.0,4896,9596567550.0,19193204707.0,1004.0,0.20506535947712418
w=16,48,3,16,8,18,16,35,0,0,128.0,4896,37486590.0,120848369.0,1213.0,0.24775326797385622
w=32,40,2,20,11,18,32,28,0,0,128.0,4896,950009854.0,1911554030.0,1377.0,0.28125
w=32,40,2,20,19,10,32,28,0,0,128.0,4896,950009854.0,1900097504.0,1371.0,0.2800245098039216
w=32,40,4,10,9,16,32,28,0,0,128.0,4896,927742.0,6070253.0,2150.0,0.43913398692810457
w=32,42,2,21,23,8,32,28,0,0,128.0,4896,1900019710.0,3800062937.0,1368.0,0.27941176470588236
w=32,45,3,15,11,15,32,28,0,0,128.0,4896,29687806.0,90505196.0,1763.0,0.36008986928104575
w=32,45,3,15,16,10,32,28,0,0,128.0,4896,29687806.0,89128931.0,1759.0,0.35927287581699346
w=256,42,3,14,11,18,256,18,0,0,128.0,4896,75628542.0,238419948.0,7400.0,1.511437908496732
w=256,42,3,14,19,10,256,18,0,0,128.0,4896,75628542.0,226963422.0,7394.0,1.5102124183006536
w=256,44,2,22,15,14,256,18,0,0,128.0,4896,19360907262.0,38722797543.0,5132.0,1.048202614379085
w=256,44,4,11,9,20,256,18,0,0,128.0,4896,9453566.0,75562989.0,9666.0,1.974264705882353
w=256,44,4,11,21,8,256,18,0,0,128.0,4896,9453566.0,37835736.0,9657.0,1.9724264705882353
w=256,45,5,9,10,16,256,18,0,0,128.0,4896,2363390.0,14438378.0,11931.0,2.436887254901961
w=256,45,5,9,17,9,256,18,0,0,128.0,4896,2363390.0,11851741.0,11925.0,2.4356617647058822
w=256,48,2,24,13,16,256,18,0,0,128.0,4896,77443629054.0,154890665962.0,5133.0,1.048406862745098
w=256,48,2,24,17,12,256,18,0,0,128.0,4896,77443629054.0,154887536611.0,5130.0,1.0477941176470589
w=256,50,5,10,11,14,256,18,0,0,128.0,4896,4726782.0,24354792.0,11930.0,2.4366830065359477
w=256,50,5,10,15,10,256,18,0,0,128.0,4896,4726782.0,23695329.0,11927.0,2.4360702614379086
w=16,40,2,20,14,13,16,35,0,0,128.0,4912,599785470.0,1200029673.0,1009.0,0.20541530944625408
w=16,44,2,22,12,15,16,35,0,0,128.0,4912,2399141886.0,4799856620.0,1010.0,0.20561889250814333
w=16,44,2,22,16,11,16,35,0,0,128.0,4912,2399141886.0,4798414821.0,1007.0,0.20500814332247558
w=16,45,3,15,12,12,16,35,0,0,128.0,4912,18743294.0,56426474.0,1212.0,0.24674267100977199
w=16,45,3,15,13,11,16,35,0,0,128.0,4912,18743294.0,56336360.0,1211.0,0.24653908794788273
w=16,46,2,23,10,18,16,35,0,0,128.0,4912,4798283774.0,9607053296.0,1012.0,0.20602605863192183
w=16,46,2,23,19,9,16,35,0,0,128.0,4912,4798283774.0,9596606432.0,1005.0,0.20460097719869708
w=16,48,3,16,9,16,16,35,0,0,128.0,4912,37486590.0,114819055.0,1214.0,0.2471498371335505
w=16,48,3,16,17,8,16,35,0,0,128.0,4912,37486590.0,112477153.0,1208.0,0.24592833876221498
w=32,40,2,20,10,20,32,28,0,0,128.0,4912,950009854.0,1941962736.0,1380.0,0.28094462540716614
w=32,40,2,20,14,14,32,28,0,0,128.0,4912,950009854.0,1900937193.0,1377.0,0.28033387622149836
w=32,40,2,20,15,13,32,28,0,0,128.0,4912,950009854.0,1900511207.0,1376.0,0.28013029315960913
w=32,40,2,20,21,9,32,28,0,0,128.0,4912,950009854.0,1900062684.0,1371.0,0.27911237785016285
w=32,42,2,21,13,15,32,28,0,0,128.0,4912,1900019710.0,3801743338.0,1377.0,0.28033387622149836
w=32,42,2,21,16,12,32,28,0,0,128.0,4912,1900019710.0,3800301541.0,1375.0,0.27992671009771986
w=32,42,3,14,9,19,32,28,0,0,128.0,4912,14843902.0,63406063.0,1766.0,0.35952768729641693
w=32,42,3,14,10,17,32,28,0,0,128.0,4912,14843902.0,49774574.0,1766.0,0.35952768729641693
w=32,42,3,14,12,14,32,28,0,0,128.0,4912,14843902.0,45318122.0,1764.0,0.35912052117263843
w=32,42,3,14,15,11,32,28,0,0,128.0,4912,14843902.0,44654565.0,1762.0,0.3587133550488599
w=32,42,3,14,18,9,32,28,0,0,128.0,4912,14843902.0,44568544.0,1760.0,0.3583061889250814
w=32,42,3,14,20,8,32,28,0,0,128.0,4912,14843902.0,44552156.0,1758.0,0.3578990228013029
w=32,44,4,11,10,14,32,28,0,0,128.0,4912,1855486.0,8077292.0,2152.0,0.4381107491856677
w=32,46,2,23,12,16,32,28,0,0,128.0,4912,7600078846.0,15203303404.0,1378.0,0.28053745928338764
w=32,46,2,23,17,11,32,28,0,0,128.0,4912,7600078846.0,15200296931.0,1374.0,0.27972312703583063
w=32,50,2,25,10,19,32,28,0,0,128.0,4912,30400315390.0,60821602288.0,1380.0,0.28094462540716614
w=32,50,2,25,20,9,32,28,0,0,128.0,4912,30400315390.0,60800671710.0,1372.0,0.27931596091205213
w=256,40,2,20,23,9,256,18,0,0,128.0,4912,4840226814.0,9680500697.0,5128.0,1.0439739413680782
w=256,40,5,8,11,15,256,18,0,0,128.0,4912,1181694.0,7350248.0,11932.0,2.429153094462541
w=256,42,2,21,12,18,256,18,0,0,128.0,4912,9680453630.0,19373490156.0,5136.0,1.0456026058631922
w=256,42,2,21,19,11,256,18,0,0,128.0,4912,9680453630.0,19361062880.0,5131.0,1.044584690553746
w=256,42,3,14,10,20,256,18,0,0,128.0,4912,75628542.0,268828654.0,7403.0,1.5071254071661238
w=256,42,3,14,14,14,256,18,0,0,128.0,4912,75628542.0,227803111.0,7400.0,1.506514657980456
w=256,42,3,14,15,13,256,18,0,0,128.0,4912,75628542.0,227377125.0,7399.0,1.5063110749185669
w=256,42,3,14,21,9,256,18,0,0,128.0,4912,75628542.0,226928602.0,7394.0,1.5052931596091206
w=256,42,6,7,12,12,256,18,0,0,128.0,4912,590846.0,3741668.0,14196.0,2.8900651465798046
w=256,42,6,7,13,11,256,18,0,0,128.0,4912,590846.0,3651554.0,14195.0,2.8898615635179152
w=256,44,4,11,10,18,256,18,0,0,128.0,4912,9453566.0,48300012.0,9668.0,1.968241042345277
w=256,44,4,11,19,9,256,18,0,0,128.0,4912,9453566.0,37853148.0,9661.0,1.9668159609120521
w=256,45,3,15,23,8,256,18,0,0,128.0,4912,151257086.0,453794775.0,7393.0,1.5050895765472312
w=256,45,5,9,9,18,256,18,0,0,128.0,4912,2363390.0,21254123.0,11933.0,2.42935667752443
w=256,45,5,9,19,8,256,18,0,0,128.0,4912,2363390.0,11836378.0,11926.0,2.4279315960912053
w=256,46,2,23,14,15,256,18,0,0,128.0,4912,38721814526.0,77445464041.0,5135.0,1.045399022801303
w=256,46,2,23,16,13,256,18,0,0,128.0,4912,38721814526.0,77444153317.0,5133.0,1.0449918566775245
w=256,48,3,16,12,16,256,18,0,0,128.0,4912,302514174.0,910688234.0,7401.0,1.5067182410423452
w=256,48,3,16,17,11,256,18,0,0,128.0,4912,302514174.0,907681761.0,7397.0,1.5059039087947883
w=256,48,6,8,10,14,256,18,0,0,128.0,4912,1181694.0,7745512.0,14198.0,2.890472312703583
w=256,48,6,8,15,9,256,18,0,0,128.0,4912,1181694.0,7120863.0,14194.0,2.889657980456026
w=256,50,2,25,11,19,256,18,0,0,128.0,4912,154887258110.0,309797584878.0,5137.0,1.0458061889250814
w=256,50,2,25,20,10,256,18,0,0,128.0,4912,154887258110.0,309774598110.0,5130.0,1.0443811074918568
w=256,50,2,25,22,9,256,18,0,0,128.0,4912,154887258110.0,309774561243.0,5129.0,1.0441775244299674
w=16,42,2,21,13,14,16,35,0,0,128.0,4928,1199570942.0,2399993834.0,1011.0,0.20515422077922077
w=16,42,2,21,15,12,16,35,0,0,128.0,4928,1199570942.0,2399387623.0,1010.0,0.2049512987012987
w=16,42,3,14,8,19,16,35,0,0,128.0,4928,9371646.0,44892145.0,1217.0,0.24695616883116883
w=16,42,3,14,10,15,16,35,0,0,128.0,4928,9371646.0,29425646.0,1216.0,0.24675324675324675
w=16,48,2,24,9,20,16,35,0,0,128.0,4928,9596567550.0,19230883825.0,1014.0,0.205762987012987
w=16,48,2,24,21,8,16,35,0,0,128.0,4928,9596567550.0,19193156572.0,1005.0,0.20393668831168832
w=16,48,3,16,11,13,16,35,0,0,128.0,4928,37486590.0,112820204.0,1215.0,0.24655032467532467
w=16,48,3,16,14,10,16,35,0,0,128.0,4928,37486590.0,112517095.0,1213.0,0.2461444805194805
w=16,50,2,25,11,16,16,35,0,0,128.0,4928,19193135102.0,38389153774.0,1013.0,0.20556006493506493
w=16,50,2,25,17,10,16,35,0,0,128.0,4928,19193135102.0,38386339811.0,1008.0,0.20454545454545456
w=32,42,2,21,11,18,32,28,0,0,128.0,4928,1900019710.0,3811573742.0,1381.0,0.28023538961038963
w=32,42,2,21,19,10,32,28,0,0,128.0,4928,1900019710.0,3800117216.0,1375.0,0.27901785714285715
w=32,44,2,22,23,8,32,28,0,0,128.0,4928,3800039422.0,7600102361.0,1372.0,0.2784090909090909
w=32,48,4,12,7,20,32,28,0,0,128.0,4928,3710974.0,44204017.0,2156.0,0.4375
w=256,40,2,20,11,20,256,18,0,0,128.0,4928,4840226814.0,9726590958.0,5139.0,1.0428165584415585
w=256,40,2,20,21,10,256,18,0,0,128.0,4928,4840226814.0,9680539612.0,5131.0,1.0411931818181819
w=256,40,4,10,13,14,256,18,0,0,128.0,4928,4726782.0,19759078.0,9667.0,1.9616477272727273
w=256,40,4,10,15,12,256,18,0,0,128.0,4928,4726782.0,19152867.0,9666.0,1.9614448051948052
w=256,45,3,15,13,15,256,18,0,0,128.0,4928,151257086.0,455475176.0,7402.0,1.5020292207792207
w=256,45,3,15,16,12,256,18,0,0,128.0,4928,151257086.0,454033379.0,7400.0,1.5016233766233766
w=256,46,2,23,15,14,256,18,0,0,128.0,4928,38721814526.0,77444612071.0,5136.0,1.0422077922077921
w=256,48,4,12,11,16,256,18,0,0,128.0,4928,18907134.0,78512106.0,9669.0,1.9620535714285714
w=256,48,4,12,17,10,256,18,0,0,128.0,4928,18907134.0,75698143.0,9664.0,1.9610389610389611
w=256,49,7,7,11,11,256,18,0,0,128.0,4928,590846.0,4226020.0,16464.0,3.340909090909091
w=256,50,2,25,13,16,256,18,0,0,128.0,4928,154887258110.0,309777924074.0,5137.0,1.0424107142857142
w=256,50,2,25,17,12,256,18,0,0,128.0,4928,154887258110.0,309774794723.0,5134.0,1.041801948051948
w=16,40,2,20,11,17,16,35,0,0,128.0,4944,599785470.0,1205338094.0,1015.0,0.20529935275080907
w=16,40,2,20,18,10,16,35,0,0,128.0,4944,599785470.0,1199644642.0,1010.0,0.20428802588996764
w=16,42,2,21,14,13,16,35,0,0,128.0,4944,1199570942.0,2399600617.0,1013.0,0.2048948220064725
w=16,46,2,23,12,15,16,35,0,0,128.0,4944,4798283774.0,9598140396.0,1014.0,0.20509708737864077
w=16,46,2,23,16,11,16,35,0,0,128.0,4944,4798283774.0,9596698597.0,1011.0,0.20449029126213591
w=16,48,2,24,10,18,16,35,0,0,128.0,4944,9596567550.0,19203620848.0,1016.0,0.20550161812297735
w=16,48,2,24,19,9,16,35,0,0,128.0,4944,9596567550.0,19193173984.0,1009.0,0.20408576051779936
w=32,42,2,21,10,20,32,28,0,0,128.0,4944,1900019710.0,3841982448.0,1384.0,0.27993527508090615
w=32,42,2,21,14,14,32,28,0,0,128.0,4944,1900019710.0,3800956905.0,1381.0,0.27932847896440127
w=32,42,2,21,15,13,32,28,0,0,128.0,4944,1900019710.0,3800530919.0,1380.0,0.279126213592233
w=32,42,2,21,21,9,32,28,0,0,128.0,4944,1900019710.0,3800082396.0,1375.0,0.27811488673139156
w=32,42,3,14,13,13,32,28,0,0,128.0,4944,14843902.0,44957672.0,1767.0,0.3574029126213592
w=32,42,3,14,14,12,32,28,0,0,128.0,4944,14843902.0,44761063.0,1767.0,0.3574029126213592
w=32,44,2,22,13,15,32,28,0,0,128.0,4944,3800039422.0,7601782762.0,1381.0,0.27932847896440127
w=32,44,2,22,16,12,32,28,0,0,128.0,4944,3800039422.0,7600340965.0,1379.0,0.2789239482200647
w=32,44,4,11,8,18,32,28,0,0,128.0,4944,1855486.0,15810543.0,2157.0,0.4362864077669903
w=32,48,2,24,12,16,32,28,0,0,128.0,4944,15200157694.0,30403461100.0,1382.0,0.2795307443365696
w=32,48,2,24,17,11,32,28,0,0,128.0,4944,15200157694.0,30400454627.0,1378.0,0.27872168284789645
w=32,48,3,16,11,15,32,28,0,0,128.0,4944,59375614.0,179568620.0,1769.0,0.3578074433656958
w=32,48,3,16,16,10,32,28,0,0,128.0,4944,59375614.0,178192355.0,1765.0,0.35699838187702265
w=256,40,4,10,14,13,256,18,0,0,128.0,4944,4726782.0,19365861.0,9669.0,1.9557038834951457
w=256,42,2,21,23,9,256,18,0,0,128.0,4944,9680453630.0,19360954329.0,5132.0,1.0380258899676376
w=256,42,7,6,7,19,256,18,0,0,128.0,4944,295422.0,16748011.0,16469.0,3.3311084142394822
w=256,44,2,22,12,18,256,18,0,0,128.0,4944,19360907262.0,38734397420.0,5140.0,1.0396440129449838
w=256,44,2,22,19,11,256,18,0,0,128.0,4944,19360907262.0,38721970144.0,5135.0,1.0386326860841424
w=256,44,4,11,12,15,256,18,0,0,128.0,4944,9453566.0,39387112.0,9670.0,1.955906148867314
w=256,44,4,11,16,11,256,18,0,0,128.0,4944,9453566.0,37945313.0,9667.0,1.9552993527508091
w=256,45,3,15,11,18,256,18,0,0,128.0,4944,151257086.0,465305580.0,7406.0,1.4979773462783172
w=256,45,3,15,19,10,256,18,0,0,128.0,4944,151257086.0,453849054.0,7400.0,1.4967637540453074
w=256,48,2,24,14,15,256,18,0,0,128.0,4944,77443629054.0,154889093097.0,5139.0,1.0394417475728155
w=256,48,2,24,16,13,256,18,0,0,128.0,4944,77443629054.0,154887782373.0,5137.0,1.039037216828479
w=256,48,6,8,8,18,256,18,0,0,128.0,4944,1181694.0,15478763.0,14203.0,2.8727750809061487
w=256,49,7,7,7,18,256,18,0,0,128.0,4944,590846.0,11475947.0,16469.0,3.3311084142394822
w=256,50,5,10,8,20,256,18,0,0,128.0,4944,4726782.0,57188333.0,11938.0,2.4146440129449838
w=256,50,5,10,12,13,256,18,0,0,128.0,4944,4726782.0,24027110.0,11935.0,2.414037216828479
w=256,50,5,10,14,11,256,18,0,0,128.0,4944,4726782.0,23748579.0,11934.0,2.4138349514563107
w=16,42,3,14,9,17,16,35,0,0,128.0,4960,9371646.0,32833519.0,1220.0,0.24596774193548387
w=16,44,2,22,13,14,16,35,0,0,128.0,4960,2399141886.0,4799135722.0,1015.0,0.20463709677419356
w=16,44,2,22,15,12,16,35,0,0,128.0,4960,2399141886.0,4798529511.0,1014.0,0.20443548387096774
w=16,48,3,16,12,12,16,35,0,0,128.0,4960,37486590.0,112656362.0,1218.0,0.24556451612903227
w=16,48,3,16,13,11,16,35,0,0,128.0,4960,37486590.0,112566248.0,1217.0,0.24536290322580645
w=16,50,2,25,9,20,16,35,0,0,128.0,4960,19193135102.0,38424018929.0,1018.0,0.20524193548387096
w=16,50,2,25,21,8,16,35,0,0,128.0,4960,19193135102.0,38386291676.0,1009.0,0.2034274193548387
w=32,44,2,22,11,18,32,28,0,0,128.0,4960,3800039422.0,7611613166.0,1385.0,0.27923387096774194
w=32,44,2,22,19,10,32,28,0,0,128.0,4960,3800039422.0,7600156640.0,1379.0,0.2780241935483871
w=32,44,4,11,9,16,32,28,0,0,128.0,4960,1855486.0,9781229.0,2158.0,0.4350806451612903
w=32,45,3,15,9,19,32,28,0,0,128.0,4960,29687806.0,107937775.0,1772.0,0.357258064516129
w=32,45,3,15,10,17,32,28,0,0,128.0,4960,29687806.0,94306286.0,1772.0,0.357258064516129
w=32,45,3,15,12,14,32,28,0,0,128.0,4960,29687806.0,89849834.0,1770.0,0.35685483870967744
w=32,45,3,15,15,11,32,28,0,0,128.0,4960,29687806.0,89186277.0,1768.0,0.3564516129032258
w=32,45,3,15,18,9,32,28,0,0,128.0,4960,29687806.0,89100256.0,1766.0,0.35604838709677417
w=32,45,3,15,20,8,32,28,0,0,128.0,4960,29687806.0,89083868.0,1764.0,0.3556451612903226
w=32,46,2,23,23,8,32,28,0,0,128.0,4960,7600078846.0,15200181209.0,1376.0,0.27741935483870966
w=256,42,2,21,11,20,256,18,0,0,128.0,4960,9680453630.0,19407044590.0,5143.0,1.0368951612903226
w=256,42,2,21,21,10,256,18,0,0,128.0,4960,9680453630.0,19360993244.0,5135.0,1.0352822580645162
w=256,45,3,15,10,20,256,18,0,0,128.0,4960,151257086.0,495714286.0,7409.0,1.49375
w=256,45,3,15,14,14,256,18,0,0,128.0,4960,151257086.0,454688743.0,7406.0,1.4931451612903226
w=256,45,3,15,15,13,256,18,0,0,128.0,4960,151257086.0,454262757.0,7405.0,1.4929435483870968
w=256,45,3,15,21,9,256,18,0,0,128.0,4960,151257086.0,453814234.0,7400.0,1.4919354838709677
w=256,48,2,24,15,14,256,18,0,0,128.0,4960,77443629054.0,154888241127.0,5140.0,1.0362903225806452
w=256,48,3,16,23,8,256,18,0,0,128.0,4960,302514174.0,907566039.0,7399.0,1.491733870967742
w=256,48,4,12,9,20,256,18,0,0,128.0,4960,18907134.0,113377261.0,9674.0,1.9504032258064516
w=256,48,4,12,21,8,256,18,0,0,128.0,4960,18907134.0,75650008.0,9665.0,1.9485887096774193
w=256,48,6,8,9,16,256,18,0,0,128.0,4960,1181694.0,9449449.0,14204.0,2.863709677419355
w=256,48,6,8,17,8,256,18,0,0,128.0,4960,1181694.0,7107547.0,14198.0,2.8625
w=256,50,5,10,13,12,256,18,0,0,128.0,4960,4726782.0,23846884.0,11936.0,2.4064516129032256
w=16,40,2,20,10,19,16,35,0,0,128.0,4976,599785470.0,1220542448.0,1020.0,0.204983922829582
w=16,40,2,20,20,9,16,35,0,0,128.0,4976,599785470.0,1199611870.0,1012.0,0.20337620578778134
w=16,42,2,21,11,17,16,35,0,0,128.0,4976,1199570942.0,2404909038.0,1019.0,0.2047829581993569
w=16,42,2,21,18,10,16,35,0,0,128.0,4976,1199570942.0,2399215586.0,1014.0,0.2037781350482315
w=16,42,2,21,22,8,16,35,0,0,128.0,4976,1199570942.0,2399164379.0,1011.0,0.20317524115755628
w=16,44,2,22,14,13,16,35,0,0,128.0,4976,2399141886.0,4798742505.0,1017.0,0.20438102893890675
w=16,45,3,15,8,19,16,35,0,0,128.0,4976,18743294.0,73007089.0,1223.0,0.2457797427652733
w=16,45,3,15,10,15,16,35,0,0,128.0,4976,18743294.0,57540590.0,1222.0,0.24557877813504822
w=16,45,3,15,16,9,16,35,0,0,128.0,4976,18743294.0,56262627.0,1217.0,0.24457395498392284
w=16,48,2,24,12,15,16,35,0,0,128.0,4976,9596567550.0,19194707948.0,1018.0,0.20458199356913184
w=16,48,2,24,16,11,16,35,0,0,128.0,4976,9596567550.0,19193266149.0,1015.0,0.2039790996784566
w=16,50,2,25,10,18,16,35,0,0,128.0,4976,19193135102.0,38396755952.0,1020.0,0.204983922829582
w=16,50,2,25,19,9,16,35,0,0,128.0,4976,19193135102.0,38386309088.0,1013.0,0.20357717041800644
w=32,44,2,22,10,20,32,28,0,0,128.0,4976,3800039422.0,7642021872.0,1388.0,0.27893890675241156
w=32,44,2,22,14,14,32,28,0,0,128.0,4976,3800039422.0,7600996329.0,1385.0,0.2783360128617363
w=32,44,2,22,15,13,32,28,0,0,128.0,4976,3800039422.0,7600570343.0,1384.0,0.27813504823151125
w=32,44,2,22,21,9,32,28,0,0,128.0,4976,3800039422.0,7600121820.0,1379.0,0.2771302250803859
w=32,44,4,11,11,13,32,28,0,0,128.0,4976,1855486.0,7782378.0,2159.0,0.43388263665594856
w=32,44,4,11,14,10,32,28,0,0,128.0,4976,1855486.0,7479269.0,2157.0,0.4334807073954984
w=32,46,2,23,13,15,32,28,0,0,128.0,4976,7600078846.0,15201861610.0,1385.0,0.2783360128617363
w=32,46,2,23,16,12,32,28,0,0,128.0,4976,7600078846.0,15200419813.0,1383.0,0.2779340836012862
w=32,48,4,12,10,14,32,28,0,0,128.0,4976,3710974.0,15499244.0,2160.0,0.4340836012861736
w=32,48,4,12,15,9,32,28,0,0,128.0,4976,3710974.0,14874595.0,2156.0,0.4332797427652733
w=32,50,2,25,12,16,32,28,0,0,128.0,4976,30400315390.0,60803776492.0,1386.0,0.27853697749196143
w=32,50,2,25,17,11,32,28,0,0,128.0,4976,30400315390.0,60800770019.0,1382.0,0.27773311897106107
w=256,40,2,20,13,17,256,18,0,0,128.0,4976,4840226814.0,9687269354.0,5143.0,1.0335610932475885
w=256,40,2,20,18,12,256,18,0,0,128.0,4976,4840226814.0,9680748514.0,5140.0,1.0329581993569132
w=256,40,4,10,11,17,256,18,0,0,128.0,4976,4726782.0,24674282.0,9675.0,1.9443327974276527
w=256,40,4,10,18,10,256,18,0,0,128.0,4976,4726782.0,18980830.0,9670.0,1.9433279742765273
w=256,40,5,8,9,19,256,18,0,0,128.0,4976,1181694.0,24782827.0,11941.0,2.399718649517685
w=256,40,5,8,10,17,256,18,0,0,128.0,4976,1181694.0,11151338.0,11941.0,2.399718649517685
w=256,40,5,8,12,14,256,18,0,0,128.0,4976,1181694.0,6694886.0,11939.0,2.3993167202572345
w=256,40,5,8,15,11,256,18,0,0,128.0,4976,1181694.0,6031329.0,11937.0,2.3989147909967845
w=256,42,6,7,8,19,256,18,0,0,128.0,4976,590846.0,20322283.0,14207.0,2.855104501607717
w=256,42,6,7,10,15,256,18,0,0,128.0,4976,590846.0,4855784.0,14206.0,2.854903536977492
w=256,44,2,22,23,9,256,18,0,0,128.0,4976,19360907262.0,38721861593.0,5136.0,1.0321543408360128
w=256,46,2,23,12,18,256,18,0,0,128.0,4976,38721814526.0,77456211948.0,5144.0,1.0337620578778135
w=256,46,2,23,19,11,256,18,0,0,128.0,4976,38721814526.0,77443784672.0,5139.0,1.032757234726688
w=256,48,3,16,13,15,256,18,0,0,128.0,4976,302514174.0,909246440.0,7408.0,1.4887459807073955
w=256,48,3,16,16,12,256,18,0,0,128.0,4976,302514174.0,907804643.0,7406.0,1.4883440514469453
w=256,48,4,12,10,18,256,18,0,0,128.0,4976,18907134.0,86114284.0,9676.0,1.9445337620578778
w=256,48,4,12,19,9,256,18,0,0,128.0,4976,18907134.0,75667420.0,9669.0,1.9431270096463023
w=256,48,6,8,11,13,256,18,0,0,128.0,4976,1181694.0,7450598.0,14205.0,2.854702572347267
w=256,48,6,8,14,10,256,18,0,0,128.0,4976,1181694.0,7147489.0,14203.0,2.8543006430868165
w=256,49,7,7,9,14,256,18,0,0,128.0,4976,590846.0,4725735.0,16471.0,3.310088424437299
w=256,50,2,25,14,15,256,18,0,0,128.0,4976,154887258110.0,309776351209.0,5143.0,1.0335610932475885
w=256,50,2,25,16,13,256,18,0,0,128.0,4976,154887258110.0,309775040485.0,5141.0,1.0331591639871383
w=256,50,5,10,10,16,256,18,0,0,128.0,4976,4726782.0,26255338.0,11941.0,2.399718649517685
w=256,50,5,10,17,9,256,18,0,0,128.0,4976,4726782.0,23668701.0,11935.0,2.3985128617363345
w=16,46,2,23,13,14,16,35,0,0,128.0,4992,4798283774.0,9597419498.0,1019.0,0.20412660256410256
w=16,46,2,23,15,12,16,35,0,0,128.0,4992,4798283774.0,9596813287.0,1018.0,0.20392628205128205
w=32,45,3,15,13,13,32,28,0,0,128.0,4992,29687806.0,89489384.0,1773.0,0.3551682692307692
w=32,45,3,15,14,12,32,28,0,0,128.0,4992,29687806.0,89292775.0,1773.0,0.3551682692307692
w=32,46,2,23,11,18,32,28,0,0,128.0,4992,7600078846.0,15211692014.0,1389.0,0.2782451923076923
w=32,46,2,23,19,10,32,28,0,0,128.0,4992,7600078846.0,15200235488.0,1383.0,0.2770432692307692
w=32,48,2,24,23,8,32,28,0,0,128.0,4992,15200157694.0,30400338905.0,1380.0,0.2764423076923077
w=256,44,2,22,11,20,256,18,0,0,128.0,4992,19360907262.0,38767951854.0,5147.0,1.0310496794871795
w=256,44,2,22,21,10,256,18,0,0,128.0,4992,19360907262.0,38721900508.0,5139.0,1.0294471153846154
w=256,44,4,11,13,14,256,18,0,0,128.0,4992,9453566.0,38666214.0,9675.0,1.9381009615384615
w=256,44,4,11,15,12,256,18,0,0,128.0,4992,9453566.0,38060003.0,9674.0,1.937900641025641
w=256,45,5,9,11,15,256,18,0,0,128.0,4992,2363390.0,13258728.0,11942.0,2.3922275641025643
w=256,45,5,9,16,10,256,18,0,0,128.0,4992,2363390.0,11882463.0,11938.0,2.391426282051282
w=256,48,3,16,11,18,256,18,0,0,128.0,4992,302514174.0,919076844.0,7412.0,1.484775641025641
w=256,48,3,16,19,10,256,18,0,0,128.0,4992,302514174.0,907620318.0,7406.0,1.4835737179487178
w=256,49,7,7,8,16,256,18,0,0,128.0,4992,590846.0,6233065.0,16474.0,3.300080128205128
w=256,50,2,25,15,14,256,18,0,0,128.0,4992,154887258110.0,309775499239.0,5144.0,1.0304487179487178
w=256,50,5,10,9,18,256,18,0,0,128.0,4992,4726782.0,33071083.0,11943.0,2.3924278846153846
w=256,50,5,10,19,8,256,18,0,0,128.0,4992,4726782.0,23653338.0,11936.0,2.391025641025641
w=16,42,2,21,10,19,16,35,0,0,128.0,5008,1199570942.0,2420113392.0,1024.0,0.20447284345047922
w=16,42,2,21,20,9,16,35,0,0,128.0,5008,1199570942.0,2399182814.0,1016.0,0.20287539936102236
w=16,42,3,14,11,14,16,35,0,0,128.0,5008,9371646.0,28835820.0,1225.0,0.24460862619808307
w=16,42,3,14,15,10,16,35,0,0,128.0,5008,9371646.0,28176357.0,1222.0,0.24400958466453673
w=16,44,2,22,11,17,16,35,0,0,128.0,5008,2399141886.0,4804050926.0,1023.0,0.20427316293929712
w=16,44,2,22,18,10,16,35,0,0,128.0,5008,2399141886.0,4798357474.0,1018.0,0.20327476038338657
w=16,44,2,22,22,8,16,35,0,0,128.0,5008,2399141886.0,4798306267.0,1015.0,0.20267571884984026
w=16,45,3,15,9,17,16,35,0,0,128.0,5008,18743294.0,60948463.0,1226.0,0.24480830670926518
w=16,45,3,15,18,8,16,35,0,0,128.0,5008,18743294.0,56248288.0,1220.0,0.24361022364217252
w=16,46,2,23,14,13,16,35,0,0,128.0,5008,4798283774.0,9597026281.0,1021.0,0.2038738019169329
w=16,50,2,25,12,15,16,35,0,0,128.0,5008,19193135102.0,38387843052.0,1022.0,0.20407348242811502
w=16,50,2,25,16,11,16,35,0,0,128.0,5008,19193135102.0,38386401253.0,1019.0,0.2034744408945687
w=32,40,2,20,12,17,32,28,0,0,128.0,5008,950009854.0,1906311148.0,1390.0,0.277555910543131
w=32,40,2,20,18,11,32,28,0,0,128.0,5008,950009854.0,1900167138.0,1386.0,0.27675718849840253
w=32,40,2,20,24,8,32,28,0,0,128.0,5008,950009854.0,1900044247.0,1381.0,0.27575878594249204
w=32,40,4,10,8,19,32,28,0,0,128.0,5008,927742.0,20488175.0,2165.0,0.4323083067092652
w=32,40,4,10,10,15,32,28,0,0,128.0,5008,927742.0,5021676.0,2164.0,0.43210862619808305
w=32,44,4,11,12,12,32,28,0,0,128.0,5008,1855486.0,7618536.0,2162.0,0.43170926517571884
w=32,44,4,11,13,11,32,28,0,0,128.0,5008,1855486.0,7528422.0,2161.0,0.43150958466453676
w=32,46,2,23,10,20,32,28,0,0,128.0,5008,7600078846.0,15242100720.0,1392.0,0.2779552715654952
w=32,46,2,23,14,14,32,28,0,0,128.0,5008,7600078846.0,15201075177.0,1389.0,0.27735623003194887
w=32,46,2,23,15,13,32,28,0,0,128.0,5008,7600078846.0,15200649191.0,1388.0,0.2771565495207668
w=32,46,2,23,21,9,32,28,0,0,128.0,5008,7600078846.0,15200200668.0,1383.0,0.27615814696485624
w=32,48,2,24,13,15,32,28,0,0,128.0,5008,15200157694.0,30402019306.0,1389.0,0.27735623003194887
w=32,48,2,24,16,12,32,28,0,0,128.0,5008,15200157694.0,30400577509.0,1387.0,0.27695686900958466
w=32,48,3,16,9,19,32,28,0,0,128.0,5008,59375614.0,197001199.0,1778.0,0.35503194888178913
w=32,48,3,16,10,17,32,28,0,0,128.0,5008,59375614.0,183369710.0,1778.0,0.35503194888178913
w=32,48,3,16,12,14,32,28,0,0,128.0,5008,59375614.0,178913258.0,1776.0,0.3546325878594249
w=32,48,3,16,15,11,32,28,0,0,128.0,5008,59375614.0,178249701.0,1774.0,0.3542332268370607
w=32,48,3,16,18,9,32,28,0,0,128.0,5008,59375614.0,178163680.0,1772.0,0.3538338658146965
w=32,48,3,16,20,8,32,28,0,0,128.0,5008,59375614.0,178147292.0,1770.0,0.3534345047923323
w=32,48,4,12,8,18,32,28,0,0,128.0,5008,3710974.0,23232495.0,2165.0,0.4323083067092652
w=256,40,4,10,10,19,256,18,0,0,128.0,5008,4726782.0,39878636.0,9680.0,1.9329073482428114
w=256,40,4,10,20,9,256,18,0,0,128.0,5008,4726782.0,18948058.0,9672.0,1.9313099041533546
w=256,40,5,8,13,13,256,18,0,0,128.0,5008,1181694.0,6334436.0,11942.0,2.384584664536741
w=256,40,5,8,14,12,256,18,0,0,128.0,5008,1181694.0,6137827.0,11942.0,2.384584664536741
w=256,42,2,21,13,17,256,18,0,0,128.0,5008,9680453630.0,19367722986.0,5147.0,1.027755591054313
w=256,42,2,21,18,12,256,18,0,0,128.0,5008,9680453630.0,19361202146.0,5144.0,1.0271565495207668
w=256,42,3,14,12,17,256,18,0,0,128.0,5008,75628542.0,233177066.0,7413.0,1.4802316293929711
w=256,42,3,14,18,11,256,18,0,0,128.0,5008,75628542.0,227033056.0,7409.0,1.4794329073482428
w=256,42,3,14,24,8,256,18,0,0,128.0,5008,75628542.0,226910165.0,7404.0,1.4784345047923322
w=256,42,6,7,9,17,256,18,0,0,128.0,5008,590846.0,8263657.0,14210.0,2.8374600638977636
w=256,42,7,6,8,17,256,18,0,0,128.0,5008,295422.0,6262249.0,16476.0,3.2899361022364215
w=256,42,7,6,9,15,256,18,0,0,128.0,5008,295422.0,3247591.0,16475.0,3.2897364217252396
w=256,44,4,11,14,13,256,18,0,0,128.0,5008,9453566.0,38272997.0,9677.0,1.9323083067092652
w=256,46,2,23,23,9,256,18,0,0,128.0,5008,38721814526.0,77443676121.0,5140.0,1.0263578274760383
w=256,48,2,24,12,18,256,18,0,0,128.0,5008,77443629054.0,154899841004.0,5148.0,1.0279552715654952
w=256,48,2,24,19,11,256,18,0,0,128.0,5008,77443629054.0,154887413728.0,5143.0,1.0269568690095847
w=256,48,3,16,10,20,256,18,0,0,128.0,5008,302514174.0,949485550.0,7415.0,1.4806309904153354
w=256,48,3,16,14,14,256,18,0,0,128.0,5008,302514174.0,908460007.0,7412.0,1.4800319488817892
w=256,48,3,16,15,13,256,18,0,0,128.0,5008,302514174.0,908034021.0,7411.0,1.479832268370607
w=256,48,3,16,21,9,256,18,0,0,128.0,5008,302514174.0,907585498.0,7406.0,1.4788338658146964
w=256,48,4,12,12,15,256,18,0,0,128.0,5008,18907134.0,77201384.0,9678.0,1.9325079872204474
w=256,48,4,12,16,11,256,18,0,0,128.0,5008,18907134.0,75759585.0,9675.0,1.931908945686901
w=256,48,6,8,12,12,256,18,0,0,128.0,5008,1181694.0,7286756.0,14208.0,2.8370607028753994
w=256,48,6,8,13,11,256,18,0,0,128.0,5008,1181694.0,7196642.0,14207.0,2.8368610223642174
w=16,48,2,24,13,14,16,35,0,0,128.0,5024,9596567550.0,19193987050.0,1023.0,0.20362261146496816
w=16,48,2,24,15,12,16,35,0,0,128.0,5024,9596567550.0,19193380839.0,1022.0,0.2034235668789809
w=16,48,3,16,8,19,16,35,0,0,128.0,5024,37486590.0,129236977.0,1229.0,0.24462579617834396
w=16,48,3,16,10,15,16,35,0,0,128.0,5024,37486590.0,113770478.0,1228.0,0.2444267515923567
w=16,48,3,16,16,9,16,35,0,0,128.0,5024,37486590.0,112492515.0,1223.0,0.24343152866242038
w=32,42,3,14,11,16,32,28,0,0,128.0,5024,14843902.0,47415276.0,1779.0,0.3541003184713376
w=32,42,3,14,17,10,32,28,0,0,128.0,5024,14843902.0,44601313.0,1774.0,0.3531050955414013
w=32,48,2,24,11,18,32,28,0,0,128.0,5024,15200157694.0,30411849710.0,1393.0,0.27726910828025475
w=32,48,2,24,19,10,32,28,0,0,128.0,5024,15200157694.0,30400393184.0,1387.0,0.2760748407643312
w=32,48,4,12,9,16,32,28,0,0,128.0,5024,3710974.0,17203181.0,2166.0,0.43113057324840764
w=32,48,4,12,17,8,32,28,0,0,128.0,5024,3710974.0,14861279.0,2160.0,0.4299363057324841
w=32,50,2,25,23,8,32,28,0,0,128.0,5024,30400315390.0,60800654297.0,1384.0,0.2754777070063694
w=256,46,2,23,11,20,256,18,0,0,128.0,5024,38721814526.0,77489766382.0,5151.0,1.0252786624203822
w=256,46,2,23,21,10,256,18,0,0,128.0,5024,38721814526.0,77443715036.0,5143.0,1.023686305732484
w=16,40,2,20,12,16,16,35,0,0,128.0,5040,599785470.0,1202716652.0,1026.0,0.20357142857142857
w=16,40,2,20,17,11,16,35,0,0,128.0,5040,599785470.0,1199710179.0,1022.0,0.20277777777777778
w=16,44,2,22,10,19,16,35,0,0,128.0,5040,2399141886.0,4819255280.0,1028.0,0.20396825396825397
w=16,44,2,22,20,9,16,35,0,0,128.0,5040,2399141886.0,4798324702.0,1020.0,0.20238095238095238
w=16,46,2,23,11,17,16,35,0,0,128.0,5040,4798283774.0,9602334702.0,1027.0,0.20376984126984127
w=16,46,2,23,18,10,16,35,0,0,128.0,5040,4798283774.0,9596641250.0,1022.0,0.20277777777777778
w=16,46,2,23,22,8,16,35,0,0,128.0,5040,4798283774.0,9596590043.0,1019.0,0.20218253968253969
w=16,48,2,24,14,13,16,35,0,0,128.0,5040,9596567550.0,19193593833.0,1025.0,0.20337301587301587
w=32,40,4,10,9,17,32,28,0,0,128.0,5040,927742.0,8429549.0,2168.0,0.4301587301587302
w=32,42,2,21,12,17,32,28,0,0,128.0,5040,1900019710.0,3806330860.0,1394.0,0.2765873015873016
w=32,42,2,21,18,11,32,28,0,0,128.0,5040,1900019710.0,3800186850.0,1390.0,0.2757936507936508
w=32,42,2,21,24,8,32,28,0,0,128.0,5040,1900019710.0,3800063959.0,1385.0,0.2748015873015873
w=32,48,2,24,10,20,32,28,0,0,128.0,5040,15200157694.0,30442258416.0,1396.0,0.276984126984127
w=32,48,2,24,14,14,32,28,0,0,128.0,5040,15200157694.0,30401232873.0,1393.0,0.2763888888888889
w=32,48,2,24,15,13,32,28,0,0,128.0,5040,15200157694.0,30400806887.0,1392.0,0.2761904761904762
w=32,48,2,24,21,9,32,28,0,0,128.0,5040,15200157694.0,30400358364.0,1387.0,0.2751984126984127
w=32,48,3,16,13,13,32,28,0,0,128.0,5040,59375614.0,178552808.0,1779.0,0.3529761904761905
w=32,48,3,16,14,12,32,28,0,0,128.0,5040,59375614.0,178356199.0,1779.0,0.3529761904761905
w=32,48,4,12,11,13,32,28,0,0,128.0,5040,3710974.0,15204330.0,2167.0,0.4299603174603175
w=32,48,4,12,14,10,32,28,0,0,128.0,5040,3710974.0,14901221.0,2165.0,0.42956349206349204
w=32,50,2,25,13,15,32,28,0,0,128.0,5040,30400315390.0,60802334698.0,1393.0,0.2763888888888889
w=32,50,2,25,16,12,32,28,0,0,128.0,5040,30400315390.0,60800892901.0,1391.0,0.2759920634920635
w=256,40,2,20,14,16,256,18,0,0,128.0,5040,4840226814.0,9684123625.0,5151.0,1.0220238095238094
w=256,40,2,20,17,13,256,18,0,0,128.0,5040,4840226814.0,9681010659.0,5148.0,1.0214285714285714
w=256,44,2,22,13,17,256,18,0,0,128.0,5040,19360907262.0,38728630250.0,5151.0,1.0220238095238094
w=256,44,2,22,18,12,256,18,0,0,128.0,5040,19360907262.0,38722109410.0,5148.0,1.0214285714285714
w=256,44,4,11,11,17,256,18,0,0,128.0,5040,9453566.0,43581418.0,9683.0,1.9212301587301588
w=256,44,4,11,18,10,256,18,0,0,128.0,5040,9453566.0,37887966.0,9678.0,1.9202380952380953
w=256,44,4,11,22,8,256,18,0,0,128.0,5040,9453566.0,37836759.0,9675.0,1.9196428571428572
w=256,48,2,24,23,9,256,18,0,0,128.0,5040,77443629054.0,154887305177.0,5144.0,1.0206349206349206
w=256,50,2,25,12,18,256,18,0,0,128.0,5040,154887258110.0,309787099116.0,5152.0,1.0222222222222221
w=256,50,2,25,19,11,256,18,0,0,128.0,5040,154887258110.0,309774671840.0,5147.0,1.0212301587301587
w=16,42,3,14,8,20,16,35,0,0,128.0,5056,9371646.0,61669361.0,1233.0,0.24386867088607594
w=16,42,3,14,12,13,16,35,0,0,128.0,5056,9371646.0,28508138.0,1230.0,0.2432753164556962
w=16,42,3,14,14,11,16,35,0,0,128.0,5056,9371646.0,28229607.0,1229.0,0.2430775316455696
w=16,45,3,15,11,14,16,35,0,0,128.0,5056,18743294.0,56950764.0,1231.0,0.24347310126582278
w=16,45,3,15,15,10,16,35,0,0,128.0,5056,18743294.0,56291301.0,1228.0,0.24287974683544303
w=16,48,3,16,9,17,16,35,0,0,128.0,5056,37486590.0,117178351.0,1232.0,0.24367088607594936
w=16,48,3,16,18,8,16,35,0,0,128.0,5056,37486590.0,112478176.0,1226.0,0.24248417721518986
w=16,50,2,25,13,14,16,35,0,0,128.0,5056,19193135102.0,38387122154.0,1027.0,0.203125
w=16,50,2,25,15,12,16,35,0,0,128.0,5056,19193135102.0,38386515943.0,1026.0,0.20292721518987342
w=32,42,3,14,9,20,32,28,0,0,128.0,5056,14843902.0,82280431.0,1784.0,0.3528481012658228
w=32,42,3,14,21,8,32,28,0,0,128.0,5056,14843902.0,44553178.0,1775.0,0.35106803797468356
w=32,50,2,25,11,18,32,28,0,0,128.0,5056,30400315390.0,60812165102.0,1397.0,0.27630537974683544
w=32,50,2,25,19,10,32,28,0,0,128.0,5056,30400315390.0,60800708576.0,1391.0,0.27511867088607594
w=256,42,6,7,11,14,256,18,0,0,128.0,5056,590846.0,4265958.0,14215.0,2.811511075949367
w=256,42,6,7,15,10,256,18,0,0,128.0,5056,590846.0,3606495.0,14212.0,2.8109177215189876
w=256,42,7,6,7,20,256,18,0,0,128.0,5056,295422.0,31428075.0,16483.0,3.2600870253164556
w=256,45,3,15,12,17,256,18,0,0,128.0,5056,151257086.0,460062698.0,7419.0,1.467365506329114
w=256,45,3,15,18,11,256,18,0,0,128.0,5056,151257086.0,453918688.0,7415.0,1.4665743670886076
w=256,45,3,15,24,8,256,18,0,0,128.0,5056,151257086.0,453795797.0,7410.0,1.4655854430379747
w=256,45,5,9,9,19,256,18,0,0,128.0,5056,2363390.0,30691307.0,11951.0,2.363726265822785
w=256,45,5,9,10,17,256,18,0,0,128.0,5056,2363390.0,17059818.0,11951.0,2.363726265822785
w=256,45,5,9,12,14,256,18,0,0,128.0,5056,2363390.0,12603366.0,11949.0,2.3633306962025316
w=256,45,5,9,15,11,256,18,0,0,128.0,5056,2363390.0,11939809.0,11947.0,2.3629351265822787
w=256,45,5,9,18,9,256,18,0,0,128.0,5056,2363390.0,11853788.0,11945.0,2.3625395569620253
w=256,45,5,9,20,8,256,18,0,0,128.0,5056,2363390.0,11837400.0,11943.0,2.362143987341772
w=256,48,2,24,11,20,256,18,0,0,128.0,5056,77443629054.0,154933395438.0,5155.0,1.0195806962025316
w=256,48,2,24,21,10,256,18,0,0,128.0,5056,77443629054.0,154887344092.0,5147.0,1.0179984177215189
w=256,48,4,12,13,14,256,18,0,0,128.0,5056,18907134.0,76480486.0,9683.0,1.9151503164556962
w=256,48,4,12,15,12,256,18,0,0,128.0,5056,18907134.0,75874275.0,9682.0,1.9149525316455696
w=256,49,7,7,7,19,256,18,0,0,128.0,5056,590846.0,18815979.0,16483.0,3.2600870253164556
w=256,49,7,7,10,13,256,18,0,0,128.0,5056,590846.0,4463590.0,16481.0,3.2596914556962027
w=256,49,7,7,14,9,256,18,0,0,128.0,5056,590846.0,4164575.0,16478.0,3.2590981012658227
w=16,42,2,21,12,16,16,35,0,0,128.0,5072,1199570942.0,2402287596.0,1030.0,0.2030757097791798
w=16,42,2,21,17,11,16,35,0,0,128.0,5072,1199570942.0,2399281123.0,1026.0,0.20228706624605677
w=16,42,3,14,13,12,16,35,0,0,128.0,5072,9371646.0,28327912.0,1231.0,0.24270504731861198
w=16,46,2,23,10,19,16,35,0,0,128.0,5072,4798283774.0,9617539056.0,1032.0,0.20347003154574134
w=16,46,2,23,20,9,16,35,0,0,128.0,5072,4798283774.0,9596608478.0,1024.0,0.20189274447949526
w=16,48,2,24,11,17,16,35,0,0,128.0,5072,9596567550.0,19198902254.0,1031.0,0.20327287066246058
w=16,48,2,24,18,10,16,35,0,0,128.0,5072,9596567550.0,19193208802.0,1026.0,0.20228706624605677
w=16,48,2,24,22,8,16,35,0,0,128.0,5072,9596567550.0,19193157595.0,1023.0,0.2016955835962145
w=16,50,2,25,14,13,16,35,0,0,128.0,5072,19193135102.0,38386728937.0,1029.0,0.20287854889589904
w=32,40,2,20,11,19,32,28,0,0,128.0,5072,950009854.0,1923088366.0,1399.0,0.2758280757097792
w=32,40,2,20,20,10,32,28,0,0,128.0,5072,950009854.0,1900101598.0,1392.0,0.2744479495268139
w=32,40,2,20,22,9,32,28,0,0,128.0,5072,950009854.0,1900064731.0,1391.0,0.27425078864353314
w=32,42,3,14,10,18,32,28,0,0,128.0,5072,14843902.0,55017454.0,1786.0,0.35212933753943215
w=32,42,3,14,19,9,32,28,0,0,128.0,5072,14843902.0,44570590.0,1779.0,0.35074921135646686
w=32,44,2,22,12,17,32,28,0,0,128.0,5072,3800039422.0,7606370284.0,1398.0,0.27563091482649843
w=32,44,2,22,18,11,32,28,0,0,128.0,5072,3800039422.0,7600226274.0,1394.0,0.2748422712933754
w=32,44,2,22,24,8,32,28,0,0,128.0,5072,3800039422.0,7600103383.0,1389.0,0.2738564668769716
w=32,44,4,11,8,19,32,28,0,0,128.0,5072,1855486.0,24199151.0,2173.0,0.4284305993690852
w=32,44,4,11,10,15,32,28,0,0,128.0,5072,1855486.0,8732652.0,2172.0,0.4282334384858044
w=32,44,4,11,16,9,32,28,0,0,128.0,5072,1855486.0,7454689.0,2167.0,0.42724763406940064
w=32,45,3,15,11,16,32,28,0,0,128.0,5072,29687806.0,91946988.0,1785.0,0.3519321766561514
w=32,45,3,15,17,10,32,28,0,0,128.0,5072,29687806.0,89133025.0,1780.0,0.3509463722397476
w=32,48,4,12,12,12,32,28,0,0,128.0,5072,3710974.0,15040488.0,2170.0,0.4278391167192429
w=32,48,4,12,13,11,32,28,0,0,128.0,5072,3710974.0,14950374.0,2169.0,0.42764195583596215
w=32,50,2,25,10,20,32,28,0,0,128.0,5072,30400315390.0,60842573808.0,1400.0,0.27602523659305994
w=32,50,2,25,14,14,32,28,0,0,128.0,5072,30400315390.0,60801548265.0,1397.0,0.2754337539432177
w=32,50,2,25,15,13,32,28,0,0,128.0,5072,30400315390.0,60801122279.0,1396.0,0.2752365930599369
w=32,50,2,25,21,9,32,28,0,0,128.0,5072,30400315390.0,60800673756.0,1391.0,0.27425078864353314
w=32,50,5,10,6,20,32,28,0,0,128.0,5072,927742.0,29804529.0,2561.0,0.504929022082019
w=32,50,5,10,7,17,32,28,0,0,128.0,5072,927742.0,8308719.0,2560.0,0.5047318611987381
w=256,40,2,20,12,19,256,18,0,0,128.0,5072,4840226814.0,9705619436.0,5156.0,1.0165615141955835
w=256,40,2,20,15,15,256,18,0,0,128.0,5072,4840226814.0,9682419687.0,5154.0,1.016167192429022
w=256,40,2,20,16,14,256,18,0,0,128.0,5072,4840226814.0,9681502181.0,5153.0,1.0159700315457414
w=256,40,2,20,20,11,256,18,0,0,128.0,5072,4840226814.0,9680617438.0,5150.0,1.015378548895899
w=256,40,2,20,24,9,256,18,0,0,128.0,5072,4840226814.0,9680502743.0,5147.0,1.0147870662460567
w=256,40,4,10,12,16,256,18,0,0,128.0,5072,4726782.0,22052840.0,9686.0,1.9097003154574133
w=256,40,4,10,17,11,256,18,0,0,128.0,5072,4726782.0,19046367.0,9682.0,1.9089116719242902
w=256,42,2,21,14,16,256,18,0,0,128.0,5072,9680453630.0,19364577257.0,5155.0,1.0163643533123028
w=256,42,2,21,17,13,256,18,0,0,128.0,5072,9680453630.0,19361464291.0,5152.0,1.0157728706624605
w=256,42,3,14,11,19,256,18,0,0,128.0,5072,75628542.0,249954284.0,7422.0,1.463328075709779
w=256,42,3,14,20,10,256,18,0,0,128.0,5072,75628542.0,226967516.0,7415.0,1.461947949526814
w=256,42,3,14,22,9,256,18,0,0,128.0,5072,75628542.0,226930649.0,7414.0,1.461750788643533
w=256,44,4,11,10,19,256,18,0,0,128.0,5072,9453566.0,58785772.0,9688.0,1.9100946372239747
w=256,44,4,11,20,9,256,18,0,0,128.0,5072,9453566.0,37855194.0,9680.0,1.9085173501577286
w=256,46,2,23,13,17,256,18,0,0,128.0,5072,38721814526.0,77450444778.0,5155.0,1.0163643533123028
w=256,46,2,23,18,12,256,18,0,0,128.0,5072,38721814526.0,77443923938.0,5152.0,1.0157728706624605
w=256,48,4,12,14,13,256,18,0,0,128.0,5072,18907134.0,76087269.0,9685.0,1.9095031545741326
w=256,48,6,8,8,19,256,18,0,0,128.0,5072,1181694.0,23867371.0,14219.0,2.803430599369085
w=256,48,6,8,10,15,256,18,0,0,128.0,5072,1181694.0,8400872.0,14218.0,2.803233438485804
w=256,48,6,8,16,9,256,18,0,0,128.0,5072,1181694.0,7122909.0,14213.0,2.8022476340694005
w=256,50,2,25,23,9,256,18,0,0,128.0,5072,154887258110.0,309774563289.0,5148.0,1.0149842271293374
w=256,50,5,10,11,15,256,18,0,0,128.0,5072,4726782.0,25075688.0,11952.0,2.356466876971609
w=256,50,5,10,16,10,256,18,0,0,128.0,5072,4726782.0,23699423.0,11948.0,2.3556782334384856
w=16,40,2,20,23,8,16,35,0,0,128.0,5088,599785470.0,1199594457.0,1024.0,0.20125786163522014
w=16,42,3,14,10,16,16,35,0,0,128.0,5088,9371646.0,30736366.0,1236.0,0.2429245283018868
w=16,42,3,14,17,9,16,35,0,0,128.0,5088,9371646.0,28149729.0,1230.0,0.2417452830188679
w=32,40,2,20,13,16,32,28,0,0,128.0,5088,950009854.0,1903427562.0,1399.0,0.2749606918238994
w=32,40,2,20,17,12,32,28,0,0,128.0,5088,950009854.0,1900298211.0,1396.0,0.27437106918238996
w=32,40,4,10,11,14,32,28,0,0,128.0,5088,927742.0,4431850.0,2173.0,0.4270833333333333
w=256,40,5,8,11,16,256,18,0,0,128.0,5088,1181694.0,8792040.0,11954.0,2.349449685534591
w=256,40,5,8,17,10,256,18,0,0,128.0,5088,1181694.0,5978077.0,11949.0,2.3484669811320753
w=256,42,3,14,13,16,256,18,0,0,128.0,5088,75628542.0,230293480.0,7422.0,1.4587264150943395
w=256,42,3,14,17,12,256,18,0,0,128.0,5088,75628542.0,227164129.0,7419.0,1.4581367924528301
w=256,45,5,9,13,13,256,18,0,0,128.0,5088,2363390.0,12242916.0,11952.0,2.349056603773585
w=256,45,5,9,14,12,256,18,0,0,128.0,5088,2363390.0,12046307.0,11952.0,2.349056603773585
w=256,50,2,25,11,20,256,18,0,0,128.0,5088,154887258110.0,309820653550.0,5159.0,1.0139544025157232
w=256,50,2,25,21,10,256,18,0,0,128.0,5088,154887258110.0,309774602204.0,5151.0,1.0123820754716981
w=16,40,2,20,13,15,16,35,0,0,128.0,5104,599785470.0,1201274858.0,1033.0,0.20239028213166144
w=16,40,2,20,16,12,16,35,0,0,128.0,5104,599785470.0,1199833061.0,1031.0,0.20199843260188088
w=16,42,3,14,9,18,16,35,0,0,128.0,5104,9371646.0,37552111.0,1238.0,0.24255485893416928
w=16,44,2,22,12,16,16,35,0,0,128.0,5104,2399141886.0,4801429484.0,1034.0,0.2025862068965517
w=16,44,2,22,17,11,16,35,0,0,128.0,5104,2399141886.0,4798423011.0,1030.0,0.2018025078369906
w=16,45,3,15,8,20,16,35,0,0,128.0,5104,18743294.0,89784305.0,1239.0,0.24275078369905956
w=16,45,3,15,12,13,16,35,0,0,128.0,5104,18743294.0,56623082.0,1236.0,0.2421630094043887
w=16,45,3,15,14,11,16,35,0,0,128.0,5104,18743294.0,56344551.0,1235.0,0.24196708463949843
w=16,48,2,24,10,19,16,35,0,0,128.0,5104,9596567550.0,19214106608.0,1036.0,0.2029780564263323
w=16,48,2,24,20,9,16,35,0,0,128.0,5104,9596567550.0,19193176030.0,1028.0,0.20141065830721003
w=16,48,3,16,11,14,16,35,0,0,128.0,5104,37486590.0,113180652.0,1237.0,0.242358934169279
w=16,48,3,16,15,10,16,35,0,0,128.0,5104,37486590.0,112521189.0,1234.0,0.24177115987460815
w=16,50,2,25,11,17,16,35,0,0,128.0,5104,19193135102.0,38392037358.0,1035.0,0.20278213166144202
w=16,50,2,25,18,10,16,35,0,0,128.0,5104,19193135102.0,38386343906.0,1030.0,0.2018025078369906
w=16,50,2,25,22,8,16,35,0,0,128.0,5104,19193135102.0,38386292699.0,1027.0,0.20121473354231975
w=32,42,2,21,11,19,32,28,0,0,128.0,5104,1900019710.0,3823108078.0,1403.0,0.27488244514106586
w=32,42,2,21,20,10,32,28,0,0,128.0,5104,1900019710.0,3800121310.0,1396.0,0.27351097178683387
w=32,42,2,21,22,9,32,28,0,0,128.0,5104,1900019710.0,3800084443.0,1395.0,0.2733150470219436
w=32,42,3,14,12,15,32,28,0,0,128.0,5104,14843902.0,46104554.0,1788.0,0.3503134796238245
w=32,42,3,14,16,11,32,28,0,0,128.0,5104,14843902.0,44662755.0,1785.0,0.3497257053291536
w=32,44,4,11,9,17,32,28,0,0,128.0,5104,1855486.0,12140525.0,2176.0,0.4263322884012539
w=32,45,3,15,9,20,32,28,0,0,128.0,5104,29687806.0,126812143.0,1790.0,0.350705329153605
w=32,45,3,15,21,8,32,28,0,0,128.0,5104,29687806.0,89084890.0,1781.0,0.3489420062695925
w=32,45,5,9,7,18,32,28,0,0,128.0,5104,463870.0,9659375.0,2564.0,0.5023510971786834
w=32,46,2,23,12,17,32,28,0,0,128.0,5104,7600078846.0,15206449132.0,1402.0,0.2746865203761755
w=32,46,2,23,18,11,32,28,0,0,128.0,5104,7600078846.0,15200305122.0,1398.0,0.2739028213166144
w=32,46,2,23,24,8,32,28,0,0,128.0,5104,7600078846.0,15200182231.0,1393.0,0.272923197492163
w=32,50,5,10,8,15,32,28,0,0,128.0,5104,927742.0,5687277.0,2563.0,0.5021551724137931
w=256,40,2,20,22,10,256,18,0,0,128.0,5104,4840226814.0,9680543707.0,5153.0,1.0096003134796239
w=256,42,2,21,12,19,256,18,0,0,128.0,5104,9680453630.0,19386073068.0,5160.0,1.0109717868338557
w=256,42,2,21,15,15,256,18,0,0,128.0,5104,9680453630.0,19362873319.0,5158.0,1.0105799373040751
w=256,42,2,21,16,14,256,18,0,0,128.0,5104,9680453630.0,19361955813.0,5157.0,1.010384012539185
w=256,42,2,21,20,11,256,18,0,0,128.0,5104,9680453630.0,19361071070.0,5154.0,1.009796238244514
w=256,42,2,21,24,9,256,18,0,0,128.0,5104,9680453630.0,19360956375.0,5151.0,1.0092084639498433
w=256,42,6,7,8,20,256,18,0,0,128.0,5104,590846.0,37099499.0,14223.0,2.7866379310344827
w=256,42,6,7,12,13,256,18,0,0,128.0,5104,590846.0,3938276.0,14220.0,2.7860501567398117
w=256,42,6,7,14,11,256,18,0,0,128.0,5104,590846.0,3659745.0,14219.0,2.7858542319749215
w=256,42,7,6,10,14,256,18,0,0,128.0,5104,295422.0,2723302.0,16487.0,3.2302115987460813
w=256,44,2,22,14,16,256,18,0,0,128.0,5104,19360907262.0,38725484521.0,5159.0,1.0107758620689655
w=256,44,2,22,17,13,256,18,0,0,128.0,5104,19360907262.0,38722371555.0,5156.0,1.0101880877742946
w=256,48,2,24,13,17,256,18,0,0,128.0,5104,77443629054.0,154894073834.0,5159.0,1.0107758620689655
w=256,48,2,24,18,12,256,18,0,0,128.0,5104,77443629054.0,154887552994.0,5156.0,1.0101880877742946
w=256,48,3,16,12,17,256,18,0,0,128.0,5104,302514174.0,913833962.0,7425.0,1.4547413793103448
w=256,48,3,16,18,11,256,18,0,0,128.0,5104,302514174.0,907689952.0,7421.0,1.4539576802507836
w=256,48,3,16,24,8,256,18,0,0,128.0,5104,302514174.0,907567061.0,7416.0,1.4529780564263324
w=256,48,4,12,11,17,256,18,0,0,128.0,5104,18907134.0,81395690.0,9691.0,1.8987068965517242
w=256,48,4,12,18,10,256,18,0,0,128.0,5104,18907134.0,75702238.0,9686.0,1.8977272727272727
w=256,48,4,12,22,8,256,18,0,0,128.0,5104,18907134.0,75651031.0,9683.0,1.897139498432602
w=256,48,6,8,9,17,256,18,0,0,128.0,5104,1181694.0,11808745.0,14222.0,2.7864420062695925
w=256,48,6,8,18,8,256,18,0,0,128.0,5104,1181694.0,7108570.0,14216.0,2.7852664576802506
w=256,49,7,7,11,12,256,18,0,0,128.0,5104,590846.0,4316132.0,16486.0,3.230015673981191
w=256,49,7,7,13,10,256,18,0,0,128.0,5104,590846.0,4189152.0,16484.0,3.229623824451411
w=16,40,2,20,11,18,16,35,0,0,128.0,5120,599785470.0,1211105262.0,1037.0,0.2025390625
w=16,40,2,20,19,10,16,35,0,0,128.0,5120,599785470.0,1199648736.0,1031.0,0.2013671875
w=16,42,2,21,23,8,16,35,0,0,128.0,5120,1199570942.0,2399165401.0,1028.0,0.20078125
w=16,45,3,15,13,12,16,35,0,0,128.0,5120,18743294.0,56442856.0,1237.0,0.2416015625
w=32,42,2,21,13,16,32,28,0,0,128.0,5120,1900019710.0,3803447274.0,1403.0,0.2740234375
w=32,42,2,21,17,12,32,28,0,0,128.0,5120,1900019710.0,3800317923.0,1400.0,0.2734375
w=32,45,3,15,10,18,32,28,0,0,128.0,5120,29687806.0,99549166.0,1792.0,0.35
w=32,45,3,15,19,9,32,28,0,0,128.0,5120,29687806.0,89102302.0,1785.0,0.3486328125
w=32,48,3,16,11,16,32,28,0,0,128.0,5120,59375614.0,181010412.0,1791.0,0.3498046875
w=32,48,3,16,17,10,32,28,0,0,128.0,5120,59375614.0,178196449.0,1786.0,0.348828125
w=256,40,4,10,23,8,256,18,0,0,128.0,5120,4726782.0,18930645.0,9684.0,1.89140625
w=256,40,5,8,9,20,256,18,0,0,128.0,5120,1181694.0,43657195.0,11959.0,2.3357421875
w=256,42,6,7,13,12,256,18,0,0,128.0,5120,590846.0,3758050.0,14221.0,2.7775390625
w=256,45,3,15,11,19,256,18,0,0,128.0,5120,151257086.0,476839916.0,7428.0,1.45078125
w=256,45,3,15,20,10,256,18,0,0,128.0,5120,151257086.0,453853148.0,7421.0,1.4494140625
w=256,45,3,15,22,9,256,18,0,0,128.0,5120,151257086.0,453816281.0,7420.0,1.44921875
w=256,49,7,7,8,17,256,18,0,0,128.0,5120,590846.0,8330217.0,16490.0,3.220703125
w=256,49,7,7,9,15,256,18,0,0,128.0,5120,590846.0,5315559.0,16489.0,3.2205078125
w=256,49,7,7,12,11,256,18,0,0,128.0,5120,590846.0,4234210.0,16487.0,3.2201171875
w=256,49,7,7,16,8,256,18,0,0,128.0,5120,590846.0,4152283.0,16484.0,3.21953125
w=16,40,2,20,10,20,16,35,0,0,128.0,5136,599785470.0,1241513968.0,1040.0,0.20249221183800623
w=16,40,2,20,14,14,16,35,0,0,128.0,5136,599785470.0,1200488425.0,1037.0,0.2019080996884735
w=16,40,2,20,15,13,16,35,0,0,128.0,5136,599785470.0,1200062439.0,1036.0,0.20171339563862928
w=16,40,2,20,21,9,16,35,0,0,128.0,5136,599785470.0,1199613916.0,1031.0,0.2007398753894081
w=16,42,2,21,13,15,16,35,0,0,128.0,5136,1199570942.0,2400845802.0,1037.0,0.2019080996884735
w=16,42,2,21,16,12,16,35,0,0,128.0,5136,1199570942.0,2399404005.0,1035.0,0.20151869158878505
w=16,44,4,11,8,16,16,35,0,0,128.0,5136,1171454.0,6782959.0,1445.0,0.2813473520249221
w=16,45,3,15,10,16,16,35,0,0,128.0,5136,18743294.0,58851310.0,1242.0,0.24182242990654207
w=16,45,3,15,17,9,16,35,0,0,128.0,5136,18743294.0,56264673.0,1236.0,0.24065420560747663
w=16,46,2,23,12,16,16,35,0,0,128.0,5136,4798283774.0,9599713260.0,1038.0,0.20210280373831777
w=16,46,2,23,17,11,16,35,0,0,128.0,5136,4798283774.0,9596706787.0,1034.0,0.20132398753894082
w=16,50,2,25,10,19,16,35,0,0,128.0,5136,19193135102.0,38407241712.0,1040.0,0.20249221183800623
w=16,50,2,25,20,9,16,35,0,0,128.0,5136,19193135102.0,38386311134.0,1032.0,0.20093457943925233
w=32,40,2,20,14,15,32,28,0,0,128.0,5136,950009854.0,1901854697.0,1405.0,0.27355919003115264
w=32,40,2,20,16,13,32,28,0,0,128.0,5136,950009854.0,1900543973.0,1403.0,0.2731697819314642
w=32,40,4,10,8,20,32,28,0,0,128.0,5136,927742.0,37265391.0,2181.0,0.4246495327102804
w=32,40,4,10,12,13,32,28,0,0,128.0,5136,927742.0,4104168.0,2178.0,0.42406542056074764
w=32,44,2,22,11,19,32,28,0,0,128.0,5136,3800039422.0,7623147502.0,1407.0,0.2739485981308411
w=32,44,2,22,20,10,32,28,0,0,128.0,5136,3800039422.0,7600160734.0,1400.0,0.27258566978193144
w=32,44,2,22,22,9,32,28,0,0,128.0,5136,3800039422.0,7600123867.0,1399.0,0.2723909657320872
w=32,48,2,24,12,17,32,28,0,0,128.0,5136,15200157694.0,30406606828.0,1406.0,0.2737538940809969
w=32,48,2,24,18,11,32,28,0,0,128.0,5136,15200157694.0,30400462818.0,1402.0,0.27297507788161995
w=32,48,2,24,24,8,32,28,0,0,128.0,5136,15200157694.0,30400339927.0,1397.0,0.27200155763239875
w=32,48,4,12,8,19,32,28,0,0,128.0,5136,3710974.0,31621103.0,2181.0,0.4246495327102804
w=32,48,4,12,10,15,32,28,0,0,128.0,5136,3710974.0,16154604.0,2180.0,0.42445482866043616
w=32,48,4,12,16,9,32,28,0,0,128.0,5136,3710974.0,14876641.0,2175.0,0.42348130841121495
w=32,50,5,10,10,12,32,28,0,0,128.0,5136,927742.0,4802538.0,2566.0,0.49961059190031154
w=256,40,4,10,13,15,256,18,0,0,128.0,5136,4726782.0,20611046.0,9693.0,1.887266355140187
w=256,40,4,10,16,12,256,18,0,0,128.0,5136,4726782.0,19169249.0,9691.0,1.8868769470404985
w=256,40,5,8,10,18,256,18,0,0,128.0,5136,1181694.0,16394218.0,11961.0,2.3288551401869158
w=256,40,5,8,19,9,256,18,0,0,128.0,5136,1181694.0,5947354.0,11954.0,2.327492211838006
w=256,42,2,21,22,10,256,18,0,0,128.0,5136,9680453630.0,19360997339.0,5157.0,1.004088785046729
w=256,42,3,14,14,15,256,18,0,0,128.0,5136,75628542.0,228720615.0,7428.0,1.4462616822429906
w=256,42,3,14,16,13,256,18,0,0,128.0,5136,75628542.0,227409891.0,7426.0,1.445872274143302
w=256,42,6,7,10,16,256,18,0,0,128.0,5136,590846.0,6166504.0,14226.0,2.7698598130841123
w=256,42,6,7,17,9,256,18,0,0,128.0,5136,590846.0,3579867.0,14220.0,2.7686915887850465
w=256,42,7,6,8,18,256,18,0,0,128.0,5136,295422.0,10456553.0,16492.0,3.2110591900311527
w=256,44,2,22,12,19,256,18,0,0,128.0,5136,19360907262.0,38746980332.0,5164.0,1.0054517133956387
w=256,44,2,22,15,15,256,18,0,0,128.0,5136,19360907262.0,38723780583.0,5162.0,1.0050623052959502
w=256,44,2,22,16,14,256,18,0,0,128.0,5136,19360907262.0,38722863077.0,5161.0,1.004867601246106
w=256,44,2,22,20,11,256,18,0,0,128.0,5136,19360907262.0,38721978334.0,5158.0,1.0042834890965733
w=256,44,2,22,24,9,256,18,0,0,128.0,5136,19360907262.0,38721863639.0,5155.0,1.0036993769470406
w=256,44,4,11,12,16,256,18,0,0,128.0,5136,9453566.0,40959976.0,9694.0,1.8874610591900312
w=256,44,4,11,17,11,256,18,0,0,128.0,5136,9453566.0,37953503.0,9690.0,1.8866822429906542
w=256,45,3,15,13,16,256,18,0,0,128.0,5136,151257086.0,457179112.0,7428.0,1.4462616822429906
w=256,45,3,15,17,12,256,18,0,0,128.0,5136,151257086.0,454049761.0,7425.0,1.4456775700934579
w=256,46,2,23,14,16,256,18,0,0,128.0,5136,38721814526.0,77447299049.0,5163.0,1.0052570093457944
w=256,46,2,23,17,13,256,18,0,0,128.0,5136,38721814526.0,77444186083.0,5160.0,1.0046728971962617
w=256,48,4,12,10,19,256,18,0,0,128.0,5136,18907134.0,96600044.0,9696.0,1.8878504672897196
w=256,48,4,12,20,9,256,18,0,0,128.0,5136,18907134.0,75669466.0,9688.0,1.8862928348909658
w=256,50,2,25,13,17,256,18,0,0,128.0,5136,154887258110.0,309781331946.0,5163.0,1.0052570093457944
w=256,50,2,25,18,12,256,18,0,0,128.0,5136,154887258110.0,309774811106.0,5160.0,1.0046728971962617
w=256,50,5,10,9,19,256,18,0,0,128.0,5136,4726782.0,42508267.0,11961.0,2.3288551401869158
w=256,50,5,10,10,17,256,18,0,0,128.0,5136,4726782.0,28876778.0,11961.0,2.3288551401869158
w=256,50,5,10,12,14,256,18,0,0,128.0,5136,4726782.0,24420326.0,11959.0,2.3284657320872273
w=256,50,5,10,15,11,256,18,0,0,128.0,5136,4726782.0,23756769.0,11957.0,2.328076323987539
w=256,50,5,10,18,9,256,18,0,0,128.0,5136,4726782.0,23670748.0,11955.0,2.3276869158878504
w=256,50,5,10,20,8,256,18,0,0,128.0,5136,4726782.0,23654360.0,11953.0,2.327297507788162
w=16,42,2,21,11,18,16,35,0,0,128.0,5152,1199570942.0,2410676206.0,1041.0,0.20205745341614906
w=16,42,2,21,19,10,16,35,0,0,128.0,5152,1199570942.0,2399219680.0,1035.0,0.20089285714285715
w=16,44,2,22,23,8,16,35,0,0,128.0,5152,2399141886.0,4798307289.0,1032.0,0.20031055900621117
w=16,45,3,15,9,18,16,35,0,0,128.0,5152,18743294.0,65667055.0,1244.0,0.24145962732919254
w=16,45,3,15,19,8,16,35,0,0,128.0,5152,18743294.0,56249310.0,1237.0,0.24010093167701863
w=16,48,3,16,8,20,16,35,0,0,128.0,5152,37486590.0,146014193.0,1245.0,0.24165372670807453
w=16,48,3,16,12,13,16,35,0,0,128.0,5152,37486590.0,112852970.0,1242.0,0.24107142857142858
w=16,48,3,16,14,11,16,35,0,0,128.0,5152,37486590.0,112574439.0,1241.0,0.2408773291925466
w=16,48,4,12,7,18,16,35,0,0,128.0,5152,2342910.0,16711665.0,1448.0,0.281055900621118
w=32,40,2,20,15,14,32,28,0,0,128.0,5152,950009854.0,1901002727.0,1406.0,0.27290372670807456
w=32,40,4,10,13,12,32,28,0,0,128.0,5152,927742.0,3923942.0,2179.0,0.42294254658385094
w=32,42,3,14,13,14,32,28,0,0,128.0,5152,14843902.0,45383656.0,1793.0,0.3480201863354037
w=32,42,3,14,15,12,32,28,0,0,128.0,5152,14843902.0,44777445.0,1792.0,0.34782608695652173
w=32,44,2,22,13,16,32,28,0,0,128.0,5152,3800039422.0,7603486698.0,1407.0,0.27309782608695654
w=32,44,2,22,17,12,32,28,0,0,128.0,5152,3800039422.0,7600357347.0,1404.0,0.27251552795031053
w=32,44,4,11,11,14,32,28,0,0,128.0,5152,1855486.0,8142826.0,2181.0,0.4233307453416149
w=32,44,4,11,15,10,32,28,0,0,128.0,5152,1855486.0,7483363.0,2178.0,0.42274844720496896
w=32,45,3,15,12,15,32,28,0,0,128.0,5152,29687806.0,90636266.0,1794.0,0.3482142857142857
w=32,45,3,15,16,11,32,28,0,0,128.0,5152,29687806.0,89194467.0,1791.0,0.34763198757763975
w=32,45,5,9,8,16,32,28,0,0,128.0,5152,463870.0,4416493.0,2569.0,0.4986413043478261
w=32,48,3,16,9,20,32,28,0,0,128.0,5152,59375614.0,215875567.0,1796.0,0.34860248447204967
w=32,48,3,16,21,8,32,28,0,0,128.0,5152,59375614.0,178148314.0,1787.0,0.3468555900621118
w=256,40,4,10,11,18,256,18,0,0,128.0,5152,4726782.0,30441450.0,9697.0,1.8821816770186335
w=256,40,4,10,19,10,256,18,0,0,128.0,5152,4726782.0,18984924.0,9691.0,1.8810170807453417
w=256,42,3,14,15,14,256,18,0,0,128.0,5152,75628542.0,227868645.0,7429.0,1.4419642857142858
w=256,42,6,7,9,18,256,18,0,0,128.0,5152,590846.0,12982249.0,14228.0,2.7616459627329193
w=256,42,7,6,9,16,256,18,0,0,128.0,5152,295422.0,4427239.0,16493.0,3.2012810559006213
w=256,48,6,8,11,14,256,18,0,0,128.0,5152,1181694.0,7811046.0,14227.0,2.7614518633540373
w=256,48,6,8,15,10,256,18,0,0,128.0,5152,1181694.0,7151583.0,14224.0,2.760869565217391
w=16,42,2,21,10,20,16,35,0,0,128.0,5168,1199570942.0,2441084912.0,1044.0,0.2020123839009288
w=16,42,2,21,14,14,16,35,0,0,128.0,5168,1199570942.0,2400059369.0,1041.0,0.20143188854489164
w=16,42,2,21,15,13,16,35,0,0,128.0,5168,1199570942.0,2399633383.0,1040.0,0.20123839009287925
w=16,42,2,21,21,9,16,35,0,0,128.0,5168,1199570942.0,2399184860.0,1035.0,0.20027089783281735
w=16,44,2,22,13,15,16,35,0,0,128.0,5168,2399141886.0,4799987690.0,1041.0,0.20143188854489164
w=16,44,2,22,16,12,16,35,0,0,128.0,5168,2399141886.0,4798545893.0,1039.0,0.20104489164086686
w=16,48,2,24,12,16,16,35,0,0,128.0,5168,9596567550.0,19196280812.0,1042.0,0.20162538699690402
w=16,48,2,24,17,11,16,35,0,0,128.0,5168,9596567550.0,19193274339.0,1038.0,0.20085139318885448
w=16,48,3,16,13,12,16,35,0,0,128.0,5168,37486590.0,112672744.0,1243.0,0.2405185758513932
w=32,40,4,10,10,16,32,28,0,0,128.0,5168,927742.0,6332396.0,2184.0,0.42260061919504643
w=32,42,2,21,14,15,32,28,0,0,128.0,5168,1900019710.0,3801874409.0,1409.0,0.2726393188854489
w=32,42,2,21,16,13,32,28,0,0,128.0,5168,1900019710.0,3800563685.0,1407.0,0.27225232198142413
w=32,42,3,14,14,13,32,28,0,0,128.0,5168,14843902.0,44990439.0,1795.0,0.3473297213622291
w=32,46,2,23,11,19,32,28,0,0,128.0,5168,7600078846.0,15223226350.0,1411.0,0.2730263157894737
w=32,46,2,23,20,10,32,28,0,0,128.0,5168,7600078846.0,15200239582.0,1404.0,0.27167182662538697
w=32,46,2,23,22,9,32,28,0,0,128.0,5168,7600078846.0,15200202715.0,1403.0,0.27147832817337464
w=32,48,3,16,10,18,32,28,0,0,128.0,5168,59375614.0,188612590.0,1798.0,0.3479102167182663
w=32,48,3,16,19,9,32,28,0,0,128.0,5168,59375614.0,178165726.0,1791.0,0.34655572755417957
w=32,48,4,12,9,17,32,28,0,0,128.0,5168,3710974.0,19562477.0,2184.0,0.42260061919504643
w=32,48,4,12,18,8,32,28,0,0,128.0,5168,3710974.0,14862302.0,2178.0,0.4214396284829721
w=32,50,2,25,12,17,32,28,0,0,128.0,5168,30400315390.0,60806922220.0,1410.0,0.2728328173374613
w=32,50,2,25,18,11,32,28,0,0,128.0,5168,30400315390.0,60800778210.0,1406.0,0.27205882352941174
w=32,50,2,25,24,8,32,28,0,0,128.0,5168,30400315390.0,60800655319.0,1401.0,0.27109133126934987
w=32,50,5,10,11,11,32,28,0,0,128.0,5168,927742.0,4728808.0,2569.0,0.49709752321981426
w=32,50,5,10,12,10,32,28,0,0,128.0,5168,927742.0,4687846.0,2568.0,0.4969040247678019
w=256,40,4,10,10,20,256,18,0,0,128.0,5168,4726782.0,60850156.0,9700.0,1.8769349845201238
w=256,40,4,10,14,14,256,18,0,0,128.0,5168,4726782.0,19824613.0,9697.0,1.8763544891640866
w=256,40,4,10,15,13,256,18,0,0,128.0,5168,4726782.0,19398627.0,9696.0,1.8761609907120742
w=256,40,4,10,21,9,256,18,0,0,128.0,5168,4726782.0,18950104.0,9691.0,1.8751934984520124
w=256,40,5,8,12,15,256,18,0,0,128.0,5168,1181694.0,7481318.0,11963.0,2.3148219814241484
w=256,40,5,8,16,11,256,18,0,0,128.0,5168,1181694.0,6039519.0,11960.0,2.3142414860681115
w=256,42,7,6,11,13,256,18,0,0,128.0,5168,295422.0,2428388.0,16494.0,3.19156346749226
w=256,44,2,22,22,10,256,18,0,0,128.0,5168,19360907262.0,38721904603.0,5161.0,0.9986455108359134
w=256,45,5,9,11,16,256,18,0,0,128.0,5168,2363390.0,14700520.0,11964.0,2.315015479876161
w=256,45,5,9,17,10,256,18,0,0,128.0,5168,2363390.0,11886557.0,11959.0,2.314047987616099
w=256,46,2,23,12,19,256,18,0,0,128.0,5168,38721814526.0,77468794860.0,5168.0,1.0
w=256,46,2,23,15,15,256,18,0,0,128.0,5168,38721814526.0,77445595111.0,5166.0,0.9996130030959752
w=256,46,2,23,16,14,256,18,0,0,128.0,5168,38721814526.0,77444677605.0,5165.0,0.9994195046439629
w=256,46,2,23,20,11,256,18,0,0,128.0,5168,38721814526.0,77443792862.0,5162.0,0.9988390092879257
w=256,46,2,23,24,9,256,18,0,0,128.0,5168,38721814526.0,77443678167.0,5159.0,0.9982585139318886
w=256,48,2,24,14,16,256,18,0,0,128.0,5168,77443629054.0,154890928105.0,5167.0,0.9998065015479877
w=256,48,2,24,17,13,256,18,0,0,128.0,5168,77443629054.0,154887815139.0,5164.0,0.9992260061919505
w=256,48,3,16,11,19,256,18,0,0,128.0,5168,302514174.0,930611180.0,7434.0,1.438467492260062
w=256,48,3,16,20,10,256,18,0,0,128.0,5168,302514174.0,907624412.0,7427.0,1.4371130030959753
w=256,48,3,16,22,9,256,18,0,0,128.0,5168,302514174.0,907587545.0,7426.0,1.436919504643963
w=256,49,7,7,7,20,256,18,0,0,128.0,5168,590846.0,33496043.0,16497.0,3.1921439628482973
w=256,50,5,10,13,13,256,18,0,0,128.0,5168,4726782.0,24059876.0,11962.0,2.3146284829721364
w=256,50,5,10,14,12,256,18,0,0,128.0,5168,4726782.0,23863267.0,11962.0,2.3146284829721364
w=16,42,3,14,11,15,16,35,0,0,128.0,5184,9371646.0,29556716.0,1247.0,0.24054783950617284
w=16,42,3,14,16,10,16,35,0,0,128.0,5184,9371646.0,28180451.0,1243.0,0.23977623456790123
w=16,44,2,22,11,18,16,35,0,0,128.0,5184,2399141886.0,4809818094.0,1045.0,0.20158179012345678
w=16,44,2,22,19,10,16,35,0,0,128.0,5184,2399141886.0,4798361568.0,1039.0,0.20042438271604937
w=16,46,2,23,23,8,16,35,0,0,128.0,5184,4798283774.0,9596591065.0,1036.0,0.19984567901234568
w=16,48,3,16,10,16,16,35,0,0,128.0,5184,37486590.0,115081198.0,1248.0,0.24074074074074073
w=16,48,3,16,17,9,16,35,0,0,128.0,5184,37486590.0,112494561.0,1242.0,0.23958333333333334
w=16,48,4,12,9,14,16,35,0,0,128.0,5184,2342910.0,9961453.0,1450.0,0.2797067901234568
w=32,40,4,10,9,18,32,28,0,0,128.0,5184,927742.0,13148141.0,2186.0,0.4216820987654321
w=32,42,2,21,15,14,32,28,0,0,128.0,5184,1900019710.0,3801022439.0,1410.0,0.27199074074074076
w=32,46,2,23,13,16,32,28,0,0,128.0,5184,7600078846.0,15203565546.0,1411.0,0.27218364197530864
w=32,46,2,23,17,12,32,28,0,0,128.0,5184,7600078846.0,15200436195.0,1408.0,0.2716049382716049
w=32,50,5,10,7,18,32,28,0,0,128.0,5184,927742.0,11978735.0,2574.0,0.4965277777777778
w=256,40,2,20,13,18,256,18,0,0,128.0,5184,4840226814.0,9694085098.0,5169.0,0.9971064814814815
w=256,40,2,20,19,12,256,18,0,0,128.0,5184,4840226814.0,9680764896.0,5165.0,0.9963348765432098
w=256,44,4,11,23,8,256,18,0,0,128.0,5184,9453566.0,37837781.0,9692.0,1.8695987654320987
w=256,45,3,15,14,15,256,18,0,0,128.0,5184,151257086.0,455606247.0,7434.0,1.4340277777777777
w=256,45,3,15,16,13,256,18,0,0,128.0,5184,151257086.0,454295523.0,7432.0,1.433641975308642
w=256,48,3,16,13,16,256,18,0,0,128.0,5184,302514174.0,910950376.0,7434.0,1.4340277777777777
w=256,48,3,16,17,12,256,18,0,0,128.0,5184,302514174.0,907821025.0,7431.0,1.4334490740740742
w=16,44,2,22,10,20,16,35,0,0,128.0,5200,2399141886.0,4840226800.0,1048.0,0.20153846153846153
w=16,44,2,22,14,14,16,35,0,0,128.0,5200,2399141886.0,4799201257.0,1045.0,0.20096153846153847
w=16,44,2,22,15,13,16,35,0,0,128.0,5200,2399141886.0,4798775271.0,1044.0,0.20076923076923076
w=16,44,2,22,21,9,16,35,0,0,128.0,5200,2399141886.0,4798326748.0,1039.0,0.1998076923076923
w=16,44,4,11,7,19,16,35,0,0,128.0,5200,1171454.0,19365873.0,1454.0,0.2796153846153846
w=16,46,2,23,13,15,16,35,0,0,128.0,5200,4798283774.0,9598271466.0,1045.0,0.20096153846153847
w=16,46,2,23,16,12,16,35,0,0,128.0,5200,4798283774.0,9596829669.0,1043.0,0.20057692307692307
w=16,48,3,16,9,18,16,35,0,0,128.0,5200,37486590.0,121896943.0,1250.0,0.2403846153846154
w=16,48,3,16,19,8,16,35,0,0,128.0,5200,37486590.0,112479198.0,1243.0,0.23903846153846153
w=16,48,4,12,8,16,16,35,0,0,128.0,5200,2342910.0,11468783.0,1453.0,0.27942307692307694
w=16,50,2,25,12,16,16,35,0,0,128.0,5200,19193135102.0,38389415916.0,1046.0,0.20115384615384616
w=16,50,2,25,17,11,16,35,0,0,128.0,5200,19193135102.0,38386409443.0,1042.0,0.20038461538461538
w=32,40,2,20,12,18,32,28,0,0,128.0,5200,950009854.0,1912602604.0,1414.0,0.27192307692307693
w=32,40,2,20,19,11,32,28,0,0,128.0,5200,950009854.0,1900175328.0,1409.0,0.2709615384615385
w=32,42,3,14,11,17,32,28,0,0,128.0,5200,14843902.0,50298860.0,1801.0,0.34634615384615386
w=32,42,3,14,18,10,32,28,0,0,128.0,5200,14843902.0,44605408.0,1796.0,0.3453846153846154
w=32,42,3,14,22,8,32,28,0,0,128.0,5200,14843902.0,44554201.0,1793.0,0.3448076923076923
w=32,44,2,22,14,15,32,28,0,0,128.0,5200,3800039422.0,7601913833.0,1413.0,0.2717307692307692
w=32,44,2,22,16,13,32,28,0,0,128.0,5200,3800039422.0,7600603109.0,1411.0,0.27134615384615385
w=32,44,4,11,8,20,32,28,0,0,128.0,5200,1855486.0,40976367.0,2189.0,0.42096153846153844
w=32,44,4,11,12,13,32,28,0,0,128.0,5200,1855486.0,7815144.0,2186.0,0.4203846153846154
w=32,44,4,11,14,11,32,28,0,0,128.0,5200,1855486.0,7536613.0,2185.0,0.4201923076923077
w=32,45,3,15,13,14,32,28,0,0,128.0,5200,29687806.0,89915368.0,1799.0,0.3459615384615385
w=32,45,3,15,15,12,32,28,0,0,128.0,5200,29687806.0,89309157.0,1798.0,0.3457692307692308
w=32,48,2,24,11,19,32,28,0,0,128.0,5200,15200157694.0,30423384046.0,1415.0,0.2721153846153846
w=32,48,2,24,20,10,32,28,0,0,128.0,5200,15200157694.0,30400397278.0,1408.0,0.27076923076923076
w=32,48,2,24,22,9,32,28,0,0,128.0,5200,15200157694.0,30400360411.0,1407.0,0.2705769230769231
w=32,48,3,16,12,15,32,28,0,0,128.0,5200,59375614.0,179699690.0,1800.0,0.34615384615384615
w=32,48,3,16,16,11,32,28,0,0,128.0,5200,59375614.0,178257891.0,1797.0,0.34557692307692306
w=256,42,3,14,12,18,256,18,0,0,128.0,5200,75628542.0,239468522.0,7437.0,1.4301923076923078
w=256,42,3,14,19,11,256,18,0,0,128.0,5200,75628542.0,227041246.0,7432.0,1.4292307692307693
w=256,42,7,6,12,12,256,18,0,0,128.0,5200,295422.0,2264546.0,16497.0,3.1725
w=256,42,7,6,13,11,256,18,0,0,128.0,5200,295422.0,2174432.0,16496.0,3.1723076923076925
w=256,44,4,11,13,15,256,18,0,0,128.0,5200,9453566.0,39518182.0,9701.0,1.865576923076923
w=256,44,4,11,16,12,256,18,0,0,128.0,5200,9453566.0,38076385.0,9699.0,1.8651923076923076
w=256,45,3,15,15,14,256,18,0,0,128.0,5200,151257086.0,454754277.0,7435.0,1.4298076923076923
w=256,45,5,9,9,20,256,18,0,0,128.0,5200,2363390.0,49565675.0,11969.0,2.3017307692307694
w=256,45,5,9,21,8,256,18,0,0,128.0,5200,2363390.0,11838422.0,11960.0,2.3
w=256,46,2,23,22,10,256,18,0,0,128.0,5200,38721814526.0,77443719131.0,5165.0,0.9932692307692308
w=256,48,2,24,12,19,256,18,0,0,128.0,5200,77443629054.0,154912423916.0,5172.0,0.9946153846153846
w=256,48,2,24,15,15,256,18,0,0,128.0,5200,77443629054.0,154889224167.0,5170.0,0.9942307692307693
w=256,48,2,24,16,14,256,18,0,0,128.0,5200,77443629054.0,154888306661.0,5169.0,0.9940384615384615
w=256,48,2,24,20,11,256,18,0,0,128.0,5200,77443629054.0,154887421918.0,5166.0,0.9934615384615385
w=256,48,2,24,24,9,256,18,0,0,128.0,5200,77443629054.0,154887307223.0,5163.0,0.9928846153846154
w=256,48,4,12,12,16,256,18,0,0,128.0,5200,18907134.0,78774248.0,9702.0,1.8657692307692308
w=256,48,4,12,17,11,256,18,0,0,128.0,5200,18907134.0,75767775.0,9698.0,1.865
w=256,48,6,8,8,20,256,18,0,0,128.0,5200,1181694.0,40644587.0,14235.0,2.7375
w=256,48,6,8,12,13,256,18,0,0,128.0,5200,1181694.0,7483364.0,14232.0,2.736923076923077
w=256,48,6,8,14,11,256,18,0,0,128.0,5200,1181694.0,7204833.0,14231.0,2.7367307692307694
w=256,50,2,25,14,16,256,18,0,0,128.0,5200,154887258110.0,309778186217.0,5171.0,0.994423076923077
w=256,50,2,25,17,13,256,18,0,0,128.0,5200,154887258110.0,309775073251.0,5168.0,0.9938461538461538
w=16,46,2,23,11,18,16,35,0,0,128.0,5216,4798283774.0,9608101870.0,1049.0,0.20111196319018404
w=16,46,2,23,19,10,16,35,0,0,128.0,5216,4798283774.0,9596645344.0,1043.0,0.1999616564417178
w=16,48,2,24,23,8,16,35,0,0,128.0,5216,9596567550.0,19193158617.0,1040.0,0.19938650306748465
w=32,44,2,22,15,14,32,28,0,0,128.0,5216,3800039422.0,7601061863.0,1414.0,0.27108895705521474
w=32,44,4,11,13,12,32,28,0,0,128.0,5216,1855486.0,7634918.0,2187.0,0.4192868098159509
w=32,45,3,15,14,13,32,28,0,0,128.0,5216,29687806.0,89522151.0,1801.0,0.34528374233128833
w=32,45,5,9,7,19,32,28,0,0,128.0,5216,463870.0,16999407.0,2578.0,0.4942484662576687
w=32,45,5,9,10,13,32,28,0,0,128.0,5216,463870.0,2647018.0,2576.0,0.4938650306748466
w=32,48,2,24,13,16,32,28,0,0,128.0,5216,15200157694.0,30403723242.0,1415.0,0.27128067484662577
w=32,48,2,24,17,12,32,28,0,0,128.0,5216,15200157694.0,30400593891.0,1412.0,0.27070552147239263
w=32,48,4,12,11,14,32,28,0,0,128.0,5216,3710974.0,15564778.0,2189.0,0.419670245398773
w=32,48,4,12,15,10,32,28,0,0,128.0,5216,3710974.0,14905315.0,2186.0,0.4190950920245399
w=32,50,5,10,9,14,32,28,0,0,128.0,5216,927742.0,5228523.0,2576.0,0.4938650306748466
w=256,40,5,8,13,14,256,18,0,0,128.0,5216,1181694.0,6760420.0,11968.0,2.294478527607362
w=256,40,5,8,15,12,256,18,0,0,128.0,5216,1181694.0,6154209.0,11967.0,2.294286809815951
w=256,42,2,21,13,18,256,18,0,0,128.0,5216,9680453630.0,19374538730.0,5173.0,0.9917561349693251
w=256,42,2,21,19,12,256,18,0,0,128.0,5216,9680453630.0,19361218528.0,5169.0,0.990989263803681
w=256,44,4,11,11,18,256,18,0,0,128.0,5216,9453566.0,49348586.0,9705.0,1.8606211656441718
w=256,44,4,11,19,10,256,18,0,0,128.0,5216,9453566.0,37892060.0,9699.0,1.8594708588957056
w=256,45,5,9,10,18,256,18,0,0,128.0,5216,2363390.0,22302698.0,11971.0,2.295053680981595
w=256,45,5,9,19,9,256,18,0,0,128.0,5216,2363390.0,11855834.0,11964.0,2.293711656441718
w=256,48,6,8,13,12,256,18,0,0,128.0,5216,1181694.0,7303138.0,14233.0,2.7287193251533743
w=256,48,8,6,7,18,256,18,0,0,128.0,5216,295422.0,9703401.0,18768.0,3.598159509202454
w=256,49,7,7,10,14,256,18,0,0,128.0,5216,590846.0,4791270.0,16501.0,3.1635352760736195
w=256,49,7,7,15,9,256,18,0,0,128.0,5216,590846.0,4166621.0,16497.0,3.1627684049079754
w=16,40,2,20,12,17,16,35,0,0,128.0,5232,599785470.0,1205862380.0,1050.0,0.2006880733944954
w=16,40,2,20,18,11,16,35,0,0,128.0,5232,599785470.0,1199718370.0,1046.0,0.19992354740061163
w=16,40,2,20,24,8,16,35,0,0,128.0,5232,599785470.0,1199595479.0,1041.0,0.19896788990825687
w=16,45,3,15,11,15,16,35,0,0,128.0,5232,18743294.0,57671660.0,1253.0,0.23948776758409787
w=16,45,3,15,16,10,16,35,0,0,128.0,5232,18743294.0,56295395.0,1249.0,0.23872324159021407
w=16,46,2,23,10,20,16,35,0,0,128.0,5232,4798283774.0,9638510576.0,1052.0,0.20107033639143732
w=16,46,2,23,14,14,16,35,0,0,128.0,5232,4798283774.0,9597485033.0,1049.0,0.20049694189602446
w=16,46,2,23,15,13,16,35,0,0,128.0,5232,4798283774.0,9597059047.0,1048.0,0.20030581039755352
w=16,46,2,23,21,9,16,35,0,0,128.0,5232,4798283774.0,9596610524.0,1043.0,0.19935015290519878
w=16,48,2,24,13,15,16,35,0,0,128.0,5232,9596567550.0,19194839018.0,1049.0,0.20049694189602446
w=16,48,2,24,16,12,16,35,0,0,128.0,5232,9596567550.0,19193397221.0,1047.0,0.20011467889908258
w=32,40,2,20,23,9,32,28,0,0,128.0,5232,950009854.0,1900066777.0,1410.0,0.2694954128440367
w=32,42,2,21,12,18,32,28,0,0,128.0,5232,1900019710.0,3812622316.0,1418.0,0.27102446483180426
w=32,42,2,21,19,11,32,28,0,0,128.0,5232,1900019710.0,3800195040.0,1413.0,0.27006880733944955
w=32,42,3,14,10,19,32,28,0,0,128.0,5232,14843902.0,65503214.0,1806.0,0.3451834862385321
w=32,42,3,14,20,9,32,28,0,0,128.0,5232,14843902.0,44572636.0,1798.0,0.34365443425076453
w=32,44,4,11,10,16,32,28,0,0,128.0,5232,1855486.0,10043372.0,2192.0,0.41896024464831805
w=32,44,4,11,17,9,32,28,0,0,128.0,5232,1855486.0,7456735.0,2186.0,0.41781345565749234
w=32,46,2,23,14,15,32,28,0,0,128.0,5232,7600078846.0,15201992681.0,1417.0,0.2708333333333333
w=32,46,2,23,16,13,32,28,0,0,128.0,5232,7600078846.0,15200681957.0,1415.0,0.27045107033639143
w=32,50,2,25,11,19,32,28,0,0,128.0,5232,30400315390.0,60823699438.0,1419.0,0.27121559633027525
w=32,50,2,25,20,10,32,28,0,0,128.0,5232,30400315390.0,60800712670.0,1412.0,0.2698776758409786
w=32,50,2,25,22,9,32,28,0,0,128.0,5232,30400315390.0,60800675803.0,1411.0,0.26968654434250766
w=32,50,5,10,8,16,32,28,0,0,128.0,5232,927742.0,6735853.0,2579.0,0.4929281345565749
w=256,40,5,8,14,13,256,18,0,0,128.0,5232,1181694.0,6367203.0,11970.0,2.2878440366972477
w=256,42,3,14,23,9,256,18,0,0,128.0,5232,75628542.0,226932695.0,7433.0,1.4206804281345566
w=256,42,6,7,11,15,256,18,0,0,128.0,5232,590846.0,4986854.0,14237.0,2.7211391437308867
w=256,42,6,7,16,10,256,18,0,0,128.0,5232,590846.0,3610589.0,14233.0,2.720374617737003
w=256,44,4,11,10,20,256,18,0,0,128.0,5232,9453566.0,79757292.0,9708.0,1.8555045871559632
w=256,44,4,11,14,14,256,18,0,0,128.0,5232,9453566.0,38731749.0,9705.0,1.8549311926605505
w=256,44,4,11,15,13,256,18,0,0,128.0,5232,9453566.0,38305763.0,9704.0,1.8547400611620795
w=256,44,4,11,21,9,256,18,0,0,128.0,5232,9453566.0,37857240.0,9699.0,1.8537844036697249
w=256,48,2,24,22,10,256,18,0,0,128.0,5232,77443629054.0,154887348187.0,5169.0,0.9879587155963303
w=256,48,3,16,14,15,256,18,0,0,128.0,5232,302514174.0,909377511.0,7440.0,1.4220183486238531
w=256,48,3,16,16,13,256,18,0,0,128.0,5232,302514174.0,908066787.0,7438.0,1.4216360856269112
w=256,48,6,8,10,16,256,18,0,0,128.0,5232,1181694.0,9711592.0,14238.0,2.721330275229358
w=256,48,6,8,17,9,256,18,0,0,128.0,5232,1181694.0,7124955.0,14232.0,2.720183486238532
w=256,50,2,25,12,19,256,18,0,0,128.0,5232,154887258110.0,309799682028.0,5176.0,0.9892966360856269
w=256,50,2,25,15,15,256,18,0,0,128.0,5232,154887258110.0,309776482279.0,5174.0,0.988914373088685
w=256,50,2,25,16,14,256,18,0,0,128.0,5232,154887258110.0,309775564773.0,5173.0,0.9887232415902141
w=256,50,2,25,20,11,256,18,0,0,128.0,5232,154887258110.0,309774680030.0,5170.0,0.9881498470948012
w=256,50,2,25,24,9,256,18,0,0,128.0,5232,154887258110.0,309774565335.0,5167.0,0.9875764525993884
w=16,40,4,10,7,20,16,35,0,0,128.0,5248,585726.0,31703025.0,1460.0,0.2782012195121951
w=16,42,3,14,9,19,16,35,0,0,128.0,5248,9371646.0,46989295.0,1256.0,0.23932926829268292
w=16,42,3,14,10,17,16,35,0,0,128.0,5248,9371646.0,33357806.0,1256.0,0.23932926829268292
w=16,42,3,14,12,14,16,35,0,0,128.0,5248,9371646.0,28901354.0,1254.0,0.23894817073170732
w=16,42,3,14,15,11,16,35,0,0,128.0,5248,9371646.0,28237797.0,1252.0,0.2385670731707317
w=16,42,3,14,18,9,16,35,0,0,128.0,5248,9371646.0,28151776.0,1250.0,0.2381859756097561
w=16,42,3,14,20,8,16,35,0,0,128.0,5248,9371646.0,28135388.0,1248.0,0.23780487804878048
w=16,44,4,11,11,12,16,35,0,0,128.0,5248,1171454.0,4866026.0,1457.0,0.2776295731707317
w=16,48,2,24,11,18,16,35,0,0,128.0,5248,9596567550.0,19204669422.0,1053.0,0.20064786585365854
w=16,48,2,24,19,10,16,35,0,0,128.0,5248,9596567550.0,19193212896.0,1047.0,0.1995045731707317
w=16,50,2,25,23,8,16,35,0,0,128.0,5248,19193135102.0,38386293721.0,1044.0,0.1989329268292683
w=32,40,2,20,11,20,32,28,0,0,128.0,5248,950009854.0,1946157038.0,1421.0,0.2707698170731707
w=32,40,2,20,21,10,32,28,0,0,128.0,5248,950009854.0,1900105692.0,1413.0,0.2692454268292683
w=32,40,5,8,7,20,32,28,0,0,128.0,5248,231934.0,30519791.0,2582.0,0.4919969512195122
w=32,44,4,11,9,18,32,28,0,0,128.0,5248,1855486.0,16859117.0,2194.0,0.4180640243902439
w=32,44,4,11,19,8,32,28,0,0,128.0,5248,1855486.0,7441372.0,2187.0,0.4167301829268293
w=32,45,3,15,11,17,32,28,0,0,128.0,5248,29687806.0,94830572.0,1807.0,0.3443216463414634
w=32,45,3,15,18,10,32,28,0,0,128.0,5248,29687806.0,89137120.0,1802.0,0.3433689024390244
w=32,45,3,15,22,8,32,28,0,0,128.0,5248,29687806.0,89085913.0,1799.0,0.34279725609756095
w=32,46,2,23,15,14,32,28,0,0,128.0,5248,7600078846.0,15201140711.0,1418.0,0.2701981707317073
w=32,48,3,16,13,14,32,28,0,0,128.0,5248,59375614.0,178978792.0,1805.0,0.3439405487804878
w=32,48,3,16,15,12,32,28,0,0,128.0,5248,59375614.0,178372581.0,1804.0,0.34375
w=32,50,2,25,13,16,32,28,0,0,128.0,5248,30400315390.0,60804038634.0,1419.0,0.2703887195121951
w=32,50,2,25,17,12,32,28,0,0,128.0,5248,30400315390.0,60800909283.0,1416.0,0.2698170731707317
w=256,42,3,14,11,20,256,18,0,0,128.0,5248,75628542.0,273022956.0,7444.0,1.4184451219512195
w=256,42,3,14,21,10,256,18,0,0,128.0,5248,75628542.0,226971610.0,7436.0,1.4169207317073171
w=256,44,2,22,13,18,256,18,0,0,128.0,5248,19360907262.0,38735445994.0,5177.0,0.9864710365853658
w=256,44,2,22,19,12,256,18,0,0,128.0,5248,19360907262.0,38722125792.0,5173.0,0.9857088414634146
w=256,45,3,15,12,18,256,18,0,0,128.0,5248,151257086.0,466354154.0,7443.0,1.4182545731707317
w=256,45,3,15,19,11,256,18,0,0,128.0,5248,151257086.0,453926878.0,7438.0,1.4173018292682926
w=256,45,5,9,12,15,256,18,0,0,128.0,5248,2363390.0,13389798.0,11973.0,2.2814405487804876
w=256,45,5,9,16,11,256,18,0,0,128.0,5248,2363390.0,11947999.0,11970.0,2.2808689024390243
w=256,48,3,16,15,14,256,18,0,0,128.0,5248,302514174.0,908525541.0,7441.0,1.4178734756097562
w=256,48,4,12,23,8,256,18,0,0,128.0,5248,18907134.0,75652053.0,9700.0,1.8483231707317074
w=256,48,6,8,9,18,256,18,0,0,128.0,5248,1181694.0,16527337.0,14240.0,2.7134146341463414
w=256,48,6,8,19,8,256,18,0,0,128.0,5248,1181694.0,7109592.0,14233.0,2.7120807926829267
w=256,48,8,6,9,14,256,18,0,0,128.0,5248,295422.0,2953189.0,18770.0,3.5766006097560976
w=256,49,7,7,8,18,256,18,0,0,128.0,5248,590846.0,12524521.0,16506.0,3.145198170731707
w=256,50,5,10,11,16,256,18,0,0,128.0,5248,4726782.0,26517480.0,11974.0,2.2816310975609757
w=256,50,5,10,17,10,256,18,0,0,128.0,5248,4726782.0,23703517.0,11969.0,2.2806783536585367
w=16,42,2,21,12,17,16,35,0,0,128.0,5264,1199570942.0,2405433324.0,1054.0,0.20022796352583586
w=16,42,2,21,18,11,16,35,0,0,128.0,5264,1199570942.0,2399289314.0,1050.0,0.19946808510638298
w=16,42,2,21,24,8,16,35,0,0,128.0,5264,1199570942.0,2399166423.0,1045.0,0.19851823708206687
w=16,44,4,11,8,17,16,35,0,0,128.0,5264,1171454.0,8880111.0,1461.0,0.27754559270516715
w=16,44,4,11,9,15,16,35,0,0,128.0,5264,1171454.0,5865453.0,1460.0,0.2773556231003039
w=16,48,2,24,10,20,16,35,0,0,128.0,5264,9596567550.0,19235078128.0,1056.0,0.2006079027355623
w=16,48,2,24,14,14,16,35,0,0,128.0,5264,9596567550.0,19194052585.0,1053.0,0.20003799392097266
w=16,48,2,24,15,13,16,35,0,0,128.0,5264,9596567550.0,19193626599.0,1052.0,0.19984802431610943
w=16,48,2,24,21,9,16,35,0,0,128.0,5264,9596567550.0,19193178076.0,1047.0,0.19889817629179332
w=16,48,4,12,7,19,16,35,0,0,128.0,5264,2342910.0,24051697.0,1462.0,0.2777355623100304
w=16,48,4,12,10,13,16,35,0,0,128.0,5264,2342910.0,9699308.0,1460.0,0.2773556231003039
w=16,48,4,12,14,9,16,35,0,0,128.0,5264,2342910.0,9400293.0,1457.0,0.2767857142857143
w=16,50,2,25,13,15,16,35,0,0,128.0,5264,19193135102.0,38387974122.0,1053.0,0.20003799392097266
w=16,50,2,25,16,12,16,35,0,0,128.0,5264,19193135102.0,38386532325.0,1051.0,0.1996580547112462
w=32,40,4,10,11,15,32,28,0,0,128.0,5264,927742.0,5152746.0,2195.0,0.416983282674772
w=32,42,2,21,23,9,32,28,0,0,128.0,5264,1900019710.0,3800086489.0,1414.0,0.26861702127659576
w=32,44,2,22,12,18,32,28,0,0,128.0,5264,3800039422.0,7612661740.0,1422.0,0.2701367781155015
w=32,44,2,22,19,11,32,28,0,0,128.0,5264,3800039422.0,7600234464.0,1417.0,0.2691869300911854
w=32,45,5,9,11,12,32,28,0,0,128.0,5264,463870.0,2499560.0,2581.0,0.4903115501519757
w=32,48,2,24,14,15,32,28,0,0,128.0,5264,15200157694.0,30402150377.0,1421.0,0.2699468085106383
w=32,48,2,24,16,13,32,28,0,0,128.0,5264,15200157694.0,30400839653.0,1419.0,0.26956686930091184
w=32,48,3,16,14,13,32,28,0,0,128.0,5264,59375614.0,178585575.0,1807.0,0.34327507598784196
w=32,48,4,12,8,20,32,28,0,0,128.0,5264,3710974.0,48398319.0,2197.0,0.4173632218844985
w=32,48,4,12,12,13,32,28,0,0,128.0,5264,3710974.0,15237096.0,2194.0,0.4167933130699088
w=32,48,4,12,14,11,32,28,0,0,128.0,5264,3710974.0,14958565.0,2193.0,0.4166033434650456
w=256,40,2,20,12,20,256,18,0,0,128.0,5264,4840226814.0,9730785260.0,5180.0,0.9840425531914894
w=256,40,2,20,14,17,256,18,0,0,128.0,5264,4840226814.0,9687793641.0,5179.0,0.9838525835866262
w=256,40,2,20,18,13,256,18,0,0,128.0,5264,4840226814.0,9681043426.0,5176.0,0.9832826747720365
w=256,40,2,20,21,11,256,18,0,0,128.0,5264,4840226814.0,9680625628.0,5173.0,0.9827127659574468
w=256,40,4,10,12,17,256,18,0,0,128.0,5264,4726782.0,25198568.0,9710.0,1.8446048632218845
w=256,40,4,10,18,11,256,18,0,0,128.0,5264,4726782.0,19054558.0,9706.0,1.8438449848024316
w=256,40,4,10,24,8,256,18,0,0,128.0,5264,4726782.0,18931667.0,9701.0,1.8428951367781155
w=256,40,5,8,11,17,256,18,0,0,128.0,5264,1181694.0,11675624.0,11976.0,2.2750759878419453
w=256,40,5,8,18,10,256,18,0,0,128.0,5264,1181694.0,5982172.0,11971.0,2.2741261398176293
w=256,42,7,6,8,19,256,18,0,0,128.0,5264,295422.0,18845161.0,16508.0,3.136018237082067
w=256,42,7,6,10,15,256,18,0,0,128.0,5264,295422.0,3378662.0,16507.0,3.1358282674772036
w=256,48,4,12,13,15,256,18,0,0,128.0,5264,18907134.0,77332454.0,9709.0,1.8444148936170213
w=256,48,4,12,16,12,256,18,0,0,128.0,5264,18907134.0,75890657.0,9707.0,1.844034954407295
w=256,48,8,6,8,16,256,18,0,0,128.0,5264,295422.0,4460519.0,18773.0,3.5662993920972643
w=256,49,7,7,9,16,256,18,0,0,128.0,5264,590846.0,6495207.0,16507.0,3.1358282674772036
w=256,49,7,7,17,8,256,18,0,0,128.0,5264,590846.0,4153305.0,16501.0,3.1346884498480243
w=256,50,2,25,22,10,256,18,0,0,128.0,5264,154887258110.0,309774606299.0,5173.0,0.9827127659574468
w=16,42,3,14,13,13,16,35,0,0,128.0,5280,9371646.0,28540904.0,1257.0,0.23806818181818182
w=16,42,3,14,14,12,16,35,0,0,128.0,5280,9371646.0,28344295.0,1257.0,0.23806818181818182
w=16,48,3,16,11,15,16,35,0,0,128.0,5280,37486590.0,113901548.0,1259.0,0.23844696969696969
w=16,48,3,16,16,10,16,35,0,0,128.0,5280,37486590.0,112525283.0,1255.0,0.23768939393939395
w=16,50,2,25,11,18,16,35,0,0,128.0,5280,19193135102.0,38397804526.0,1057.0,0.20018939393939394
w=16,50,2,25,19,10,16,35,0,0,128.0,5280,19193135102.0,38386348000.0,1051.0,0.19905303030303031
w=32,42,2,21,11,20,32,28,0,0,128.0,5280,1900019710.0,3846176750.0,1425.0,0.26988636363636365
w=32,42,2,21,21,10,32,28,0,0,128.0,5280,1900019710.0,3800125404.0,1417.0,0.2683712121212121
w=32,45,3,15,10,19,32,28,0,0,128.0,5280,29687806.0,110034926.0,1812.0,0.3431818181818182
w=32,45,3,15,20,9,32,28,0,0,128.0,5280,29687806.0,89104348.0,1804.0,0.3416666666666667
w=32,45,5,9,8,17,32,28,0,0,128.0,5280,463870.0,6513645.0,2585.0,0.4895833333333333
w=32,45,5,9,9,15,32,28,0,0,128.0,5280,463870.0,3498987.0,2584.0,0.4893939393939394
w=32,45,5,9,12,11,32,28,0,0,128.0,5280,463870.0,2417638.0,2582.0,0.4890151515151515
w=32,48,2,24,15,14,32,28,0,0,128.0,5280,15200157694.0,30401298407.0,1422.0,0.26931818181818185
w=32,48,4,12,13,12,32,28,0,0,128.0,5280,3710974.0,15056870.0,2195.0,0.41571969696969696
w=256,40,2,20,23,10,256,18,0,0,128.0,5280,4840226814.0,9680547801.0,5174.0,0.9799242424242425
w=256,45,3,15,23,9,256,18,0,0,128.0,5280,151257086.0,453818327.0,7439.0,1.4089015151515152
w=256,46,2,23,13,18,256,18,0,0,128.0,5280,38721814526.0,77457260522.0,5181.0,0.98125
w=256,46,2,23,19,12,256,18,0,0,128.0,5280,38721814526.0,77443940320.0,5177.0,0.9804924242424242
w=256,48,4,12,11,18,256,18,0,0,128.0,5280,18907134.0,87162858.0,9713.0,1.8395833333333333
w=256,48,4,12,19,10,256,18,0,0,128.0,5280,18907134.0,75706332.0,9707.0,1.8384469696969696
w=256,49,7,7,11,13,256,18,0,0,128.0,5280,590846.0,4496356.0,16508.0,3.1265151515151515
w=256,49,7,7,14,10,256,18,0,0,128.0,5280,590846.0,4193247.0,16506.0,3.1261363636363635
w=256,50,5,10,9,20,256,18,0,0,128.0,5280,4726782.0,61382635.0,11979.0,2.26875
w=256,50,5,10,21,8,256,18,0,0,128.0,5280,4726782.0,23655382.0,11970.0,2.2670454545454546
w=16,40,2,20,11,19,16,35,0,0,128.0,5296,599785470.0,1222639598.0,1059.0,0.19996223564954682
w=16,40,2,20,20,10,16,35,0,0,128.0,5296,599785470.0,1199652830.0,1052.0,0.1986404833836858
w=16,40,2,20,22,9,16,35,0,0,128.0,5296,599785470.0,1199615963.0,1051.0,0.19845166163141995
w=16,44,2,22,12,17,16,35,0,0,128.0,5296,2399141886.0,4804575212.0,1058.0,0.19977341389728095
w=16,44,2,22,18,11,16,35,0,0,128.0,5296,2399141886.0,4798431202.0,1054.0,0.19901812688821752
w=16,44,2,22,24,8,16,35,0,0,128.0,5296,2399141886.0,4798308311.0,1049.0,0.1980740181268882
w=16,45,3,15,9,19,16,35,0,0,128.0,5296,18743294.0,75104239.0,1262.0,0.23829305135951662
w=16,45,3,15,10,17,16,35,0,0,128.0,5296,18743294.0,61472750.0,1262.0,0.23829305135951662
w=16,45,3,15,12,14,16,35,0,0,128.0,5296,18743294.0,57016298.0,1260.0,0.23791540785498488
w=16,45,3,15,15,11,16,35,0,0,128.0,5296,18743294.0,56352741.0,1258.0,0.23753776435045318
w=16,45,3,15,18,9,16,35,0,0,128.0,5296,18743294.0,56266720.0,1256.0,0.23716012084592145
w=16,45,3,15,20,8,16,35,0,0,128.0,5296,18743294.0,56250332.0,1254.0,0.23678247734138974
w=16,50,2,25,10,20,16,35,0,0,128.0,5296,19193135102.0,38428213232.0,1060.0,0.2001510574018127
w=16,50,2,25,14,14,16,35,0,0,128.0,5296,19193135102.0,38387187689.0,1057.0,0.19958459214501512
w=16,50,2,25,15,13,16,35,0,0,128.0,5296,19193135102.0,38386761703.0,1056.0,0.19939577039274925
w=16,50,2,25,21,9,16,35,0,0,128.0,5296,19193135102.0,38386313180.0,1051.0,0.19845166163141995
w=32,40,2,20,13,17,32,28,0,0,128.0,5296,950009854.0,1906835434.0,1425.0,0.26907099697885195
w=32,40,2,20,18,12,32,28,0,0,128.0,5296,950009854.0,1900314594.0,1422.0,0.2685045317220544
w=32,42,3,14,12,16,32,28,0,0,128.0,5296,14843902.0,47677418.0,1812.0,0.3421450151057402
w=32,42,3,14,17,11,32,28,0,0,128.0,5296,14843902.0,44670945.0,1808.0,0.3413897280966767
w=32,44,2,22,23,9,32,28,0,0,128.0,5296,3800039422.0,7600125913.0,1418.0,0.26774924471299094
w=32,46,2,23,12,18,32,28,0,0,128.0,5296,7600078846.0,15212740588.0,1426.0,0.2692598187311178
w=32,46,2,23,19,11,32,28,0,0,128.0,5296,7600078846.0,15200313312.0,1421.0,0.26831570996978854
w=32,48,3,16,11,17,32,28,0,0,128.0,5296,59375614.0,183893996.0,1813.0,0.34233383685800606
w=32,48,3,16,18,10,32,28,0,0,128.0,5296,59375614.0,178200544.0,1808.0,0.3413897280966767
w=32,48,3,16,22,8,32,28,0,0,128.0,5296,59375614.0,178149337.0,1805.0,0.3408232628398791
w=32,48,4,12,10,16,32,28,0,0,128.0,5296,3710974.0,17465324.0,2200.0,0.41540785498489424
w=32,48,4,12,17,9,32,28,0,0,128.0,5296,3710974.0,14878687.0,2194.0,0.4142749244712991
w=32,50,2,25,14,15,32,28,0,0,128.0,5296,30400315390.0,60802465769.0,1425.0,0.26907099697885195
w=32,50,2,25,16,13,32,28,0,0,128.0,5296,30400315390.0,60801155045.0,1423.0,0.2686933534743202
w=32,50,5,10,7,19,32,28,0,0,128.0,5296,927742.0,19318767.0,2588.0,0.48867069486404835
w=32,50,5,10,10,13,32,28,0,0,128.0,5296,927742.0,4966378.0,2586.0,0.4882930513595166
w=32,50,5,10,14,9,32,28,0,0,128.0,5296,927742.0,4667363.0,2583.0,0.487726586102719
w=256,40,5,8,10,19,256,18,0,0,128.0,5296,1181694.0,26879978.0,11981.0,2.262273413897281
w=256,40,5,8,20,9,256,18,0,0,128.0,5296,1181694.0,5949400.0,11973.0,2.260762839879154
w=256,42,2,21,12,20,256,18,0,0,128.0,5296,9680453630.0,19411238892.0,5184.0,0.9788519637462235
w=256,42,2,21,14,17,256,18,0,0,128.0,5296,9680453630.0,19368247273.0,5183.0,0.9786631419939577
w=256,42,2,21,18,13,256,18,0,0,128.0,5296,9680453630.0,19361497058.0,5180.0,0.9780966767371602
w=256,42,2,21,21,11,256,18,0,0,128.0,5296,9680453630.0,19361079260.0,5177.0,0.9775302114803626
w=256,42,3,14,13,17,256,18,0,0,128.0,5296,75628542.0,233701352.0,7448.0,1.406344410876133
w=256,42,3,14,18,12,256,18,0,0,128.0,5296,75628542.0,227180512.0,7445.0,1.4057779456193353
w=256,42,6,7,9,19,256,18,0,0,128.0,5296,590846.0,22419433.0,14246.0,2.6899546827794563
w=256,42,6,7,10,17,256,18,0,0,128.0,5296,590846.0,8787944.0,14246.0,2.6899546827794563
w=256,42,6,7,12,14,256,18,0,0,128.0,5296,590846.0,4331492.0,14244.0,2.6895770392749245
w=256,42,6,7,15,11,256,18,0,0,128.0,5296,590846.0,3667935.0,14242.0,2.689199395770393
w=256,42,6,7,18,9,256,18,0,0,128.0,5296,590846.0,3581914.0,14240.0,2.688821752265861
w=256,42,6,7,20,8,256,18,0,0,128.0,5296,590846.0,3565526.0,14238.0,2.6884441087613293
w=256,42,7,6,9,17,256,18,0,0,128.0,5296,295422.0,6786535.0,16511.0,3.117635951661631
w=256,45,3,15,11,20,256,18,0,0,128.0,5296,151257086.0,499908588.0,7450.0,1.4067220543806647
w=256,45,3,15,21,10,256,18,0,0,128.0,5296,151257086.0,453857242.0,7442.0,1.4052114803625377
w=256,45,5,9,13,14,256,18,0,0,128.0,5296,2363390.0,12668900.0,11978.0,2.2617069486404833
w=256,45,5,9,15,12,256,18,0,0,128.0,5296,2363390.0,12062689.0,11977.0,2.2615181268882174
w=256,48,3,16,12,18,256,18,0,0,128.0,5296,302514174.0,920125418.0,7449.0,1.4065332326283988
w=256,48,3,16,19,11,256,18,0,0,128.0,5296,302514174.0,907698142.0,7444.0,1.4055891238670695
w=256,48,4,12,10,20,256,18,0,0,128.0,5296,18907134.0,117571564.0,9716.0,1.8345921450151057
w=256,48,4,12,14,14,256,18,0,0,128.0,5296,18907134.0,76546021.0,9713.0,1.834025679758308
w=256,48,4,12,15,13,256,18,0,0,128.0,5296,18907134.0,76120035.0,9712.0,1.8338368580060422
w=256,48,4,12,21,9,256,18,0,0,128.0,5296,18907134.0,75671512.0,9707.0,1.832892749244713
w=256,50,5,10,10,18,256,18,0,0,128.0,5296,4726782.0,34119658.0,11981.0,2.262273413897281
w=256,50,5,10,19,9,256,18,0,0,128.0,5296,4726782.0,23672794.0,11974.0,2.26095166163142
w=16,40,2,20,13,16,16,35,0,0,128.0,5312,599785470.0,1202978794.0,1059.0,0.19935993975903615
w=16,40,2,20,17,12,16,35,0,0,128.0,5312,599785470.0,1199849443.0,1056.0,0.19879518072289157
w=16,44,4,11,7,20,16,35,0,0,128.0,5312,1171454.0,34045937.0,1468.0,0.276355421686747
w=16,48,4,12,11,12,16,35,0,0,128.0,5312,2342910.0,9551850.0,1465.0,0.2757906626506024
w=16,48,4,12,13,10,16,35,0,0,128.0,5312,2342910.0,9424870.0,1463.0,0.27541415662650603
w=32,44,2,22,11,20,32,28,0,0,128.0,5312,3800039422.0,7646216174.0,1429.0,0.26901355421686746
w=32,44,2,22,21,10,32,28,0,0,128.0,5312,3800039422.0,7600164828.0,1421.0,0.26750753012048195
w=32,48,4,12,9,18,32,28,0,0,128.0,5312,3710974.0,24281069.0,2202.0,0.4145331325301205
w=32,48,4,12,19,8,32,28,0,0,128.0,5312,3710974.0,14863324.0,2195.0,0.41321536144578314
w=32,50,2,25,15,14,32,28,0,0,128.0,5312,30400315390.0,60801613799.0,1426.0,0.2684487951807229
w=256,40,2,20,15,16,256,18,0,0,128.0,5312,4840226814.0,9684385767.0,5184.0,0.9759036144578314
w=256,40,2,20,17,14,256,18,0,0,128.0,5312,4840226814.0,9681567715.0,5182.0,0.9755271084337349
w=256,40,8,5,7,20,256,18,0,0,128.0,5312,147710.0,30541801.0,18780.0,3.5353915662650603
w=256,42,2,21,23,10,256,18,0,0,128.0,5312,9680453630.0,19361001433.0,5178.0,0.9747740963855421
w=256,45,5,9,14,13,256,18,0,0,128.0,5312,2363390.0,12275683.0,11980.0,2.2552710843373496
w=256,48,2,24,13,18,256,18,0,0,128.0,5312,77443629054.0,154900889578.0,5185.0,0.9760918674698795
w=256,48,2,24,19,12,256,18,0,0,128.0,5312,77443629054.0,154887569376.0,5181.0,0.9753388554216867
w=256,49,7,7,12,12,256,18,0,0,128.0,5312,590846.0,4332514.0,16511.0,3.1082454819277108
w=256,49,7,7,13,11,256,18,0,0,128.0,5312,590846.0,4242400.0,16510.0,3.1080572289156625
w=16,40,4,10,8,18,16,35,0,0,128.0,5328,585726.0,10731503.0,1469.0,0.27571321321321324
w=16,42,2,21,11,19,16,35,0,0,128.0,5328,1199570942.0,2422210542.0,1063.0,0.19951201201201202
w=16,42,2,21,20,10,16,35,0,0,128.0,5328,1199570942.0,2399223774.0,1056.0,0.1981981981981982
w=16,42,2,21,22,9,16,35,0,0,128.0,5328,1199570942.0,2399186907.0,1055.0,0.19801051051051052
w=16,45,3,15,13,13,16,35,0,0,128.0,5328,18743294.0,56655848.0,1263.0,0.23704954954954954
w=16,45,3,15,14,12,16,35,0,0,128.0,5328,18743294.0,56459239.0,1263.0,0.23704954954954954
w=16,46,2,23,12,17,16,35,0,0,128.0,5328,4798283774.0,9602858988.0,1062.0,0.19932432432432431
w=16,46,2,23,18,11,16,35,0,0,128.0,5328,4798283774.0,9596714978.0,1058.0,0.19857357357357358
w=16,46,2,23,24,8,16,35,0,0,128.0,5328,4798283774.0,9596592087.0,1053.0,0.19763513513513514
w=16,48,4,12,8,17,16,35,0,0,128.0,5328,2342910.0,13565935.0,1469.0,0.27571321321321324
w=16,48,4,12,9,15,16,35,0,0,128.0,5328,2342910.0,10551277.0,1468.0,0.2755255255255255
w=16,48,4,12,12,11,16,35,0,0,128.0,5328,2342910.0,9469928.0,1466.0,0.27515015015015015
w=16,48,4,12,16,8,16,35,0,0,128.0,5328,2342910.0,9388001.0,1463.0,0.27458708708708707
w=32,40,4,10,9,19,32,28,0,0,128.0,5328,927742.0,22585325.0,2204.0,0.41366366366366364
w=32,40,4,10,10,17,32,28,0,0,128.0,5328,927742.0,8953836.0,2204.0,0.41366366366366364
w=32,40,4,10,12,14,32,28,0,0,128.0,5328,927742.0,4497384.0,2202.0,0.4132882882882883
w=32,40,4,10,15,11,32,28,0,0,128.0,5328,927742.0,3833827.0,2200.0,0.41291291291291293
w=32,40,5,8,8,18,32,28,0,0,128.0,5328,231934.0,9548269.0,2591.0,0.4862987987987988
w=32,42,2,21,13,17,32,28,0,0,128.0,5328,1900019710.0,3806855146.0,1429.0,0.26820570570570573
w=32,42,2,21,18,12,32,28,0,0,128.0,5328,1900019710.0,3800334306.0,1426.0,0.26764264264264265
w=32,44,4,11,11,15,32,28,0,0,128.0,5328,1855486.0,8863722.0,2203.0,0.41347597597597596
w=32,44,4,11,16,10,32,28,0,0,128.0,5328,1855486.0,7487457.0,2199.0,0.4127252252252252
w=32,45,5,9,7,20,32,28,0,0,128.0,5328,463870.0,31679471.0,2592.0,0.4864864864864865
w=32,46,2,23,23,9,32,28,0,0,128.0,5328,7600078846.0,15200204761.0,1422.0,0.2668918918918919
w=32,48,2,24,12,18,32,28,0,0,128.0,5328,15200157694.0,30412898284.0,1430.0,0.2683933933933934
w=32,48,2,24,19,11,32,28,0,0,128.0,5328,15200157694.0,30400471008.0,1425.0,0.26745495495495497
w=32,48,3,16,10,19,32,28,0,0,128.0,5328,59375614.0,199098350.0,1818.0,0.34121621621621623
w=32,48,3,16,20,9,32,28,0,0,128.0,5328,59375614.0,178167772.0,1810.0,0.3397147147147147
w=256,40,2,20,16,15,256,18,0,0,128.0,5328,4840226814.0,9682550757.0,5185.0,0.9731606606606606
w=256,40,4,10,11,19,256,18,0,0,128.0,5328,4726782.0,41975786.0,9719.0,1.8241366366366367
w=256,40,4,10,20,10,256,18,0,0,128.0,5328,4726782.0,18989018.0,9712.0,1.822822822822823
w=256,40,4,10,22,9,256,18,0,0,128.0,5328,4726782.0,18952151.0,9711.0,1.822635135135135
w=256,42,6,7,13,13,256,18,0,0,128.0,5328,590846.0,3971042.0,14247.0,2.6739864864864864
w=256,42,6,7,14,12,256,18,0,0,128.0,5328,590846.0,3774433.0,14247.0,2.6739864864864864
w=256,44,2,22,12,20,256,18,0,0,128.0,5328,19360907262.0,38772146156.0,5188.0,0.9737237237237237
w=256,44,2,22,14,17,256,18,0,0,128.0,5328,19360907262.0,38729154537.0,5187.0,0.973536036036036
w=256,44,2,22,18,13,256,18,0,0,128.0,5328,19360907262.0,38722404322.0,5184.0,0.972972972972973
w=256,44,2,22,21,11,256,18,0,0,128.0,5328,19360907262.0,38721986524.0,5181.0,0.9724099099099099
w=256,44,4,11,12,17,256,18,0,0,128.0,5328,9453566.0,44105704.0,9718.0,1.8239489489489489
w=256,44,4,11,18,11,256,18,0,0,128.0,5328,9453566.0,37961694.0,9714.0,1.8231981981981982
w=256,44,4,11,24,8,256,18,0,0,128.0,5328,9453566.0,37838803.0,9709.0,1.8222597597597598
w=256,48,3,16,23,9,256,18,0,0,128.0,5328,302514174.0,907589591.0,7445.0,1.397334834834835
w=256,48,6,8,11,15,256,18,0,0,128.0,5328,1181694.0,8531942.0,14249.0,2.6743618618618616
w=256,48,6,8,16,10,256,18,0,0,128.0,5328,1181694.0,7155677.0,14245.0,2.673611111111111
w=256,48,8,6,7,19,256,18,0,0,128.0,5328,295422.0,17043433.0,18782.0,3.52515015015015
w=256,48,8,6,10,13,256,18,0,0,128.0,5328,295422.0,2691044.0,18780.0,3.524774774774775
w=256,48,8,6,14,9,256,18,0,0,128.0,5328,295422.0,2392029.0,18777.0,3.5242117117117115
w=256,50,5,10,12,15,256,18,0,0,128.0,5328,4726782.0,25206758.0,11983.0,2.2490615615615615
w=256,50,5,10,16,11,256,18,0,0,128.0,5328,4726782.0,23764959.0,11980.0,2.2484984984984986
w=16,40,4,10,9,16,16,35,0,0,128.0,5344,585726.0,4702189.0,1470.0,0.2750748502994012
w=16,42,2,21,13,16,16,35,0,0,128.0,5344,1199570942.0,2402549738.0,1063.0,0.19891467065868262
w=16,42,2,21,17,12,16,35,0,0,128.0,5344,1199570942.0,2399420387.0,1060.0,0.19835329341317365
w=16,48,3,16,9,19,16,35,0,0,128.0,5344,37486590.0,131334127.0,1268.0,0.2372754491017964
w=16,48,3,16,10,17,16,35,0,0,128.0,5344,37486590.0,117702638.0,1268.0,0.2372754491017964
w=16,48,3,16,12,14,16,35,0,0,128.0,5344,37486590.0,113246186.0,1266.0,0.23690119760479042
w=16,48,3,16,15,11,16,35,0,0,128.0,5344,37486590.0,112582629.0,1264.0,0.23652694610778444
w=16,48,3,16,18,9,16,35,0,0,128.0,5344,37486590.0,112496608.0,1262.0,0.23615269461077845
w=16,48,3,16,20,8,16,35,0,0,128.0,5344,37486590.0,112480220.0,1260.0,0.23577844311377247
w=32,40,5,8,9,16,32,28,0,0,128.0,5344,231934.0,3518955.0,2592.0,0.48502994011976047
w=32,42,3,14,23,8,32,28,0,0,128.0,5344,14843902.0,44555223.0,1810.0,0.33869760479041916
w=32,45,3,15,12,16,32,28,0,0,128.0,5344,29687806.0,92209130.0,1818.0,0.3401946107784431
w=32,45,3,15,17,11,32,28,0,0,128.0,5344,29687806.0,89202657.0,1814.0,0.33944610778443113
w=32,46,2,23,11,20,32,28,0,0,128.0,5344,7600078846.0,15246295022.0,1433.0,0.2681511976047904
w=32,46,2,23,21,10,32,28,0,0,128.0,5344,7600078846.0,15200243676.0,1425.0,0.26665419161676646
w=32,50,5,10,11,12,32,28,0,0,128.0,5344,927742.0,4818920.0,2591.0,0.4848428143712575
w=32,50,5,10,13,10,32,28,0,0,128.0,5344,927742.0,4691940.0,2589.0,0.4844685628742515
w=256,40,4,10,13,16,256,18,0,0,128.0,5344,4726782.0,22314982.0,9719.0,1.8186751497005988
w=256,40,4,10,17,12,256,18,0,0,128.0,5344,4726782.0,19185631.0,9716.0,1.8181137724550898
w=256,42,2,21,15,16,256,18,0,0,128.0,5344,9680453630.0,19364839399.0,5188.0,0.9708083832335329
w=256,42,2,21,17,14,256,18,0,0,128.0,5344,9680453630.0,19362021347.0,5186.0,0.9704341317365269
w=256,42,7,6,11,14,256,18,0,0,128.0,5344,295422.0,2788836.0,16516.0,3.090568862275449
w=256,42,7,6,15,10,256,18,0,0,128.0,5344,295422.0,2129373.0,16513.0,3.09000748502994
w=256,44,2,22,23,10,256,18,0,0,128.0,5344,19360907262.0,38721908697.0,5182.0,0.969685628742515
w=256,45,3,15,13,17,256,18,0,0,128.0,5344,151257086.0,460586984.0,7454.0,1.3948353293413174
w=256,45,3,15,18,12,256,18,0,0,128.0,5344,151257086.0,454066144.0,7451.0,1.3942739520958083
w=256,45,5,9,11,17,256,18,0,0,128.0,5344,2363390.0,17584104.0,11986.0,2.242889221556886
w=256,45,5,9,18,10,256,18,0,0,128.0,5344,2363390.0,11890652.0,11981.0,2.2419535928143715
w=256,45,5,9,22,8,256,18,0,0,128.0,5344,2363390.0,11839445.0,11978.0,2.241392215568862
w=256,48,3,16,11,20,256,18,0,0,128.0,5344,302514174.0,953679852.0,7456.0,1.3952095808383234
w=256,48,3,16,21,10,256,18,0,0,128.0,5344,302514174.0,907628506.0,7448.0,1.3937125748502994
w=256,50,2,25,13,18,256,18,0,0,128.0,5344,154887258110.0,309788147690.0,5189.0,0.9709955089820359
w=256,50,2,25,19,12,256,18,0,0,128.0,5344,154887258110.0,309774827488.0,5185.0,0.9702470059880239
w=16,40,2,20,14,15,16,35,0,0,128.0,5360,599785470.0,1201405929.0,1065.0,0.19869402985074627
w=16,40,2,20,16,13,16,35,0,0,128.0,5360,599785470.0,1200095205.0,1063.0,0.19832089552238805
w=16,42,3,14,11,16,16,35,0,0,128.0,5360,9371646.0,30998508.0,1269.0,0.2367537313432836
w=16,42,3,14,17,10,16,35,0,0,128.0,5360,9371646.0,28184545.0,1264.0,0.23582089552238805
w=16,44,2,22,11,19,16,35,0,0,128.0,5360,2399141886.0,4821352430.0,1067.0,0.19906716417910447
w=16,44,2,22,20,10,16,35,0,0,128.0,5360,2399141886.0,4798365662.0,1060.0,0.19776119402985073
w=16,44,2,22,22,9,16,35,0,0,128.0,5360,2399141886.0,4798328795.0,1059.0,0.19757462686567165
w=16,44,4,11,10,14,16,35,0,0,128.0,5360,1171454.0,5341164.0,1472.0,0.2746268656716418
w=16,48,2,24,12,17,16,35,0,0,128.0,5360,9596567550.0,19199426540.0,1066.0,0.1988805970149254
w=16,48,2,24,18,11,16,35,0,0,128.0,5360,9596567550.0,19193282530.0,1062.0,0.19813432835820896
w=16,48,2,24,24,8,16,35,0,0,128.0,5360,9596567550.0,19193159639.0,1057.0,0.19720149253731342
w=32,40,2,20,14,16,32,28,0,0,128.0,5360,950009854.0,1903689705.0,1433.0,0.26735074626865674
w=32,40,2,20,17,13,32,28,0,0,128.0,5360,950009854.0,1900576739.0,1430.0,0.2667910447761194
w=32,40,4,10,13,13,32,28,0,0,128.0,5360,927742.0,4136934.0,2205.0,0.41138059701492535
w=32,40,4,10,14,12,32,28,0,0,128.0,5360,927742.0,3940325.0,2205.0,0.41138059701492535
w=32,42,3,14,13,15,32,28,0,0,128.0,5360,14843902.0,46235624.0,1819.0,0.33936567164179104
w=32,42,3,14,16,12,32,28,0,0,128.0,5360,14843902.0,44793827.0,1817.0,0.3389925373134328
w=32,44,2,22,13,17,32,28,0,0,128.0,5360,3800039422.0,7606894570.0,1433.0,0.26735074626865674
w=32,44,2,22,18,12,32,28,0,0,128.0,5360,3800039422.0,7600373730.0,1430.0,0.2667910447761194
w=32,48,2,24,23,9,32,28,0,0,128.0,5360,15200157694.0,30400362457.0,1426.0,0.26604477611940297
w=32,50,2,25,12,18,32,28,0,0,128.0,5360,30400315390.0,60813213676.0,1434.0,0.2675373134328358
w=32,50,2,25,19,11,32,28,0,0,128.0,5360,30400315390.0,60800786400.0,1429.0,0.2666044776119403
w=32,50,5,10,8,17,32,28,0,0,128.0,5360,927742.0,8833005.0,2595.0,0.4841417910447761
w=32,50,5,10,9,15,32,28,0,0,128.0,5360,927742.0,5818347.0,2594.0,0.48395522388059703
w=32,50,5,10,12,11,32,28,0,0,128.0,5360,927742.0,4736998.0,2592.0,0.4835820895522388
w=32,50,5,10,16,8,32,28,0,0,128.0,5360,927742.0,4655071.0,2589.0,0.4830223880597015
w=256,40,5,8,12,16,256,18,0,0,128.0,5360,1181694.0,9054182.0,11987.0,2.2363805970149255
w=256,40,5,8,17,11,256,18,0,0,128.0,5360,1181694.0,6047709.0,11983.0,2.2356343283582087
w=256,42,2,21,16,15,256,18,0,0,128.0,5360,9680453630.0,19363004389.0,5189.0,0.9680970149253731
w=256,42,3,14,14,16,256,18,0,0,128.0,5360,75628542.0,230555623.0,7456.0,1.391044776119403
w=256,42,3,14,17,13,256,18,0,0,128.0,5360,75628542.0,227442657.0,7453.0,1.3904850746268658
w=256,46,2,23,12,20,256,18,0,0,128.0,5360,38721814526.0,77493960684.0,5192.0,0.9686567164179104
w=256,46,2,23,14,17,256,18,0,0,128.0,5360,38721814526.0,77450969065.0,5191.0,0.9684701492537313
w=256,46,2,23,18,13,256,18,0,0,128.0,5360,38721814526.0,77444218850.0,5188.0,0.9679104477611941
w=256,46,2,23,21,11,256,18,0,0,128.0,5360,38721814526.0,77443801052.0,5185.0,0.9673507462686567
w=16,40,2,20,15,14,16,35,0,0,128.0,5376,599785470.0,1200553959.0,1066.0,0.19828869047619047
w=16,44,2,22,13,16,16,35,0,0,128.0,5376,2399141886.0,4801691626.0,1067.0,0.19847470238095238
w=16,44,2,22,17,12,16,35,0,0,128.0,5376,2399141886.0,4798562275.0,1064.0,0.19791666666666666
w=16,48,3,16,13,13,16,35,0,0,128.0,5376,37486590.0,112885736.0,1269.0,0.23604910714285715
w=16,48,3,16,14,12,16,35,0,0,128.0,5376,37486590.0,112689127.0,1269.0,0.23604910714285715
w=16,48,4,12,7,20,16,35,0,0,128.0,5376,2342910.0,38731761.0,1476.0,0.27455357142857145
w=32,42,3,14,11,18,32,28,0,0,128.0,5376,14843902.0,56066028.0,1823.0,0.3390997023809524
w=32,42,3,14,19,10,32,28,0,0,128.0,5376,14843902.0,44609502.0,1817.0,0.33798363095238093
w=32,45,5,9,10,14,32,28,0,0,128.0,5376,463870.0,2974698.0,2596.0,0.48288690476190477
w=32,48,2,24,11,20,32,28,0,0,128.0,5376,15200157694.0,30446452718.0,1437.0,0.26729910714285715
w=32,48,2,24,21,10,32,28,0,0,128.0,5376,15200157694.0,30400401372.0,1429.0,0.2658110119047619
w=256,44,2,22,15,16,256,18,0,0,128.0,5376,19360907262.0,38725746663.0,5192.0,0.9657738095238095
w=256,44,2,22,17,14,256,18,0,0,128.0,5376,19360907262.0,38722928611.0,5190.0,0.9654017857142857
w=256,45,5,9,10,19,256,18,0,0,128.0,5376,2363390.0,32788458.0,11991.0,2.23046875
w=256,45,5,9,20,9,256,18,0,0,128.0,5376,2363390.0,11857880.0,11983.0,2.2289806547619047
w=256,46,2,23,23,10,256,18,0,0,128.0,5376,38721814526.0,77443723225.0,5186.0,0.9646577380952381
w=256,48,8,6,11,12,256,18,0,0,128.0,5376,295422.0,2543586.0,18785.0,3.494233630952381
w=256,48,8,6,13,10,256,18,0,0,128.0,5376,295422.0,2416606.0,18783.0,3.493861607142857
w=256,49,7,7,8,19,256,18,0,0,128.0,5376,590846.0,20913129.0,16522.0,3.0732886904761907
w=256,49,7,7,10,15,256,18,0,0,128.0,5376,590846.0,5446630.0,16521.0,3.0731026785714284
w=256,49,7,7,16,9,256,18,0,0,128.0,5376,590846.0,4168667.0,16516.0,3.072172619047619
w=256,50,5,10,13,14,256,18,0,0,128.0,5376,4726782.0,24485860.0,11988.0,2.2299107142857144
w=256,50,5,10,15,12,256,18,0,0,128.0,5376,4726782.0,23879649.0,11987.0,2.2297247023809526
w=16,42,2,21,14,15,16,35,0,0,128.0,5392,1199570942.0,2400976873.0,1069.0,0.1982566765578635
w=16,42,2,21,16,13,16,35,0,0,128.0,5392,1199570942.0,2399666149.0,1067.0,0.19788575667655786
w=16,42,3,14,9,20,16,35,0,0,128.0,5392,9371646.0,65863663.0,1274.0,0.2362759643916914
w=16,42,3,14,21,8,16,35,0,0,128.0,5392,9371646.0,28136410.0,1265.0,0.23460682492581603
w=16,44,4,11,8,18,16,35,0,0,128.0,5392,1171454.0,13074415.0,1477.0,0.27392433234421365
w=16,46,2,23,11,19,16,35,0,0,128.0,5392,4798283774.0,9619636206.0,1071.0,0.19862759643916914
w=16,46,2,23,20,10,16,35,0,0,128.0,5392,4798283774.0,9596649438.0,1064.0,0.19732937685459942
w=16,46,2,23,22,9,16,35,0,0,128.0,5392,4798283774.0,9596612571.0,1063.0,0.1971439169139466
w=16,50,2,25,12,17,16,35,0,0,128.0,5392,19193135102.0,38392561644.0,1070.0,0.19844213649851633
w=16,50,2,25,18,11,16,35,0,0,128.0,5392,19193135102.0,38386417634.0,1066.0,0.19770029673590506
w=16,50,2,25,24,8,16,35,0,0,128.0,5392,19193135102.0,38386294743.0,1061.0,0.19677299703264095
w=32,40,2,20,12,19,32,28,0,0,128.0,5392,950009854.0,1925185516.0,1438.0,0.2666913946587537
w=32,40,2,20,15,15,32,28,0,0,128.0,5392,950009854.0,1901985767.0,1436.0,0.2663204747774481
w=32,40,2,20,16,14,32,28,0,0,128.0,5392,950009854.0,1901068261.0,1435.0,0.26613501483679525
w=32,40,2,20,20,11,32,28,0,0,128.0,5392,950009854.0,1900183518.0,1432.0,0.2655786350148368
w=32,40,2,20,24,9,32,28,0,0,128.0,5392,950009854.0,1900068823.0,1429.0,0.26502225519287836
w=32,42,2,21,14,16,32,28,0,0,128.0,5392,1900019710.0,3803709417.0,1437.0,0.2665059347181009
w=32,42,2,21,17,13,32,28,0,0,128.0,5392,1900019710.0,3800596451.0,1434.0,0.2659495548961424
w=32,42,3,14,10,20,32,28,0,0,128.0,5392,14843902.0,86474734.0,1826.0,0.33864985163204747
w=32,42,3,14,14,14,32,28,0,0,128.0,5392,14843902.0,45449191.0,1823.0,0.33809347181008903
w=32,42,3,14,15,13,32,28,0,0,128.0,5392,14843902.0,45023205.0,1822.0,0.3379080118694362
w=32,42,3,14,21,9,32,28,0,0,128.0,5392,14843902.0,44574682.0,1817.0,0.3369807121661721
w=32,44,4,11,9,19,32,28,0,0,128.0,5392,1855486.0,26296301.0,2212.0,0.4102373887240356
w=32,44,4,11,10,17,32,28,0,0,128.0,5392,1855486.0,12664812.0,2212.0,0.4102373887240356
w=32,44,4,11,12,14,32,28,0,0,128.0,5392,1855486.0,8208360.0,2210.0,0.40986646884273
w=32,44,4,11,15,11,32,28,0,0,128.0,5392,1855486.0,7544803.0,2208.0,0.4094955489614243
w=32,44,4,11,18,9,32,28,0,0,128.0,5392,1855486.0,7458782.0,2206.0,0.4091246290801187
w=32,44,4,11,20,8,32,28,0,0,128.0,5392,1855486.0,7442394.0,2204.0,0.40875370919881304
w=32,45,3,15,23,8,32,28,0,0,128.0,5392,29687806.0,89086935.0,1816.0,0.3367952522255193
w=32,46,2,23,13,17,32,28,0,0,128.0,5392,7600078846.0,15206973418.0,1437.0,0.2665059347181009
w=32,46,2,23,18,12,32,28,0,0,128.0,5392,7600078846.0,15200452578.0,1434.0,0.2659495548961424
w=32,48,3,16,12,16,32,28,0,0,128.0,5392,59375614.0,181272554.0,1824.0,0.33827893175074186
w=32,48,3,16,17,11,32,28,0,0,128.0,5392,59375614.0,178266081.0,1820.0,0.3375370919881306
w=32,48,4,12,11,15,32,28,0,0,128.0,5392,3710974.0,16285674.0,2211.0,0.4100519287833828
w=32,48,4,12,16,10,32,28,0,0,128.0,5392,3710974.0,14909409.0,2207.0,0.40931008902077154
w=32,50,2,25,23,9,32,28,0,0,128.0,5392,30400315390.0,60800677849.0,1430.0,0.26520771513353114
w=256,40,2,20,13,19,256,18,0,0,128.0,5392,4840226814.0,9707716586.0,5195.0,0.9634643916913946
w=256,40,2,20,20,12,256,18,0,0,128.0,5392,4840226814.0,9680781278.0,5190.0,0.9625370919881305
w=256,40,4,10,14,15,256,18,0,0,128.0,5392,4726782.0,20742117.0,9725.0,1.8035979228486647
w=256,40,4,10,16,13,256,18,0,0,128.0,5392,4726782.0,19431393.0,9723.0,1.8032270029673592
w=256,40,8,5,8,18,256,18,0,0,128.0,5392,147710.0,9570279.0,18789.0,3.484606824925816
w=256,42,3,14,12,19,256,18,0,0,128.0,5392,75628542.0,252051434.0,7461.0,1.3837166172106825
w=256,42,3,14,15,15,256,18,0,0,128.0,5392,75628542.0,228851685.0,7459.0,1.383345697329377
w=256,42,3,14,16,14,256,18,0,0,128.0,5392,75628542.0,227934179.0,7458.0,1.383160237388724
w=256,42,3,14,20,11,256,18,0,0,128.0,5392,75628542.0,227049436.0,7455.0,1.3826038575667656
w=256,42,3,14,24,9,256,18,0,0,128.0,5392,75628542.0,226934741.0,7452.0,1.382047477744807
w=256,42,7,6,8,20,256,18,0,0,128.0,5392,295422.0,35622377.0,16524.0,3.064540059347181
w=256,42,7,6,12,13,256,18,0,0,128.0,5392,295422.0,2461154.0,16521.0,3.0639836795252227
w=256,42,7,6,14,11,256,18,0,0,128.0,5392,295422.0,2182623.0,16520.0,3.06379821958457
w=256,44,2,22,16,15,256,18,0,0,128.0,5392,19360907262.0,38723911653.0,5193.0,0.963093471810089
w=256,44,4,11,11,19,256,18,0,0,128.0,5392,9453566.0,60882922.0,9727.0,1.8039688427299703
w=256,44,4,11,20,10,256,18,0,0,128.0,5392,9453566.0,37896154.0,9720.0,1.8026706231454006
w=256,44,4,11,22,9,256,18,0,0,128.0,5392,9453566.0,37859287.0,9719.0,1.8024851632047478
w=256,48,2,24,12,20,256,18,0,0,128.0,5392,77443629054.0,154937589740.0,5196.0,0.9636498516320475
w=256,48,2,24,14,17,256,18,0,0,128.0,5392,77443629054.0,154894598121.0,5195.0,0.9634643916913946
w=256,48,2,24,18,13,256,18,0,0,128.0,5392,77443629054.0,154887847906.0,5192.0,0.9629080118694362
w=256,48,2,24,21,11,256,18,0,0,128.0,5392,77443629054.0,154887430108.0,5189.0,0.9623516320474778
w=256,48,3,16,13,17,256,18,0,0,128.0,5392,302514174.0,914358248.0,7460.0,1.3835311572700297
w=256,48,3,16,18,12,256,18,0,0,128.0,5392,302514174.0,907837408.0,7457.0,1.3829747774480712
w=256,48,4,12,12,17,256,18,0,0,128.0,5392,18907134.0,81919976.0,9726.0,1.8037833827893175
w=256,48,4,12,18,11,256,18,0,0,128.0,5392,18907134.0,75775966.0,9722.0,1.8030415430267062
w=256,48,4,12,24,8,256,18,0,0,128.0,5392,18907134.0,75653075.0,9717.0,1.802114243323442
w=256,48,6,8,9,19,256,18,0,0,128.0,5392,1181694.0,25964521.0,14258.0,2.6442878338278932
w=256,48,6,8,10,17,256,18,0,0,128.0,5392,1181694.0,12333032.0,14258.0,2.6442878338278932
w=256,48,6,8,12,14,256,18,0,0,128.0,5392,1181694.0,7876580.0,14256.0,2.6439169139465877
w=256,48,6,8,15,11,256,18,0,0,128.0,5392,1181694.0,7213023.0,14254.0,2.6435459940652817
w=256,48,6,8,18,9,256,18,0,0,128.0,5392,1181694.0,7127002.0,14252.0,2.643175074183976
w=256,48,6,8,20,8,256,18,0,0,128.0,5392,1181694.0,7110614.0,14250.0,2.6428041543026706
w=256,48,8,6,8,17,256,18,0,0,128.0,5392,295422.0,6557671.0,18789.0,3.484606824925816
w=256,48,8,6,9,15,256,18,0,0,128.0,5392,295422.0,3543013.0,18788.0,3.484421364985163
w=256,48,8,6,12,11,256,18,0,0,128.0,5392,295422.0,2461664.0,18786.0,3.4840504451038576
w=256,48,8,6,16,8,256,18,0,0,128.0,5392,295422.0,2379737.0,18783.0,3.4834940652818993
w=256,50,5,10,14,13,256,18,0,0,128.0,5392,4726782.0,24092643.0,11990.0,2.2236646884273
w=16,42,2,21,15,14,16,35,0,0,128.0,5408,1199570942.0,2400124903.0,1070.0,0.19785502958579881
w=16,42,3,14,10,18,16,35,0,0,128.0,5408,9371646.0,38600686.0,1276.0,0.2359467455621302
w=16,42,3,14,19,9,16,35,0,0,128.0,5408,9371646.0,28153822.0,1269.0,0.23465236686390534
w=16,44,4,11,9,16,16,35,0,0,128.0,5408,1171454.0,7045101.0,1478.0,0.27329881656804733
w=16,45,3,15,11,16,16,35,0,0,128.0,5408,18743294.0,59113452.0,1275.0,0.23576183431952663
w=16,45,3,15,17,10,16,35,0,0,128.0,5408,18743294.0,56299489.0,1270.0,0.23483727810650887
w=16,46,2,23,13,16,16,35,0,0,128.0,5408,4798283774.0,9599975402.0,1071.0,0.19803994082840237
w=16,46,2,23,17,12,16,35,0,0,128.0,5408,4798283774.0,9596846051.0,1068.0,0.19748520710059173
w=32,45,3,15,13,15,32,28,0,0,128.0,5408,29687806.0,90767336.0,1825.0,0.3374630177514793
w=32,45,3,15,16,12,32,28,0,0,128.0,5408,29687806.0,89325539.0,1823.0,0.3370931952662722
w=32,45,5,9,8,18,32,28,0,0,128.0,5408,463870.0,10707949.0,2601.0,0.48095414201183434
w=32,50,2,25,11,20,32,28,0,0,128.0,5408,30400315390.0,60846768110.0,1441.0,0.26645710059171596
w=32,50,2,25,21,10,32,28,0,0,128.0,5408,30400315390.0,60800716764.0,1433.0,0.26497781065088755
w=32,50,5,10,7,20,32,28,0,0,128.0,5408,927742.0,33998831.0,2602.0,0.48113905325443784
w=256,40,4,10,15,14,256,18,0,0,128.0,5408,4726782.0,19890147.0,9726.0,1.7984467455621302
w=256,40,5,8,23,8,256,18,0,0,128.0,5408,1181694.0,5931987.0,11985.0,2.21616124260355
w=256,40,8,5,9,16,256,18,0,0,128.0,5408,147710.0,3540965.0,18790.0,3.47448224852071
w=256,42,6,7,11,16,256,18,0,0,128.0,5408,590846.0,6428646.0,14259.0,2.6366494082840237
w=256,42,6,7,17,10,256,18,0,0,128.0,5408,590846.0,3614683.0,14254.0,2.635724852071006
w=256,42,7,6,13,12,256,18,0,0,128.0,5408,295422.0,2280928.0,16522.0,3.055103550295858
w=256,44,4,11,13,16,256,18,0,0,128.0,5408,9453566.0,41222118.0,9727.0,1.7986316568047338
w=256,44,4,11,17,12,256,18,0,0,128.0,5408,9453566.0,38092767.0,9724.0,1.7980769230769231
w=256,45,3,15,14,16,256,18,0,0,128.0,5408,151257086.0,457441255.0,7462.0,1.3798076923076923
w=256,45,3,15,17,13,256,18,0,0,128.0,5408,151257086.0,454328289.0,7459.0,1.3792529585798816
w=256,46,2,23,15,16,256,18,0,0,128.0,5408,38721814526.0,77447561191.0,5196.0,0.9607988165680473
w=256,46,2,23,17,14,256,18,0,0,128.0,5408,38721814526.0,77444743139.0,5194.0,0.9604289940828402
w=256,48,2,24,23,10,256,18,0,0,128.0,5408,77443629054.0,154887352281.0,5190.0,0.959689349112426
w=256,49,7,7,9,17,256,18,0,0,128.0,5408,590846.0,8854503.0,16525.0,3.055658284023669
w=256,49,7,7,18,8,256,18,0,0,128.0,5408,590846.0,4154328.0,16519.0,3.0545488165680474
w=16,40,2,20,12,18,16,35,0,0,128.0,5424,599785470.0,1212153836.0,1074.0,0.19800884955752213
w=16,40,2,20,19,11,16,35,0,0,128.0,5424,599785470.0,1199726560.0,1069.0,0.19708702064896755
w=16,44,2,22,14,15,16,35,0,0,128.0,5424,2399141886.0,4800118761.0,1073.0,0.19782448377581122
w=16,44,2,22,16,13,16,35,0,0,128.0,5424,2399141886.0,4798808037.0,1071.0,0.19745575221238937
w=16,44,4,11,11,13,16,35,0,0,128.0,5424,1171454.0,5046250.0,1479.0,0.27267699115044247
w=16,44,4,11,14,10,16,35,0,0,128.0,5424,1171454.0,4743141.0,1477.0,0.27230825958702065
w=16,48,2,24,11,19,16,35,0,0,128.0,5424,9596567550.0,19216203758.0,1075.0,0.19819321533923304
w=16,48,2,24,20,10,16,35,0,0,128.0,5424,9596567550.0,19193216990.0,1068.0,0.19690265486725664
w=16,48,2,24,22,9,16,35,0,0,128.0,5424,9596567550.0,19193180123.0,1067.0,0.19671828908554573
w=16,48,4,12,10,14,16,35,0,0,128.0,5424,2342910.0,10026988.0,1480.0,0.2728613569321534
w=16,48,4,12,15,9,16,35,0,0,128.0,5424,2342910.0,9402339.0,1476.0,0.2721238938053097
w=32,40,2,20,22,10,32,28,0,0,128.0,5424,950009854.0,1900109787.0,1435.0,0.26456489675516226
w=32,42,2,21,12,19,32,28,0,0,128.0,5424,1900019710.0,3825205228.0,1442.0,0.26585545722713866
w=32,42,2,21,15,15,32,28,0,0,128.0,5424,1900019710.0,3802005479.0,1440.0,0.26548672566371684
w=32,42,2,21,16,14,32,28,0,0,128.0,5424,1900019710.0,3801087973.0,1439.0,0.2653023598820059
w=32,42,2,21,20,11,32,28,0,0,128.0,5424,1900019710.0,3800203230.0,1436.0,0.26474926253687314
w=32,42,2,21,24,9,32,28,0,0,128.0,5424,1900019710.0,3800088535.0,1433.0,0.26419616519174044
w=32,44,2,22,14,16,32,28,0,0,128.0,5424,3800039422.0,7603748841.0,1441.0,0.2656710914454277
w=32,44,2,22,17,13,32,28,0,0,128.0,5424,3800039422.0,7600635875.0,1438.0,0.26511799410029496
w=32,44,4,11,13,13,32,28,0,0,128.0,5424,1855486.0,7847910.0,2213.0,0.40800147492625366
w=32,44,4,11,14,12,32,28,0,0,128.0,5424,1855486.0,7651301.0,2213.0,0.40800147492625366
w=32,45,3,15,11,18,32,28,0,0,128.0,5424,29687806.0,100597740.0,1829.0,0.3372050147492625
w=32,45,3,15,19,10,32,28,0,0,128.0,5424,29687806.0,89141214.0,1823.0,0.33609882005899705
w=32,45,5,9,9,16,32,28,0,0,128.0,5424,463870.0,4678635.0,2602.0,0.4797197640117994
w=32,48,2,24,13,17,32,28,0,0,128.0,5424,15200157694.0,30407131114.0,1441.0,0.2656710914454277
w=32,48,2,24,18,12,32,28,0,0,128.0,5424,15200157694.0,30400610274.0,1438.0,0.26511799410029496
w=256,40,5,8,13,15,256,18,0,0,128.0,5424,1181694.0,7612388.0,11994.0,2.211283185840708
w=256,40,5,8,16,12,256,18,0,0,128.0,5424,1181694.0,6170591.0,11992.0,2.2109144542772863
w=256,42,2,21,13,19,256,18,0,0,128.0,5424,9680453630.0,19388170218.0,5199.0,0.9585176991150443
w=256,42,2,21,20,12,256,18,0,0,128.0,5424,9680453630.0,19361234910.0,5194.0,0.9575958702064897
w=256,42,3,14,22,10,256,18,0,0,128.0,5424,75628542.0,226975705.0,7458.0,1.375
w=256,42,7,6,10,16,256,18,0,0,128.0,5424,295422.0,4689382.0,16527.0,3.047013274336283
w=256,42,7,6,17,9,256,18,0,0,128.0,5424,295422.0,2102745.0,16521.0,3.0459070796460175
w=256,46,2,23,16,15,256,18,0,0,128.0,5424,38721814526.0,77445726181.0,5197.0,0.9581489675516224
w=256,48,6,8,13,13,256,18,0,0,128.0,5424,1181694.0,7516130.0,14259.0,2.628871681415929
w=256,48,6,8,14,12,256,18,0,0,128.0,5424,1181694.0,7319521.0,14259.0,2.628871681415929
w=256,50,2,25,12,20,256,18,0,0,128.0,5424,154887258110.0,309824847852.0,5200.0,0.9587020648967551
w=256,50,2,25,14,17,256,18,0,0,128.0,5424,154887258110.0,309781856233.0,5199.0,0.9585176991150443
w=256,50,2,25,18,13,256,18,0,0,128.0,5424,154887258110.0,309775106018.0,5196.0,0.9579646017699115
w=256,50,2,25,21,11,256,18,0,0,128.0,5424,154887258110.0,309774688220.0,5193.0,0.9574115044247787
w=256,50,5,10,11,17,256,18,0,0,128.0,5424,4726782.0,29401064.0,11996.0,2.21165191740413
w=256,50,5,10,18,10,256,18,0,0,128.0,5424,4726782.0,23707612.0,11991.0,2.210730088495575
w=256,50,5,10,22,8,256,18,0,0,128.0,5424,4726782.0,23656405.0,11988.0,2.2101769911504423
w=16,42,3,14,12,15,16,35,0,0,128.0,5440,9371646.0,29687786.0,1278.0,0.2349264705882353
w=16,42,3,14,16,11,16,35,0,0,128.0,5440,9371646.0,28245987.0,1275.0,0.234375
w=16,44,2,22,15,14,16,35,0,0,128.0,5440,2399141886.0,4799266791.0,1074.0,0.1974264705882353
w=16,45,3,15,9,20,16,35,0,0,128.0,5440,18743294.0,93978607.0,1280.0,0.23529411764705882
w=16,45,3,15,21,8,16,35,0,0,128.0,5440,18743294.0,56251354.0,1271.0,0.23363970588235294
w=16,48,2,24,13,16,16,35,0,0,128.0,5440,9596567550.0,19196542954.0,1075.0,0.19761029411764705
w=16,48,2,24,17,12,16,35,0,0,128.0,5440,9596567550.0,19193413603.0,1072.0,0.19705882352941176
w=32,40,4,10,11,16,32,28,0,0,128.0,5440,927742.0,6594538.0,2217.0,0.40753676470588235
w=32,40,4,10,17,10,32,28,0,0,128.0,5440,927742.0,3780575.0,2212.0,0.40661764705882353
w=32,45,3,15,10,20,32,28,0,0,128.0,5440,29687806.0,131006446.0,1832.0,0.33676470588235297
w=32,45,3,15,14,14,32,28,0,0,128.0,5440,29687806.0,89980903.0,1829.0,0.3362132352941177
w=32,45,3,15,15,13,32,28,0,0,128.0,5440,29687806.0,89554917.0,1828.0,0.3360294117647059
w=32,45,3,15,21,9,32,28,0,0,128.0,5440,29687806.0,89106394.0,1823.0,0.33511029411764703
w=32,45,5,9,11,13,32,28,0,0,128.0,5440,463870.0,2679784.0,2603.0,0.47849264705882355
w=32,45,5,9,14,10,32,28,0,0,128.0,5440,463870.0,2376675.0,2601.0,0.478125
w=32,48,3,16,23,8,32,28,0,0,128.0,5440,59375614.0,178150359.0,1822.0,0.33492647058823527
w=256,40,5,8,11,18,256,18,0,0,128.0,5440,1181694.0,17442792.0,11998.0,2.205514705882353
w=256,40,5,8,19,10,256,18,0,0,128.0,5440,1181694.0,5986266.0,11992.0,2.2044117647058825
w=256,42,6,7,9,20,256,18,0,0,128.0,5440,590846.0,41293801.0,14264.0,2.6220588235294118
w=256,42,6,7,21,8,256,18,0,0,128.0,5440,590846.0,3566548.0,14255.0,2.620404411764706
w=256,42,7,6,9,18,256,18,0,0,128.0,5440,295422.0,11505127.0,16529.0,3.038419117647059
w=256,45,3,15,12,19,256,18,0,0,128.0,5440,151257086.0,478937066.0,7467.0,1.372610294117647
w=256,45,3,15,15,15,256,18,0,0,128.0,5440,151257086.0,455737317.0,7465.0,1.3722426470588236
w=256,45,3,15,16,14,256,18,0,0,128.0,5440,151257086.0,454819811.0,7464.0,1.3720588235294118
w=256,45,3,15,20,11,256,18,0,0,128.0,5440,151257086.0,453935068.0,7461.0,1.3715073529411765
w=256,45,3,15,24,9,256,18,0,0,128.0,5440,151257086.0,453820373.0,7458.0,1.370955882352941
w=256,45,5,9,12,16,256,18,0,0,128.0,5440,2363390.0,14962662.0,11997.0,2.2053308823529414
w=256,45,5,9,17,11,256,18,0,0,128.0,5440,2363390.0,11956189.0,11993.0,2.204595588235294
w=256,48,2,24,15,16,256,18,0,0,128.0,5440,77443629054.0,154891190247.0,5200.0,0.9558823529411765
w=256,48,2,24,17,14,256,18,0,0,128.0,5440,77443629054.0,154888372195.0,5198.0,0.955514705882353
w=256,48,8,6,7,20,256,18,0,0,128.0,5440,295422.0,31723497.0,18796.0,3.4551470588235293
w=256,50,2,25,23,10,256,18,0,0,128.0,5440,154887258110.0,309774610393.0,5194.0,0.9547794117647059
w=16,40,2,20,23,9,16,35,0,0,128.0,5456,599785470.0,1199618009.0,1070.0,0.19611436950146627
w=16,40,4,10,8,19,16,35,0,0,128.0,5456,585726.0,19120111.0,1485.0,0.2721774193548387
w=16,40,4,10,10,15,16,35,0,0,128.0,5456,585726.0,3653612.0,1484.0,0.2719941348973607
w=16,42,2,21,12,18,16,35,0,0,128.0,5456,1199570942.0,2411724780.0,1078.0,0.1975806451612903
w=16,42,2,21,19,11,16,35,0,0,128.0,5456,1199570942.0,2399297504.0,1073.0,0.19666422287390029
w=16,44,4,11,12,12,16,35,0,0,128.0,5456,1171454.0,4882408.0,1482.0,0.2716275659824047
w=16,44,4,11,13,11,16,35,0,0,128.0,5456,1171454.0,4792294.0,1481.0,0.27144428152492667
w=16,45,3,15,10,18,16,35,0,0,128.0,5456,18743294.0,66715630.0,1282.0,0.23497067448680353
w=16,45,3,15,19,9,16,35,0,0,128.0,5456,18743294.0,56268766.0,1275.0,0.23368768328445746
w=16,46,2,23,14,15,16,35,0,0,128.0,5456,4798283774.0,9598402537.0,1077.0,0.1973973607038123
w=16,46,2,23,16,13,16,35,0,0,128.0,5456,4798283774.0,9597091813.0,1075.0,0.1970307917888563
w=16,48,3,16,11,16,16,35,0,0,128.0,5456,37486590.0,115343340.0,1281.0,0.23478739002932553
w=16,48,3,16,17,10,16,35,0,0,128.0,5456,37486590.0,112529377.0,1276.0,0.23387096774193547
w=16,48,4,12,8,18,16,35,0,0,128.0,5456,2342910.0,17760239.0,1485.0,0.2721774193548387
w=16,50,2,25,11,19,16,35,0,0,128.0,5456,19193135102.0,38409338862.0,1079.0,0.19776392961876832
w=16,50,2,25,20,10,16,35,0,0,128.0,5456,19193135102.0,38386352094.0,1072.0,0.19648093841642228
w=16,50,2,25,22,9,16,35,0,0,128.0,5456,19193135102.0,38386315227.0,1071.0,0.19629765395894427
w=32,40,5,8,8,19,32,28,0,0,128.0,5456,231934.0,17936877.0,2607.0,0.4778225806451613
w=32,40,5,8,10,15,32,28,0,0,128.0,5456,231934.0,2470378.0,2606.0,0.4776392961876833
w=32,42,2,21,22,10,32,28,0,0,128.0,5456,1900019710.0,3800129499.0,1439.0,0.2637463343108504
w=32,44,2,22,12,19,32,28,0,0,128.0,5456,3800039422.0,7625244652.0,1446.0,0.26502932551319647
w=32,44,2,22,15,15,32,28,0,0,128.0,5456,3800039422.0,7602044903.0,1444.0,0.26466275659824046
w=32,44,2,22,16,14,32,28,0,0,128.0,5456,3800039422.0,7601127397.0,1443.0,0.26447947214076245
w=32,44,2,22,20,11,32,28,0,0,128.0,5456,3800039422.0,7600242654.0,1440.0,0.26392961876832843
w=32,44,2,22,24,9,32,28,0,0,128.0,5456,3800039422.0,7600127959.0,1437.0,0.2633797653958944
w=32,46,2,23,14,16,32,28,0,0,128.0,5456,7600078846.0,15203827689.0,1445.0,0.26484604105571846
w=32,46,2,23,17,13,32,28,0,0,128.0,5456,7600078846.0,15200714723.0,1442.0,0.26429618768328444
w=32,48,3,16,13,15,32,28,0,0,128.0,5456,59375614.0,179830760.0,1831.0,0.3355938416422287
w=32,48,3,16,16,12,32,28,0,0,128.0,5456,59375614.0,178388963.0,1829.0,0.3352272727272727
w=32,48,4,12,9,19,32,28,0,0,128.0,5456,3710974.0,33718253.0,2220.0,0.40689149560117305
w=32,48,4,12,10,17,32,28,0,0,128.0,5456,3710974.0,20086764.0,2220.0,0.40689149560117305
w=32,48,4,12,12,14,32,28,0,0,128.0,5456,3710974.0,15630312.0,2218.0,0.40652492668621704
w=32,48,4,12,15,11,32,28,0,0,128.0,5456,3710974.0,14966755.0,2216.0,0.40615835777126097
w=32,48,4,12,18,9,32,28,0,0,128.0,5456,3710974.0,14880734.0,2214.0,0.40579178885630496
w=32,48,4,12,20,8,32,28,0,0,128.0,5456,3710974.0,14864346.0,2212.0,0.40542521994134895
w=32,50,2,25,13,17,32,28,0,0,128.0,5456,30400315390.0,60807446506.0,1445.0,0.26484604105571846
w=32,50,2,25,18,12,32,28,0,0,128.0,5456,30400315390.0,60800925666.0,1442.0,0.26429618768328444
w=32,50,5,10,10,14,32,28,0,0,128.0,5456,927742.0,5294058.0,2606.0,0.4776392961876833
w=32,50,5,10,15,9,32,28,0,0,128.0,5456,927742.0,4669409.0,2602.0,0.4769061583577713
w=256,40,2,20,22,11,256,18,0,0,128.0,5456,4840226814.0,9680633819.0,5197.0,0.9525293255131965
w=256,40,2,20,24,10,256,18,0,0,128.0,5456,4840226814.0,9680551895.0,5195.0,0.9521627565982405
w=256,40,4,10,12,18,256,18,0,0,128.0,5456,4726782.0,31490024.0,9734.0,1.7840909090909092
w=256,40,4,10,19,11,256,18,0,0,128.0,5456,4726782.0,19062748.0,9729.0,1.783174486803519
w=256,40,5,8,10,20,256,18,0,0,128.0,5456,1181694.0,47851498.0,12001.0,2.1995967741935485
w=256,40,5,8,14,14,256,18,0,0,128.0,5456,1181694.0,6825955.0,11998.0,2.1990469208211145
w=256,40,5,8,15,13,256,18,0,0,128.0,5456,1181694.0,6399969.0,11997.0,2.1988636363636362
w=256,40,5,8,21,9,256,18,0,0,128.0,5456,1181694.0,5951446.0,11992.0,2.197947214076246
w=256,42,6,7,10,18,256,18,0,0,128.0,5456,590846.0,14030824.0,14266.0,2.6147360703812317
w=256,42,6,7,19,9,256,18,0,0,128.0,5456,590846.0,3583960.0,14259.0,2.6134530791788855
w=256,44,2,22,13,19,256,18,0,0,128.0,5456,19360907262.0,38749077482.0,5203.0,0.9536290322580645
w=256,44,2,22,20,12,256,18,0,0,128.0,5456,19360907262.0,38722142174.0,5198.0,0.9527126099706745
w=256,44,4,11,14,15,256,18,0,0,128.0,5456,9453566.0,39649253.0,9733.0,1.783907624633431
w=256,44,4,11,16,13,256,18,0,0,128.0,5456,9453566.0,38338529.0,9731.0,1.783541055718475
w=256,45,9,5,7,18,256,18,0,0,128.0,5456,147710.0,8669415.0,21063.0,3.8605205278592374
w=256,48,2,24,16,15,256,18,0,0,128.0,5456,77443629054.0,154889355237.0,5201.0,0.9532624633431085
w=256,48,3,16,14,16,256,18,0,0,128.0,5456,302514174.0,911212519.0,7468.0,1.3687683284457477
w=256,48,3,16,17,13,256,18,0,0,128.0,5456,302514174.0,908099553.0,7465.0,1.3682184750733137
w=256,48,4,12,11,19,256,18,0,0,128.0,5456,18907134.0,98697194.0,9735.0,1.784274193548387
w=256,48,4,12,20,10,256,18,0,0,128.0,5456,18907134.0,75710426.0,9728.0,1.782991202346041
w=256,48,4,12,22,9,256,18,0,0,128.0,5456,18907134.0,75673559.0,9727.0,1.782807917888563
w=256,49,7,7,11,14,256,18,0,0,128.0,5456,590846.0,4856804.0,16530.0,3.029692082111437
w=256,49,7,7,15,10,256,18,0,0,128.0,5456,590846.0,4197341.0,16527.0,3.029142228739003
w=256,50,5,10,10,19,256,18,0,0,128.0,5456,4726782.0,44605418.0,12001.0,2.1995967741935485
w=256,50,5,10,20,9,256,18,0,0,128.0,5456,4726782.0,23674840.0,11993.0,2.1981304985337244
w=16,40,2,20,11,20,16,35,0,0,128.0,5472,599785470.0,1245708270.0,1081.0,0.19755116959064328
w=16,40,2,20,21,10,16,35,0,0,128.0,5472,599785470.0,1199656924.0,1073.0,0.1960891812865497
w=16,46,2,23,15,14,16,35,0,0,128.0,5472,4798283774.0,9597550567.0,1078.0,0.19700292397660818
w=16,48,4,12,9,16,16,35,0,0,128.0,5472,2342910.0,11730925.0,1486.0,0.2715643274853801
w=16,48,4,12,17,8,16,35,0,0,128.0,5472,2342910.0,9389023.0,1480.0,0.27046783625730997
w=16,50,2,25,13,16,16,35,0,0,128.0,5472,19193135102.0,38389678058.0,1079.0,0.19718567251461988
w=16,50,2,25,17,12,16,35,0,0,128.0,5472,19193135102.0,38386548707.0,1076.0,0.1966374269005848
w=32,40,4,10,9,20,32,28,0,0,128.0,5472,927742.0,41459693.0,2222.0,0.4060672514619883
w=32,45,5,9,12,12,32,28,0,0,128.0,5472,463870.0,2515942.0,2606.0,0.4762426900584795
w=32,45,5,9,13,11,32,28,0,0,128.0,5472,463870.0,2425828.0,2605.0,0.4760599415204678
w=32,48,3,16,11,18,32,28,0,0,128.0,5472,59375614.0,189661164.0,1835.0,0.33534356725146197
w=32,48,3,16,19,10,32,28,0,0,128.0,5472,59375614.0,178204638.0,1829.0,0.3342470760233918
w=256,44,4,11,15,14,256,18,0,0,128.0,5472,9453566.0,38797283.0,9734.0,1.7788742690058479
w=256,45,3,15,22,10,256,18,0,0,128.0,5472,151257086.0,453861337.0,7464.0,1.3640350877192982
w=256,48,4,12,13,16,256,18,0,0,128.0,5472,18907134.0,79036390.0,9735.0,1.7790570175438596
w=256,48,4,12,17,12,256,18,0,0,128.0,5472,18907134.0,75907039.0,9732.0,1.7785087719298245
w=256,50,2,25,15,16,256,18,0,0,128.0,5472,154887258110.0,309778448359.0,5204.0,0.9510233918128655
w=256,50,2,25,17,14,256,18,0,0,128.0,5472,154887258110.0,309775630307.0,5202.0,0.9506578947368421
w=16,40,4,10,9,17,16,35,0,0,128.0,5488,585726.0,7061485.0,1488.0,0.27113702623906705
w=16,42,2,21,23,9,16,35,0,0,128.0,5488,1199570942.0,2399188953.0,1074.0,0.1956997084548105
w=16,42,3,14,13,14,16,35,0,0,128.0,5488,9371646.0,28966888.0,1283.0,0.23378279883381925
w=16,42,3,14,15,12,16,35,0,0,128.0,5488,9371646.0,28360677.0,1282.0,0.233600583090379
w=16,44,2,22,12,18,16,35,0,0,128.0,5488,2399141886.0,4810866668.0,1082.0,0.19715743440233235
w=16,44,2,22,19,11,16,35,0,0,128.0,5488,2399141886.0,4798439392.0,1077.0,0.19624635568513119
w=16,45,3,15,12,15,16,35,0,0,128.0,5488,18743294.0,57802730.0,1284.0,0.23396501457725946
w=16,45,3,15,16,11,16,35,0,0,128.0,5488,18743294.0,56360931.0,1281.0,0.23341836734693877
w=16,48,2,24,14,15,16,35,0,0,128.0,5488,9596567550.0,19194970089.0,1081.0,0.19697521865889212
w=16,48,2,24,16,13,16,35,0,0,128.0,5488,9596567550.0,19193659365.0,1079.0,0.19661078717201166
w=16,48,3,16,9,20,16,35,0,0,128.0,5488,37486590.0,150208495.0,1286.0,0.23432944606413994
w=16,48,3,16,21,8,16,35,0,0,128.0,5488,37486590.0,112481242.0,1277.0,0.23268950437317784
w=16,48,4,12,11,13,16,35,0,0,128.0,5488,2342910.0,9732074.0,1487.0,0.2709548104956268
w=16,48,4,12,14,10,16,35,0,0,128.0,5488,2342910.0,9428965.0,1485.0,0.27059037900874633
w=32,40,4,10,10,18,32,28,0,0,128.0,5488,927742.0,14196716.0,2224.0,0.40524781341107874
w=32,40,4,10,19,9,32,28,0,0,128.0,5488,927742.0,3749852.0,2217.0,0.40397230320699706
w=32,40,5,8,9,17,32,28,0,0,128.0,5488,231934.0,5878251.0,2610.0,0.47558309037900875
w=32,42,3,14,12,17,32,28,0,0,128.0,5488,14843902.0,50823146.0,1836.0,0.33454810495626824
w=32,42,3,14,18,11,32,28,0,0,128.0,5488,14843902.0,44679136.0,1832.0,0.3338192419825073
w=32,42,3,14,24,8,32,28,0,0,128.0,5488,14843902.0,44556245.0,1827.0,0.33290816326530615
w=32,44,2,22,22,10,32,28,0,0,128.0,5488,3800039422.0,7600168923.0,1443.0,0.26293731778425655
w=32,46,2,23,12,19,32,28,0,0,128.0,5488,7600078846.0,15225323500.0,1450.0,0.2642128279883382
w=32,46,2,23,15,15,32,28,0,0,128.0,5488,7600078846.0,15202123751.0,1448.0,0.26384839650145775
w=32,46,2,23,16,14,32,28,0,0,128.0,5488,7600078846.0,15201206245.0,1447.0,0.2636661807580175
w=32,46,2,23,20,11,32,28,0,0,128.0,5488,7600078846.0,15200321502.0,1444.0,0.2631195335276968
w=32,46,2,23,24,9,32,28,0,0,128.0,5488,7600078846.0,15200206807.0,1441.0,0.2625728862973761
w=32,48,2,24,14,16,32,28,0,0,128.0,5488,15200157694.0,30403985385.0,1449.0,0.26403061224489793
w=32,48,2,24,17,13,32,28,0,0,128.0,5488,15200157694.0,30400872419.0,1446.0,0.26348396501457727
w=32,48,3,16,10,20,32,28,0,0,128.0,5488,59375614.0,220069870.0,1838.0,0.33491253644314867
w=32,48,3,16,14,14,32,28,0,0,128.0,5488,59375614.0,179044327.0,1835.0,0.334365889212828
w=32,48,3,16,15,13,32,28,0,0,128.0,5488,59375614.0,178618341.0,1834.0,0.33418367346938777
w=32,48,3,16,21,9,32,28,0,0,128.0,5488,59375614.0,178169818.0,1829.0,0.33327259475218657
w=32,48,4,12,13,13,32,28,0,0,128.0,5488,3710974.0,15269862.0,2221.0,0.404701166180758
w=32,48,4,12,14,12,32,28,0,0,128.0,5488,3710974.0,15073253.0,2221.0,0.404701166180758
w=32,50,5,10,8,18,32,28,0,0,128.0,5488,927742.0,13027309.0,2611.0,0.475765306122449
w=256,40,2,20,14,18,256,18,0,0,128.0,5488,4840226814.0,9695133673.0,5207.0,0.9487973760932945
w=256,40,2,20,19,13,256,18,0,0,128.0,5488,4840226814.0,9681076192.0,5203.0,0.9480685131195336
w=256,40,4,10,23,9,256,18,0,0,128.0,5488,4726782.0,18954197.0,9730.0,1.7729591836734695
w=256,42,2,21,22,11,256,18,0,0,128.0,5488,9680453630.0,19361087451.0,5201.0,0.9477040816326531
w=256,42,2,21,24,10,256,18,0,0,128.0,5488,9680453630.0,19361005527.0,5199.0,0.9473396501457726
w=256,42,6,7,12,15,256,18,0,0,128.0,5488,590846.0,5117924.0,14268.0,2.5998542274052476
w=256,42,6,7,16,11,256,18,0,0,128.0,5488,590846.0,3676125.0,14265.0,2.5993075801749272
w=256,45,5,9,23,8,256,18,0,0,128.0,5488,2363390.0,11840467.0,11995.0,2.185677842565598
w=256,46,2,23,13,19,256,18,0,0,128.0,5488,38721814526.0,77470892010.0,5207.0,0.9487973760932945
w=256,46,2,23,20,12,256,18,0,0,128.0,5488,38721814526.0,77443956702.0,5202.0,0.9478862973760933
w=256,48,3,16,12,19,256,18,0,0,128.0,5488,302514174.0,932708330.0,7473.0,1.361698250728863
w=256,48,3,16,15,15,256,18,0,0,128.0,5488,302514174.0,909508581.0,7471.0,1.3613338192419826
w=256,48,3,16,16,14,256,18,0,0,128.0,5488,302514174.0,908591075.0,7470.0,1.3611516034985423
w=256,48,3,16,20,11,256,18,0,0,128.0,5488,302514174.0,907706332.0,7467.0,1.3606049562682216
w=256,48,3,16,24,9,256,18,0,0,128.0,5488,302514174.0,907591637.0,7464.0,1.3600583090379008
w=256,48,8,6,10,14,256,18,0,0,128.0,5488,295422.0,3018724.0,18800.0,3.425655976676385
w=256,48,8,6,15,9,256,18,0,0,128.0,5488,295422.0,2394075.0,18796.0,3.424927113702624
w=256,50,2,25,16,15,256,18,0,0,128.0,5488,154887258110.0,309776613349.0,5205.0,0.948432944606414
w=16,42,2,21,11,20,16,35,0,0,128.0,5504,1199570942.0,2445279214.0,1085.0,0.19712936046511628
w=16,42,2,21,21,10,16,35,0,0,128.0,5504,1199570942.0,2399227868.0,1077.0,0.19567587209302326
w=16,42,3,14,14,13,16,35,0,0,128.0,5504,9371646.0,28573671.0,1285.0,0.23346656976744187
w=16,48,2,24,15,14,16,35,0,0,128.0,5504,9596567550.0,19194118119.0,1082.0,0.19658430232558138
w=16,48,3,16,10,18,16,35,0,0,128.0,5504,37486590.0,122945518.0,1288.0,0.23401162790697674
w=16,48,3,16,19,9,16,35,0,0,128.0,5504,37486590.0,112498654.0,1281.0,0.23273982558139536
w=32,40,2,20,13,18,32,28,0,0,128.0,5504,950009854.0,1913651178.0,1451.0,0.2636264534883721
w=32,40,2,20,19,12,32,28,0,0,128.0,5504,950009854.0,1900330976.0,1447.0,0.2628997093023256
w=32,44,4,11,11,16,32,28,0,0,128.0,5504,1855486.0,10305514.0,2225.0,0.4042514534883721
w=32,44,4,11,17,10,32,28,0,0,128.0,5504,1855486.0,7491551.0,2220.0,0.40334302325581395
w=32,50,5,10,9,16,32,28,0,0,128.0,5504,927742.0,6997995.0,2612.0,0.4745639534883721
w=32,50,5,10,17,8,32,28,0,0,128.0,5504,927742.0,4656093.0,2606.0,0.4734738372093023
w=256,40,4,10,11,20,256,18,0,0,128.0,5504,4726782.0,65044458.0,9741.0,1.7698037790697674
w=256,40,4,10,21,10,256,18,0,0,128.0,5504,4726782.0,18993112.0,9733.0,1.7683502906976745
w=256,42,3,14,13,18,256,18,0,0,128.0,5504,75628542.0,240517096.0,7474.0,1.357921511627907
w=256,42,3,14,19,12,256,18,0,0,128.0,5504,75628542.0,227196894.0,7470.0,1.3571947674418605
w=256,45,5,9,13,15,256,18,0,0,128.0,5504,2363390.0,13520868.0,12004.0,2.1809593023255816
w=256,45,5,9,16,12,256,18,0,0,128.0,5504,2363390.0,12079071.0,12002.0,2.180595930232558
w=256,45,9,5,8,16,256,18,0,0,128.0,5504,147710.0,3426533.0,21068.0,3.827761627906977
w=256,48,6,8,11,16,256,18,0,0,128.0,5504,1181694.0,9973734.0,14271.0,2.592841569767442
w=256,48,6,8,17,10,256,18,0,0,128.0,5504,1181694.0,7159771.0,14266.0,2.5919331395348837
w=256,49,7,7,8,20,256,18,0,0,128.0,5504,590846.0,37690345.0,16538.0,3.004723837209302
w=256,49,7,7,12,13,256,18,0,0,128.0,5504,590846.0,4529122.0,16535.0,3.0041787790697674
w=256,49,7,7,14,11,256,18,0,0,128.0,5504,590846.0,4250591.0,16534.0,3.003997093023256
w=16,40,2,20,13,17,16,35,0,0,128.0,5520,599785470.0,1206386666.0,1085.0,0.19655797101449277
w=16,40,2,20,18,12,16,35,0,0,128.0,5520,599785470.0,1199865826.0,1082.0,0.19601449275362318
w=16,44,2,22,23,9,16,35,0,0,128.0,5520,2399141886.0,4798330841.0,1078.0,0.19528985507246377
w=16,44,4,11,8,19,16,35,0,0,128.0,5520,1171454.0,21463023.0,1493.0,0.2704710144927536
w=16,44,4,11,10,15,16,35,0,0,128.0,5520,1171454.0,5996524.0,1492.0,0.2702898550724638
w=16,44,4,11,16,9,16,35,0,0,128.0,5520,1171454.0,4718561.0,1487.0,0.2693840579710145
w=16,46,2,23,12,18,16,35,0,0,128.0,5520,4798283774.0,9609150444.0,1086.0,0.1967391304347826
w=16,46,2,23,19,11,16,35,0,0,128.0,5520,4798283774.0,9596723168.0,1081.0,0.19583333333333333
w=16,48,4,12,12,12,16,35,0,0,128.0,5520,2342910.0,9568232.0,1490.0,0.26992753623188404
w=16,48,4,12,13,11,16,35,0,0,128.0,5520,2342910.0,9478118.0,1489.0,0.2697463768115942
w=16,50,2,25,14,15,16,35,0,0,128.0,5520,19193135102.0,38388105193.0,1085.0,0.19655797101449277
w=16,50,2,25,16,13,16,35,0,0,128.0,5520,19193135102.0,38386794469.0,1083.0,0.19619565217391305
w=32,40,4,10,12,15,32,28,0,0,128.0,5520,927742.0,5283816.0,2226.0,0.4032608695652174
w=32,40,4,10,16,11,32,28,0,0,128.0,5520,927742.0,3842017.0,2223.0,0.4027173913043478
w=32,46,2,23,22,10,32,28,0,0,128.0,5520,7600078846.0,15200247771.0,1447.0,0.26213768115942027
w=32,48,2,24,12,19,32,28,0,0,128.0,5520,15200157694.0,30425481196.0,1454.0,0.2634057971014493
w=32,48,2,24,15,15,32,28,0,0,128.0,5520,15200157694.0,30402281447.0,1452.0,0.26304347826086955
w=32,48,2,24,16,14,32,28,0,0,128.0,5520,15200157694.0,30401363941.0,1451.0,0.2628623188405797
w=32,48,2,24,20,11,32,28,0,0,128.0,5520,15200157694.0,30400479198.0,1448.0,0.26231884057971017
w=32,48,2,24,24,9,32,28,0,0,128.0,5520,15200157694.0,30400364503.0,1445.0,0.2617753623188406
w=32,50,2,25,14,16,32,28,0,0,128.0,5520,30400315390.0,60804300777.0,1453.0,0.26322463768115945
w=32,50,2,25,17,13,32,28,0,0,128.0,5520,30400315390.0,60801187811.0,1450.0,0.26268115942028986
w=32,50,5,10,11,13,32,28,0,0,128.0,5520,927742.0,4999144.0,2613.0,0.4733695652173913
w=32,50,5,10,14,10,32,28,0,0,128.0,5520,927742.0,4696035.0,2611.0,0.4730072463768116
w=256,40,8,5,8,19,256,18,0,0,128.0,5520,147710.0,17958887.0,18805.0,3.4067028985507246
w=256,40,8,5,10,15,256,18,0,0,128.0,5520,147710.0,2492388.0,18804.0,3.4065217391304348
w=256,42,2,21,14,18,256,18,0,0,128.0,5520,9680453630.0,19375587305.0,5211.0,0.9440217391304347
w=256,42,2,21,19,13,256,18,0,0,128.0,5520,9680453630.0,19361529824.0,5207.0,0.9432971014492754
w=256,42,7,6,11,15,256,18,0,0,128.0,5520,295422.0,3509732.0,16538.0,2.996014492753623
w=256,42,7,6,16,10,256,18,0,0,128.0,5520,295422.0,2133467.0,16534.0,2.9952898550724636
w=256,44,2,22,22,11,256,18,0,0,128.0,5520,19360907262.0,38721994715.0,5205.0,0.9429347826086957
w=256,44,2,22,24,10,256,18,0,0,128.0,5520,19360907262.0,38721912791.0,5203.0,0.942572463768116
w=256,44,4,11,12,18,256,18,0,0,128.0,5520,9453566.0,50397160.0,9742.0,1.7648550724637682
w=256,44,4,11,19,11,256,18,0,0,128.0,5520,9453566.0,37969884.0,9737.0,1.763949275362319
w=256,45,5,9,11,18,256,18,0,0,128.0,5520,2363390.0,23351272.0,12008.0,2.1753623188405795
w=256,45,5,9,19,10,256,18,0,0,128.0,5520,2363390.0,11894746.0,12002.0,2.1742753623188404
w=256,48,2,24,13,19,256,18,0,0,128.0,5520,77443629054.0,154914521066.0,5211.0,0.9440217391304347
w=256,48,2,24,20,12,256,18,0,0,128.0,5520,77443629054.0,154887585758.0,5206.0,0.9431159420289855
w=256,48,3,16,22,10,256,18,0,0,128.0,5520,302514174.0,907632601.0,7470.0,1.3532608695652173
w=256,48,4,12,14,15,256,18,0,0,128.0,5520,18907134.0,77463525.0,9741.0,1.7646739130434783
w=256,48,4,12,16,13,256,18,0,0,128.0,5520,18907134.0,76152801.0,9739.0,1.7643115942028986
w=256,48,8,6,8,18,256,18,0,0,128.0,5520,295422.0,10751975.0,18805.0,3.4067028985507246
w=256,49,7,7,13,12,256,18,0,0,128.0,5520,590846.0,4348896.0,16536.0,2.9956521739130433
w=256,50,5,10,12,16,256,18,0,0,128.0,5520,4726782.0,26779622.0,12007.0,2.1751811594202897
w=256,50,5,10,17,11,256,18,0,0,128.0,5520,4726782.0,23773149.0,12003.0,2.1744565217391303
w=16,40,4,10,11,14,16,35,0,0,128.0,5536,585726.0,3063786.0,1493.0,0.2696893063583815
w=16,42,3,14,11,17,16,35,0,0,128.0,5536,9371646.0,33882092.0,1291.0,0.23320086705202311
w=16,42,3,14,18,10,16,35,0,0,128.0,5536,9371646.0,28188640.0,1286.0,0.23229768786127167
w=16,42,3,14,22,8,16,35,0,0,128.0,5536,9371646.0,28137433.0,1283.0,0.23175578034682082
w=16,44,2,22,11,20,16,35,0,0,128.0,5536,2399141886.0,4844421102.0,1089.0,0.19671242774566475
w=16,44,2,22,21,10,16,35,0,0,128.0,5536,2399141886.0,4798369756.0,1081.0,0.19526734104046242
w=16,45,3,15,13,14,16,35,0,0,128.0,5536,18743294.0,57081832.0,1289.0,0.23283959537572255
w=16,45,3,15,15,12,16,35,0,0,128.0,5536,18743294.0,56475621.0,1288.0,0.23265895953757226
w=16,48,3,16,12,15,16,35,0,0,128.0,5536,37486590.0,114032618.0,1290.0,0.23302023121387283
w=16,48,3,16,16,11,16,35,0,0,128.0,5536,37486590.0,112590819.0,1287.0,0.23247832369942195
w=16,50,2,25,15,14,16,35,0,0,128.0,5536,19193135102.0,38387253223.0,1086.0,0.19617052023121387
w=32,40,5,8,11,14,32,28,0,0,128.0,5536,231934.0,1880552.0,2615.0,0.4723627167630058
w=32,42,2,21,13,18,32,28,0,0,128.0,5536,1900019710.0,3813670890.0,1455.0,0.2628251445086705
w=32,42,2,21,19,12,32,28,0,0,128.0,5536,1900019710.0,3800350688.0,1451.0,0.26210260115606937
w=32,44,4,11,9,20,32,28,0,0,128.0,5536,1855486.0,45170669.0,2230.0,0.4028179190751445
w=32,44,4,11,21,8,32,28,0,0,128.0,5536,1855486.0,7443416.0,2221.0,0.4011921965317919
w=32,45,3,15,12,17,32,28,0,0,128.0,5536,29687806.0,95354858.0,1842.0,0.3327312138728324
w=32,45,3,15,18,11,32,28,0,0,128.0,5536,29687806.0,89210848.0,1838.0,0.3320086705202312
w=32,45,3,15,24,8,32,28,0,0,128.0,5536,29687806.0,89087957.0,1833.0,0.33110549132947975
w=32,45,5,9,8,19,32,28,0,0,128.0,5536,463870.0,19096557.0,2617.0,0.47272398843930635
w=32,45,5,9,10,15,32,28,0,0,128.0,5536,463870.0,3630058.0,2616.0,0.4725433526011561
w=32,45,5,9,16,9,32,28,0,0,128.0,5536,463870.0,2352095.0,2611.0,0.47164017341040465
w=256,42,6,7,13,14,256,18,0,0,128.0,5536,590846.0,4397026.0,14273.0,2.578215317919075
w=256,42,6,7,15,12,256,18,0,0,128.0,5536,590846.0,3790815.0,14272.0,2.578034682080925
w=256,45,5,9,10,20,256,18,0,0,128.0,5536,2363390.0,53759978.0,12011.0,2.1696170520231215
w=256,45,5,9,14,14,256,18,0,0,128.0,5536,2363390.0,12734435.0,12008.0,2.1690751445086707
w=256,45,5,9,15,13,256,18,0,0,128.0,5536,2363390.0,12308449.0,12007.0,2.1688945086705202
w=256,45,5,9,21,9,256,18,0,0,128.0,5536,2363390.0,11859926.0,12002.0,2.1679913294797686
w=256,48,4,12,15,14,256,18,0,0,128.0,5536,18907134.0,76611555.0,9742.0,1.7597543352601157
w=256,48,6,8,9,20,256,18,0,0,128.0,5536,1181694.0,44838889.0,14276.0,2.578757225433526
w=256,48,6,8,21,8,256,18,0,0,128.0,5536,1181694.0,7111636.0,14267.0,2.5771315028901736
w=256,48,8,6,9,16,256,18,0,0,128.0,5536,295422.0,4722661.0,18806.0,3.397037572254335
w=256,48,8,6,17,8,256,18,0,0,128.0,5536,295422.0,2380759.0,18800.0,3.3959537572254335
w=256,49,7,7,10,16,256,18,0,0,128.0,5536,590846.0,6757350.0,16541.0,2.9878973988439306
w=256,49,7,7,17,9,256,18,0,0,128.0,5536,590846.0,4170713.0,16535.0,2.986813583815029
w=16,42,2,21,13,17,16,35,0,0,128.0,5552,1199570942.0,2405957610.0,1089.0,0.1961455331412104
w=16,42,2,21,18,12,16,35,0,0,128.0,5552,1199570942.0,2399436770.0,1086.0,0.19560518731988472
w=16,44,4,11,9,17,16,35,0,0,128.0,5552,1171454.0,9404397.0,1496.0,0.26945244956772335
w=16,45,3,15,14,13,16,35,0,0,128.0,5552,18743294.0,56688615.0,1291.0,0.23252881844380405
w=16,46,2,23,23,9,16,35,0,0,128.0,5552,4798283774.0,9596614617.0,1082.0,0.19488472622478387
w=16,48,2,24,12,18,16,35,0,0,128.0,5552,9596567550.0,19205717996.0,1090.0,0.1963256484149856
w=16,48,2,24,19,11,16,35,0,0,128.0,5552,9596567550.0,19193290720.0,1085.0,0.1954250720461095
w=32,42,3,14,11,19,32,28,0,0,128.0,5552,14843902.0,67600364.0,1845.0,0.33231268011527376
w=32,42,3,14,20,10,32,28,0,0,128.0,5552,14843902.0,44613596.0,1838.0,0.33105187319884727
w=32,42,3,14,22,9,32,28,0,0,128.0,5552,14843902.0,44576729.0,1837.0,0.33087175792507206
w=32,44,4,11,10,18,32,28,0,0,128.0,5552,1855486.0,17907692.0,2232.0,0.4020172910662824
w=32,44,4,11,19,9,32,28,0,0,128.0,5552,1855486.0,7460828.0,2225.0,0.40075648414985593
w=32,48,2,24,22,10,32,28,0,0,128.0,5552,15200157694.0,30400405467.0,1451.0,0.2613472622478386
w=32,50,2,25,12,19,32,28,0,0,128.0,5552,30400315390.0,60825796588.0,1458.0,0.26260806916426516
w=32,50,2,25,15,15,32,28,0,0,128.0,5552,30400315390.0,60802596839.0,1456.0,0.2622478386167147
w=32,50,2,25,16,14,32,28,0,0,128.0,5552,30400315390.0,60801679333.0,1455.0,0.2620677233429395
w=32,50,2,25,20,11,32,28,0,0,128.0,5552,30400315390.0,60800794590.0,1452.0,0.2615273775216138
w=32,50,2,25,24,9,32,28,0,0,128.0,5552,30400315390.0,60800679895.0,1449.0,0.2609870317002882
w=32,50,5,10,12,12,32,28,0,0,128.0,5552,927742.0,4835302.0,2616.0,0.4711815561959654
w=32,50,5,10,13,11,32,28,0,0,128.0,5552,927742.0,4745188.0,2615.0,0.4710014409221902
w=256,40,2,20,15,17,256,18,0,0,128.0,5552,4840226814.0,9688317927.0,5214.0,0.9391210374639769
w=256,40,2,20,18,14,256,18,0,0,128.0,5552,4840226814.0,9681633250.0,5212.0,0.9387608069164265
w=256,40,4,10,13,17,256,18,0,0,128.0,5552,4726782.0,25722854.0,9745.0,1.7552233429394812
w=256,40,4,10,18,12,256,18,0,0,128.0,5552,4726782.0,19202014.0,9742.0,1.7546829971181557
w=256,40,5,8,12,17,256,18,0,0,128.0,5552,1181694.0,12199910.0,12011.0,2.1633645533141213
w=256,40,5,8,18,11,256,18,0,0,128.0,5552,1181694.0,6055900.0,12007.0,2.16264409221902
w=256,40,5,8,24,8,256,18,0,0,128.0,5552,1181694.0,5933009.0,12002.0,2.161743515850144
w=256,40,8,5,9,17,256,18,0,0,128.0,5552,147710.0,5900261.0,18808.0,3.387608069164265
w=256,42,6,7,14,13,256,18,0,0,128.0,5552,590846.0,4003809.0,14275.0,2.5711455331412103
w=256,44,2,22,14,18,256,18,0,0,128.0,5552,19360907262.0,38736494569.0,5215.0,0.9393011527377522
w=256,44,2,22,19,13,256,18,0,0,128.0,5552,19360907262.0,38722437088.0,5211.0,0.9385806916426513
w=256,44,4,11,23,9,256,18,0,0,128.0,5552,9453566.0,37861333.0,9738.0,1.7539625360230549
w=256,45,3,15,13,18,256,18,0,0,128.0,5552,151257086.0,467402728.0,7480.0,1.3472622478386167
w=256,45,3,15,19,12,256,18,0,0,128.0,5552,151257086.0,454082526.0,7476.0,1.3465417867435159
w=256,46,2,23,22,11,256,18,0,0,128.0,5552,38721814526.0,77443809243.0,5209.0,0.9382204610951008
w=256,46,2,23,24,10,256,18,0,0,128.0,5552,38721814526.0,77443727319.0,5207.0,0.9378602305475504
w=256,48,6,8,10,18,256,18,0,0,128.0,5552,1181694.0,17575912.0,14278.0,2.571685878962536
w=256,48,6,8,19,9,256,18,0,0,128.0,5552,1181694.0,7129048.0,14271.0,2.5704250720461097
w=256,48,8,6,11,13,256,18,0,0,128.0,5552,295422.0,2723810.0,18807.0,3.38742795389049
w=256,48,8,6,14,10,256,18,0,0,128.0,5552,295422.0,2420701.0,18805.0,3.3870677233429394
w=256,49,7,7,9,18,256,18,0,0,128.0,5552,590846.0,13573095.0,16543.0,2.9796469740634004
w=256,49,7,7,19,8,256,18,0,0,128.0,5552,590846.0,4155350.0,16536.0,2.978386167146974
w=256,50,2,25,13,19,256,18,0,0,128.0,5552,154887258110.0,309801779178.0,5215.0,0.9393011527377522
w=256,50,2,25,20,12,256,18,0,0,128.0,5552,154887258110.0,309774843870.0,5210.0,0.9384005763688761
w=16,42,3,14,10,19,16,35,0,0,128.0,5568,9371646.0,49086446.0,1296.0,0.23275862068965517
w=16,42,3,14,20,9,16,35,0,0,128.0,5568,9371646.0,28155868.0,1288.0,0.23132183908045978
w=16,46,2,23,11,20,16,35,0,0,128.0,5568,4798283774.0,9642704878.0,1093.0,0.19630028735632185
w=16,46,2,23,21,10,16,35,0,0,128.0,5568,4798283774.0,9596653532.0,1085.0,0.19486350574712644
w=32,40,4,10,13,14,32,28,0,0,128.0,5568,927742.0,4562918.0,2231.0,0.4006824712643678
w=32,40,4,10,15,12,32,28,0,0,128.0,5568,927742.0,3956707.0,2230.0,0.4005028735632184
w=32,42,3,14,13,16,32,28,0,0,128.0,5568,14843902.0,47939560.0,1845.0,0.33135775862068967
w=32,42,3,14,17,12,32,28,0,0,128.0,5568,14843902.0,44810209.0,1842.0,0.3308189655172414
w=32,44,2,22,13,18,32,28,0,0,128.0,5568,3800039422.0,7613710314.0,1459.0,0.2620330459770115
w=32,44,2,22,19,12,32,28,0,0,128.0,5568,3800039422.0,7600390112.0,1455.0,0.2613146551724138
w=32,45,5,9,9,17,32,28,0,0,128.0,5568,463870.0,7037931.0,2620.0,0.47054597701149425
w=32,45,5,9,18,8,32,28,0,0,128.0,5568,463870.0,2337756.0,2614.0,0.4694683908045977
w=32,48,4,12,11,16,32,28,0,0,128.0,5568,3710974.0,17727466.0,2233.0,0.4010416666666667
w=32,48,4,12,17,10,32,28,0,0,128.0,5568,3710974.0,14913503.0,2228.0,0.40014367816091956
w=256,44,4,11,11,20,256,18,0,0,128.0,5568,9453566.0,83951594.0,9749.0,1.7508979885057472
w=256,44,4,11,21,10,256,18,0,0,128.0,5568,9453566.0,37900248.0,9741.0,1.7494612068965518
w=256,45,9,5,7,19,256,18,0,0,128.0,5568,147710.0,16009447.0,21077.0,3.7853807471264367
w=256,45,9,5,10,13,256,18,0,0,128.0,5568,147710.0,1657058.0,21075.0,3.785021551724138
w=256,50,5,10,23,8,256,18,0,0,128.0,5568,4726782.0,23657427.0,12005.0,2.1560704022988504
w=16,40,2,20,14,16,16,35,0,0,128.0,5584,599785470.0,1203240937.0,1093.0,0.1957378223495702
w=16,40,2,20,17,13,16,35,0,0,128.0,5584,599785470.0,1200127971.0,1090.0,0.19520057306590258
w=16,40,4,10,8,20,16,35,0,0,128.0,5584,585726.0,35897327.0,1501.0,0.26880372492836674
w=16,40,4,10,12,13,16,35,0,0,128.0,5584,585726.0,2736104.0,1498.0,0.26826647564469913
w=16,44,2,22,13,17,16,35,0,0,128.0,5584,2399141886.0,4805099498.0,1093.0,0.1957378223495702
w=16,44,2,22,18,12,16,35,0,0,128.0,5584,2399141886.0,4798578658.0,1090.0,0.19520057306590258
w=16,45,3,15,11,17,16,35,0,0,128.0,5584,18743294.0,61997036.0,1297.0,0.23227077363896848
w=16,45,3,15,18,10,16,35,0,0,128.0,5584,18743294.0,56303584.0,1292.0,0.23137535816618912
w=16,45,3,15,22,8,16,35,0,0,128.0,5584,18743294.0,56252377.0,1289.0,0.2308381088825215
w=16,48,2,24,23,9,16,35,0,0,128.0,5584,9596567550.0,19193182169.0,1086.0,0.19448424068767908
w=16,48,3,16,13,14,16,35,0,0,128.0,5584,37486590.0,113311720.0,1295.0,0.23191260744985673
w=16,48,3,16,15,12,16,35,0,0,128.0,5584,37486590.0,112705509.0,1294.0,0.23173352435530087
w=16,48,4,12,8,19,16,35,0,0,128.0,5584,2342910.0,26148847.0,1501.0,0.26880372492836674
w=16,48,4,12,10,15,16,35,0,0,128.0,5584,2342910.0,10682348.0,1500.0,0.2686246418338109
w=16,48,4,12,16,9,16,35,0,0,128.0,5584,2342910.0,9404385.0,1495.0,0.2677292263610315
w=16,50,2,25,12,18,16,35,0,0,128.0,5584,19193135102.0,38398853100.0,1094.0,0.19591690544412607
w=16,50,2,25,19,11,16,35,0,0,128.0,5584,19193135102.0,38386425824.0,1089.0,0.19502148997134672
w=32,40,2,20,12,20,32,28,0,0,128.0,5584,950009854.0,1950351340.0,1462.0,0.2618194842406877
w=32,40,2,20,14,17,32,28,0,0,128.0,5584,950009854.0,1907359721.0,1461.0,0.2616404011461318
w=32,40,2,20,18,13,32,28,0,0,128.0,5584,950009854.0,1900609506.0,1458.0,0.2611031518624642
w=32,40,2,20,21,11,32,28,0,0,128.0,5584,950009854.0,1900191708.0,1455.0,0.2605659025787966
w=32,40,4,10,14,13,32,28,0,0,128.0,5584,927742.0,4169701.0,2233.0,0.39989255014326647
w=32,40,5,8,8,20,32,28,0,0,128.0,5584,231934.0,34714093.0,2623.0,0.4697349570200573
w=32,40,5,8,12,13,32,28,0,0,128.0,5584,231934.0,1552870.0,2620.0,0.4691977077363897
w=32,44,4,11,12,15,32,28,0,0,128.0,5584,1855486.0,8994792.0,2234.0,0.40007163323782235
w=32,44,4,11,16,11,32,28,0,0,128.0,5584,1855486.0,7552993.0,2231.0,0.39953438395415475
w=32,48,3,16,12,17,32,28,0,0,128.0,5584,59375614.0,184418282.0,1848.0,0.330945558739255
w=32,48,3,16,18,11,32,28,0,0,128.0,5584,59375614.0,178274272.0,1844.0,0.3302292263610315
w=32,48,3,16,24,8,32,28,0,0,128.0,5584,59375614.0,178151381.0,1839.0,0.32933381088825214
w=32,50,2,25,22,10,32,28,0,0,128.0,5584,30400315390.0,60800720859.0,1455.0,0.2605659025787966
w=256,40,2,20,16,16,256,18,0,0,128.0,5584,4840226814.0,9684647909.0,5217.0,0.9342765042979942
w=256,40,2,20,17,15,256,18,0,0,128.0,5584,4840226814.0,9682681827.0,5216.0,0.9340974212034384
w=256,42,2,21,15,17,256,18,0,0,128.0,5584,9680453630.0,19368771559.0,5218.0,0.9344555873925502
w=256,42,2,21,18,14,256,18,0,0,128.0,5584,9680453630.0,19362086882.0,5216.0,0.9340974212034384
w=256,42,3,14,12,20,256,18,0,0,128.0,5584,75628542.0,277217258.0,7485.0,1.3404369627507164
w=256,42,3,14,14,17,256,18,0,0,128.0,5584,75628542.0,234225639.0,7484.0,1.3402578796561604
w=256,42,3,14,18,13,256,18,0,0,128.0,5584,75628542.0,227475424.0,7481.0,1.339720630372493
w=256,42,3,14,21,11,256,18,0,0,128.0,5584,75628542.0,227057626.0,7478.0,1.3391833810888252
w=256,42,6,7,11,17,256,18,0,0,128.0,5584,590846.0,9312230.0,14281.0,2.5574856733524354
w=256,42,6,7,18,10,256,18,0,0,128.0,5584,590846.0,3618778.0,14276.0,2.556590257879656
w=256,42,6,7,22,8,256,18,0,0,128.0,5584,590846.0,3567571.0,14273.0,2.5560530085959887
w=256,42,7,6,9,19,256,18,0,0,128.0,5584,295422.0,20942311.0,16547.0,2.963287965616046
w=256,42,7,6,10,17,256,18,0,0,128.0,5584,295422.0,7310822.0,16547.0,2.963287965616046
w=256,42,7,6,12,14,256,18,0,0,128.0,5584,295422.0,2854370.0,16545.0,2.962929799426934
w=256,42,7,6,15,11,256,18,0,0,128.0,5584,295422.0,2190813.0,16543.0,2.9625716332378222
w=256,42,7,6,18,9,256,18,0,0,128.0,5584,295422.0,2104792.0,16541.0,2.9622134670487106
w=256,42,7,6,20,8,256,18,0,0,128.0,5584,295422.0,2088404.0,16539.0,2.961855300859599
w=256,46,2,23,14,18,256,18,0,0,128.0,5584,38721814526.0,77458309097.0,5219.0,0.934634670487106
w=256,46,2,23,19,13,256,18,0,0,128.0,5584,38721814526.0,77444251616.0,5215.0,0.9339183381088825
w=256,48,2,24,22,11,256,18,0,0,128.0,5584,77443629054.0,154887438299.0,5213.0,0.9335601719197708
w=256,48,2,24,24,10,256,18,0,0,128.0,5584,77443629054.0,154887356375.0,5211.0,0.933202005730659
w=256,48,4,12,12,18,256,18,0,0,128.0,5584,18907134.0,88211432.0,9750.0,1.7460601719197708
w=256,48,4,12,19,11,256,18,0,0,128.0,5584,18907134.0,75784156.0,9745.0,1.7451647564469914
w=256,48,6,8,12,15,256,18,0,0,128.0,5584,1181694.0,8663012.0,14280.0,2.5573065902578795
w=256,48,6,8,16,11,256,18,0,0,128.0,5584,1181694.0,7221213.0,14277.0,2.556769340974212
w=256,48,8,6,12,12,256,18,0,0,128.0,5584,295422.0,2559968.0,18810.0,3.3685530085959887
w=256,48,8,6,13,11,256,18,0,0,128.0,5584,295422.0,2469854.0,18809.0,3.368373925501433
w=256,50,5,10,13,15,256,18,0,0,128.0,5584,4726782.0,25337828.0,12014.0,2.1515042979942693
w=256,50,5,10,16,12,256,18,0,0,128.0,5584,4726782.0,23896031.0,12012.0,2.1511461318051577
w=16,40,4,10,13,12,16,35,0,0,128.0,5600,585726.0,2555878.0,1499.0,0.26767857142857143
w=16,44,4,11,11,14,16,35,0,0,128.0,5600,1171454.0,5406698.0,1501.0,0.26803571428571427
w=16,44,4,11,15,10,16,35,0,0,128.0,5600,1171454.0,4747235.0,1498.0,0.2675
w=16,48,2,24,11,20,16,35,0,0,128.0,5600,9596567550.0,19239272430.0,1097.0,0.19589285714285715
w=16,48,2,24,21,10,16,35,0,0,128.0,5600,9596567550.0,19193221084.0,1089.0,0.1944642857142857
w=16,48,3,16,14,13,16,35,0,0,128.0,5600,37486590.0,112918503.0,1297.0,0.23160714285714284
w=32,40,2,20,23,10,32,28,0,0,128.0,5600,950009854.0,1900113881.0,1456.0,0.26
w=32,40,5,8,13,12,32,28,0,0,128.0,5600,231934.0,1372644.0,2621.0,0.4680357142857143
w=32,45,3,15,11,19,32,28,0,0,128.0,5600,29687806.0,112132076.0,1851.0,0.33053571428571427
w=32,45,3,15,20,10,32,28,0,0,128.0,5600,29687806.0,89145308.0,1844.0,0.3292857142857143
w=32,45,3,15,22,9,32,28,0,0,128.0,5600,29687806.0,89108441.0,1843.0,0.3291071428571429
w=32,46,2,23,13,18,32,28,0,0,128.0,5600,7600078846.0,15213789162.0,1463.0,0.26125
w=32,46,2,23,19,12,32,28,0,0,128.0,5600,7600078846.0,15200468960.0,1459.0,0.26053571428571426
w=32,48,4,12,9,20,32,28,0,0,128.0,5600,3710974.0,52592621.0,2238.0,0.39964285714285713
w=32,48,4,12,21,8,32,28,0,0,128.0,5600,3710974.0,14865368.0,2229.0,0.39803571428571427
w=32,48,6,8,7,18,32,28,0,0,128.0,5600,231934.0,8731629.0,3012.0,0.5378571428571428
w=256,40,2,20,13,20,256,18,0,0,128.0,5600,4840226814.0,9734979562.0,5221.0,0.9323214285714285
w=256,40,2,20,21,12,256,18,0,0,128.0,5600,4840226814.0,9680797660.0,5215.0,0.93125
w=256,40,8,5,11,14,256,18,0,0,128.0,5600,147710.0,1902562.0,18813.0,3.3594642857142856
w=256,42,3,14,23,10,256,18,0,0,128.0,5600,75628542.0,226979799.0,7479.0,1.3355357142857143
w=256,48,3,16,13,18,256,18,0,0,128.0,5600,302514174.0,921173992.0,7486.0,1.3367857142857142
w=256,48,3,16,19,12,256,18,0,0,128.0,5600,302514174.0,907853790.0,7482.0,1.3360714285714286
w=256,50,5,10,11,18,256,18,0,0,128.0,5600,4726782.0,35168232.0,12018.0,2.1460714285714286
w=256,50,5,10,19,10,256,18,0,0,128.0,5600,4726782.0,23711706.0,12012.0,2.145
w=16,40,2,20,12,19,16,35,0,0,128.0,5616,599785470.0,1224736748.0,1098.0,0.1955128205128205
w=16,40,2,20,15,15,16,35,0,0,128.0,5616,599785470.0,1201536999.0,1096.0,0.19515669515669515
w=16,40,2,20,16,14,16,35,0,0,128.0,5616,599785470.0,1200619493.0,1095.0,0.19497863247863248
w=16,40,2,20,20,11,16,35,0,0,128.0,5616,599785470.0,1199734750.0,1092.0,0.19444444444444445
w=16,40,2,20,24,9,16,35,0,0,128.0,5616,599785470.0,1199620055.0,1089.0,0.19391025641025642
w=16,40,4,10,10,16,16,35,0,0,128.0,5616,585726.0,4964332.0,1504.0,0.2678062678062678
w=16,42,2,21,14,16,16,35,0,0,128.0,5616,1199570942.0,2402811881.0,1097.0,0.19533475783475784
w=16,42,2,21,17,13,16,35,0,0,128.0,5616,1199570942.0,2399698915.0,1094.0,0.1948005698005698
w=16,45,3,15,10,19,16,35,0,0,128.0,5616,18743294.0,77201390.0,1302.0,0.23183760683760685
w=16,45,3,15,20,9,16,35,0,0,128.0,5616,18743294.0,56270812.0,1294.0,0.23041310541310542
w=16,46,2,23,13,17,16,35,0,0,128.0,5616,4798283774.0,9603383274.0,1097.0,0.19533475783475784
w=16,46,2,23,18,12,16,35,0,0,128.0,5616,4798283774.0,9596862434.0,1094.0,0.1948005698005698
w=16,48,4,12,9,17,16,35,0,0,128.0,5616,2342910.0,14090221.0,1504.0,0.2678062678062678
w=16,48,4,12,18,8,16,35,0,0,128.0,5616,2342910.0,9390046.0,1498.0,0.26673789173789175
w=16,50,2,25,23,9,16,35,0,0,128.0,5616,19193135102.0,38386317273.0,1090.0,0.19408831908831908
w=32,40,4,10,11,17,32,28,0,0,128.0,5616,927742.0,9478122.0,2239.0,0.39868233618233617
w=32,40,4,10,18,10,32,28,0,0,128.0,5616,927742.0,3784670.0,2234.0,0.3977920227920228
w=32,40,5,8,10,16,32,28,0,0,128.0,5616,231934.0,3781098.0,2626.0,0.4675925925925926
w=32,42,2,21,12,20,32,28,0,0,128.0,5616,1900019710.0,3850371052.0,1466.0,0.26103988603988604
w=32,42,2,21,14,17,32,28,0,0,128.0,5616,1900019710.0,3807379433.0,1465.0,0.26086182336182334
w=32,42,2,21,18,13,32,28,0,0,128.0,5616,1900019710.0,3800629218.0,1462.0,0.2603276353276353
w=32,42,2,21,21,11,32,28,0,0,128.0,5616,1900019710.0,3800211420.0,1459.0,0.2597934472934473
w=32,42,3,14,14,15,32,28,0,0,128.0,5616,14843902.0,46366695.0,1851.0,0.3295940170940171
w=32,42,3,14,16,13,32,28,0,0,128.0,5616,14843902.0,45055971.0,1849.0,0.32923789173789175
w=32,42,6,7,7,19,32,28,0,0,128.0,5616,115966.0,15375853.0,3014.0,0.5366809116809117
w=32,45,3,15,13,16,32,28,0,0,128.0,5616,29687806.0,92471272.0,1851.0,0.3295940170940171
w=32,45,3,15,17,12,32,28,0,0,128.0,5616,29687806.0,89341921.0,1848.0,0.32905982905982906
w=32,45,5,9,11,14,32,28,0,0,128.0,5616,463870.0,3040232.0,2625.0,0.4674145299145299
w=32,45,5,9,15,10,32,28,0,0,128.0,5616,463870.0,2380769.0,2622.0,0.4668803418803419
w=32,48,4,12,10,18,32,28,0,0,128.0,5616,3710974.0,25329644.0,2240.0,0.39886039886039887
w=32,48,4,12,19,9,32,28,0,0,128.0,5616,3710974.0,14882780.0,2233.0,0.3976139601139601
w=32,50,5,10,8,19,32,28,0,0,128.0,5616,927742.0,21415917.0,2627.0,0.46777065527065526
w=32,50,5,10,10,15,32,28,0,0,128.0,5616,927742.0,5949418.0,2626.0,0.4675925925925926
w=32,50,5,10,16,9,32,28,0,0,128.0,5616,927742.0,4671455.0,2621.0,0.4667022792022792
w=256,40,4,10,14,16,256,18,0,0,128.0,5616,4726782.0,22577125.0,9753.0,1.7366452991452992
w=256,40,4,10,17,13,256,18,0,0,128.0,5616,4726782.0,19464159.0,9750.0,1.7361111111111112
w=256,40,5,8,11,19,256,18,0,0,128.0,5616,1181694.0,28977128.0,12020.0,2.1403133903133904
w=256,40,5,8,20,10,256,18,0,0,128.0,5616,1181694.0,5990360.0,12013.0,2.1390669515669516
w=256,40,5,8,22,9,256,18,0,0,128.0,5616,1181694.0,5953493.0,12012.0,2.138888888888889
w=256,42,2,21,16,16,256,18,0,0,128.0,5616,9680453630.0,19365101541.0,5221.0,0.9296652421652422
w=256,42,2,21,17,15,256,18,0,0,128.0,5616,9680453630.0,19363135459.0,5220.0,0.9294871794871795
w=256,42,6,7,10,19,256,18,0,0,128.0,5616,590846.0,24516584.0,14286.0,2.5438034188034186
w=256,42,6,7,20,9,256,18,0,0,128.0,5616,590846.0,3586006.0,14278.0,2.5423789173789175
w=256,42,7,6,13,13,256,18,0,0,128.0,5616,295422.0,2493920.0,16548.0,2.9465811965811968
w=256,42,7,6,14,12,256,18,0,0,128.0,5616,295422.0,2297311.0,16548.0,2.9465811965811968
w=256,44,2,22,15,17,256,18,0,0,128.0,5616,19360907262.0,38729678823.0,5222.0,0.9298433048433048
w=256,44,2,22,18,14,256,18,0,0,128.0,5616,19360907262.0,38722994146.0,5220.0,0.9294871794871795
w=256,44,4,11,13,17,256,18,0,0,128.0,5616,9453566.0,44629990.0,9753.0,1.7366452991452992
w=256,44,4,11,18,12,256,18,0,0,128.0,5616,9453566.0,38109150.0,9750.0,1.7361111111111112
w=256,45,9,5,11,12,256,18,0,0,128.0,5616,147710.0,1509600.0,21080.0,3.7535612535612537
w=256,48,2,24,14,18,256,18,0,0,128.0,5616,77443629054.0,154901938153.0,5223.0,0.9300213675213675
w=256,48,2,24,19,13,256,18,0,0,128.0,5616,77443629054.0,154887880672.0,5219.0,0.9293091168091168
w=256,48,4,12,23,9,256,18,0,0,128.0,5616,18907134.0,75675605.0,9746.0,1.7353988603988604
w=256,50,2,25,22,11,256,18,0,0,128.0,5616,154887258110.0,309774696411.0,5217.0,0.9289529914529915
w=256,50,2,25,24,10,256,18,0,0,128.0,5616,154887258110.0,309774614487.0,5215.0,0.9285968660968661
w=256,50,5,10,10,20,256,18,0,0,128.0,5616,4726782.0,65576938.0,12021.0,2.140491452991453
w=256,50,5,10,14,14,256,18,0,0,128.0,5616,4726782.0,24551395.0,12018.0,2.139957264957265
w=256,50,5,10,15,13,256,18,0,0,128.0,5616,4726782.0,24125409.0,12017.0,2.139779202279202
w=256,50,5,10,21,9,256,18,0,0,128.0,5616,4726782.0,23676886.0,12012.0,2.138888888888889
w=16,40,4,10,9,18,16,35,0,0,128.0,5632,585726.0,11780077.0,1506.0,0.2674005681818182
w=16,42,3,14,12,16,16,35,0,0,128.0,5632,9371646.0,31260650.0,1302.0,0.23117897727272727
w=16,42,3,14,17,11,16,35,0,0,128.0,5632,9371646.0,28254177.0,1298.0,0.23046875
w=16,48,3,16,11,17,16,35,0,0,128.0,5632,37486590.0,118226924.0,1303.0,0.2313565340909091
w=16,48,3,16,18,10,16,35,0,0,128.0,5632,37486590.0,112533472.0,1298.0,0.23046875
w=16,48,3,16,22,8,16,35,0,0,128.0,5632,37486590.0,112482265.0,1295.0,0.22993607954545456
w=16,50,2,25,11,20,16,35,0,0,128.0,5632,19193135102.0,38432407534.0,1101.0,0.19549005681818182
w=16,50,2,25,21,10,16,35,0,0,128.0,5632,19193135102.0,38386356188.0,1093.0,0.19406960227272727
w=16,50,5,10,6,20,16,35,0,0,128.0,5632,585726.0,28094449.0,1711.0,0.3037997159090909
w=16,50,5,10,7,17,16,35,0,0,128.0,5632,585726.0,6598639.0,1710.0,0.3036221590909091
w=32,40,2,20,15,16,32,28,0,0,128.0,5632,950009854.0,1903951847.0,1466.0,0.26029829545454547
w=32,40,2,20,17,14,32,28,0,0,128.0,5632,950009854.0,1901133795.0,1464.0,0.2599431818181818
w=32,40,5,8,9,18,32,28,0,0,128.0,5632,231934.0,10596843.0,2628.0,0.4666193181818182
w=32,42,2,21,23,10,32,28,0,0,128.0,5632,1900019710.0,3800133593.0,1460.0,0.25923295454545453
w=32,42,3,14,15,14,32,28,0,0,128.0,5632,14843902.0,45514725.0,1852.0,0.3288352272727273
w=32,44,4,11,13,14,32,28,0,0,128.0,5632,1855486.0,8273894.0,2239.0,0.3975497159090909
w=32,44,4,11,15,12,32,28,0,0,128.0,5632,1855486.0,7667683.0,2238.0,0.3973721590909091
w=32,48,2,24,13,18,32,28,0,0,128.0,5632,15200157694.0,30413946858.0,1467.0,0.2604758522727273
w=32,48,2,24,19,12,32,28,0,0,128.0,5632,15200157694.0,30400626656.0,1463.0,0.259765625
w=32,48,6,8,9,14,32,28,0,0,128.0,5632,231934.0,1981417.0,3014.0,0.53515625
w=256,40,5,8,13,16,256,18,0,0,128.0,5632,1181694.0,9316324.0,12020.0,2.1342329545454546
w=256,40,5,8,17,12,256,18,0,0,128.0,5632,1181694.0,6186973.0,12017.0,2.133700284090909
w=256,42,2,21,13,20,256,18,0,0,128.0,5632,9680453630.0,19415433194.0,5225.0,0.927734375
w=256,42,2,21,21,12,256,18,0,0,128.0,5632,9680453630.0,19361251292.0,5219.0,0.9266690340909091
w=256,42,3,14,15,16,256,18,0,0,128.0,5632,75628542.0,230817765.0,7489.0,1.3297230113636365
w=256,42,3,14,17,14,256,18,0,0,128.0,5632,75628542.0,227999713.0,7487.0,1.3293678977272727
w=256,45,3,15,12,20,256,18,0,0,128.0,5632,151257086.0,504102890.0,7491.0,1.330078125
w=256,45,3,15,14,17,256,18,0,0,128.0,5632,151257086.0,461111271.0,7490.0,1.3299005681818181
w=256,45,3,15,18,13,256,18,0,0,128.0,5632,151257086.0,454361056.0,7487.0,1.3293678977272727
w=256,45,3,15,21,11,256,18,0,0,128.0,5632,151257086.0,453943258.0,7484.0,1.3288352272727273
w=256,45,5,9,12,17,256,18,0,0,128.0,5632,2363390.0,18108390.0,12021.0,2.1344105113636362
w=256,45,5,9,18,11,256,18,0,0,128.0,5632,2363390.0,11964380.0,12017.0,2.133700284090909
w=256,45,5,9,24,8,256,18,0,0,128.0,5632,2363390.0,11841489.0,12012.0,2.1328125
w=256,45,9,5,8,17,256,18,0,0,128.0,5632,147710.0,5523685.0,21084.0,3.7436079545454546
w=256,45,9,5,9,15,256,18,0,0,128.0,5632,147710.0,2509027.0,21083.0,3.743430397727273
w=256,45,9,5,12,11,256,18,0,0,128.0,5632,147710.0,1427678.0,21081.0,3.743075284090909
w=256,48,4,12,11,20,256,18,0,0,128.0,5632,18907134.0,121765866.0,9757.0,1.732421875
w=256,48,4,12,21,10,256,18,0,0,128.0,5632,18907134.0,75714520.0,9749.0,1.7310014204545454
w=256,48,6,8,13,14,256,18,0,0,128.0,5632,1181694.0,7942114.0,14285.0,2.536399147727273
w=256,48,6,8,15,12,256,18,0,0,128.0,5632,1181694.0,7335903.0,14284.0,2.536221590909091
w=256,49,7,7,11,15,256,18,0,0,128.0,5632,590846.0,5577700.0,16552.0,2.9389204545454546
w=256,49,7,7,16,10,256,18,0,0,128.0,5632,590846.0,4201435.0,16548.0,2.938210227272727
w=16,40,2,20,22,10,16,35,0,0,128.0,5648,599785470.0,1199661019.0,1095.0,0.19387393767705383
w=16,42,2,21,12,19,16,35,0,0,128.0,5648,1199570942.0,2424307692.0,1102.0,0.19511331444759206
w=16,42,2,21,15,15,16,35,0,0,128.0,5648,1199570942.0,2401107943.0,1100.0,0.19475920679886685
w=16,42,2,21,16,14,16,35,0,0,128.0,5648,1199570942.0,2400190437.0,1099.0,0.19458215297450424
w=16,42,2,21,20,11,16,35,0,0,128.0,5648,1199570942.0,2399305694.0,1096.0,0.19405099150141644
w=16,42,2,21,24,9,16,35,0,0,128.0,5648,1199570942.0,2399190999.0,1093.0,0.19351983002832862
w=16,44,2,22,14,16,16,35,0,0,128.0,5648,2399141886.0,4801953769.0,1101.0,0.19493626062322947
w=16,44,2,22,17,13,16,35,0,0,128.0,5648,2399141886.0,4798840803.0,1098.0,0.19440509915014165
w=16,44,4,11,8,20,16,35,0,0,128.0,5648,1171454.0,38240239.0,1509.0,0.2671742209631728
w=16,44,4,11,12,13,16,35,0,0,128.0,5648,1171454.0,5079016.0,1506.0,0.266643059490085
w=16,44,4,11,14,11,16,35,0,0,128.0,5648,1171454.0,4800485.0,1505.0,0.26646600566572237
w=16,48,2,24,13,17,16,35,0,0,128.0,5648,9596567550.0,19199950826.0,1101.0,0.19493626062322947
w=16,48,2,24,18,12,16,35,0,0,128.0,5648,9596567550.0,19193429986.0,1098.0,0.19440509915014165
w=32,40,2,20,16,15,32,28,0,0,128.0,5648,950009854.0,1902116837.0,1467.0,0.25973796033994334
w=32,40,4,10,10,19,32,28,0,0,128.0,5648,927742.0,24682476.0,2244.0,0.3973087818696884
w=32,40,4,10,20,9,32,28,0,0,128.0,5648,927742.0,3751898.0,2236.0,0.39589235127478756
w=32,44,2,22,12,20,32,28,0,0,128.0,5648,3800039422.0,7650410476.0,1470.0,0.26026912181303113
w=32,44,2,22,14,17,32,28,0,0,128.0,5648,3800039422.0,7607418857.0,1469.0,0.2600920679886686
w=32,44,2,22,18,13,32,28,0,0,128.0,5648,3800039422.0,7600668642.0,1466.0,0.2595609065155807
w=32,44,2,22,21,11,32,28,0,0,128.0,5648,3800039422.0,7600250844.0,1463.0,0.25902974504249293
w=32,44,4,11,14,13,32,28,0,0,128.0,5648,1855486.0,7880677.0,2241.0,0.3967776203966006
w=32,48,3,16,11,19,32,28,0,0,128.0,5648,59375614.0,201195500.0,1857.0,0.32878895184135976
w=32,48,3,16,20,10,32,28,0,0,128.0,5648,59375614.0,178208732.0,1850.0,0.32754957507082155
w=32,48,3,16,22,9,32,28,0,0,128.0,5648,59375614.0,178171865.0,1849.0,0.32737252124645894
w=32,48,4,12,12,15,32,28,0,0,128.0,5648,3710974.0,16416744.0,2242.0,0.3969546742209632
w=32,48,4,12,16,11,32,28,0,0,128.0,5648,3710974.0,14974945.0,2239.0,0.39642351274787535
w=32,48,6,8,8,16,32,28,0,0,128.0,5648,231934.0,3488747.0,3017.0,0.5341713881019831
w=32,50,5,10,9,17,32,28,0,0,128.0,5648,927742.0,9357291.0,2630.0,0.4656515580736544
w=32,50,5,10,18,8,32,28,0,0,128.0,5648,927742.0,4657116.0,2624.0,0.46458923512747874
w=256,40,2,20,23,11,256,18,0,0,128.0,5648,4840226814.0,9680642009.0,5220.0,0.9242209631728046
w=256,40,4,10,12,19,256,18,0,0,128.0,5648,4726782.0,44072936.0,9758.0,1.7276912181303117
w=256,40,4,10,15,15,256,18,0,0,128.0,5648,4726782.0,20873187.0,9756.0,1.7273371104815864
w=256,40,4,10,16,14,256,18,0,0,128.0,5648,4726782.0,19955681.0,9755.0,1.7271600566572238
w=256,40,4,10,20,11,256,18,0,0,128.0,5648,4726782.0,19070938.0,9752.0,1.726628895184136
w=256,40,4,10,24,9,256,18,0,0,128.0,5648,4726782.0,18956243.0,9749.0,1.7260977337110481
w=256,40,8,5,8,20,256,18,0,0,128.0,5648,147710.0,34736103.0,18821.0,3.3323300283286117
w=256,40,8,5,12,13,256,18,0,0,128.0,5648,147710.0,1574880.0,18818.0,3.3317988668555243
w=256,42,3,14,16,15,256,18,0,0,128.0,5648,75628542.0,228982755.0,7490.0,1.3261331444759208
w=256,44,2,22,16,16,256,18,0,0,128.0,5648,19360907262.0,38726008805.0,5225.0,0.9251062322946175
w=256,44,2,22,17,15,256,18,0,0,128.0,5648,19360907262.0,38724042723.0,5224.0,0.9249291784702549
w=256,45,3,15,23,10,256,18,0,0,128.0,5648,151257086.0,453865431.0,7485.0,1.3252478753541077
w=256,46,2,23,15,17,256,18,0,0,128.0,5648,38721814526.0,77451493351.0,5226.0,0.9252832861189801
w=256,46,2,23,18,14,256,18,0,0,128.0,5648,38721814526.0,77444808674.0,5224.0,0.9249291784702549
w=256,48,6,8,14,13,256,18,0,0,128.0,5648,1181694.0,7548897.0,14287.0,2.529567988668555
w=256,48,8,6,8,19,256,18,0,0,128.0,5648,295422.0,19140583.0,18821.0,3.3323300283286117
w=256,48,8,6,10,15,256,18,0,0,128.0,5648,295422.0,3674084.0,18820.0,3.332152974504249
w=256,48,8,6,16,9,256,18,0,0,128.0,5648,295422.0,2396121.0,18815.0,3.3312677053824364
w=256,50,2,25,14,18,256,18,0,0,128.0,5648,154887258110.0,309789196265.0,5227.0,0.9254603399433428
w=256,50,2,25,19,13,256,18,0,0,128.0,5648,154887258110.0,309775138784.0,5223.0,0.9247521246458924
w=16,44,4,11,13,12,16,35,0,0,128.0,5664,1171454.0,4898790.0,1507.0,0.266066384180791
w=16,45,5,9,7,18,16,35,0,0,128.0,5664,292862.0,8804335.0,1714.0,0.3026129943502825
w=16,48,3,16,10,19,16,35,0,0,128.0,5664,37486590.0,133431278.0,1308.0,0.2309322033898305
w=16,48,3,16,20,9,16,35,0,0,128.0,5664,37486590.0,112500700.0,1300.0,0.22951977401129944
w=16,48,4,12,11,14,16,35,0,0,128.0,5664,2342910.0,10092522.0,1509.0,0.2664194915254237
w=16,48,4,12,15,10,16,35,0,0,128.0,5664,2342910.0,9433059.0,1506.0,0.2658898305084746
w=16,50,5,10,8,15,16,35,0,0,128.0,5664,585726.0,3977197.0,1713.0,0.3024364406779661
w=32,42,2,21,15,16,32,28,0,0,128.0,5664,1900019710.0,3803971559.0,1470.0,0.2595338983050847
w=32,42,2,21,17,14,32,28,0,0,128.0,5664,1900019710.0,3801153507.0,1468.0,0.259180790960452
w=32,44,2,22,23,10,32,28,0,0,128.0,5664,3800039422.0,7600173017.0,1464.0,0.2584745762711864
w=32,45,3,15,14,15,32,28,0,0,128.0,5664,29687806.0,90898407.0,1857.0,0.3278601694915254
w=32,45,3,15,16,13,32,28,0,0,128.0,5664,29687806.0,89587683.0,1855.0,0.3275070621468927
w=32,45,5,9,8,20,32,28,0,0,128.0,5664,463870.0,35873773.0,2633.0,0.4648658192090395
w=32,45,5,9,12,13,32,28,0,0,128.0,5664,463870.0,2712550.0,2630.0,0.4643361581920904
w=32,45,5,9,14,11,32,28,0,0,128.0,5664,463870.0,2434019.0,2629.0,0.464159604519774
w=32,48,3,16,13,16,32,28,0,0,128.0,5664,59375614.0,181534696.0,1857.0,0.3278601694915254
w=32,48,3,16,17,12,32,28,0,0,128.0,5664,59375614.0,178405345.0,1854.0,0.3273305084745763
w=32,50,2,25,13,18,32,28,0,0,128.0,5664,30400315390.0,60814262250.0,1471.0,0.2597104519774011
w=32,50,2,25,19,12,32,28,0,0,128.0,5664,30400315390.0,60800942048.0,1467.0,0.2590042372881356
w=256,40,8,5,13,12,256,18,0,0,128.0,5664,147710.0,1394654.0,18819.0,3.3225635593220337
w=256,44,2,22,13,20,256,18,0,0,128.0,5664,19360907262.0,38776340458.0,5229.0,0.9231991525423728
w=256,44,2,22,21,12,256,18,0,0,128.0,5664,19360907262.0,38722158556.0,5223.0,0.9221398305084746
w=16,42,2,21,22,10,16,35,0,0,128.0,5680,1199570942.0,2399231963.0,1099.0,0.19348591549295774
w=16,42,3,14,23,8,16,35,0,0,128.0,5680,9371646.0,28138455.0,1300.0,0.22887323943661972
w=16,44,2,22,12,19,16,35,0,0,128.0,5680,2399141886.0,4823449580.0,1106.0,0.19471830985915492
w=16,44,2,22,15,15,16,35,0,0,128.0,5680,2399141886.0,4800249831.0,1104.0,0.19436619718309858
w=16,44,2,22,16,14,16,35,0,0,128.0,5680,2399141886.0,4799332325.0,1103.0,0.1941901408450704
w=16,44,2,22,20,11,16,35,0,0,128.0,5680,2399141886.0,4798447582.0,1100.0,0.1936619718309859
w=16,44,2,22,24,9,16,35,0,0,128.0,5680,2399141886.0,4798332887.0,1097.0,0.1931338028169014
w=16,44,4,11,10,16,16,35,0,0,128.0,5680,1171454.0,7307244.0,1512.0,0.2661971830985915
w=16,44,4,11,17,9,16,35,0,0,128.0,5680,1171454.0,4720607.0,1506.0,0.2651408450704225
w=16,45,3,15,12,16,16,35,0,0,128.0,5680,18743294.0,59375594.0,1308.0,0.23028169014084507
w=16,45,3,15,17,11,16,35,0,0,128.0,5680,18743294.0,56369121.0,1304.0,0.2295774647887324
w=16,46,2,23,14,16,16,35,0,0,128.0,5680,4798283774.0,9600237545.0,1105.0,0.19454225352112675
w=16,46,2,23,17,13,16,35,0,0,128.0,5680,4798283774.0,9597124579.0,1102.0,0.19401408450704224
w=16,50,2,25,13,17,16,35,0,0,128.0,5680,19193135102.0,38393085930.0,1105.0,0.19454225352112675
w=16,50,2,25,18,12,16,35,0,0,128.0,5680,19193135102.0,38386565090.0,1102.0,0.19401408450704224
w=32,42,2,21,16,15,32,28,0,0,128.0,5680,1900019710.0,3802136549.0,1471.0,0.25897887323943664
w=32,42,3,14,12,18,32,28,0,0,128.0,5680,14843902.0,57114602.0,1860.0,0.3274647887323944
w=32,42,3,14,19,11,32,28,0,0,128.0,5680,14843902.0,44687326.0,1855.0,0.3265845070422535
w=32,42,6,7,8,17,32,28,0,0,128.0,5680,115966.0,4890091.0,3021.0,0.5318661971830986
w=32,42,6,7,9,15,32,28,0,0,128.0,5680,115966.0,1875433.0,3020.0,0.5316901408450704
w=32,44,4,11,11,17,32,28,0,0,128.0,5680,1855486.0,13189098.0,2247.0,0.3955985915492958
w=32,44,4,11,18,10,32,28,0,0,128.0,5680,1855486.0,7495646.0,2242.0,0.3947183098591549
w=32,44,4,11,22,8,32,28,0,0,128.0,5680,1855486.0,7444439.0,2239.0,0.3941901408450704
w=32,45,3,15,15,14,32,28,0,0,128.0,5680,29687806.0,90046437.0,1858.0,0.32711267605633804
w=32,45,5,9,13,12,32,28,0,0,128.0,5680,463870.0,2532324.0,2631.0,0.4632042253521127
w=32,46,2,23,12,20,32,28,0,0,128.0,5680,7600078846.0,15250489324.0,1474.0,0.2595070422535211
w=32,46,2,23,14,17,32,28,0,0,128.0,5680,7600078846.0,15207497705.0,1473.0,0.259330985915493
w=32,46,2,23,18,13,32,28,0,0,128.0,5680,7600078846.0,15200747490.0,1470.0,0.25880281690140844
w=32,46,2,23,21,11,32,28,0,0,128.0,5680,7600078846.0,15200329692.0,1467.0,0.25827464788732396
w=256,40,4,10,22,10,256,18,0,0,128.0,5680,4726782.0,18997207.0,9755.0,1.7174295774647887
w=256,40,5,8,14,15,256,18,0,0,128.0,5680,1181694.0,7743459.0,12026.0,2.1172535211267607
w=256,40,5,8,16,13,256,18,0,0,128.0,5680,1181694.0,6432735.0,12024.0,2.1169014084507043
w=256,40,8,5,10,16,256,18,0,0,128.0,5680,147710.0,3803108.0,18824.0,3.3140845070422533
w=256,42,2,21,23,11,256,18,0,0,128.0,5680,9680453630.0,19361095641.0,5224.0,0.9197183098591549
w=256,42,6,7,12,16,256,18,0,0,128.0,5680,590846.0,6690788.0,14292.0,2.5161971830985914
w=256,42,6,7,17,11,256,18,0,0,128.0,5680,590846.0,3684315.0,14288.0,2.515492957746479
w=256,44,4,11,14,16,256,18,0,0,128.0,5680,9453566.0,41484261.0,9761.0,1.7184859154929577
w=256,44,4,11,17,13,256,18,0,0,128.0,5680,9453566.0,38371295.0,9758.0,1.7179577464788733
w=256,45,3,15,15,16,256,18,0,0,128.0,5680,151257086.0,457703397.0,7495.0,1.3195422535211268
w=256,45,3,15,17,14,256,18,0,0,128.0,5680,151257086.0,454885345.0,7493.0,1.3191901408450704
w=256,45,9,5,7,20,256,18,0,0,128.0,5680,147710.0,30689511.0,21091.0,3.7132042253521127
w=256,46,2,23,16,16,256,18,0,0,128.0,5680,38721814526.0,77447823333.0,5229.0,0.9205985915492958
w=256,46,2,23,17,15,256,18,0,0,128.0,5680,38721814526.0,77445857251.0,5228.0,0.9204225352112676
w=256,48,2,24,15,17,256,18,0,0,128.0,5680,77443629054.0,154895122407.0,5230.0,0.920774647887324
w=256,48,2,24,18,14,256,18,0,0,128.0,5680,77443629054.0,154888437730.0,5228.0,0.9204225352112676
w=256,48,3,16,12,20,256,18,0,0,128.0,5680,302514174.0,957874154.0,7497.0,1.3198943661971831
w=256,48,3,16,14,17,256,18,0,0,128.0,5680,302514174.0,914882535.0,7496.0,1.319718309859155
w=256,48,3,16,18,13,256,18,0,0,128.0,5680,302514174.0,908132320.0,7493.0,1.3191901408450704
w=256,48,3,16,21,11,256,18,0,0,128.0,5680,302514174.0,907714522.0,7490.0,1.318661971830986
w=256,48,4,12,13,17,256,18,0,0,128.0,5680,18907134.0,82444262.0,9761.0,1.7184859154929577
w=256,48,4,12,18,12,256,18,0,0,128.0,5680,18907134.0,75923422.0,9758.0,1.7179577464788733
w=256,48,6,8,11,17,256,18,0,0,128.0,5680,1181694.0,12857318.0,14293.0,2.5163732394366196
w=256,48,6,8,18,10,256,18,0,0,128.0,5680,1181694.0,7163866.0,14288.0,2.515492957746479
w=256,48,6,8,22,8,256,18,0,0,128.0,5680,1181694.0,7112659.0,14285.0,2.5149647887323945
w=256,48,8,6,9,17,256,18,0,0,128.0,5680,295422.0,7081957.0,18824.0,3.3140845070422533
w=256,48,8,6,18,8,256,18,0,0,128.0,5680,295422.0,2381782.0,18818.0,3.3130281690140846
w=16,42,3,14,13,15,16,35,0,0,128.0,5696,9371646.0,29818856.0,1309.0,0.22981039325842698
w=16,42,3,14,16,12,16,35,0,0,128.0,5696,9371646.0,28377059.0,1307.0,0.22945926966292135
w=16,44,4,11,9,18,16,35,0,0,128.0,5696,1171454.0,14122989.0,1514.0,0.2658005617977528
w=16,44,4,11,19,8,16,35,0,0,128.0,5696,1171454.0,4705244.0,1507.0,0.26457162921348315
w=16,50,5,10,10,12,16,35,0,0,128.0,5696,585726.0,3092458.0,1716.0,0.3012640449438202
w=32,44,2,22,15,16,32,28,0,0,128.0,5696,3800039422.0,7604010983.0,1474.0,0.25877808988764045
w=32,44,2,22,17,14,32,28,0,0,128.0,5696,3800039422.0,7601192931.0,1472.0,0.25842696629213485
w=32,45,5,9,10,16,32,28,0,0,128.0,5696,463870.0,4940778.0,2636.0,0.4627808988764045
w=32,45,5,9,17,9,32,28,0,0,128.0,5696,463870.0,2354141.0,2630.0,0.46172752808988765
w=32,46,2,23,23,10,32,28,0,0,128.0,5696,7600078846.0,15200251865.0,1468.0,0.2577247191011236
w=32,48,4,12,13,14,32,28,0,0,128.0,5696,3710974.0,15695846.0,2247.0,0.3944873595505618
w=32,48,4,12,15,12,32,28,0,0,128.0,5696,3710974.0,15089635.0,2246.0,0.394311797752809
w=32,50,5,10,11,14,32,28,0,0,128.0,5696,927742.0,5359592.0,2635.0,0.4626053370786517
w=32,50,5,10,15,10,32,28,0,0,128.0,5696,927742.0,4700129.0,2632.0,0.46207865168539325
w=256,40,5,8,15,14,256,18,0,0,128.0,5696,1181694.0,6891489.0,12027.0,2.1114817415730336
w=256,40,8,5,9,18,256,18,0,0,128.0,5696,147710.0,10618853.0,18826.0,3.305126404494382
w=256,42,7,6,11,16,256,18,0,0,128.0,5696,295422.0,4951524.0,16560.0,2.907303370786517
w=256,42,7,6,17,10,256,18,0,0,128.0,5696,295422.0,2137561.0,16555.0,2.906425561797753
w=256,45,3,15,16,15,256,18,0,0,128.0,5696,151257086.0,455868387.0,7496.0,1.3160112359550562
w=256,45,5,9,11,19,256,18,0,0,128.0,5696,2363390.0,34885608.0,12030.0,2.112008426966292
w=256,45,5,9,20,10,256,18,0,0,128.0,5696,2363390.0,11898840.0,12023.0,2.1107794943820224
w=256,45,5,9,22,9,256,18,0,0,128.0,5696,2363390.0,11861973.0,12022.0,2.1106039325842696
w=256,46,2,23,13,20,256,18,0,0,128.0,5696,38721814526.0,77498154986.0,5233.0,0.9187148876404494
w=256,46,2,23,21,12,256,18,0,0,128.0,5696,38721814526.0,77443973084.0,5227.0,0.9176615168539326
w=256,48,3,16,23,10,256,18,0,0,128.0,5696,302514174.0,907636695.0,7491.0,1.3151334269662922
w=256,49,7,7,9,19,256,18,0,0,128.0,5696,590846.0,23010279.0,16561.0,2.9074789325842696
w=256,49,7,7,10,17,256,18,0,0,128.0,5696,590846.0,9378790.0,16561.0,2.9074789325842696
w=256,49,7,7,12,14,256,18,0,0,128.0,5696,590846.0,4922338.0,16559.0,2.907127808988764
w=256,49,7,7,15,11,256,18,0,0,128.0,5696,590846.0,4258781.0,16557.0,2.9067766853932584
w=256,49,7,7,18,9,256,18,0,0,128.0,5696,590846.0,4172760.0,16555.0,2.906425561797753
w=256,49,7,7,20,8,256,18,0,0,128.0,5696,590846.0,4156372.0,16553.0,2.906074438202247
w=16,40,4,10,11,15,16,35,0,0,128.0,5712,585726.0,3784682.0,1515.0,0.2652310924369748
w=16,42,3,14,11,18,16,35,0,0,128.0,5712,9371646.0,39649260.0,1313.0,0.22986694677871147
w=16,42,3,14,19,10,16,35,0,0,128.0,5712,9371646.0,28192734.0,1307.0,0.22881652661064425
w=16,44,2,22,22,10,16,35,0,0,128.0,5712,2399141886.0,4798373851.0,1103.0,0.19310224089635855
w=16,45,5,9,8,16,16,35,0,0,128.0,5712,292862.0,3561453.0,1719.0,0.3009453781512605
w=16,46,2,23,12,19,16,35,0,0,128.0,5712,4798283774.0,9621733356.0,1110.0,0.19432773109243698
w=16,46,2,23,15,15,16,35,0,0,128.0,5712,4798283774.0,9598533607.0,1108.0,0.19397759103641457
w=16,46,2,23,16,14,16,35,0,0,128.0,5712,4798283774.0,9597616101.0,1107.0,0.19380252100840337
w=16,46,2,23,20,11,16,35,0,0,128.0,5712,4798283774.0,9596731358.0,1104.0,0.19327731092436976
w=16,46,2,23,24,9,16,35,0,0,128.0,5712,4798283774.0,9596616663.0,1101.0,0.19275210084033614
w=16,48,2,24,14,16,16,35,0,0,128.0,5712,9596567550.0,19196805097.0,1109.0,0.19415266106442577
w=16,48,2,24,17,13,16,35,0,0,128.0,5712,9596567550.0,19193692131.0,1106.0,0.19362745098039216
w=16,48,4,12,8,20,16,35,0,0,128.0,5712,2342910.0,42926063.0,1517.0,0.2655812324929972
w=16,48,4,12,12,13,16,35,0,0,128.0,5712,2342910.0,9764840.0,1514.0,0.2650560224089636
w=16,48,4,12,14,11,16,35,0,0,128.0,5712,2342910.0,9486309.0,1513.0,0.2648809523809524
w=32,40,2,20,13,19,32,28,0,0,128.0,5712,950009854.0,1927282666.0,1477.0,0.25857843137254904
w=32,40,2,20,20,12,32,28,0,0,128.0,5712,950009854.0,1900347358.0,1472.0,0.25770308123249297
w=32,40,4,10,12,16,32,28,0,0,128.0,5712,927742.0,6856680.0,2250.0,0.3939075630252101
w=32,40,4,10,17,11,32,28,0,0,128.0,5712,927742.0,3850207.0,2246.0,0.39320728291316526
w=32,40,5,8,11,15,32,28,0,0,128.0,5712,231934.0,2601448.0,2637.0,0.46165966386554624
w=32,42,3,14,23,9,32,28,0,0,128.0,5712,14843902.0,44578775.0,1856.0,0.32492997198879553
w=32,44,2,22,16,15,32,28,0,0,128.0,5712,3800039422.0,7602175973.0,1475.0,0.25822829131652664
w=32,44,4,11,10,19,32,28,0,0,128.0,5712,1855486.0,28393452.0,2252.0,0.3942577030812325
w=32,44,4,11,20,9,32,28,0,0,128.0,5712,1855486.0,7462874.0,2244.0,0.39285714285714285
w=32,45,5,9,9,18,32,28,0,0,128.0,5712,463870.0,11756523.0,2638.0,0.46183473389355745
w=32,45,5,9,19,8,32,28,0,0,128.0,5712,463870.0,2338778.0,2631.0,0.46060924369747897
w=32,48,2,24,12,20,32,28,0,0,128.0,5712,15200157694.0,30450647020.0,1478.0,0.25875350140056025
w=32,48,2,24,14,17,32,28,0,0,128.0,5712,15200157694.0,30407655401.0,1477.0,0.25857843137254904
w=32,48,2,24,18,13,32,28,0,0,128.0,5712,15200157694.0,30400905186.0,1474.0,0.25805322128851543
w=32,48,2,24,21,11,32,28,0,0,128.0,5712,15200157694.0,30400487388.0,1471.0,0.25752801120448177
w=32,48,3,16,14,15,32,28,0,0,128.0,5712,59375614.0,179961831.0,1863.0,0.32615546218487396
w=32,48,3,16,16,13,32,28,0,0,128.0,5712,59375614.0,178651107.0,1861.0,0.32580532212885155
w=32,48,4,12,14,13,32,28,0,0,128.0,5712,3710974.0,15302629.0,2249.0,0.39373249299719887
w=32,48,6,8,7,19,32,28,0,0,128.0,5712,231934.0,16071661.0,3026.0,0.5297619047619048
w=32,48,6,8,10,13,32,28,0,0,128.0,5712,231934.0,1719272.0,3024.0,0.5294117647058824
w=32,48,6,8,14,9,32,28,0,0,128.0,5712,231934.0,1420257.0,3021.0,0.5288865546218487
w=256,40,2,20,14,19,256,18,0,0,128.0,5712,4840226814.0,9709813737.0,5235.0,0.9164915966386554
w=256,40,2,20,20,13,256,18,0,0,128.0,5712,4840226814.0,9681108958.0,5230.0,0.9156162464985994
w=256,42,3,14,13,19,256,18,0,0,128.0,5712,75628542.0,254148584.0,7500.0,1.3130252100840336
w=256,42,3,14,20,12,256,18,0,0,128.0,5712,75628542.0,227213276.0,7495.0,1.3121498599439776
w=256,44,2,22,23,11,256,18,0,0,128.0,5712,19360907262.0,38722002905.0,5228.0,0.915266106442577
w=256,44,4,11,12,19,256,18,0,0,128.0,5712,9453566.0,62980072.0,9766.0,1.709733893557423
w=256,44,4,11,15,15,256,18,0,0,128.0,5712,9453566.0,39780323.0,9764.0,1.7093837535014005
w=256,44,4,11,16,14,256,18,0,0,128.0,5712,9453566.0,38862817.0,9763.0,1.7092086834733893
w=256,44,4,11,20,11,256,18,0,0,128.0,5712,9453566.0,37978074.0,9760.0,1.7086834733893557
w=256,44,4,11,24,9,256,18,0,0,128.0,5712,9453566.0,37863379.0,9757.0,1.708158263305322
w=256,45,5,9,13,16,256,18,0,0,128.0,5712,2363390.0,15224804.0,12030.0,2.10609243697479
w=256,45,5,9,17,12,256,18,0,0,128.0,5712,2363390.0,12095453.0,12027.0,2.105567226890756
w=256,48,2,24,16,16,256,18,0,0,128.0,5712,77443629054.0,154891452389.0,5233.0,0.916141456582633
w=256,48,2,24,17,15,256,18,0,0,128.0,5712,77443629054.0,154889486307.0,5232.0,0.9159663865546218
w=256,48,6,8,10,19,256,18,0,0,128.0,5712,1181694.0,28061672.0,14298.0,2.5031512605042017
w=256,48,6,8,20,9,256,18,0,0,128.0,5712,1181694.0,7131094.0,14290.0,2.501750700280112
w=256,50,2,25,15,17,256,18,0,0,128.0,5712,154887258110.0,309782380519.0,5234.0,0.9163165266106442
w=256,50,2,25,18,14,256,18,0,0,128.0,5712,154887258110.0,309775695842.0,5232.0,0.9159663865546218
w=256,50,5,10,12,17,256,18,0,0,128.0,5712,4726782.0,29925350.0,12031.0,2.106267507002801
w=256,50,5,10,18,11,256,18,0,0,128.0,5712,4726782.0,23781340.0,12027.0,2.105567226890756
w=256,50,5,10,24,8,256,18,0,0,128.0,5712,4726782.0,23658449.0,12022.0,2.1046918767507004
w=256,50,10,5,6,20,256,18,0,0,128.0,5712,147710.0,26642919.0,23361.0,4.089810924369748
w=256,50,10,5,7,17,256,18,0,0,128.0,5712,147710.0,5147109.0,23360.0,4.089635854341736
w=16,40,2,20,13,18,16,35,0,0,128.0,5728,599785470.0,1213202410.0,1111.0,0.1939594972067039
w=16,40,2,20,19,12,16,35,0,0,128.0,5728,599785470.0,1199882208.0,1107.0,0.19326117318435754
w=16,42,3,14,10,20,16,35,0,0,128.0,5728,9371646.0,70057966.0,1316.0,0.2297486033519553
w=16,42,3,14,14,14,16,35,0,0,128.0,5728,9371646.0,29032423.0,1313.0,0.22922486033519554
w=16,42,3,14,15,13,16,35,0,0,128.0,5728,9371646.0,28606437.0,1312.0,0.22905027932960895
w=16,42,3,14,21,9,16,35,0,0,128.0,5728,9371646.0,28157914.0,1307.0,0.22817737430167598
w=16,45,3,15,23,8,16,35,0,0,128.0,5728,18743294.0,56253399.0,1306.0,0.22800279329608938
w=16,48,3,16,12,16,16,35,0,0,128.0,5728,37486590.0,115605482.0,1314.0,0.22939944134078213
w=16,48,3,16,17,11,16,35,0,0,128.0,5728,37486590.0,112599009.0,1310.0,0.22870111731843576
w=16,48,4,12,13,12,16,35,0,0,128.0,5728,2342910.0,9584614.0,1515.0,0.26449022346368717
w=16,50,5,10,11,11,16,35,0,0,128.0,5728,585726.0,3018728.0,1719.0,0.30010474860335196
w=16,50,5,10,12,10,16,35,0,0,128.0,5728,585726.0,2977766.0,1718.0,0.29993016759776536
w=32,42,3,14,11,20,32,28,0,0,128.0,5728,14843902.0,90669036.0,1867.0,0.3259427374301676
w=32,42,3,14,21,10,32,28,0,0,128.0,5728,14843902.0,44617690.0,1859.0,0.32454608938547486
w=32,42,6,7,7,20,32,28,0,0,128.0,5728,115966.0,30055917.0,3028.0,0.5286312849162011
w=32,45,3,15,12,18,32,28,0,0,128.0,5728,29687806.0,101646314.0,1866.0,0.325768156424581
w=32,45,3,15,19,11,32,28,0,0,128.0,5728,29687806.0,89219038.0,1861.0,0.32489525139664804
w=32,46,2,23,15,16,32,28,0,0,128.0,5728,7600078846.0,15204089831.0,1478.0,0.25803072625698326
w=32,46,2,23,17,14,32,28,0,0,128.0,5728,7600078846.0,15201271779.0,1476.0,0.25768156424581007
w=32,48,2,24,23,10,32,28,0,0,128.0,5728,15200157694.0,30400409561.0,1472.0,0.2569832402234637
w=32,48,3,16,15,14,32,28,0,0,128.0,5728,59375614.0,179109861.0,1864.0,0.3254189944134078
w=256,42,6,7,23,8,256,18,0,0,128.0,5728,590846.0,3568593.0,14290.0,2.4947625698324023
w=256,42,7,6,9,20,256,18,0,0,128.0,5728,295422.0,39816679.0,16565.0,2.8919343575418996
w=256,42,7,6,21,8,256,18,0,0,128.0,5728,295422.0,2089426.0,16556.0,2.8903631284916202
w=256,45,9,5,10,14,256,18,0,0,128.0,5728,147710.0,1984738.0,21095.0,3.682786312849162
w=256,48,2,24,13,20,256,18,0,0,128.0,5728,77443629054.0,154941784042.0,5237.0,0.9142807262569832
w=256,48,2,24,21,12,256,18,0,0,128.0,5728,77443629054.0,154887602140.0,5231.0,0.9132332402234636
w=256,48,3,16,15,16,256,18,0,0,128.0,5728,302514174.0,911474661.0,7501.0,1.3095321229050279
w=256,48,3,16,17,14,256,18,0,0,128.0,5728,302514174.0,908656609.0,7499.0,1.3091829608938548
w=256,48,8,6,11,14,256,18,0,0,128.0,5728,295422.0,3084258.0,18829.0,3.2871857541899443
w=256,48,8,6,15,10,256,18,0,0,128.0,5728,295422.0,2424795.0,18826.0,3.2866620111731844
w=256,49,7,7,13,13,256,18,0,0,128.0,5728,590846.0,4561888.0,16562.0,2.8914106145251397
w=256,49,7,7,14,12,256,18,0,0,128.0,5728,590846.0,4365279.0,16562.0,2.8914106145251397
w=16,45,3,15,13,15,16,35,0,0,128.0,5744,18743294.0,57933800.0,1315.0,0.22893454038997216
w=16,45,3,15,16,12,16,35,0,0,128.0,5744,18743294.0,56492003.0,1313.0,0.22858635097493035
w=16,46,2,23,22,10,16,35,0,0,128.0,5744,4798283774.0,9596657627.0,1107.0,0.19272284122562675
w=16,48,2,24,12,19,16,35,0,0,128.0,5744,9596567550.0,19218300908.0,1114.0,0.193941504178273
w=16,48,2,24,15,15,16,35,0,0,128.0,5744,9596567550.0,19195101159.0,1112.0,0.1935933147632312
w=16,48,2,24,16,14,16,35,0,0,128.0,5744,9596567550.0,19194183653.0,1111.0,0.1934192200557103
w=16,48,2,24,20,11,16,35,0,0,128.0,5744,9596567550.0,19193298910.0,1108.0,0.19289693593314763
w=16,48,2,24,24,9,16,35,0,0,128.0,5744,9596567550.0,19193184215.0,1105.0,0.19237465181058497
w=16,48,4,12,10,16,16,35,0,0,128.0,5744,2342910.0,11993068.0,1520.0,0.2646239554317549
w=16,48,4,12,17,9,16,35,0,0,128.0,5744,2342910.0,9406431.0,1514.0,0.26357938718662954
w=16,50,2,25,14,16,16,35,0,0,128.0,5744,19193135102.0,38389940201.0,1113.0,0.19376740947075208
w=16,50,2,25,17,13,16,35,0,0,128.0,5744,19193135102.0,38386827235.0,1110.0,0.1932451253481894
w=16,50,5,10,7,18,16,35,0,0,128.0,5744,585726.0,10268655.0,1724.0,0.30013927576601673
w=32,42,2,21,13,19,32,28,0,0,128.0,5744,1900019710.0,3827302378.0,1481.0,0.2578342618384401
w=32,42,2,21,20,12,32,28,0,0,128.0,5744,1900019710.0,3800367070.0,1476.0,0.25696378830083566
w=32,46,2,23,16,15,32,28,0,0,128.0,5744,7600078846.0,15202254821.0,1479.0,0.2574860724233983
w=32,48,4,12,11,17,32,28,0,0,128.0,5744,3710974.0,20611050.0,2255.0,0.39258356545961004
w=32,48,4,12,18,10,32,28,0,0,128.0,5744,3710974.0,14917598.0,2250.0,0.3917130919220056
w=32,48,4,12,22,8,32,28,0,0,128.0,5744,3710974.0,14866391.0,2247.0,0.3911908077994429
w=32,50,2,25,12,20,32,28,0,0,128.0,5744,30400315390.0,60850962412.0,1482.0,0.258008356545961
w=32,50,2,25,14,17,32,28,0,0,128.0,5744,30400315390.0,60807970793.0,1481.0,0.2578342618384401
w=32,50,2,25,18,13,32,28,0,0,128.0,5744,30400315390.0,60801220578.0,1478.0,0.25731197771587744
w=32,50,2,25,21,11,32,28,0,0,128.0,5744,30400315390.0,60800802780.0,1475.0,0.25678969359331477
w=32,50,5,10,8,20,32,28,0,0,128.0,5744,927742.0,38193133.0,2643.0,0.46013231197771587
w=32,50,5,10,12,13,32,28,0,0,128.0,5744,927742.0,5031910.0,2640.0,0.4596100278551532
w=32,50,5,10,14,11,32,28,0,0,128.0,5744,927742.0,4753379.0,2639.0,0.4594359331476323
w=256,40,5,8,12,18,256,18,0,0,128.0,5744,1181694.0,18491366.0,12035.0,2.0952298050139277
w=256,40,5,8,19,11,256,18,0,0,128.0,5744,1181694.0,6064090.0,12030.0,2.094359331476323
w=256,42,2,21,14,19,256,18,0,0,128.0,5744,9680453630.0,19390267369.0,5239.0,0.9120821727019499
w=256,42,2,21,20,13,256,18,0,0,128.0,5744,9680453630.0,19361562590.0,5234.0,0.9112116991643454
w=256,42,6,7,13,15,256,18,0,0,128.0,5744,590846.0,5248994.0,14299.0,2.4893802228412256
w=256,42,6,7,16,12,256,18,0,0,128.0,5744,590846.0,3807197.0,14297.0,2.489032033426184
w=256,42,7,6,10,18,256,18,0,0,128.0,5744,295422.0,12553702.0,16567.0,2.8842270194986073
w=256,42,7,6,19,9,256,18,0,0,128.0,5744,295422.0,2106838.0,16560.0,2.883008356545961
w=256,44,4,11,22,10,256,18,0,0,128.0,5744,9453566.0,37904343.0,9763.0,1.6996866295264623
w=256,46,2,23,23,11,256,18,0,0,128.0,5744,38721814526.0,77443817433.0,5232.0,0.9108635097493036
w=256,48,3,16,16,15,256,18,0,0,128.0,5744,302514174.0,909639651.0,7502.0,1.306058495821727
w=256,48,4,12,14,16,256,18,0,0,128.0,5744,18907134.0,79298533.0,9769.0,1.7007311977715878
w=256,48,4,12,17,13,256,18,0,0,128.0,5744,18907134.0,76185567.0,9766.0,1.700208913649025
w=256,50,2,25,16,16,256,18,0,0,128.0,5744,154887258110.0,309778710501.0,5237.0,0.911733983286908
w=256,50,2,25,17,15,256,18,0,0,128.0,5744,154887258110.0,309776744419.0,5236.0,0.9115598885793872
w=256,50,10,5,8,15,256,18,0,0,128.0,5744,147710.0,2525667.0,23363.0,4.067374651810585
w=16,42,2,21,13,18,16,35,0,0,128.0,5760,1199570942.0,2412773354.0,1115.0,0.1935763888888889
w=16,42,2,21,19,12,16,35,0,0,128.0,5760,1199570942.0,2399453152.0,1111.0,0.19288194444444445
w=16,45,3,15,11,18,16,35,0,0,128.0,5760,18743294.0,67764204.0,1319.0,0.22899305555555555
w=16,45,3,15,19,10,16,35,0,0,128.0,5760,18743294.0,56307678.0,1313.0,0.22795138888888888
w=16,48,4,12,9,18,16,35,0,0,128.0,5760,2342910.0,18808813.0,1522.0,0.2642361111111111
w=16,48,4,12,19,8,16,35,0,0,128.0,5760,2342910.0,9391068.0,1515.0,0.2630208333333333
w=32,40,4,10,23,8,32,28,0,0,128.0,5760,927742.0,3734485.0,2248.0,0.3902777777777778
w=32,45,3,15,23,9,32,28,0,0,128.0,5760,29687806.0,89110487.0,1862.0,0.3232638888888889
w=32,48,2,24,15,16,32,28,0,0,128.0,5760,15200157694.0,30404247527.0,1482.0,0.25729166666666664
w=32,48,2,24,17,14,32,28,0,0,128.0,5760,15200157694.0,30401429475.0,1480.0,0.2569444444444444
w=32,48,6,8,11,12,32,28,0,0,128.0,5760,231934.0,1571814.0,3029.0,0.5258680555555556
w=32,48,6,8,13,10,32,28,0,0,128.0,5760,231934.0,1444834.0,3027.0,0.5255208333333333
w=32,50,2,25,23,10,32,28,0,0,128.0,5760,30400315390.0,60800724953.0,1476.0,0.25625
w=32,50,5,10,13,12,32,28,0,0,128.0,5760,927742.0,4851684.0,2641.0,0.45850694444444445
w=256,40,4,10,13,18,256,18,0,0,128.0,5760,4726782.0,32538598.0,9771.0,1.6963541666666666
w=256,40,4,10,19,12,256,18,0,0,128.0,5760,4726782.0,19218396.0,9767.0,1.6956597222222223
w=256,42,6,7,11,18,256,18,0,0,128.0,5760,590846.0,15079398.0,14303.0,2.483159722222222
w=256,42,6,7,19,10,256,18,0,0,128.0,5760,590846.0,3622872.0,14297.0,2.4821180555555555
w=256,45,3,15,13,19,256,18,0,0,128.0,5760,151257086.0,481034216.0,7506.0,1.303125
w=256,45,3,15,20,12,256,18,0,0,128.0,5760,151257086.0,454098908.0,7501.0,1.3022569444444445
w=256,45,5,9,14,15,256,18,0,0,128.0,5760,2363390.0,13651939.0,12036.0,2.089583333333333
w=256,45,5,9,16,13,256,18,0,0,128.0,5760,2363390.0,12341215.0,12034.0,2.089236111111111
w=256,45,9,5,8,18,256,18,0,0,128.0,5760,147710.0,9717989.0,21100.0,3.6631944444444446
w=256,50,2,25,13,20,256,18,0,0,128.0,5760,154887258110.0,309829042154.0,5241.0,0.9098958333333333
w=256,50,2,25,21,12,256,18,0,0,128.0,5760,154887258110.0,309774860252.0,5235.0,0.9088541666666666
w=16,40,4,10,9,19,16,35,0,0,128.0,5776,585726.0,21217261.0,1524.0,0.26385041551246535
w=16,40,4,10,10,17,16,35,0,0,128.0,5776,585726.0,7585772.0,1524.0,0.26385041551246535
w=16,40,4,10,12,14,16,35,0,0,128.0,5776,585726.0,3129320.0,1522.0,0.26350415512465375
w=16,40,4,10,15,11,16,35,0,0,128.0,5776,585726.0,2465763.0,1520.0,0.2631578947368421
w=16,44,4,11,11,15,16,35,0,0,128.0,5776,1171454.0,6127594.0,1523.0,0.26367728531855955
w=16,44,4,11,16,10,16,35,0,0,128.0,5776,1171454.0,4751329.0,1519.0,0.2629847645429363
w=16,45,3,15,10,20,16,35,0,0,128.0,5776,18743294.0,98172910.0,1322.0,0.2288781163434903
w=16,45,3,15,14,14,16,35,0,0,128.0,5776,18743294.0,57147367.0,1319.0,0.22835872576177285
w=16,45,3,15,15,13,16,35,0,0,128.0,5776,18743294.0,56721381.0,1318.0,0.22818559556786702
w=16,45,3,15,21,9,16,35,0,0,128.0,5776,18743294.0,56272858.0,1313.0,0.22731994459833796
w=16,45,5,9,7,19,16,35,0,0,128.0,5776,292862.0,16144367.0,1728.0,0.29916897506925205
w=16,45,5,9,10,13,16,35,0,0,128.0,5776,292862.0,1791978.0,1726.0,0.29882271468144045
w=16,48,2,24,22,10,16,35,0,0,128.0,5776,9596567550.0,19193225179.0,1111.0,0.1923476454293629
w=16,48,3,16,23,8,16,35,0,0,128.0,5776,37486590.0,112483287.0,1312.0,0.22714681440443213
w=16,50,2,25,12,19,16,35,0,0,128.0,5776,19193135102.0,38411436012.0,1118.0,0.1935595567867036
w=16,50,2,25,15,15,16,35,0,0,128.0,5776,19193135102.0,38388236263.0,1116.0,0.19321329639889195
w=16,50,2,25,16,14,16,35,0,0,128.0,5776,19193135102.0,38387318757.0,1115.0,0.19304016620498615
w=16,50,2,25,20,11,16,35,0,0,128.0,5776,19193135102.0,38386434014.0,1112.0,0.1925207756232687
w=16,50,2,25,24,9,16,35,0,0,128.0,5776,19193135102.0,38386319319.0,1109.0,0.19200138504155126
w=16,50,5,10,9,14,16,35,0,0,128.0,5776,585726.0,3518443.0,1726.0,0.29882271468144045
w=32,40,2,20,22,11,32,28,0,0,128.0,5776,950009854.0,1900199899.0,1479.0,0.2560595567867036
w=32,40,2,20,24,10,32,28,0,0,128.0,5776,950009854.0,1900117975.0,1477.0,0.25571329639889195
w=32,40,4,10,13,15,32,28,0,0,128.0,5776,927742.0,5414886.0,2257.0,0.39075484764542934
w=32,40,4,10,16,12,32,28,0,0,128.0,5776,927742.0,3973089.0,2255.0,0.39040858725761773
w=32,40,5,8,9,19,32,28,0,0,128.0,5776,231934.0,20034027.0,2646.0,0.4581024930747922
w=32,40,5,8,10,17,32,28,0,0,128.0,5776,231934.0,6402538.0,2646.0,0.4581024930747922
w=32,40,5,8,12,14,32,28,0,0,128.0,5776,231934.0,1946086.0,2644.0,0.4577562326869806
w=32,40,5,8,15,11,32,28,0,0,128.0,5776,231934.0,1282529.0,2642.0,0.45740997229916897
w=32,42,3,14,13,17,32,28,0,0,128.0,5776,14843902.0,51347432.0,1871.0,0.3239265927977839
w=32,42,3,14,18,12,32,28,0,0,128.0,5776,14843902.0,44826592.0,1868.0,0.3234072022160665
w=32,42,6,7,10,14,32,28,0,0,128.0,5776,115966.0,1351144.0,3032.0,0.5249307479224377
w=32,44,2,22,13,19,32,28,0,0,128.0,5776,3800039422.0,7627341802.0,1485.0,0.2570983379501385
w=32,44,2,22,20,12,32,28,0,0,128.0,5776,3800039422.0,7600406494.0,1480.0,0.2562326869806094
w=32,44,4,11,12,16,32,28,0,0,128.0,5776,1855486.0,10567656.0,2258.0,0.3909279778393352
w=32,44,4,11,17,11,32,28,0,0,128.0,5776,1855486.0,7561183.0,2254.0,0.39023545706371193
w=32,45,3,15,11,20,32,28,0,0,128.0,5776,29687806.0,135200748.0,1873.0,0.32427285318559557
w=32,45,3,15,21,10,32,28,0,0,128.0,5776,29687806.0,89149402.0,1865.0,0.32288781163434904
w=32,48,2,24,16,15,32,28,0,0,128.0,5776,15200157694.0,30402412517.0,1483.0,0.2567520775623269
w=32,48,3,16,12,18,32,28,0,0,128.0,5776,59375614.0,190709738.0,1872.0,0.32409972299168976
w=32,48,3,16,19,11,32,28,0,0,128.0,5776,59375614.0,178282462.0,1867.0,0.32323407202216065
w=32,48,4,12,10,19,32,28,0,0,128.0,5776,3710974.0,35815404.0,2260.0,0.3912742382271468
w=32,48,4,12,20,9,32,28,0,0,128.0,5776,3710974.0,14884826.0,2252.0,0.3898891966759003
w=32,48,6,8,8,17,32,28,0,0,128.0,5776,231934.0,5585899.0,3033.0,0.5251038781163435
w=32,48,6,8,9,15,32,28,0,0,128.0,5776,231934.0,2571241.0,3032.0,0.5249307479224377
w=32,48,6,8,12,11,32,28,0,0,128.0,5776,231934.0,1489892.0,3030.0,0.524584487534626
w=32,48,6,8,16,8,32,28,0,0,128.0,5776,231934.0,1407965.0,3027.0,0.5240650969529086
w=32,50,5,10,10,16,32,28,0,0,128.0,5776,927742.0,7260138.0,2646.0,0.4581024930747922
w=32,50,5,10,17,9,32,28,0,0,128.0,5776,927742.0,4673501.0,2640.0,0.45706371191135736
w=256,40,5,8,23,9,256,18,0,0,128.0,5776,1181694.0,5955539.0,12031.0,2.0829293628808863
w=256,40,8,5,11,15,256,18,0,0,128.0,5776,147710.0,2623458.0,18835.0,3.2609072022160666
w=256,42,3,14,22,11,256,18,0,0,128.0,5776,75628542.0,227065817.0,7502.0,1.2988227146814404
w=256,42,3,14,24,10,256,18,0,0,128.0,5776,75628542.0,226983893.0,7500.0,1.298476454293629
w=256,42,6,7,10,20,256,18,0,0,128.0,5776,590846.0,45488104.0,14306.0,2.4768005540166205
w=256,42,6,7,14,14,256,18,0,0,128.0,5776,590846.0,4462561.0,14303.0,2.476281163434903
w=256,42,6,7,15,13,256,18,0,0,128.0,5776,590846.0,4036575.0,14302.0,2.476108033240997
w=256,42,6,7,21,9,256,18,0,0,128.0,5776,590846.0,3588052.0,14297.0,2.475242382271468
w=256,42,7,6,12,15,256,18,0,0,128.0,5776,295422.0,3640802.0,16569.0,2.868594182825485
w=256,42,7,6,16,11,256,18,0,0,128.0,5776,295422.0,2199003.0,16566.0,2.8680747922437675
w=256,44,2,22,14,19,256,18,0,0,128.0,5776,19360907262.0,38751174633.0,5243.0,0.9077216066481995
w=256,44,2,22,20,13,256,18,0,0,128.0,5776,19360907262.0,38722469854.0,5238.0,0.9068559556786704
w=256,45,5,9,15,14,256,18,0,0,128.0,5776,2363390.0,12799969.0,12037.0,2.0839681440443214
w=256,45,9,5,9,16,256,18,0,0,128.0,5776,147710.0,3688675.0,21101.0,3.6532202216066483
w=256,48,2,24,23,11,256,18,0,0,128.0,5776,77443629054.0,154887446489.0,5236.0,0.9065096952908587
w=256,48,4,12,12,19,256,18,0,0,128.0,5776,18907134.0,100794344.0,9774.0,1.692174515235457
w=256,48,4,12,15,15,256,18,0,0,128.0,5776,18907134.0,77594595.0,9772.0,1.6918282548476453
w=256,48,4,12,16,14,256,18,0,0,128.0,5776,18907134.0,76677089.0,9771.0,1.6916551246537397
w=256,48,4,12,20,11,256,18,0,0,128.0,5776,18907134.0,75792346.0,9768.0,1.6911357340720221
w=256,48,4,12,24,9,256,18,0,0,128.0,5776,18907134.0,75677651.0,9765.0,1.6906163434903048
w=256,48,6,8,12,16,256,18,0,0,128.0,5776,1181694.0,10235876.0,14304.0,2.4764542936288088
w=256,48,6,8,17,11,256,18,0,0,128.0,5776,1181694.0,7229403.0,14300.0,2.4757617728531858
w=256,48,8,6,8,20,256,18,0,0,128.0,5776,295422.0,35917799.0,18837.0,3.2612534626038783
w=256,48,8,6,12,13,256,18,0,0,128.0,5776,295422.0,2756576.0,18834.0,3.2607340720221605
w=256,48,8,6,14,11,256,18,0,0,128.0,5776,295422.0,2478045.0,18833.0,3.260560941828255
w=256,50,5,10,11,19,256,18,0,0,128.0,5776,4726782.0,46702568.0,12040.0,2.0844875346260388
w=256,50,5,10,20,10,256,18,0,0,128.0,5776,4726782.0,23715800.0,12033.0,2.083275623268698
w=256,50,5,10,22,9,256,18,0,0,128.0,5776,4726782.0,23678933.0,12032.0,2.0831024930747923
w=256,50,10,5,10,12,256,18,0,0,128.0,5776,147710.0,1640928.0,23366.0,4.045360110803324
w=16,44,2,22,13,18,16,35,0,0,128.0,5792,2399141886.0,4811915242.0,1119.0,0.1931975138121547
w=16,44,2,22,19,12,16,35,0,0,128.0,5792,2399141886.0,4798595040.0,1115.0,0.19250690607734808
w=16,48,3,16,13,15,16,35,0,0,128.0,5792,37486590.0,114163688.0,1321.0,0.2280732044198895
w=16,48,3,16,16,12,16,35,0,0,128.0,5792,37486590.0,112721891.0,1319.0,0.22772790055248618
w=16,50,5,10,8,16,16,35,0,0,128.0,5792,585726.0,5025773.0,1729.0,0.29851519337016574
w=32,40,4,10,11,18,32,28,0,0,128.0,5792,927742.0,15245290.0,2261.0,0.39036602209944754
w=32,40,4,10,19,10,32,28,0,0,128.0,5792,927742.0,3788764.0,2255.0,0.3893301104972376
w=32,45,5,9,11,15,32,28,0,0,128.0,5792,463870.0,3761128.0,2647.0,0.4570096685082873
w=32,45,5,9,16,10,32,28,0,0,128.0,5792,463870.0,2384863.0,2643.0,0.45631906077348067
w=32,50,2,25,15,16,32,28,0,0,128.0,5792,30400315390.0,60804562919.0,1486.0,0.256560773480663
w=32,50,2,25,17,14,32,28,0,0,128.0,5792,30400315390.0,60801744867.0,1484.0,0.2562154696132597
w=32,50,5,10,9,18,32,28,0,0,128.0,5792,927742.0,14075883.0,2648.0,0.457182320441989
w=32,50,5,10,19,8,32,28,0,0,128.0,5792,927742.0,4658138.0,2641.0,0.45597375690607733
w=256,40,2,20,15,18,256,18,0,0,128.0,5792,4840226814.0,9696182247.0,5244.0,0.9053867403314917
w=256,40,2,20,19,14,256,18,0,0,128.0,5792,4840226814.0,9681698784.0,5241.0,0.9048687845303868
w=256,40,5,8,11,20,256,18,0,0,128.0,5792,1181694.0,52045800.0,12042.0,2.079074585635359
w=256,40,5,8,21,10,256,18,0,0,128.0,5792,1181694.0,5994454.0,12034.0,2.077693370165746
w=256,45,9,5,11,13,256,18,0,0,128.0,5792,147710.0,1689824.0,21102.0,3.643301104972376
w=256,45,9,5,14,10,256,18,0,0,128.0,5792,147710.0,1386715.0,21100.0,3.6429558011049723
w=256,48,8,6,13,12,256,18,0,0,128.0,5792,295422.0,2576350.0,18835.0,3.2518991712707184
w=256,50,5,10,13,16,256,18,0,0,128.0,5792,4726782.0,27041764.0,12040.0,2.0787292817679557
w=256,50,5,10,17,12,256,18,0,0,128.0,5792,4726782.0,23912413.0,12037.0,2.078211325966851
w=16,40,2,20,12,20,16,35,0,0,128.0,5808,599785470.0,1249902572.0,1122.0,0.19318181818181818
w=16,40,2,20,14,17,16,35,0,0,128.0,5808,599785470.0,1206910953.0,1121.0,0.19300964187327824
w=16,40,2,20,18,13,16,35,0,0,128.0,5808,599785470.0,1200160738.0,1118.0,0.1924931129476584
w=16,40,2,20,21,11,16,35,0,0,128.0,5808,599785470.0,1199742940.0,1115.0,0.19197658402203857
w=16,40,4,10,13,13,16,35,0,0,128.0,5808,585726.0,2768870.0,1525.0,0.262568870523416
w=16,40,4,10,14,12,16,35,0,0,128.0,5808,585726.0,2572261.0,1525.0,0.262568870523416
w=16,40,5,8,7,20,16,35,0,0,128.0,5808,146430.0,30092271.0,1732.0,0.29820936639118456
w=16,48,3,16,11,18,16,35,0,0,128.0,5808,37486590.0,123994092.0,1325.0,0.228133608815427
w=16,48,3,16,19,10,16,35,0,0,128.0,5808,37486590.0,112537566.0,1319.0,0.22710055096418733
w=16,50,2,25,22,10,16,35,0,0,128.0,5808,19193135102.0,38386360283.0,1115.0,0.19197658402203857
w=32,40,2,20,14,18,32,28,0,0,128.0,5808,950009854.0,1914699753.0,1489.0,0.25637052341597794
w=32,40,2,20,19,13,32,28,0,0,128.0,5808,950009854.0,1900642272.0,1485.0,0.2556818181818182
w=32,40,4,10,10,20,32,28,0,0,128.0,5808,927742.0,45653996.0,2264.0,0.38980716253443526
w=32,40,4,10,14,14,32,28,0,0,128.0,5808,927742.0,4628453.0,2261.0,0.38929063360881544
w=32,40,4,10,15,13,32,28,0,0,128.0,5808,927742.0,4202467.0,2260.0,0.3891184573002755
w=32,40,4,10,21,9,32,28,0,0,128.0,5808,927742.0,3753944.0,2255.0,0.38825757575757575
w=32,40,5,8,13,13,32,28,0,0,128.0,5808,231934.0,1585636.0,2647.0,0.45575068870523416
w=32,40,5,8,14,12,32,28,0,0,128.0,5808,231934.0,1389027.0,2647.0,0.45575068870523416
w=32,42,2,21,22,11,32,28,0,0,128.0,5808,1900019710.0,3800219611.0,1483.0,0.2553374655647383
w=32,42,2,21,24,10,32,28,0,0,128.0,5808,1900019710.0,3800137687.0,1481.0,0.2549931129476584
w=32,42,6,7,8,18,32,28,0,0,128.0,5808,115966.0,9084395.0,3037.0,0.5228994490358126
w=32,46,2,23,13,19,32,28,0,0,128.0,5808,7600078846.0,15227420650.0,1489.0,0.25637052341597794
w=32,46,2,23,20,12,32,28,0,0,128.0,5808,7600078846.0,15200485342.0,1484.0,0.25550964187327824
w=32,48,3,16,23,9,32,28,0,0,128.0,5808,59375614.0,178173911.0,1868.0,0.3216253443526171
w=32,50,2,25,16,15,32,28,0,0,128.0,5808,30400315390.0,60802727909.0,1487.0,0.25602617079889806
w=256,40,2,20,22,12,256,18,0,0,128.0,5808,4840226814.0,9680814043.0,5241.0,0.9023760330578512
w=256,42,3,14,14,18,256,18,0,0,128.0,5808,75628542.0,241565671.0,7512.0,1.2933884297520661
w=256,42,3,14,19,13,256,18,0,0,128.0,5808,75628542.0,227508190.0,7508.0,1.2926997245179064
w=256,46,2,23,14,19,256,18,0,0,128.0,5808,38721814526.0,77472989161.0,5247.0,0.9034090909090909
w=256,46,2,23,20,13,256,18,0,0,128.0,5808,38721814526.0,77444284382.0,5242.0,0.9025482093663911
w=256,48,3,16,13,19,256,18,0,0,128.0,5808,302514174.0,934805480.0,7512.0,1.2933884297520661
w=256,48,3,16,20,12,256,18,0,0,128.0,5808,302514174.0,907870172.0,7507.0,1.2925275482093663
w=256,48,4,12,22,10,256,18,0,0,128.0,5808,18907134.0,75718615.0,9771.0,1.6823347107438016
w=256,48,8,6,10,16,256,18,0,0,128.0,5808,295422.0,4984804.0,18840.0,3.243801652892562
w=256,48,8,6,17,9,256,18,0,0,128.0,5808,295422.0,2398167.0,18834.0,3.2427685950413223
w=256,49,7,7,11,16,256,18,0,0,128.0,5808,590846.0,7019492.0,16574.0,2.853650137741047
w=256,49,7,7,17,10,256,18,0,0,128.0,5808,590846.0,4205529.0,16569.0,2.852789256198347
w=256,50,2,25,23,11,256,18,0,0,128.0,5808,154887258110.0,309774704601.0,5240.0,0.9022038567493113
w=256,50,10,5,11,11,256,18,0,0,128.0,5808,147710.0,1567198.0,23369.0,4.023588154269972
w=256,50,10,5,12,10,256,18,0,0,128.0,5808,147710.0,1526236.0,23368.0,4.023415977961433
w=16,40,2,20,23,10,16,35,0,0,128.0,5824,599785470.0,1199665113.0,1116.0,0.19162087912087913
w=16,42,3,14,12,17,16,35,0,0,128.0,5824,9371646.0,34406378.0,1326.0,0.22767857142857142
w=16,42,3,14,18,11,16,35,0,0,128.0,5824,9371646.0,28262368.0,1322.0,0.22699175824175824
w=16,42,3,14,24,8,16,35,0,0,128.0,5824,9371646.0,28139477.0,1317.0,0.22613324175824176
w=16,45,5,9,11,12,16,35,0,0,128.0,5824,292862.0,1644520.0,1731.0,0.2972184065934066
w=16,46,2,23,13,18,16,35,0,0,128.0,5824,4798283774.0,9610199018.0,1123.0,0.1928228021978022
w=16,46,2,23,19,12,16,35,0,0,128.0,5824,4798283774.0,9596878816.0,1119.0,0.19213598901098902
w=16,48,3,16,10,20,16,35,0,0,128.0,5824,37486590.0,154402798.0,1328.0,0.22802197802197802
w=16,48,3,16,14,14,16,35,0,0,128.0,5824,37486590.0,113377255.0,1325.0,0.22750686813186813
w=16,48,3,16,15,13,16,35,0,0,128.0,5824,37486590.0,112951269.0,1324.0,0.22733516483516483
w=16,48,3,16,21,9,16,35,0,0,128.0,5824,37486590.0,112502746.0,1319.0,0.22647664835164835
w=32,42,6,7,9,16,32,28,0,0,128.0,5824,115966.0,3055081.0,3038.0,0.5216346153846154
w=32,44,4,11,23,8,32,28,0,0,128.0,5824,1855486.0,7445461.0,2256.0,0.3873626373626374
w=32,45,3,15,13,17,32,28,0,0,128.0,5824,29687806.0,95879144.0,1877.0,0.32228708791208793
w=32,45,3,15,18,12,32,28,0,0,128.0,5824,29687806.0,89358304.0,1874.0,0.32177197802197804
w=32,48,3,16,11,20,32,28,0,0,128.0,5824,59375614.0,224264172.0,1879.0,0.3226304945054945
w=32,48,3,16,21,10,32,28,0,0,128.0,5824,59375614.0,178212826.0,1871.0,0.32125686813186816
w=32,48,6,8,7,20,32,28,0,0,128.0,5824,231934.0,30751725.0,3040.0,0.521978021978022
w=256,42,2,21,15,18,256,18,0,0,128.0,5824,9680453630.0,19376635879.0,5248.0,0.9010989010989011
w=256,42,2,21,19,14,256,18,0,0,128.0,5824,9680453630.0,19362152416.0,5245.0,0.9005837912087912
w=256,42,7,6,13,14,256,18,0,0,128.0,5824,295422.0,2919904.0,16574.0,2.8458104395604398
w=256,42,7,6,15,12,256,18,0,0,128.0,5824,295422.0,2313693.0,16573.0,2.8456387362637363
w=256,44,4,11,13,18,256,18,0,0,128.0,5824,9453566.0,51445734.0,9779.0,1.6790865384615385
w=256,44,4,11,19,12,256,18,0,0,128.0,5824,9453566.0,38125532.0,9775.0,1.6783997252747254
w=256,45,3,15,22,11,256,18,0,0,128.0,5824,151257086.0,453951449.0,7508.0,1.2891483516483517
w=256,45,3,15,24,10,256,18,0,0,128.0,5824,151257086.0,453869525.0,7506.0,1.288804945054945
w=256,45,5,9,12,18,256,18,0,0,128.0,5824,2363390.0,24399846.0,12045.0,2.068166208791209
w=256,45,5,9,19,11,256,18,0,0,128.0,5824,2363390.0,11972570.0,12040.0,2.0673076923076925
w=256,45,9,5,12,12,256,18,0,0,128.0,5824,147710.0,1525982.0,21105.0,3.623798076923077
w=256,45,9,5,13,11,256,18,0,0,128.0,5824,147710.0,1435868.0,21104.0,3.6236263736263736
w=256,48,6,8,23,8,256,18,0,0,128.0,5824,1181694.0,7113681.0,14302.0,2.4557005494505493
w=256,48,8,6,9,18,256,18,0,0,128.0,5824,295422.0,11800549.0,18842.0,3.2352335164835164
w=256,48,8,6,19,8,256,18,0,0,128.0,5824,295422.0,2382804.0,18835.0,3.2340315934065935
w=256,50,10,5,7,18,256,18,0,0,128.0,5824,147710.0,8817125.0,23374.0,4.013392857142857
w=16,42,2,21,12,20,16,35,0,0,128.0,5840,1199570942.0,2449473516.0,1126.0,0.1928082191780822
w=16,42,2,21,14,17,16,35,0,0,128.0,5840,1199570942.0,2406481897.0,1125.0,0.19263698630136986
w=16,42,2,21,18,13,16,35,0,0,128.0,5840,1199570942.0,2399731682.0,1122.0,0.19212328767123288
w=16,42,2,21,21,11,16,35,0,0,128.0,5840,1199570942.0,2399313884.0,1119.0,0.1916095890410959
w=16,44,4,11,9,19,16,35,0,0,128.0,5840,1171454.0,23560173.0,1532.0,0.2623287671232877
w=16,44,4,11,10,17,16,35,0,0,128.0,5840,1171454.0,9928684.0,1532.0,0.2623287671232877
w=16,44,4,11,12,14,16,35,0,0,128.0,5840,1171454.0,5472232.0,1530.0,0.261986301369863
w=16,44,4,11,15,11,16,35,0,0,128.0,5840,1171454.0,4808675.0,1528.0,0.26164383561643834
w=16,44,4,11,18,9,16,35,0,0,128.0,5840,1171454.0,4722654.0,1526.0,0.2613013698630137
w=16,44,4,11,20,8,16,35,0,0,128.0,5840,1171454.0,4706266.0,1524.0,0.26095890410958905
w=16,45,5,9,8,17,16,35,0,0,128.0,5840,292862.0,5658605.0,1735.0,0.2970890410958904
w=16,45,5,9,9,15,16,35,0,0,128.0,5840,292862.0,2643947.0,1734.0,0.29691780821917807
w=16,45,5,9,12,11,16,35,0,0,128.0,5840,292862.0,1562598.0,1732.0,0.2965753424657534
w=16,48,4,12,11,15,16,35,0,0,128.0,5840,2342910.0,10813418.0,1531.0,0.26215753424657534
w=16,48,4,12,16,10,16,35,0,0,128.0,5840,2342910.0,9437153.0,1527.0,0.261472602739726
w=32,42,2,21,14,18,32,28,0,0,128.0,5840,1900019710.0,3814719465.0,1493.0,0.25565068493150683
w=32,42,2,21,19,13,32,28,0,0,128.0,5840,1900019710.0,3800661984.0,1489.0,0.25496575342465755
w=32,42,3,14,14,16,32,28,0,0,128.0,5840,14843902.0,48201703.0,1879.0,0.32174657534246576
w=32,42,3,14,17,13,32,28,0,0,128.0,5840,14843902.0,45088737.0,1876.0,0.32123287671232875
w=32,42,6,7,11,13,32,28,0,0,128.0,5840,115966.0,1056230.0,3039.0,0.5203767123287671
w=32,44,2,22,22,11,32,28,0,0,128.0,5840,3800039422.0,7600259035.0,1487.0,0.2546232876712329
w=32,44,2,22,24,10,32,28,0,0,128.0,5840,3800039422.0,7600177111.0,1485.0,0.2542808219178082
w=32,44,4,11,13,15,32,28,0,0,128.0,5840,1855486.0,9125862.0,2265.0,0.3878424657534247
w=32,44,4,11,16,12,32,28,0,0,128.0,5840,1855486.0,7684065.0,2263.0,0.3875
w=32,48,2,24,13,19,32,28,0,0,128.0,5840,15200157694.0,30427578346.0,1493.0,0.25565068493150683
w=32,48,2,24,20,12,32,28,0,0,128.0,5840,15200157694.0,30400643038.0,1488.0,0.2547945205479452
w=32,48,4,12,12,16,32,28,0,0,128.0,5840,3710974.0,17989608.0,2266.0,0.38801369863013696
w=32,48,4,12,17,11,32,28,0,0,128.0,5840,3710974.0,14983135.0,2262.0,0.3873287671232877
w=256,40,2,20,16,17,256,18,0,0,128.0,5840,4840226814.0,9688842213.0,5249.0,0.8988013698630137
w=256,40,2,20,18,15,256,18,0,0,128.0,5840,4840226814.0,9682812898.0,5248.0,0.8986301369863013
w=256,40,2,20,24,11,256,18,0,0,128.0,5840,4840226814.0,9680650199.0,5243.0,0.8977739726027397
w=256,40,4,10,12,20,256,18,0,0,128.0,5840,4726782.0,69238760.0,9782.0,1.675
w=256,40,4,10,14,17,256,18,0,0,128.0,5840,4726782.0,26247141.0,9781.0,1.6748287671232878
w=256,40,4,10,18,13,256,18,0,0,128.0,5840,4726782.0,19496926.0,9778.0,1.6743150684931507
w=256,40,4,10,21,11,256,18,0,0,128.0,5840,4726782.0,19079128.0,9775.0,1.6738013698630136
w=256,40,5,8,13,17,256,18,0,0,128.0,5840,1181694.0,12724196.0,12046.0,2.0626712328767125
w=256,40,5,8,18,12,256,18,0,0,128.0,5840,1181694.0,6203356.0,12043.0,2.0621575342465754
w=256,40,8,5,9,19,256,18,0,0,128.0,5840,147710.0,20056037.0,18844.0,3.2267123287671233
w=256,40,8,5,10,17,256,18,0,0,128.0,5840,147710.0,6424548.0,18844.0,3.2267123287671233
w=256,40,8,5,12,14,256,18,0,0,128.0,5840,147710.0,1968096.0,18842.0,3.2263698630136988
w=256,40,8,5,15,11,256,18,0,0,128.0,5840,147710.0,1304539.0,18840.0,3.2260273972602738
w=256,42,2,21,22,12,256,18,0,0,128.0,5840,9680453630.0,19361267675.0,5245.0,0.8981164383561644
w=256,42,7,6,14,13,256,18,0,0,128.0,5840,295422.0,2526687.0,16576.0,2.8383561643835615
w=256,48,2,24,14,19,256,18,0,0,128.0,5840,77443629054.0,154916618217.0,5251.0,0.8991438356164384
w=256,48,2,24,20,13,256,18,0,0,128.0,5840,77443629054.0,154887913438.0,5246.0,0.8982876712328767
w=256,48,6,8,13,15,256,18,0,0,128.0,5840,1181694.0,8794082.0,14311.0,2.450513698630137
w=256,48,6,8,16,12,256,18,0,0,128.0,5840,1181694.0,7352285.0,14309.0,2.4501712328767122
w=256,49,7,7,9,20,256,18,0,0,128.0,5840,590846.0,41884647.0,16579.0,2.8388698630136986
w=256,49,7,7,21,8,256,18,0,0,128.0,5840,590846.0,4157394.0,16570.0,2.837328767123288
w=256,50,5,10,14,15,256,18,0,0,128.0,5840,4726782.0,25468899.0,12046.0,2.0626712328767125
w=256,50,5,10,16,13,256,18,0,0,128.0,5840,4726782.0,24158175.0,12044.0,2.0623287671232875
w=16,40,2,20,15,16,16,35,0,0,128.0,5856,599785470.0,1203503079.0,1126.0,0.19228142076502733
w=16,40,2,20,17,14,16,35,0,0,128.0,5856,599785470.0,1200685027.0,1124.0,0.1919398907103825
w=16,42,2,21,23,10,16,35,0,0,128.0,5856,1199570942.0,2399236057.0,1120.0,0.1912568306010929
w=16,48,2,24,13,18,16,35,0,0,128.0,5856,9596567550.0,19206766570.0,1127.0,0.19245218579234974
w=16,48,2,24,19,12,16,35,0,0,128.0,5856,9596567550.0,19193446368.0,1123.0,0.19176912568306012
w=16,50,5,10,7,19,16,35,0,0,128.0,5856,585726.0,17608687.0,1738.0,0.2967896174863388
w=16,50,5,10,10,13,16,35,0,0,128.0,5856,585726.0,3256298.0,1736.0,0.296448087431694
w=16,50,5,10,14,9,16,35,0,0,128.0,5856,585726.0,2957283.0,1733.0,0.2959357923497268
w=32,44,4,11,11,18,32,28,0,0,128.0,5856,1855486.0,18956266.0,2269.0,0.3874658469945355
w=32,44,4,11,19,10,32,28,0,0,128.0,5856,1855486.0,7499740.0,2263.0,0.3864412568306011
w=32,45,5,9,9,19,32,28,0,0,128.0,5856,463870.0,21193707.0,2656.0,0.453551912568306
w=32,45,5,9,10,17,32,28,0,0,128.0,5856,463870.0,7562218.0,2656.0,0.453551912568306
w=32,45,5,9,12,14,32,28,0,0,128.0,5856,463870.0,3105766.0,2654.0,0.4532103825136612
w=32,45,5,9,15,11,32,28,0,0,128.0,5856,463870.0,2442209.0,2652.0,0.45286885245901637
w=32,45,5,9,18,9,32,28,0,0,128.0,5856,463870.0,2356188.0,2650.0,0.4525273224043716
w=32,45,5,9,20,8,32,28,0,0,128.0,5856,463870.0,2339800.0,2648.0,0.4521857923497268
w=256,40,2,20,17,16,256,18,0,0,128.0,5856,4840226814.0,9684910051.0,5250.0,0.8965163934426229
w=256,40,4,10,23,10,256,18,0,0,128.0,5856,4726782.0,19001301.0,9776.0,1.669398907103825
w=256,44,2,22,15,18,256,18,0,0,128.0,5856,19360907262.0,38737543143.0,5252.0,0.8968579234972678
w=256,44,2,22,19,14,256,18,0,0,128.0,5856,19360907262.0,38723059680.0,5249.0,0.8963456284153005
w=256,45,3,15,14,18,256,18,0,0,128.0,5856,151257086.0,468451303.0,7518.0,1.283811475409836
w=256,45,3,15,19,13,256,18,0,0,128.0,5856,151257086.0,454393822.0,7514.0,1.2831284153005464
w=256,45,5,9,23,9,256,18,0,0,128.0,5856,2363390.0,11864019.0,12041.0,2.056181693989071
w=256,48,6,8,11,18,256,18,0,0,128.0,5856,1181694.0,18624486.0,14315.0,2.4445013661202184
w=256,48,6,8,19,10,256,18,0,0,128.0,5856,1181694.0,7167960.0,14309.0,2.443476775956284
w=256,49,7,7,10,18,256,18,0,0,128.0,5856,590846.0,14621670.0,16581.0,2.831454918032787
w=256,49,7,7,19,9,256,18,0,0,128.0,5856,590846.0,4174806.0,16574.0,2.83025956284153
w=256,50,5,10,15,14,256,18,0,0,128.0,5856,4726782.0,24616929.0,12047.0,2.0572062841530054
w=256,50,10,5,9,14,256,18,0,0,128.0,5856,147710.0,2066913.0,23376.0,3.9918032786885247
w=16,40,2,20,16,15,16,35,0,0,128.0,5872,599785470.0,1201668069.0,1127.0,0.19192779291553133
w=16,44,2,22,12,20,16,35,0,0,128.0,5872,2399141886.0,4848615404.0,1130.0,0.19243869209809264
w=16,44,2,22,14,17,16,35,0,0,128.0,5872,2399141886.0,4805623785.0,1129.0,0.1922683923705722
w=16,44,2,22,18,13,16,35,0,0,128.0,5872,2399141886.0,4798873570.0,1126.0,0.19175749318801089
w=16,44,2,22,21,11,16,35,0,0,128.0,5872,2399141886.0,4798455772.0,1123.0,0.1912465940054496
w=16,44,4,11,13,13,16,35,0,0,128.0,5872,1171454.0,5111782.0,1533.0,0.2610694822888283
w=16,44,4,11,14,12,16,35,0,0,128.0,5872,1171454.0,4915173.0,1533.0,0.2610694822888283
w=16,45,3,15,12,17,16,35,0,0,128.0,5872,18743294.0,62521322.0,1332.0,0.2268392370572207
w=16,45,3,15,18,11,16,35,0,0,128.0,5872,18743294.0,56377312.0,1328.0,0.22615803814713897
w=16,45,3,15,24,8,16,35,0,0,128.0,5872,18743294.0,56254421.0,1323.0,0.22530653950953677
w=32,40,2,20,15,17,32,28,0,0,128.0,5872,950009854.0,1907884007.0,1496.0,0.2547683923705722
w=32,40,2,20,18,14,32,28,0,0,128.0,5872,950009854.0,1901199330.0,1494.0,0.25442779291553136
w=32,42,3,14,12,19,32,28,0,0,128.0,5872,14843902.0,69697514.0,1884.0,0.32084468664850135
w=32,42,3,14,15,15,32,28,0,0,128.0,5872,14843902.0,46497765.0,1882.0,0.32050408719346046
w=32,42,3,14,16,14,32,28,0,0,128.0,5872,14843902.0,45580259.0,1881.0,0.32033378746594005
w=32,42,3,14,20,11,32,28,0,0,128.0,5872,14843902.0,44695516.0,1878.0,0.31982288828337874
w=32,42,3,14,24,9,32,28,0,0,128.0,5872,14843902.0,44580821.0,1875.0,0.31931198910081743
w=32,42,6,7,12,12,32,28,0,0,128.0,5872,115966.0,892388.0,3042.0,0.5180517711171662
w=32,42,6,7,13,11,32,28,0,0,128.0,5872,115966.0,802274.0,3041.0,0.5178814713896458
w=32,44,2,22,14,18,32,28,0,0,128.0,5872,3800039422.0,7614758889.0,1497.0,0.25493869209809267
w=32,44,2,22,19,13,32,28,0,0,128.0,5872,3800039422.0,7600701408.0,1493.0,0.2542574931880109
w=32,44,4,11,10,20,32,28,0,0,128.0,5872,1855486.0,49364972.0,2272.0,0.3869209809264305
w=32,44,4,11,14,14,32,28,0,0,128.0,5872,1855486.0,8339429.0,2269.0,0.3864100817438692
w=32,44,4,11,15,13,32,28,0,0,128.0,5872,1855486.0,7913443.0,2268.0,0.3862397820163488
w=32,44,4,11,21,9,32,28,0,0,128.0,5872,1855486.0,7464920.0,2263.0,0.3853882833787466
w=32,46,2,23,22,11,32,28,0,0,128.0,5872,7600078846.0,15200337883.0,1491.0,0.25391689373297005
w=32,46,2,23,24,10,32,28,0,0,128.0,5872,7600078846.0,15200255959.0,1489.0,0.25357629427792916
w=32,48,3,16,13,17,32,28,0,0,128.0,5872,59375614.0,184942568.0,1883.0,0.32067438692098094
w=32,48,3,16,18,12,32,28,0,0,128.0,5872,59375614.0,178421728.0,1880.0,0.3201634877384196
w=32,48,6,8,10,14,32,28,0,0,128.0,5872,231934.0,2046952.0,3044.0,0.5183923705722071
w=32,48,6,8,15,9,32,28,0,0,128.0,5872,231934.0,1422303.0,3040.0,0.5177111716621253
w=32,50,2,25,13,19,32,28,0,0,128.0,5872,30400315390.0,60827893738.0,1497.0,0.25493869209809267
w=32,50,2,25,20,12,32,28,0,0,128.0,5872,30400315390.0,60800958430.0,1492.0,0.25408719346049047
w=32,50,5,10,11,15,32,28,0,0,128.0,5872,927742.0,6080488.0,2657.0,0.45248637602179836
w=32,50,5,10,16,10,32,28,0,0,128.0,5872,927742.0,4704223.0,2653.0,0.45180517711171664
w=256,40,8,5,13,13,256,18,0,0,128.0,5872,147710.0,1607646.0,18845.0,3.2092983651226157
w=256,40,8,5,14,12,256,18,0,0,128.0,5872,147710.0,1411037.0,18845.0,3.2092983651226157
w=256,42,2,21,16,17,256,18,0,0,128.0,5872,9680453630.0,19369295845.0,5253.0,0.8945844686648501
w=256,42,2,21,18,15,256,18,0,0,128.0,5872,9680453630.0,19363266530.0,5252.0,0.8944141689373297
w=256,42,2,21,24,11,256,18,0,0,128.0,5872,9680453630.0,19361103831.0,5247.0,0.8935626702997275
w=256,42,3,14,15,17,256,18,0,0,128.0,5872,75628542.0,234749925.0,7519.0,1.2804836512261581
w=256,42,3,14,18,14,256,18,0,0,128.0,5872,75628542.0,228065248.0,7517.0,1.2801430517711172
w=256,42,6,7,12,17,256,18,0,0,128.0,5872,590846.0,9836516.0,14316.0,2.438010899182561
w=256,42,6,7,18,11,256,18,0,0,128.0,5872,590846.0,3692506.0,14312.0,2.4373297002724796
w=256,42,6,7,24,8,256,18,0,0,128.0,5872,590846.0,3569615.0,14307.0,2.4364782016348774
w=256,42,7,6,11,17,256,18,0,0,128.0,5872,295422.0,7835108.0,16582.0,2.823910081743869
w=256,42,7,6,18,10,256,18,0,0,128.0,5872,295422.0,2141656.0,16577.0,2.823058583106267
w=256,42,7,6,22,8,256,18,0,0,128.0,5872,295422.0,2090449.0,16574.0,2.822547683923706
w=256,44,2,22,22,12,256,18,0,0,128.0,5872,19360907262.0,38722174939.0,5249.0,0.8939032697547684
w=256,45,5,9,11,20,256,18,0,0,128.0,5872,2363390.0,57954280.0,12052.0,2.052452316076294
w=256,45,5,9,21,10,256,18,0,0,128.0,5872,2363390.0,11902934.0,12044.0,2.051089918256131
w=256,48,3,16,22,11,256,18,0,0,128.0,5872,302514174.0,907722713.0,7514.0,1.279632152588556
w=256,48,3,16,24,10,256,18,0,0,128.0,5872,302514174.0,907640789.0,7512.0,1.279291553133515
w=256,48,6,8,10,20,256,18,0,0,128.0,5872,1181694.0,49033192.0,14318.0,2.4383514986376023
w=256,48,6,8,14,14,256,18,0,0,128.0,5872,1181694.0,8007649.0,14315.0,2.4378405994550407
w=256,48,6,8,15,13,256,18,0,0,128.0,5872,1181694.0,7581663.0,14314.0,2.4376702997275204
w=256,48,6,8,21,9,256,18,0,0,128.0,5872,1181694.0,7133140.0,14309.0,2.436818801089918
w=256,50,2,25,14,19,256,18,0,0,128.0,5872,154887258110.0,309803876329.0,5255.0,0.894925068119891
w=256,50,2,25,20,13,256,18,0,0,128.0,5872,154887258110.0,309775171550.0,5250.0,0.8940735694822888
w=256,50,10,5,8,16,256,18,0,0,128.0,5872,147710.0,3574243.0,23379.0,3.9814373297002725
w=16,40,4,10,11,16,16,35,0,0,128.0,5888,585726.0,5226474.0,1537.0,0.261039402173913
w=16,40,4,10,17,10,16,35,0,0,128.0,5888,585726.0,2412511.0,1532.0,0.2601902173913043
w=16,40,5,8,8,18,16,35,0,0,128.0,5888,146430.0,9120749.0,1741.0,0.29568614130434784
w=16,42,2,21,15,16,16,35,0,0,128.0,5888,1199570942.0,2403074023.0,1130.0,0.19191576086956522
w=16,42,2,21,17,14,16,35,0,0,128.0,5888,1199570942.0,2400255971.0,1128.0,0.19157608695652173
w=16,42,3,14,11,19,16,35,0,0,128.0,5888,9371646.0,51183596.0,1335.0,0.22673233695652173
w=16,42,3,14,20,10,16,35,0,0,128.0,5888,9371646.0,28196828.0,1328.0,0.22554347826086957
w=16,42,3,14,22,9,16,35,0,0,128.0,5888,9371646.0,28159961.0,1327.0,0.22537364130434784
w=16,44,2,22,23,10,16,35,0,0,128.0,5888,2399141886.0,4798377945.0,1124.0,0.19089673913043478
w=16,45,5,9,7,20,16,35,0,0,128.0,5888,292862.0,30824431.0,1742.0,0.29585597826086957
w=16,50,2,25,13,18,16,35,0,0,128.0,5888,19193135102.0,38399901674.0,1131.0,0.19208559782608695
w=16,50,2,25,19,12,16,35,0,0,128.0,5888,19193135102.0,38386581472.0,1127.0,0.19140625
w=32,40,5,8,11,16,32,28,0,0,128.0,5888,231934.0,4043240.0,2659.0,0.4515964673913043
w=32,40,5,8,17,10,32,28,0,0,128.0,5888,231934.0,1229277.0,2654.0,0.4507472826086957
w=32,45,3,15,14,16,32,28,0,0,128.0,5888,29687806.0,92733415.0,1885.0,0.32014266304347827
w=32,45,3,15,17,13,32,28,0,0,128.0,5888,29687806.0,89620449.0,1882.0,0.319633152173913
w=32,45,5,9,13,13,32,28,0,0,128.0,5888,463870.0,2745316.0,2657.0,0.45125679347826086
w=32,45,5,9,14,12,32,28,0,0,128.0,5888,463870.0,2548707.0,2657.0,0.45125679347826086
w=32,48,4,12,23,8,32,28,0,0,128.0,5888,3710974.0,14867413.0,2264.0,0.3845108695652174
w=256,40,4,10,15,16,256,18,0,0,128.0,5888,4726782.0,22839267.0,9786.0,1.662024456521739
w=256,40,4,10,17,14,256,18,0,0,128.0,5888,4726782.0,20021215.0,9784.0,1.6616847826086956
w=256,40,10,4,7,20,256,18,0,0,128.0,5888,73854.0,30098661.0,23382.0,3.971127717391304
w=256,42,2,21,17,16,256,18,0,0,128.0,5888,9680453630.0,19365363683.0,5254.0,0.8923233695652174
w=256,45,9,5,8,19,256,18,0,0,128.0,5888,147710.0,18106597.0,21116.0,3.5862771739130435
w=256,45,9,5,10,15,256,18,0,0,128.0,5888,147710.0,2640098.0,21115.0,3.586107336956522
w=256,45,9,5,16,9,256,18,0,0,128.0,5888,147710.0,1362135.0,21110.0,3.585258152173913
w=256,46,2,23,15,18,256,18,0,0,128.0,5888,38721814526.0,77459357671.0,5256.0,0.8926630434782609
w=256,46,2,23,19,14,256,18,0,0,128.0,5888,38721814526.0,77444874208.0,5253.0,0.8921535326086957
w=256,48,4,12,13,18,256,18,0,0,128.0,5888,18907134.0,89260006.0,9787.0,1.662194293478261
w=256,48,4,12,19,12,256,18,0,0,128.0,5888,18907134.0,75939804.0,9783.0,1.6615149456521738
w=256,49,7,7,12,15,256,18,0,0,128.0,5888,590846.0,5708770.0,16583.0,2.81640625
w=256,49,7,7,16,11,256,18,0,0,128.0,5888,590846.0,4266971.0,16580.0,2.8158967391304346
w=16,40,5,8,9,16,16,35,0,0,128.0,5904,146430.0,3091435.0,1742.0,0.29505420054200543
w=16,42,2,21,16,15,16,35,0,0,128.0,5904,1199570942.0,2401239013.0,1131.0,0.1915650406504065
w=16,42,3,14,13,16,16,35,0,0,128.0,5904,9371646.0,31522792.0,1335.0,0.22611788617886178
w=16,42,3,14,17,12,16,35,0,0,128.0,5904,9371646.0,28393441.0,1332.0,0.22560975609756098
w=16,46,2,23,12,20,16,35,0,0,128.0,5904,4798283774.0,9646899180.0,1134.0,0.19207317073170732
w=16,46,2,23,14,17,16,35,0,0,128.0,5904,4798283774.0,9603907561.0,1133.0,0.1919037940379404
w=16,46,2,23,18,13,16,35,0,0,128.0,5904,4798283774.0,9597157346.0,1130.0,0.19139566395663957
w=16,46,2,23,21,11,16,35,0,0,128.0,5904,4798283774.0,9596739548.0,1127.0,0.19088753387533874
w=16,48,4,12,9,19,16,35,0,0,128.0,5904,2342910.0,28245997.0,1540.0,0.260840108401084
w=16,48,4,12,10,17,16,35,0,0,128.0,5904,2342910.0,14614508.0,1540.0,0.260840108401084
w=16,48,4,12,12,14,16,35,0,0,128.0,5904,2342910.0,10158056.0,1538.0,0.26050135501355015
w=16,48,4,12,15,11,16,35,0,0,128.0,5904,2342910.0,9494499.0,1536.0,0.2601626016260163
w=16,48,4,12,18,9,16,35,0,0,128.0,5904,2342910.0,9408478.0,1534.0,0.25982384823848237
w=16,48,4,12,20,8,16,35,0,0,128.0,5904,2342910.0,9392090.0,1532.0,0.2594850948509485
w=16,50,5,10,11,12,16,35,0,0,128.0,5904,585726.0,3108840.0,1741.0,0.2948848238482385
w=16,50,5,10,13,10,16,35,0,0,128.0,5904,585726.0,2981860.0,1739.0,0.29454607046070463
w=32,40,2,20,16,16,32,28,0,0,128.0,5904,950009854.0,1904213989.0,1499.0,0.25389566395663954
w=32,40,2,20,17,15,32,28,0,0,128.0,5904,950009854.0,1902247907.0,1498.0,0.2537262872628726
w=32,40,4,10,12,17,32,28,0,0,128.0,5904,927742.0,10002408.0,2274.0,0.3851626016260163
w=32,40,4,10,18,11,32,28,0,0,128.0,5904,927742.0,3858398.0,2270.0,0.3844850948509485
w=32,40,4,10,24,8,32,28,0,0,128.0,5904,927742.0,3735507.0,2265.0,0.38363821138211385
w=32,42,2,21,15,17,32,28,0,0,128.0,5904,1900019710.0,3807903719.0,1500.0,0.2540650406504065
w=32,42,2,21,18,14,32,28,0,0,128.0,5904,1900019710.0,3801219042.0,1498.0,0.2537262872628726
w=32,42,3,14,22,10,32,28,0,0,128.0,5904,14843902.0,44621785.0,1881.0,0.31859756097560976
w=32,46,2,23,14,18,32,28,0,0,128.0,5904,7600078846.0,15214837737.0,1501.0,0.25423441734417346
w=32,46,2,23,19,13,32,28,0,0,128.0,5904,7600078846.0,15200780256.0,1497.0,0.2535569105691057
w=32,48,2,24,22,11,32,28,0,0,128.0,5904,15200157694.0,30400495579.0,1495.0,0.2532181571815718
w=32,48,2,24,24,10,32,28,0,0,128.0,5904,15200157694.0,30400413655.0,1493.0,0.25287940379403795
w=32,48,4,12,13,15,32,28,0,0,128.0,5904,3710974.0,16547814.0,2273.0,0.3849932249322493
w=32,48,4,12,16,12,32,28,0,0,128.0,5904,3710974.0,15106017.0,2271.0,0.38465447154471544
w=32,48,6,8,8,18,32,28,0,0,128.0,5904,231934.0,9780203.0,3049.0,0.5164295392953929
w=256,40,4,10,16,15,256,18,0,0,128.0,5904,4726782.0,21004257.0,9787.0,1.657689701897019
w=256,40,5,8,14,16,256,18,0,0,128.0,5904,1181694.0,9578467.0,12054.0,2.0416666666666665
w=256,40,5,8,17,13,256,18,0,0,128.0,5904,1181694.0,6465501.0,12051.0,2.0411585365853657
w=256,42,3,14,16,16,256,18,0,0,128.0,5904,75628542.0,231079907.0,7522.0,1.2740514905149052
w=256,42,3,14,17,15,256,18,0,0,128.0,5904,75628542.0,229113825.0,7521.0,1.2738821138211383
w=256,42,7,6,10,19,256,18,0,0,128.0,5904,295422.0,23039462.0,16587.0,2.8094512195121952
w=256,42,7,6,20,9,256,18,0,0,128.0,5904,295422.0,2108884.0,16579.0,2.8080962059620598
w=256,44,2,22,16,17,256,18,0,0,128.0,5904,19360907262.0,38730203109.0,5257.0,0.8904132791327913
w=256,44,2,22,18,15,256,18,0,0,128.0,5904,19360907262.0,38724173794.0,5256.0,0.8902439024390244
w=256,44,2,22,24,11,256,18,0,0,128.0,5904,19360907262.0,38722011095.0,5251.0,0.8893970189701897
w=256,44,4,11,12,20,256,18,0,0,128.0,5904,9453566.0,88145896.0,9790.0,1.6581978319783197
w=256,44,4,11,14,17,256,18,0,0,128.0,5904,9453566.0,45154277.0,9789.0,1.6580284552845528
w=256,44,4,11,18,13,256,18,0,0,128.0,5904,9453566.0,38404062.0,9786.0,1.657520325203252
w=256,44,4,11,21,11,256,18,0,0,128.0,5904,9453566.0,37986264.0,9783.0,1.6570121951219512
w=256,46,2,23,22,12,256,18,0,0,128.0,5904,38721814526.0,77443989467.0,5253.0,0.8897357723577236
w=256,48,3,16,14,18,256,18,0,0,128.0,5904,302514174.0,922222567.0,7524.0,1.274390243902439
w=256,48,3,16,19,13,256,18,0,0,128.0,5904,302514174.0,908165086.0,7520.0,1.2737127371273713
w=256,48,8,6,11,15,256,18,0,0,128.0,5904,295422.0,3805154.0,18851.0,3.192920054200542
w=256,48,8,6,16,10,256,18,0,0,128.0,5904,295422.0,2428889.0,18847.0,3.192242547425474
w=256,50,5,10,12,18,256,18,0,0,128.0,5904,4726782.0,36216806.0,12055.0,2.0418360433604335
w=256,50,5,10,19,11,256,18,0,0,128.0,5904,4726782.0,23789530.0,12050.0,2.040989159891599
w=16,40,4,10,9,20,16,35,0,0,128.0,5920,585726.0,40091629.0,1542.0,0.26047297297297295
w=16,44,2,22,15,16,16,35,0,0,128.0,5920,2399141886.0,4802215911.0,1134.0,0.19155405405405404
w=16,44,2,22,17,14,16,35,0,0,128.0,5920,2399141886.0,4799397859.0,1132.0,0.1912162162162162
w=16,46,2,23,23,10,16,35,0,0,128.0,5920,4798283774.0,9596661721.0,1128.0,0.19054054054054054
w=16,48,3,16,12,17,16,35,0,0,128.0,5920,37486590.0,118751210.0,1338.0,0.2260135135135135
w=16,48,3,16,18,11,16,35,0,0,128.0,5920,37486590.0,112607200.0,1334.0,0.22533783783783784
w=16,48,3,16,24,8,16,35,0,0,128.0,5920,37486590.0,112484309.0,1329.0,0.22449324324324324
w=16,50,5,10,8,17,16,35,0,0,128.0,5920,585726.0,7122925.0,1745.0,0.2947635135135135
w=16,50,5,10,9,15,16,35,0,0,128.0,5920,585726.0,4108267.0,1744.0,0.2945945945945946
w=16,50,5,10,12,11,16,35,0,0,128.0,5920,585726.0,3026918.0,1742.0,0.2942567567567568
w=16,50,5,10,16,8,16,35,0,0,128.0,5920,585726.0,2944991.0,1739.0,0.29375
w=32,40,2,20,13,20,32,28,0,0,128.0,5920,950009854.0,1954545642.0,1503.0,0.2538851351351351
w=32,40,2,20,21,12,32,28,0,0,128.0,5920,950009854.0,1900363740.0,1497.0,0.25287162162162163
w=32,40,5,8,9,20,32,28,0,0,128.0,5920,231934.0,38908395.0,2664.0,0.45
w=32,45,3,15,12,19,32,28,0,0,128.0,5920,29687806.0,114229226.0,1890.0,0.31925675675675674
w=32,45,3,15,15,15,32,28,0,0,128.0,5920,29687806.0,91029477.0,1888.0,0.31891891891891894
w=32,45,3,15,16,14,32,28,0,0,128.0,5920,29687806.0,90111971.0,1887.0,0.31875
w=32,45,3,15,20,11,32,28,0,0,128.0,5920,29687806.0,89227228.0,1884.0,0.31824324324324327
w=32,45,3,15,24,9,32,28,0,0,128.0,5920,29687806.0,89112533.0,1881.0,0.3177364864864865
w=32,48,4,12,11,18,32,28,0,0,128.0,5920,3710974.0,26378218.0,2277.0,0.3846283783783784
w=32,48,4,12,19,10,32,28,0,0,128.0,5920,3710974.0,14921692.0,2271.0,0.38361486486486485
w=32,48,6,8,9,16,32,28,0,0,128.0,5920,231934.0,3750889.0,3050.0,0.5152027027027027
w=32,48,6,8,17,8,32,28,0,0,128.0,5920,231934.0,1408987.0,3044.0,0.5141891891891892
w=256,42,3,14,13,20,256,18,0,0,128.0,5920,75628542.0,281411560.0,7526.0,1.2712837837837838
w=256,42,3,14,21,12,256,18,0,0,128.0,5920,75628542.0,227229658.0,7520.0,1.2702702702702702
w=256,44,2,22,17,16,256,18,0,0,128.0,5920,19360907262.0,38726270947.0,5258.0,0.8881756756756757
w=256,44,4,11,23,10,256,18,0,0,128.0,5920,9453566.0,37908437.0,9784.0,1.6527027027027028
w=256,45,3,15,15,17,256,18,0,0,128.0,5920,151257086.0,461635557.0,7525.0,1.271114864864865
w=256,45,3,15,18,14,256,18,0,0,128.0,5920,151257086.0,454950880.0,7523.0,1.270777027027027
w=256,45,5,9,13,17,256,18,0,0,128.0,5920,2363390.0,18632676.0,12056.0,2.0364864864864867
w=256,45,5,9,18,12,256,18,0,0,128.0,5920,2363390.0,12111836.0,12053.0,2.0359797297297297
w=256,45,9,5,9,17,256,18,0,0,128.0,5920,147710.0,6047971.0,21119.0,3.567398648648649
w=256,45,9,5,18,8,256,18,0,0,128.0,5920,147710.0,1347796.0,21113.0,3.566385135135135
w=256,48,2,24,15,18,256,18,0,0,128.0,5920,77443629054.0,154902986727.0,5260.0,0.8885135135135135
w=256,48,2,24,19,14,256,18,0,0,128.0,5920,77443629054.0,154888503264.0,5257.0,0.8880067567567568
w=16,40,2,20,13,19,16,35,0,0,128.0,5936,599785470.0,1226833898.0,1137.0,0.1915431266846361
w=16,40,2,20,20,12,16,35,0,0,128.0,5936,599785470.0,1199898590.0,1132.0,0.19070080862533692
w=16,40,4,10,10,18,16,35,0,0,128.0,5936,585726.0,12828652.0,1544.0,0.2601078167115903
w=16,40,4,10,19,9,16,35,0,0,128.0,5936,585726.0,2381788.0,1537.0,0.25892857142857145
w=16,44,2,22,16,15,16,35,0,0,128.0,5936,2399141886.0,4800380901.0,1135.0,0.19120619946091644
w=16,45,3,15,11,19,16,35,0,0,128.0,5936,18743294.0,79298540.0,1341.0,0.22590970350404313
w=16,45,3,15,20,10,16,35,0,0,128.0,5936,18743294.0,56311772.0,1334.0,0.22473045822102425
w=16,45,3,15,22,9,16,35,0,0,128.0,5936,18743294.0,56274905.0,1333.0,0.22456199460916443
w=16,45,5,9,10,14,16,35,0,0,128.0,5936,292862.0,2119658.0,1746.0,0.2941374663072776
w=16,48,2,24,12,20,16,35,0,0,128.0,5936,9596567550.0,19243466732.0,1138.0,0.19171159029649595
w=16,48,2,24,14,17,16,35,0,0,128.0,5936,9596567550.0,19200475113.0,1137.0,0.1915431266846361
w=16,48,2,24,18,13,16,35,0,0,128.0,5936,9596567550.0,19193724898.0,1134.0,0.19103773584905662
w=16,48,2,24,21,11,16,35,0,0,128.0,5936,9596567550.0,19193307100.0,1131.0,0.1905323450134771
w=16,48,4,12,13,13,16,35,0,0,128.0,5936,2342910.0,9797606.0,1541.0,0.2596024258760108
w=16,48,4,12,14,12,16,35,0,0,128.0,5936,2342910.0,9600997.0,1541.0,0.2596024258760108
w=32,40,5,8,10,18,32,28,0,0,128.0,5936,231934.0,11645418.0,2666.0,0.44912398921832886
w=32,40,5,8,19,9,32,28,0,0,128.0,5936,231934.0,1198554.0,2659.0,0.44794474393531
w=32,42,2,21,16,16,32,28,0,0,128.0,5936,1900019710.0,3804233701.0,1503.0,0.25320080862533695
w=32,42,2,21,17,15,32,28,0,0,128.0,5936,1900019710.0,3802267619.0,1502.0,0.2530323450134771
w=32,42,6,7,8,19,32,28,0,0,128.0,5936,115966.0,17473003.0,3053.0,0.5143194070080862
w=32,42,6,7,10,15,32,28,0,0,128.0,5936,115966.0,2006504.0,3052.0,0.5141509433962265
w=32,44,2,22,15,17,32,28,0,0,128.0,5936,3800039422.0,7607943143.0,1504.0,0.25336927223719674
w=32,44,2,22,18,14,32,28,0,0,128.0,5936,3800039422.0,7601258466.0,1502.0,0.2530323450134771
w=32,48,2,24,14,18,32,28,0,0,128.0,5936,15200157694.0,30414995433.0,1505.0,0.2535377358490566
w=32,48,2,24,19,13,32,28,0,0,128.0,5936,15200157694.0,30400937952.0,1501.0,0.25286388140161725
w=32,48,3,16,14,16,32,28,0,0,128.0,5936,59375614.0,181796839.0,1891.0,0.3185646900269542
w=32,48,3,16,17,13,32,28,0,0,128.0,5936,59375614.0,178683873.0,1888.0,0.31805929919137466
w=32,48,4,12,10,20,32,28,0,0,128.0,5936,3710974.0,56786924.0,2280.0,0.38409703504043125
w=32,48,4,12,14,14,32,28,0,0,128.0,5936,3710974.0,15761381.0,2277.0,0.38359164420485176
w=32,48,4,12,15,13,32,28,0,0,128.0,5936,3710974.0,15335395.0,2276.0,0.3834231805929919
w=32,48,4,12,21,9,32,28,0,0,128.0,5936,3710974.0,14886872.0,2271.0,0.3825808625336927
w=32,48,6,8,11,13,32,28,0,0,128.0,5936,231934.0,1752038.0,3051.0,0.5139824797843666
w=32,48,6,8,14,10,32,28,0,0,128.0,5936,231934.0,1448929.0,3049.0,0.5136455525606469
w=32,50,2,25,22,11,32,28,0,0,128.0,5936,30400315390.0,60800810971.0,1499.0,0.25252695417789756
w=32,50,2,25,24,10,32,28,0,0,128.0,5936,30400315390.0,60800729047.0,1497.0,0.2521900269541779
w=32,50,5,10,9,19,32,28,0,0,128.0,5936,927742.0,23513067.0,2666.0,0.44912398921832886
w=32,50,5,10,10,17,32,28,0,0,128.0,5936,927742.0,9881578.0,2666.0,0.44912398921832886
w=32,50,5,10,12,14,32,28,0,0,128.0,5936,927742.0,5425126.0,2664.0,0.44878706199460916
w=32,50,5,10,15,11,32,28,0,0,128.0,5936,927742.0,4761569.0,2662.0,0.44845013477088946
w=32,50,5,10,18,9,32,28,0,0,128.0,5936,927742.0,4675548.0,2660.0,0.4481132075471698
w=32,50,5,10,20,8,32,28,0,0,128.0,5936,927742.0,4659160.0,2658.0,0.4477762803234501
w=256,40,2,20,14,20,256,18,0,0,128.0,5936,4840226814.0,9739173865.0,5263.0,0.8866239892183289
w=256,40,2,20,21,13,256,18,0,0,128.0,5936,4840226814.0,9681141724.0,5257.0,0.8856132075471698
w=256,40,5,8,12,19,256,18,0,0,128.0,5936,1181694.0,31074278.0,12059.0,2.0315026954177897
w=256,40,5,8,15,15,256,18,0,0,128.0,5936,1181694.0,7874529.0,12057.0,2.0311657681940702
w=256,40,5,8,16,14,256,18,0,0,128.0,5936,1181694.0,6957023.0,12056.0,2.0309973045822103
w=256,40,5,8,20,11,256,18,0,0,128.0,5936,1181694.0,6072280.0,12053.0,2.030491913746631
w=256,40,5,8,24,9,256,18,0,0,128.0,5936,1181694.0,5957585.0,12050.0,2.0299865229110514
w=256,42,6,7,11,19,256,18,0,0,128.0,5936,590846.0,26613734.0,14325.0,2.413241239892183
w=256,42,6,7,20,10,256,18,0,0,128.0,5936,590846.0,3626966.0,14318.0,2.4120619946091644
w=256,42,6,7,22,9,256,18,0,0,128.0,5936,590846.0,3590099.0,14317.0,2.4118935309973044
w=256,46,2,23,16,17,256,18,0,0,128.0,5936,38721814526.0,77452017637.0,5261.0,0.8862870619946092
w=256,46,2,23,18,15,256,18,0,0,128.0,5936,38721814526.0,77445988322.0,5260.0,0.8861185983827493
w=256,46,2,23,24,11,256,18,0,0,128.0,5936,38721814526.0,77443825623.0,5255.0,0.8852762803234502
w=256,48,2,24,22,12,256,18,0,0,128.0,5936,77443629054.0,154887618523.0,5257.0,0.8856132075471698
w=256,49,7,7,13,14,256,18,0,0,128.0,5936,590846.0,4987872.0,16588.0,2.7944743935309972
w=256,49,7,7,15,12,256,18,0,0,128.0,5936,590846.0,4381661.0,16587.0,2.7943059299191373
w=256,50,5,10,23,9,256,18,0,0,128.0,5936,4726782.0,23680979.0,12051.0,2.030154986522911
w=256,50,10,5,7,19,256,18,0,0,128.0,5936,147710.0,16157157.0,23388.0,3.9400269541778976
w=256,50,10,5,10,13,256,18,0,0,128.0,5936,147710.0,1804768.0,23386.0,3.9396900269541777
w=256,50,10,5,14,9,256,18,0,0,128.0,5936,147710.0,1505753.0,23383.0,3.9391846361185983
w=16,42,3,14,14,15,16,35,0,0,128.0,5952,9371646.0,29949927.0,1341.0,0.22530241935483872
w=16,42,3,14,16,13,16,35,0,0,128.0,5952,9371646.0,28639203.0,1339.0,0.22496639784946237
w=16,44,4,11,11,16,16,35,0,0,128.0,5952,1171454.0,7569386.0,1545.0,0.2595766129032258
w=16,44,4,11,17,10,16,35,0,0,128.0,5952,1171454.0,4755423.0,1540.0,0.25873655913978494
w=16,45,3,15,13,16,16,35,0,0,128.0,5952,18743294.0,59637736.0,1341.0,0.22530241935483872
w=16,45,3,15,17,12,16,35,0,0,128.0,5952,18743294.0,56508385.0,1338.0,0.2247983870967742
w=16,46,2,23,15,16,16,35,0,0,128.0,5952,4798283774.0,9600499687.0,1138.0,0.19119623655913978
w=16,46,2,23,17,14,16,35,0,0,128.0,5952,4798283774.0,9597681635.0,1136.0,0.19086021505376344
w=16,48,2,24,23,10,16,35,0,0,128.0,5952,9596567550.0,19193229273.0,1132.0,0.19018817204301075
w=32,42,2,21,13,20,32,28,0,0,128.0,5952,1900019710.0,3854565354.0,1507.0,0.25319220430107525
w=32,42,2,21,21,12,32,28,0,0,128.0,5952,1900019710.0,3800383452.0,1501.0,0.25218413978494625
w=32,45,3,15,22,10,32,28,0,0,128.0,5952,29687806.0,89153497.0,1887.0,0.3170362903225806
w=32,49,7,7,6,20,32,28,0,0,128.0,5952,115966.0,25977581.0,3443.0,0.5784610215053764
w=256,40,8,5,11,16,256,18,0,0,128.0,5952,147710.0,4065250.0,18857.0,3.16817876344086
w=256,40,8,5,17,10,256,18,0,0,128.0,5952,147710.0,1251287.0,18852.0,3.1673387096774195
w=256,42,6,7,13,16,256,18,0,0,128.0,5952,590846.0,6952930.0,14325.0,2.4067540322580645
w=256,42,6,7,17,12,256,18,0,0,128.0,5952,590846.0,3823579.0,14322.0,2.40625
w=256,44,4,11,15,16,256,18,0,0,128.0,5952,9453566.0,41746403.0,9794.0,1.645497311827957
w=256,44,4,11,17,14,256,18,0,0,128.0,5952,9453566.0,38928351.0,9792.0,1.6451612903225807
w=256,45,3,15,16,16,256,18,0,0,128.0,5952,151257086.0,457965539.0,7528.0,1.2647849462365592
w=256,45,3,15,17,15,256,18,0,0,128.0,5952,151257086.0,455999457.0,7527.0,1.264616935483871
w=256,46,2,23,17,16,256,18,0,0,128.0,5952,38721814526.0,77448085475.0,5262.0,0.8840725806451613
w=256,49,7,7,14,13,256,18,0,0,128.0,5952,590846.0,4594655.0,16590.0,2.787298387096774
w=256,50,2,25,15,18,256,18,0,0,128.0,5952,154887258110.0,309790244839.0,5264.0,0.8844086021505376
w=256,50,2,25,19,14,256,18,0,0,128.0,5952,154887258110.0,309775761376.0,5261.0,0.8839045698924731
w=256,50,5,10,11,20,256,18,0,0,128.0,5952,4726782.0,69771240.0,12062.0,2.026545698924731
w=256,50,5,10,21,10,256,18,0,0,128.0,5952,4726782.0,23719894.0,12054.0,2.025201612903226
w=16,40,4,10,12,15,16,35,0,0,128.0,5968,585726.0,3915752.0,1546.0,0.25904825737265413
w=16,40,4,10,16,11,16,35,0,0,128.0,5968,585726.0,2473953.0,1543.0,0.2585455764075067
w=16,42,2,21,13,19,16,35,0,0,128.0,5968,1199570942.0,2426404842.0,1141.0,0.191186327077748
w=16,42,2,21,20,12,16,35,0,0,128.0,5968,1199570942.0,2399469534.0,1136.0,0.1903485254691689
w=16,42,3,14,15,14,16,35,0,0,128.0,5968,9371646.0,29097957.0,1342.0,0.22486595174262736
w=16,45,5,9,8,18,16,35,0,0,128.0,5968,292862.0,9852909.0,1751.0,0.2933981233243968
w=16,46,2,23,16,15,16,35,0,0,128.0,5968,4798283774.0,9598664677.0,1139.0,0.19085120643431636
w=16,50,2,25,12,20,16,35,0,0,128.0,5968,19193135102.0,38436601836.0,1142.0,0.1913538873994638
w=16,50,2,25,14,17,16,35,0,0,128.0,5968,19193135102.0,38393610217.0,1141.0,0.191186327077748
w=16,50,2,25,18,13,16,35,0,0,128.0,5968,19193135102.0,38386860002.0,1138.0,0.19068364611260052
w=16,50,2,25,21,11,16,35,0,0,128.0,5968,19193135102.0,38386442204.0,1135.0,0.19018096514745308
w=16,50,5,10,7,20,16,35,0,0,128.0,5968,585726.0,32288751.0,1752.0,0.2935656836461126
w=32,40,2,20,23,11,32,28,0,0,128.0,5968,950009854.0,1900208089.0,1502.0,0.25167560321715815
w=32,40,4,10,11,19,32,28,0,0,128.0,5968,927742.0,26779626.0,2283.0,0.3825402144772118
w=32,40,4,10,20,10,32,28,0,0,128.0,5968,927742.0,3792858.0,2276.0,0.38136729222520105
w=32,40,4,10,22,9,32,28,0,0,128.0,5968,927742.0,3755991.0,2275.0,0.3811997319034853
w=32,40,5,8,12,15,32,28,0,0,128.0,5968,231934.0,2732518.0,2668.0,0.44705093833780163
w=32,40,5,8,16,11,32,28,0,0,128.0,5968,231934.0,1290719.0,2665.0,0.44654825737265413
w=32,42,6,7,9,17,32,28,0,0,128.0,5968,115966.0,5414377.0,3056.0,0.5120643431635389
w=32,44,2,22,16,16,32,28,0,0,128.0,5968,3800039422.0,7604273125.0,1507.0,0.25251340482573725
w=32,44,2,22,17,15,32,28,0,0,128.0,5968,3800039422.0,7602307043.0,1506.0,0.2523458445040214
w=32,44,4,11,12,17,32,28,0,0,128.0,5968,1855486.0,13713384.0,2282.0,0.382372654155496
w=32,44,4,11,18,11,32,28,0,0,128.0,5968,1855486.0,7569374.0,2278.0,0.3817024128686327
w=32,44,4,11,24,8,32,28,0,0,128.0,5968,1855486.0,7446483.0,2273.0,0.3808646112600536
w=32,45,5,9,11,16,32,28,0,0,128.0,5968,463870.0,5202920.0,2669.0,0.4472184986595174
w=32,45,5,9,17,10,32,28,0,0,128.0,5968,463870.0,2388957.0,2664.0,0.44638069705093836
w=32,46,2,23,15,17,32,28,0,0,128.0,5968,7600078846.0,15208021991.0,1508.0,0.2526809651474531
w=32,46,2,23,18,14,32,28,0,0,128.0,5968,7600078846.0,15201337314.0,1506.0,0.2523458445040214
w=32,48,3,16,12,19,32,28,0,0,128.0,5968,59375614.0,203292650.0,1896.0,0.31769436997319034
w=32,48,3,16,15,15,32,28,0,0,128.0,5968,59375614.0,180092901.0,1894.0,0.31735924932975873
w=32,48,3,16,16,14,32,28,0,0,128.0,5968,59375614.0,179175395.0,1893.0,0.3171916890080429
w=32,48,3,16,20,11,32,28,0,0,128.0,5968,59375614.0,178290652.0,1890.0,0.31668900804289546
w=32,48,3,16,24,9,32,28,0,0,128.0,5968,59375614.0,178175957.0,1887.0,0.31618632707774796
w=32,48,6,8,12,12,32,28,0,0,128.0,5968,231934.0,1588196.0,3054.0,0.5117292225201072
w=32,48,6,8,13,11,32,28,0,0,128.0,5968,231934.0,1498082.0,3053.0,0.5115616621983914
w=32,50,2,25,14,18,32,28,0,0,128.0,5968,30400315390.0,60815310825.0,1509.0,0.2528485254691689
w=32,50,2,25,19,13,32,28,0,0,128.0,5968,30400315390.0,60801253344.0,1505.0,0.25217828418230565
w=32,50,5,10,13,13,32,28,0,0,128.0,5968,927742.0,5064676.0,2667.0,0.4468833780160858
w=32,50,5,10,14,12,32,28,0,0,128.0,5968,927742.0,4868067.0,2667.0,0.4468833780160858
w=256,40,4,10,13,19,256,18,0,0,128.0,5968,4726782.0,46170086.0,9797.0,1.641588471849866
w=256,40,4,10,20,12,256,18,0,0,128.0,5968,4726782.0,19234778.0,9792.0,1.6407506702412868
w=256,40,5,8,22,10,256,18,0,0,128.0,5968,1181694.0,5998549.0,12056.0,2.020107238605898
w=256,40,10,4,8,18,256,18,0,0,128.0,5968,73854.0,9127139.0,23391.0,3.9194034852546915
w=256,42,2,21,14,20,256,18,0,0,128.0,5968,9680453630.0,19419627497.0,5267.0,0.8825402144772118
w=256,42,2,21,21,13,256,18,0,0,128.0,5968,9680453630.0,19361595356.0,5261.0,0.8815348525469169
w=256,42,3,14,23,11,256,18,0,0,128.0,5968,75628542.0,227074007.0,7525.0,1.260891420911528
w=256,42,7,6,12,16,256,18,0,0,128.0,5968,295422.0,5213666.0,16593.0,2.780328418230563
w=256,42,7,6,17,11,256,18,0,0,128.0,5968,295422.0,2207193.0,16589.0,2.7796581769436997
w=256,44,4,11,16,15,256,18,0,0,128.0,5968,9453566.0,39911393.0,9795.0,1.6412533512064342
w=256,45,3,15,13,20,256,18,0,0,128.0,5968,151257086.0,508297192.0,7532.0,1.2620643431635388
w=256,45,3,15,21,12,256,18,0,0,128.0,5968,151257086.0,454115290.0,7526.0,1.261058981233244
w=256,45,9,5,11,14,256,18,0,0,128.0,5968,147710.0,2050272.0,21124.0,3.539544235924933
w=256,45,9,5,15,10,256,18,0,0,128.0,5968,147710.0,1390809.0,21121.0,3.5390415549597853
w=256,48,2,24,16,17,256,18,0,0,128.0,5968,77443629054.0,154895646693.0,5265.0,0.8822050938337802
w=256,48,2,24,18,15,256,18,0,0,128.0,5968,77443629054.0,154889617378.0,5264.0,0.8820375335120644
w=256,48,2,24,24,11,256,18,0,0,128.0,5968,77443629054.0,154887454679.0,5259.0,0.8811997319034852
w=256,48,3,16,15,17,256,18,0,0,128.0,5968,302514174.0,915406821.0,7531.0,1.261896782841823
w=256,48,3,16,18,14,256,18,0,0,128.0,5968,302514174.0,908722144.0,7529.0,1.2615616621983914
w=256,48,4,12,12,20,256,18,0,0,128.0,5968,18907134.0,125960168.0,9798.0,1.6417560321715818
w=256,48,4,12,14,17,256,18,0,0,128.0,5968,18907134.0,82968549.0,9797.0,1.641588471849866
w=256,48,4,12,18,13,256,18,0,0,128.0,5968,18907134.0,76218334.0,9794.0,1.6410857908847185
w=256,48,4,12,21,11,256,18,0,0,128.0,5968,18907134.0,75800536.0,9791.0,1.6405831099195711
w=256,48,6,8,12,17,256,18,0,0,128.0,5968,1181694.0,13381604.0,14328.0,2.400804289544236
w=256,48,6,8,18,11,256,18,0,0,128.0,5968,1181694.0,7237594.0,14324.0,2.4001340482573728
w=256,48,6,8,24,8,256,18,0,0,128.0,5968,1181694.0,7114703.0,14319.0,2.3992962466487935
w=256,48,8,6,9,19,256,18,0,0,128.0,5968,295422.0,21237733.0,18860.0,3.1601876675603218
w=256,48,8,6,10,17,256,18,0,0,128.0,5968,295422.0,7606244.0,18860.0,3.1601876675603218
w=256,48,8,6,12,14,256,18,0,0,128.0,5968,295422.0,3149792.0,18858.0,3.15985254691689
w=256,48,8,6,15,11,256,18,0,0,128.0,5968,295422.0,2486235.0,18856.0,3.1595174262734584
w=256,48,8,6,18,9,256,18,0,0,128.0,5968,295422.0,2400214.0,18854.0,3.159182305630027
w=256,48,8,6,20,8,256,18,0,0,128.0,5968,295422.0,2383826.0,18852.0,3.158847184986595
w=256,50,2,25,22,12,256,18,0,0,128.0,5968,154887258110.0,309774876635.0,5261.0,0.8815348525469169
w=16,44,4,11,9,20,16,35,0,0,128.0,5984,1171454.0,42434541.0,1550.0,0.259024064171123
w=16,44,4,11,21,8,16,35,0,0,128.0,5984,1171454.0,4707288.0,1541.0,0.2575200534759358
w=16,45,5,9,9,16,16,35,0,0,128.0,5984,292862.0,3823595.0,1752.0,0.2927807486631016
w=16,48,2,24,15,16,16,35,0,0,128.0,5984,9596567550.0,19197067239.0,1142.0,0.19084224598930483
w=16,48,2,24,17,14,16,35,0,0,128.0,5984,9596567550.0,19194249187.0,1140.0,0.19050802139037434
w=16,48,3,16,11,19,16,35,0,0,128.0,5984,37486590.0,135528428.0,1347.0,0.22510026737967914
w=16,48,3,16,20,10,16,35,0,0,128.0,5984,37486590.0,112541660.0,1340.0,0.22393048128342247
w=16,48,3,16,22,9,16,35,0,0,128.0,5984,37486590.0,112504793.0,1339.0,0.2237633689839572
w=16,50,2,25,23,10,16,35,0,0,128.0,5984,19193135102.0,38386364377.0,1136.0,0.18983957219251338
w=32,40,4,10,13,16,32,28,0,0,128.0,5984,927742.0,7118822.0,2283.0,0.3815173796791444
w=32,40,4,10,17,12,32,28,0,0,128.0,5984,927742.0,3989471.0,2280.0,0.3810160427807487
w=32,42,3,14,13,18,32,28,0,0,128.0,5984,14843902.0,58163176.0,1897.0,0.3170120320855615
w=32,42,3,14,19,12,32,28,0,0,128.0,5984,14843902.0,44842974.0,1893.0,0.31634358288770054
w=32,44,2,22,13,20,32,28,0,0,128.0,5984,3800039422.0,7654604778.0,1511.0,0.2525066844919786
w=32,44,2,22,21,12,32,28,0,0,128.0,5984,3800039422.0,7600422876.0,1505.0,0.2515040106951872
w=32,49,7,7,8,15,32,28,0,0,128.0,5984,115966.0,1860329.0,3445.0,0.575701871657754
w=256,40,8,5,9,20,256,18,0,0,128.0,5984,147710.0,38930405.0,18862.0,3.152072192513369
w=256,40,10,4,9,16,256,18,0,0,128.0,5984,73854.0,3097825.0,23392.0,3.909090909090909
w=256,45,5,9,14,16,256,18,0,0,128.0,5984,2363390.0,15486947.0,12064.0,2.016042780748663
w=256,45,5,9,17,13,256,18,0,0,128.0,5984,2363390.0,12373981.0,12061.0,2.0155414438502675
w=256,48,2,24,17,16,256,18,0,0,128.0,5984,77443629054.0,154891714531.0,5266.0,0.8800133689839572
w=256,48,4,12,23,10,256,18,0,0,128.0,5984,18907134.0,75722709.0,9792.0,1.6363636363636365
w=256,49,7,7,11,17,256,18,0,0,128.0,5984,590846.0,9903076.0,16596.0,2.7733957219251337
w=256,49,7,7,18,10,256,18,0,0,128.0,5984,590846.0,4209624.0,16591.0,2.7725601604278074
w=256,49,7,7,22,8,256,18,0,0,128.0,5984,590846.0,4158417.0,16588.0,2.7720588235294117
w=256,50,10,5,11,12,256,18,0,0,128.0,5984,147710.0,1657310.0,23391.0,3.9089237967914436
w=256,50,10,5,13,10,256,18,0,0,128.0,5984,147710.0,1530330.0,23389.0,3.9085895721925135
w=16,40,2,20,22,11,16,35,0,0,128.0,6000,599785470.0,1199751131.0,1139.0,0.18983333333333333
w=16,40,2,20,24,10,16,35,0,0,128.0,6000,599785470.0,1199669207.0,1137.0,0.1895
w=16,44,2,22,13,19,16,35,0,0,128.0,6000,2399141886.0,4825546730.0,1145.0,0.19083333333333333
w=16,44,2,22,20,12,16,35,0,0,128.0,6000,2399141886.0,4798611422.0,1140.0,0.19
w=16,44,4,11,10,18,16,35,0,0,128.0,6000,1171454.0,15171564.0,1552.0,0.25866666666666666
w=16,44,4,11,19,9,16,35,0,0,128.0,6000,1171454.0,4724700.0,1545.0,0.2575
w=16,45,3,15,14,15,16,35,0,0,128.0,6000,18743294.0,58064871.0,1347.0,0.2245
w=16,45,3,15,16,13,16,35,0,0,128.0,6000,18743294.0,56754147.0,1345.0,0.22416666666666665
w=16,45,5,9,11,13,16,35,0,0,128.0,6000,292862.0,1824744.0,1753.0,0.2921666666666667
w=16,45,5,9,14,10,16,35,0,0,128.0,6000,292862.0,1521635.0,1751.0,0.29183333333333333
w=16,48,2,24,16,15,16,35,0,0,128.0,6000,9596567550.0,19195232229.0,1143.0,0.1905
w=16,48,3,16,13,16,16,35,0,0,128.0,6000,37486590.0,115867624.0,1347.0,0.2245
w=16,48,3,16,17,12,16,35,0,0,128.0,6000,37486590.0,112738273.0,1344.0,0.224
w=32,42,2,21,23,11,32,28,0,0,128.0,6000,1900019710.0,3800227801.0,1506.0,0.251
w=32,45,5,9,9,20,32,28,0,0,128.0,6000,463870.0,40068075.0,2674.0,0.44566666666666666
w=32,45,5,9,21,8,32,28,0,0,128.0,6000,463870.0,2340822.0,2665.0,0.44416666666666665
w=32,46,2,23,16,16,32,28,0,0,128.0,6000,7600078846.0,15204351973.0,1511.0,0.25183333333333335
w=32,46,2,23,17,15,32,28,0,0,128.0,6000,7600078846.0,15202385891.0,1510.0,0.25166666666666665
w=32,48,2,24,15,17,32,28,0,0,128.0,6000,15200157694.0,30408179687.0,1512.0,0.252
w=32,48,2,24,18,14,32,28,0,0,128.0,6000,15200157694.0,30401495010.0,1510.0,0.25166666666666665
w=32,48,3,16,22,10,32,28,0,0,128.0,6000,59375614.0,178216921.0,1893.0,0.3155
w=256,40,8,5,10,18,256,18,0,0,128.0,6000,147710.0,11667428.0,18864.0,3.144
w=256,40,8,5,19,9,256,18,0,0,128.0,6000,147710.0,1220564.0,18857.0,3.1428333333333334
w=256,42,6,7,14,15,256,18,0,0,128.0,6000,590846.0,5380065.0,14331.0,2.3885
w=256,42,6,7,16,13,256,18,0,0,128.0,6000,590846.0,4069341.0,14329.0,2.3881666666666668
w=256,44,2,22,14,20,256,18,0,0,128.0,6000,19360907262.0,38780534761.0,5271.0,0.8785
w=256,44,2,22,21,13,256,18,0,0,128.0,6000,19360907262.0,38722502620.0,5265.0,0.8775
w=256,48,3,16,16,16,256,18,0,0,128.0,6000,302514174.0,911736803.0,7534.0,1.2556666666666667
w=256,48,3,16,17,15,256,18,0,0,128.0,6000,302514174.0,909770721.0,7533.0,1.2555
w=256,48,8,6,13,13,256,18,0,0,128.0,6000,295422.0,2789342.0,18861.0,3.1435
w=256,48,8,6,14,12,256,18,0,0,128.0,6000,295422.0,2592733.0,18861.0,3.1435
w=256,50,2,25,16,17,256,18,0,0,128.0,6000,154887258110.0,309782904805.0,5269.0,0.8781666666666667
w=256,50,2,25,18,15,256,18,0,0,128.0,6000,154887258110.0,309776875490.0,5268.0,0.878
w=256,50,2,25,24,11,256,18,0,0,128.0,6000,154887258110.0,309774712791.0,5263.0,0.8771666666666667
w=256,50,5,10,13,17,256,18,0,0,128.0,6000,4726782.0,30449636.0,12066.0,2.011
w=256,50,5,10,18,12,256,18,0,0,128.0,6000,4726782.0,23928796.0,12063.0,2.0105
w=256,50,10,5,8,17,256,18,0,0,128.0,6000,147710.0,5671395.0,23395.0,3.8991666666666664
w=256,50,10,5,9,15,256,18,0,0,128.0,6000,147710.0,2656737.0,23394.0,3.899
w=256,50,10,5,12,11,256,18,0,0,128.0,6000,147710.0,1575388.0,23392.0,3.8986666666666667
w=256,50,10,5,16,8,256,18,0,0,128.0,6000,147710.0,1493461.0,23389.0,3.8981666666666666
w=16,40,4,10,13,14,16,35,0,0,128.0,6016,585726.0,3194854.0,1551.0,0.2578125
w=16,40,4,10,15,12,16,35,0,0,128.0,6016,585726.0,2588643.0,1550.0,0.2576462765957447
w=16,40,5,8,8,19,16,35,0,0,128.0,6016,146430.0,17509357.0,1757.0,0.29205452127659576
w=16,40,5,8,10,15,16,35,0,0,128.0,6016,146430.0,2042858.0,1756.0,0.29188829787234044
w=16,42,3,14,12,18,16,35,0,0,128.0,6016,9371646.0,40697834.0,1350.0,0.22440159574468085
w=16,42,3,14,19,11,16,35,0,0,128.0,6016,9371646.0,28270558.0,1345.0,0.22357047872340424
w=16,45,3,15,15,14,16,35,0,0,128.0,6016,18743294.0,57212901.0,1348.0,0.22406914893617022
w=16,48,4,12,11,16,16,35,0,0,128.0,6016,2342910.0,12255210.0,1553.0,0.25814494680851063
w=16,48,4,12,17,10,16,35,0,0,128.0,6016,2342910.0,9441247.0,1548.0,0.25731382978723405
w=16,50,2,25,15,16,16,35,0,0,128.0,6016,19193135102.0,38390202343.0,1146.0,0.19049202127659576
w=16,50,2,25,17,14,16,35,0,0,128.0,6016,19193135102.0,38387384291.0,1144.0,0.1901595744680851
w=16,50,5,10,10,14,16,35,0,0,128.0,6016,585726.0,3583978.0,1756.0,0.29188829787234044
w=16,50,5,10,15,9,16,35,0,0,128.0,6016,585726.0,2959329.0,1752.0,0.2912234042553192
w=32,40,5,8,13,14,32,28,0,0,128.0,6016,231934.0,2011620.0,2673.0,0.4443151595744681
w=32,40,5,8,15,12,32,28,0,0,128.0,6016,231934.0,1405409.0,2672.0,0.4441489361702128
w=32,42,6,7,11,14,32,28,0,0,128.0,6016,115966.0,1416678.0,3061.0,0.5088098404255319
w=32,42,6,7,15,10,32,28,0,0,128.0,6016,115966.0,757215.0,3058.0,0.508311170212766
w=32,45,5,9,10,18,32,28,0,0,128.0,6016,463870.0,12805098.0,2676.0,0.44481382978723405
w=32,45,5,9,19,9,32,28,0,0,128.0,6016,463870.0,2358234.0,2669.0,0.44365026595744683
w=32,46,2,23,13,20,32,28,0,0,128.0,6016,7600078846.0,15254683626.0,1515.0,0.2518284574468085
w=32,46,2,23,21,12,32,28,0,0,128.0,6016,7600078846.0,15200501724.0,1509.0,0.2508311170212766
w=256,40,2,20,23,12,256,18,0,0,128.0,6016,4840226814.0,9680830425.0,5266.0,0.8753324468085106
w=256,42,6,7,15,14,256,18,0,0,128.0,6016,590846.0,4528095.0,14332.0,2.382313829787234
w=256,42,7,6,23,8,256,18,0,0,128.0,6016,295422.0,2091471.0,16591.0,2.7578125
w=256,45,3,15,23,11,256,18,0,0,128.0,6016,151257086.0,453959639.0,7531.0,1.2518284574468086
w=256,45,5,9,12,19,256,18,0,0,128.0,6016,2363390.0,36982758.0,12069.0,2.0061502659574466
w=256,45,5,9,15,15,256,18,0,0,128.0,6016,2363390.0,13783009.0,12067.0,2.005817819148936
w=256,45,5,9,16,14,256,18,0,0,128.0,6016,2363390.0,12865503.0,12066.0,2.005651595744681
w=256,45,5,9,20,11,256,18,0,0,128.0,6016,2363390.0,11980760.0,12063.0,2.005152925531915
w=256,45,5,9,24,9,256,18,0,0,128.0,6016,2363390.0,11866065.0,12060.0,2.004654255319149
w=256,45,9,5,8,20,256,18,0,0,128.0,6016,147710.0,34883813.0,21132.0,3.512632978723404
w=256,45,9,5,12,13,256,18,0,0,128.0,6016,147710.0,1722590.0,21129.0,3.5121343085106385
w=256,45,9,5,14,11,256,18,0,0,128.0,6016,147710.0,1444059.0,21128.0,3.511968085106383
w=256,48,3,16,13,20,256,18,0,0,128.0,6016,302514174.0,962068456.0,7538.0,1.2529920212765957
w=256,48,3,16,21,12,256,18,0,0,128.0,6016,302514174.0,907886554.0,7532.0,1.2519946808510638
w=256,48,4,12,15,16,256,18,0,0,128.0,6016,18907134.0,79560675.0,9802.0,1.6293218085106382
w=256,48,4,12,17,14,256,18,0,0,128.0,6016,18907134.0,76742623.0,9800.0,1.6289893617021276
w=256,49,7,7,10,19,256,18,0,0,128.0,6016,590846.0,25107430.0,16601.0,2.7594747340425534
w=256,49,7,7,20,9,256,18,0,0,128.0,6016,590846.0,4176852.0,16593.0,2.758144946808511
w=256,50,2,25,17,16,256,18,0,0,128.0,6016,154887258110.0,309778972643.0,5270.0,0.8759973404255319
w=16,40,2,20,14,18,16,35,0,0,128.0,6032,599785470.0,1214250985.0,1149.0,0.19048408488063662
w=16,40,2,20,19,13,16,35,0,0,128.0,6032,599785470.0,1200193504.0,1145.0,0.1898209549071618
w=16,40,4,10,14,13,16,35,0,0,128.0,6032,585726.0,2801637.0,1553.0,0.2574602122015915
w=16,42,2,21,22,11,16,35,0,0,128.0,6032,1199570942.0,2399322075.0,1143.0,0.1894893899204244
w=16,42,2,21,24,10,16,35,0,0,128.0,6032,1199570942.0,2399240151.0,1141.0,0.189157824933687
w=16,44,4,11,12,15,16,35,0,0,128.0,6032,1171454.0,6258664.0,1554.0,0.2576259946949602
w=16,44,4,11,16,11,16,35,0,0,128.0,6032,1171454.0,4816865.0,1551.0,0.2571286472148541
w=16,45,5,9,12,12,16,35,0,0,128.0,6032,292862.0,1660902.0,1756.0,0.2911140583554377
w=16,45,5,9,13,11,16,35,0,0,128.0,6032,292862.0,1570788.0,1755.0,0.29094827586206895
w=16,46,2,23,13,19,16,35,0,0,128.0,6032,4798283774.0,9623830506.0,1149.0,0.19048408488063662
w=16,46,2,23,20,12,16,35,0,0,128.0,6032,4798283774.0,9596895198.0,1144.0,0.1896551724137931
w=16,50,2,25,16,15,16,35,0,0,128.0,6032,19193135102.0,38388367333.0,1147.0,0.1901525198938992
w=32,40,2,20,14,19,32,28,0,0,128.0,6032,950009854.0,1929379817.0,1517.0,0.2514920424403183
w=32,40,2,20,20,13,32,28,0,0,128.0,6032,950009854.0,1900675038.0,1512.0,0.2506631299734748
w=32,40,4,10,14,15,32,28,0,0,128.0,6032,927742.0,5545957.0,2289.0,0.3794761273209549
w=32,40,4,10,16,13,32,28,0,0,128.0,6032,927742.0,4235233.0,2287.0,0.3791445623342175
w=32,40,5,8,14,13,32,28,0,0,128.0,6032,231934.0,1618403.0,2675.0,0.44346816976127323
w=32,44,2,22,23,11,32,28,0,0,128.0,6032,3800039422.0,7600267225.0,1510.0,0.2503315649867374
w=32,44,4,11,11,19,32,28,0,0,128.0,6032,1855486.0,30490602.0,2291.0,0.3798076923076923
w=32,44,4,11,20,10,32,28,0,0,128.0,6032,1855486.0,7503834.0,2284.0,0.3786472148541114
w=32,44,4,11,22,9,32,28,0,0,128.0,6032,1855486.0,7466967.0,2283.0,0.3784814323607427
w=32,45,3,15,13,18,32,28,0,0,128.0,6032,29687806.0,102694888.0,1903.0,0.3154840848806366
w=32,45,3,15,19,12,32,28,0,0,128.0,6032,29687806.0,89374686.0,1899.0,0.3148209549071618
w=32,48,2,24,16,16,32,28,0,0,128.0,6032,15200157694.0,30404509669.0,1515.0,0.2511604774535809
w=32,48,2,24,17,15,32,28,0,0,128.0,6032,15200157694.0,30402543587.0,1514.0,0.2509946949602122
w=32,48,4,12,12,17,32,28,0,0,128.0,6032,3710974.0,21135336.0,2290.0,0.3796419098143236
w=32,48,4,12,18,11,32,28,0,0,128.0,6032,3710974.0,14991326.0,2286.0,0.3789787798408488
w=32,48,4,12,24,8,32,28,0,0,128.0,6032,3710974.0,14868435.0,2281.0,0.3781498673740053
w=32,48,6,8,8,19,32,28,0,0,128.0,6032,231934.0,18168811.0,3065.0,0.5081233421750663
w=32,48,6,8,10,15,32,28,0,0,128.0,6032,231934.0,2702312.0,3064.0,0.5079575596816976
w=32,48,6,8,16,9,32,28,0,0,128.0,6032,231934.0,1424349.0,3059.0,0.5071286472148541
w=32,50,2,25,15,17,32,28,0,0,128.0,6032,30400315390.0,60808495079.0,1516.0,0.2513262599469496
w=32,50,2,25,18,14,32,28,0,0,128.0,6032,30400315390.0,60801810402.0,1514.0,0.2509946949602122
w=256,40,2,20,15,19,256,18,0,0,128.0,6032,4840226814.0,9711910887.0,5274.0,0.8743368700265252
w=256,40,2,20,20,14,256,18,0,0,128.0,6032,4840226814.0,9681764318.0,5270.0,0.8736737400530504
w=256,40,4,10,22,11,256,18,0,0,128.0,6032,4726782.0,19087319.0,9799.0,1.624502652519894
w=256,40,4,10,24,10,256,18,0,0,128.0,6032,4726782.0,19005395.0,9797.0,1.6241710875331565
w=256,40,8,5,12,15,256,18,0,0,128.0,6032,147710.0,2754528.0,18866.0,3.1276525198938994
w=256,40,8,5,16,11,256,18,0,0,128.0,6032,147710.0,1312729.0,18863.0,3.127155172413793
w=256,42,3,14,14,19,256,18,0,0,128.0,6032,75628542.0,256245735.0,7540.0,1.25
w=256,42,3,14,20,13,256,18,0,0,128.0,6032,75628542.0,227540956.0,7535.0,1.2491710875331565
w=256,42,7,6,13,15,256,18,0,0,128.0,6032,295422.0,3771872.0,16600.0,2.7519893899204244
w=256,42,7,6,16,12,256,18,0,0,128.0,6032,295422.0,2330075.0,16598.0,2.751657824933687
w=256,44,4,11,13,19,256,18,0,0,128.0,6032,9453566.0,65077222.0,9805.0,1.625497347480106
w=256,44,4,11,20,12,256,18,0,0,128.0,6032,9453566.0,38141914.0,9800.0,1.6246684350132625
w=256,45,9,5,13,12,256,18,0,0,128.0,6032,147710.0,1542364.0,21130.0,3.5029840848806364
w=256,46,2,23,14,20,256,18,0,0,128.0,6032,38721814526.0,77502349289.0,5275.0,0.8745026525198939
w=256,46,2,23,21,13,256,18,0,0,128.0,6032,38721814526.0,77444317148.0,5269.0,0.8735079575596817
w=256,48,4,12,16,15,256,18,0,0,128.0,6032,18907134.0,77725665.0,9803.0,1.6251657824933687
w=256,48,6,8,11,19,256,18,0,0,128.0,6032,1181694.0,30158822.0,14337.0,2.3768236074270557
w=256,48,6,8,20,10,256,18,0,0,128.0,6032,1181694.0,7172054.0,14330.0,2.375663129973475
w=256,48,6,8,22,9,256,18,0,0,128.0,6032,1181694.0,7135187.0,14329.0,2.375497347480106
w=16,40,5,8,9,17,16,35,0,0,128.0,6048,146430.0,5450731.0,1760.0,0.291005291005291
w=16,42,3,14,23,9,16,35,0,0,128.0,6048,9371646.0,28162007.0,1346.0,0.22255291005291006
w=16,48,3,16,14,15,16,35,0,0,128.0,6048,37486590.0,114294759.0,1353.0,0.22371031746031747
w=16,48,3,16,16,13,16,35,0,0,128.0,6048,37486590.0,112984035.0,1351.0,0.22337962962962962
w=16,48,4,12,9,20,16,35,0,0,128.0,6048,2342910.0,47120365.0,1558.0,0.2576058201058201
w=16,48,4,12,21,8,16,35,0,0,128.0,6048,2342910.0,9393112.0,1549.0,0.2561177248677249
w=16,50,5,10,8,18,16,35,0,0,128.0,6048,585726.0,11317229.0,1761.0,0.29117063492063494
w=32,40,4,10,15,14,32,28,0,0,128.0,6048,927742.0,4693987.0,2290.0,0.37863756613756616
w=32,44,4,11,13,16,32,28,0,0,128.0,6048,1855486.0,10829798.0,2291.0,0.37880291005291006
w=32,44,4,11,17,12,32,28,0,0,128.0,6048,1855486.0,7700447.0,2288.0,0.3783068783068783
w=32,45,5,9,12,15,32,28,0,0,128.0,6048,463870.0,3892198.0,2678.0,0.4427910052910053
w=32,45,5,9,16,11,32,28,0,0,128.0,6048,463870.0,2450399.0,2675.0,0.44229497354497355
w=32,48,2,24,13,20,32,28,0,0,128.0,6048,15200157694.0,30454841322.0,1519.0,0.2511574074074074
w=32,48,2,24,21,12,32,28,0,0,128.0,6048,15200157694.0,30400659420.0,1513.0,0.2501653439153439
w=32,49,7,7,11,11,32,28,0,0,128.0,6048,115966.0,901860.0,3451.0,0.5706018518518519
w=32,50,5,10,11,16,32,28,0,0,128.0,6048,927742.0,7522280.0,2679.0,0.4429563492063492
w=32,50,5,10,17,10,32,28,0,0,128.0,6048,927742.0,4708317.0,2674.0,0.44212962962962965
w=256,40,5,8,13,18,256,18,0,0,128.0,6048,1181694.0,19539940.0,12072.0,1.996031746031746
w=256,40,5,8,19,12,256,18,0,0,128.0,6048,1181694.0,6219738.0,12068.0,1.9953703703703705
w=256,42,2,21,23,12,256,18,0,0,128.0,6048,9680453630.0,19361284057.0,5270.0,0.8713624338624338
w=256,42,7,6,11,18,256,18,0,0,128.0,6048,295422.0,13602276.0,16604.0,2.7453703703703702
w=256,42,7,6,19,10,256,18,0,0,128.0,6048,295422.0,2145750.0,16598.0,2.744378306878307
w=256,45,5,9,22,10,256,18,0,0,128.0,6048,2363390.0,11907029.0,12066.0,1.9950396825396826
w=256,45,9,5,10,16,256,18,0,0,128.0,6048,147710.0,3950818.0,21135.0,3.4945436507936507
w=256,45,9,5,17,9,256,18,0,0,128.0,6048,147710.0,1364181.0,21129.0,3.4935515873015874
w=256,48,6,8,13,16,256,18,0,0,128.0,6048,1181694.0,10498018.0,14337.0,2.3705357142857144
w=256,48,6,8,17,12,256,18,0,0,128.0,6048,1181694.0,7368667.0,14334.0,2.3700396825396823
w=256,50,10,5,7,20,256,18,0,0,128.0,6048,147710.0,30837221.0,23402.0,3.869378306878307
w=16,40,4,10,11,17,16,35,0,0,128.0,6064,585726.0,8110058.0,1559.0,0.2570910290237467
w=16,40,4,10,18,10,16,35,0,0,128.0,6064,585726.0,2416606.0,1554.0,0.2562664907651715
w=16,42,2,21,14,18,16,35,0,0,128.0,6064,1199570942.0,2413821929.0,1153.0,0.19013852242744064
w=16,42,2,21,19,13,16,35,0,0,128.0,6064,1199570942.0,2399764448.0,1149.0,0.18947889182058048
w=16,42,3,14,11,20,16,35,0,0,128.0,6064,9371646.0,74252268.0,1357.0,0.22377968337730872
w=16,42,3,14,21,10,16,35,0,0,128.0,6064,9371646.0,28200922.0,1349.0,0.22246042216358838
w=16,44,2,22,22,11,16,35,0,0,128.0,6064,2399141886.0,4798463963.0,1147.0,0.1891490765171504
w=16,44,2,22,24,10,16,35,0,0,128.0,6064,2399141886.0,4798382039.0,1145.0,0.1888192612137203
w=16,45,3,15,12,18,16,35,0,0,128.0,6064,18743294.0,68812778.0,1356.0,0.22361477572559366
w=16,45,3,15,19,11,16,35,0,0,128.0,6064,18743294.0,56385502.0,1351.0,0.22279023746701848
w=16,48,2,24,13,19,16,35,0,0,128.0,6064,9596567550.0,19220398058.0,1153.0,0.19013852242744064
w=16,48,2,24,20,12,16,35,0,0,128.0,6064,9596567550.0,19193462750.0,1148.0,0.18931398416886544
w=16,48,3,16,15,14,16,35,0,0,128.0,6064,37486590.0,113442789.0,1354.0,0.2232849604221636
w=16,48,4,12,10,18,16,35,0,0,128.0,6064,2342910.0,19857388.0,1560.0,0.25725593667546176
w=16,48,4,12,19,9,16,35,0,0,128.0,6064,2342910.0,9410524.0,1553.0,0.2561015831134565
w=16,50,5,10,9,16,16,35,0,0,128.0,6064,585726.0,5287915.0,1762.0,0.2905672823218997
w=16,50,5,10,17,8,16,35,0,0,128.0,6064,585726.0,2946013.0,1756.0,0.2895778364116095
w=32,40,5,8,11,17,32,28,0,0,128.0,6064,231934.0,6926824.0,2681.0,0.4421174142480211
w=32,40,5,8,18,10,32,28,0,0,128.0,6064,231934.0,1233372.0,2676.0,0.4412928759894459
w=32,42,2,21,14,19,32,28,0,0,128.0,6064,1900019710.0,3829399529.0,1521.0,0.2508245382585752
w=32,42,2,21,20,13,32,28,0,0,128.0,6064,1900019710.0,3800694750.0,1516.0,0.25
w=32,42,3,14,12,20,32,28,0,0,128.0,6064,14843902.0,94863338.0,1908.0,0.31464379947229554
w=32,42,3,14,14,17,32,28,0,0,128.0,6064,14843902.0,51871719.0,1907.0,0.3144788918205805
w=32,42,3,14,18,13,32,28,0,0,128.0,6064,14843902.0,45121504.0,1904.0,0.31398416886543534
w=32,42,3,14,21,11,32,28,0,0,128.0,6064,14843902.0,44703706.0,1901.0,0.3134894459102902
w=32,42,6,7,8,20,32,28,0,0,128.0,6064,115966.0,34250219.0,3069.0,0.5061015831134564
w=32,42,6,7,12,13,32,28,0,0,128.0,6064,115966.0,1088996.0,3066.0,0.5056068601583114
w=32,42,6,7,14,11,32,28,0,0,128.0,6064,115966.0,810465.0,3065.0,0.5054419525065963
w=32,42,7,6,7,19,32,28,0,0,128.0,6064,57982.0,15085931.0,3456.0,0.5699208443271768
w=32,46,2,23,23,11,32,28,0,0,128.0,6064,7600078846.0,15200346073.0,1514.0,0.24967018469656993
w=32,48,6,8,9,17,32,28,0,0,128.0,6064,231934.0,6110185.0,3068.0,0.5059366754617414
w=32,48,6,8,18,8,32,28,0,0,128.0,6064,231934.0,1410010.0,3062.0,0.5049472295514512
w=32,49,7,7,7,18,32,28,0,0,128.0,6064,115966.0,8151787.0,3456.0,0.5699208443271768
w=32,50,2,25,16,16,32,28,0,0,128.0,6064,30400315390.0,60804825061.0,1519.0,0.25049472295514513
w=32,50,2,25,17,15,32,28,0,0,128.0,6064,30400315390.0,60802858979.0,1518.0,0.25032981530343007
w=256,40,4,10,14,18,256,18,0,0,128.0,6064,4726782.0,33587173.0,9809.0,1.6175791556728232
w=256,40,4,10,19,13,256,18,0,0,128.0,6064,4726782.0,19529692.0,9805.0,1.6169195250659631
w=256,42,2,21,15,19,256,18,0,0,128.0,6064,9680453630.0,19392364519.0,5278.0,0.8703825857519789
w=256,42,2,21,20,14,256,18,0,0,128.0,6064,9680453630.0,19362217950.0,5274.0,0.8697229551451188
w=256,42,6,7,12,18,256,18,0,0,128.0,6064,590846.0,16127972.0,14340.0,2.3647757255936677
w=256,42,6,7,19,11,256,18,0,0,128.0,6064,590846.0,3700696.0,14335.0,2.3639511873350925
w=256,42,7,6,10,20,256,18,0,0,128.0,6064,295422.0,44010982.0,16607.0,2.738621372031662
w=256,42,7,6,14,14,256,18,0,0,128.0,6064,295422.0,2985439.0,16604.0,2.7381266490765173
w=256,42,7,6,15,13,256,18,0,0,128.0,6064,295422.0,2559453.0,16603.0,2.7379617414248023
w=256,42,7,6,21,9,256,18,0,0,128.0,6064,295422.0,2110930.0,16598.0,2.737137203166227
w=256,44,11,4,8,16,256,18,0,0,128.0,6064,73854.0,2909537.0,25668.0,4.232849604221636
w=256,45,9,5,9,18,256,18,0,0,128.0,6064,147710.0,10766563.0,21137.0,3.4856530343007917
w=256,45,9,5,19,8,256,18,0,0,128.0,6064,147710.0,1348818.0,21130.0,3.484498680738786
w=256,48,2,24,14,20,256,18,0,0,128.0,6064,77443629054.0,154945978345.0,5279.0,0.870547493403694
w=256,48,2,24,21,13,256,18,0,0,128.0,6064,77443629054.0,154887946204.0,5273.0,0.8695580474934037
w=256,48,3,16,23,11,256,18,0,0,128.0,6064,302514174.0,907730903.0,7537.0,1.2429089709762533
w=256,50,5,10,14,16,256,18,0,0,128.0,6064,4726782.0,27303907.0,12074.0,1.991094986807388
w=256,50,5,10,17,13,256,18,0,0,128.0,6064,4726782.0,24190941.0,12071.0,1.9906002638522426
w=16,44,4,11,13,14,16,35,0,0,128.0,6080,1171454.0,5537766.0,1559.0,0.25641447368421055
w=16,44,4,11,15,12,16,35,0,0,128.0,6080,1171454.0,4931555.0,1558.0,0.25625
w=16,50,5,10,11,13,16,35,0,0,128.0,6080,585726.0,3289064.0,1763.0,0.2899671052631579
w=16,50,5,10,14,10,16,35,0,0,128.0,6080,585726.0,2985955.0,1761.0,0.28963815789473685
w=32,42,3,14,23,10,32,28,0,0,128.0,6080,14843902.0,44625879.0,1902.0,0.31282894736842104
w=32,42,6,7,13,12,32,28,0,0,128.0,6080,115966.0,908770.0,3067.0,0.5044407894736842
w=32,48,3,16,13,18,32,28,0,0,128.0,6080,59375614.0,191758312.0,1909.0,0.31398026315789473
w=32,48,3,16,19,12,32,28,0,0,128.0,6080,59375614.0,178438110.0,1905.0,0.31332236842105265
w=32,50,2,25,13,20,32,28,0,0,128.0,6080,30400315390.0,60855156714.0,1523.0,0.25049342105263156
w=32,50,2,25,21,12,32,28,0,0,128.0,6080,30400315390.0,60800974812.0,1517.0,0.2495065789473684
w=32,50,5,10,9,20,32,28,0,0,128.0,6080,927742.0,42387435.0,2684.0,0.44144736842105264
w=32,50,5,10,21,8,32,28,0,0,128.0,6080,927742.0,4660182.0,2675.0,0.4399671052631579
w=256,40,8,5,13,14,256,18,0,0,128.0,6080,147710.0,2033630.0,18871.0,3.103782894736842
w=256,40,8,5,15,12,256,18,0,0,128.0,6080,147710.0,1427419.0,18870.0,3.1036184210526314
w=256,44,2,22,23,12,256,18,0,0,128.0,6080,19360907262.0,38722191321.0,5274.0,0.8674342105263158
w=256,45,3,15,14,19,256,18,0,0,128.0,6080,151257086.0,483131367.0,7546.0,1.2411184210526316
w=256,45,3,15,20,13,256,18,0,0,128.0,6080,151257086.0,454426588.0,7541.0,1.240296052631579
w=256,48,8,6,11,16,256,18,0,0,128.0,6080,295422.0,5246946.0,18873.0,3.1041118421052634
w=256,48,8,6,17,10,256,18,0,0,128.0,6080,295422.0,2432983.0,18868.0,3.1032894736842107
w=256,49,7,7,12,16,256,18,0,0,128.0,6080,590846.0,7281634.0,16607.0,2.7314144736842105
w=256,49,7,7,17,11,256,18,0,0,128.0,6080,590846.0,4275161.0,16603.0,2.7307565789473682
w=16,40,2,20,15,17,16,35,0,0,128.0,6096,599785470.0,1207435239.0,1156.0,0.18963254593175852
w=16,40,2,20,18,14,16,35,0,0,128.0,6096,599785470.0,1200750562.0,1154.0,0.18930446194225722
w=16,40,4,10,10,19,16,35,0,0,128.0,6096,585726.0,23314412.0,1564.0,0.25656167979002625
w=16,40,4,10,20,9,16,35,0,0,128.0,6096,585726.0,2383834.0,1556.0,0.255249343832021
w=16,40,5,8,11,14,16,35,0,0,128.0,6096,146430.0,1453032.0,1765.0,0.28953412073490814
w=16,44,2,22,14,18,16,35,0,0,128.0,6096,2399141886.0,4812963817.0,1157.0,0.1897965879265092
w=16,44,2,22,19,13,16,35,0,0,128.0,6096,2399141886.0,4798906336.0,1153.0,0.18914041994750655
w=16,44,4,11,14,13,16,35,0,0,128.0,6096,1171454.0,5144549.0,1561.0,0.2560695538057743
w=16,45,3,15,23,9,16,35,0,0,128.0,6096,18743294.0,56276951.0,1352.0,0.22178477690288714
w=16,45,5,9,8,19,16,35,0,0,128.0,6096,292862.0,18241517.0,1767.0,0.28986220472440943
w=16,45,5,9,10,15,16,35,0,0,128.0,6096,292862.0,2775018.0,1766.0,0.2896981627296588
w=16,45,5,9,16,9,16,35,0,0,128.0,6096,292862.0,1497055.0,1761.0,0.2888779527559055
w=16,46,2,23,22,11,16,35,0,0,128.0,6096,4798283774.0,9596747739.0,1151.0,0.18881233595800526
w=16,46,2,23,24,10,16,35,0,0,128.0,6096,4798283774.0,9596665815.0,1149.0,0.18848425196850394
w=16,48,4,12,12,15,16,35,0,0,128.0,6096,2342910.0,10944488.0,1562.0,0.25623359580052496
w=16,48,4,12,16,11,16,35,0,0,128.0,6096,2342910.0,9502689.0,1559.0,0.255741469816273
w=16,50,2,25,13,19,16,35,0,0,128.0,6096,19193135102.0,38413533162.0,1157.0,0.1897965879265092
w=16,50,2,25,20,12,16,35,0,0,128.0,6096,19193135102.0,38386597854.0,1152.0,0.1889763779527559
w=32,40,4,10,12,18,32,28,0,0,128.0,6096,927742.0,16293864.0,2298.0,0.37696850393700787
w=32,40,4,10,19,11,32,28,0,0,128.0,6096,927742.0,3866588.0,2293.0,0.3761482939632546
w=32,40,5,8,10,19,32,28,0,0,128.0,6096,231934.0,22131178.0,2686.0,0.4406167979002625
w=32,40,5,8,20,9,32,28,0,0,128.0,6096,231934.0,1200600.0,2678.0,0.4393044619422572
w=32,42,6,7,10,16,32,28,0,0,128.0,6096,115966.0,3317224.0,3072.0,0.5039370078740157
w=32,42,6,7,17,9,32,28,0,0,128.0,6096,115966.0,730587.0,3066.0,0.5029527559055118
w=32,44,2,22,14,19,32,28,0,0,128.0,6096,3800039422.0,7629438953.0,1525.0,0.2501640419947507
w=32,44,2,22,20,13,32,28,0,0,128.0,6096,3800039422.0,7600734174.0,1520.0,0.24934383202099739
w=32,44,4,11,14,15,32,28,0,0,128.0,6096,1855486.0,9256933.0,2297.0,0.3768044619422572
w=32,44,4,11,16,13,32,28,0,0,128.0,6096,1855486.0,7946209.0,2295.0,0.3764763779527559
w=32,45,5,9,13,14,32,28,0,0,128.0,6096,463870.0,3171300.0,2683.0,0.4401246719160105
w=32,45,5,9,15,12,32,28,0,0,128.0,6096,463870.0,2565089.0,2682.0,0.43996062992125984
w=32,48,2,24,23,11,32,28,0,0,128.0,6096,15200157694.0,30400503769.0,1518.0,0.24901574803149606
w=32,48,4,12,11,19,32,28,0,0,128.0,6096,3710974.0,37912554.0,2299.0,0.37713254593175854
w=32,48,4,12,20,10,32,28,0,0,128.0,6096,3710974.0,14925786.0,2292.0,0.37598425196850394
w=32,48,4,12,22,9,32,28,0,0,128.0,6096,3710974.0,14888919.0,2291.0,0.37582020997375326
w=32,49,7,7,9,14,32,28,0,0,128.0,6096,115966.0,1401575.0,3458.0,0.5672572178477691
w=32,50,5,10,10,18,32,28,0,0,128.0,6096,927742.0,15124458.0,2686.0,0.4406167979002625
w=32,50,5,10,19,9,32,28,0,0,128.0,6096,927742.0,4677594.0,2679.0,0.43946850393700787
w=256,40,2,20,16,18,256,18,0,0,128.0,6096,4840226814.0,9697230821.0,5281.0,0.8663057742782152
w=256,40,2,20,19,15,256,18,0,0,128.0,6096,4840226814.0,9682943968.0,5279.0,0.865977690288714
w=256,40,8,5,14,13,256,18,0,0,128.0,6096,147710.0,1640413.0,18873.0,3.095964566929134
w=256,40,10,4,8,19,256,18,0,0,128.0,6096,73854.0,17515747.0,23407.0,3.839730971128609
w=256,40,10,4,10,15,256,18,0,0,128.0,6096,73854.0,2049248.0,23406.0,3.8395669291338583
w=256,42,6,7,23,9,256,18,0,0,128.0,6096,590846.0,3592145.0,14336.0,2.351706036745407
w=256,44,2,22,15,19,256,18,0,0,128.0,6096,19360907262.0,38753271783.0,5282.0,0.8664698162729659
w=256,44,2,22,20,14,256,18,0,0,128.0,6096,19360907262.0,38723125214.0,5278.0,0.8658136482939632
w=256,44,4,11,22,11,256,18,0,0,128.0,6096,9453566.0,37994455.0,9807.0,1.608759842519685
w=256,44,4,11,24,10,256,18,0,0,128.0,6096,9453566.0,37912531.0,9805.0,1.6084317585301837
w=256,48,4,12,13,19,256,18,0,0,128.0,6096,18907134.0,102891494.0,9813.0,1.609744094488189
w=256,48,4,12,20,12,256,18,0,0,128.0,6096,18907134.0,75956186.0,9808.0,1.6089238845144358
w=256,48,6,8,14,15,256,18,0,0,128.0,6096,1181694.0,8925153.0,14343.0,2.3528543307086616
w=256,48,6,8,16,13,256,18,0,0,128.0,6096,1181694.0,7614429.0,14341.0,2.35252624671916
w=256,50,2,25,14,20,256,18,0,0,128.0,6096,154887258110.0,309833236457.0,5283.0,0.8666338582677166
w=256,50,2,25,21,13,256,18,0,0,128.0,6096,154887258110.0,309775204316.0,5277.0,0.8656496062992126
w=256,50,5,10,12,19,256,18,0,0,128.0,6096,4726782.0,48799718.0,12079.0,1.9814632545931758
w=256,50,5,10,15,15,256,18,0,0,128.0,6096,4726782.0,25599969.0,12077.0,1.9811351706036746
w=256,50,5,10,16,14,256,18,0,0,128.0,6096,4726782.0,24682463.0,12076.0,1.980971128608924
w=256,50,5,10,20,11,256,18,0,0,128.0,6096,4726782.0,23797720.0,12073.0,1.980479002624672
w=256,50,5,10,24,9,256,18,0,0,128.0,6096,4726782.0,23683025.0,12070.0,1.97998687664042
w=256,50,10,5,10,14,256,18,0,0,128.0,6096,147710.0,2132448.0,23406.0,3.8395669291338583
w=256,50,10,5,15,9,256,18,0,0,128.0,6096,147710.0,1507799.0,23402.0,3.838910761154856
w=16,42,3,14,13,17,16,35,0,0,128.0,6112,9371646.0,34930664.0,1361.0,0.22267670157068062
w=16,42,3,14,18,12,16,35,0,0,128.0,6112,9371646.0,28409824.0,1358.0,0.22218586387434555
w=16,45,3,15,11,20,16,35,0,0,128.0,6112,18743294.0,102367212.0,1363.0,0.22300392670157068
w=16,45,3,15,21,10,16,35,0,0,128.0,6112,18743294.0,56315866.0,1355.0,0.22169502617801048
w=16,48,3,16,12,18,16,35,0,0,128.0,6112,37486590.0,125042666.0,1362.0,0.22284031413612565
w=16,48,3,16,19,11,16,35,0,0,128.0,6112,37486590.0,112615390.0,1357.0,0.22202225130890052
w=16,50,5,10,12,12,16,35,0,0,128.0,6112,585726.0,3125222.0,1766.0,0.28893979057591623
w=16,50,5,10,13,11,16,35,0,0,128.0,6112,585726.0,3035108.0,1765.0,0.28877617801047123
w=32,40,2,20,15,18,32,28,0,0,128.0,6112,950009854.0,1915748327.0,1526.0,0.24967277486910994
w=32,40,2,20,19,14,32,28,0,0,128.0,6112,950009854.0,1901264864.0,1523.0,0.24918193717277487
w=32,42,3,14,15,16,32,28,0,0,128.0,6112,14843902.0,48463845.0,1912.0,0.31282722513089006
w=32,42,3,14,17,14,32,28,0,0,128.0,6112,14843902.0,45645793.0,1910.0,0.3125
w=32,42,6,7,9,18,32,28,0,0,128.0,6112,115966.0,10132969.0,3074.0,0.5029450261780105
w=32,44,4,11,15,14,32,28,0,0,128.0,6112,1855486.0,8404963.0,2298.0,0.37598167539267013
w=32,45,3,15,12,20,32,28,0,0,128.0,6112,29687806.0,139395050.0,1914.0,0.3131544502617801
w=32,45,3,15,14,17,32,28,0,0,128.0,6112,29687806.0,96403431.0,1913.0,0.31299083769633507
w=32,45,3,15,18,13,32,28,0,0,128.0,6112,29687806.0,89653216.0,1910.0,0.3125
w=32,45,3,15,21,11,32,28,0,0,128.0,6112,29687806.0,89235418.0,1907.0,0.31200916230366493
w=32,45,5,9,14,13,32,28,0,0,128.0,6112,463870.0,2778083.0,2685.0,0.43929973821989526
w=32,48,4,12,13,16,32,28,0,0,128.0,6112,3710974.0,18251750.0,2299.0,0.3761452879581152
w=32,48,4,12,17,12,32,28,0,0,128.0,6112,3710974.0,15122399.0,2296.0,0.3756544502617801
w=32,48,6,8,11,14,32,28,0,0,128.0,6112,231934.0,2112486.0,3073.0,0.5027814136125655
w=32,48,6,8,15,10,32,28,0,0,128.0,6112,231934.0,1453023.0,3070.0,0.5022905759162304
w=32,49,7,7,8,16,32,28,0,0,128.0,6112,115966.0,2908905.0,3461.0,0.5662630890052356
w=256,42,3,14,15,18,256,18,0,0,128.0,6112,75628542.0,242614245.0,7549.0,1.2351112565445026
w=256,42,3,14,19,14,256,18,0,0,128.0,6112,75628542.0,228130782.0,7546.0,1.2346204188481675
w=256,42,6,7,11,20,256,18,0,0,128.0,6112,590846.0,49682406.0,14347.0,2.3473494764397906
w=256,42,6,7,21,10,256,18,0,0,128.0,6112,590846.0,3631060.0,14339.0,2.34604057591623
w=256,46,2,23,23,12,256,18,0,0,128.0,6112,38721814526.0,77444005849.0,5278.0,0.8635471204188482
w=256,48,6,8,15,14,256,18,0,0,128.0,6112,1181694.0,8073183.0,14344.0,2.3468586387434556
w=256,48,8,6,9,20,256,18,0,0,128.0,6112,295422.0,40112101.0,18878.0,3.088678010471204
w=256,48,8,6,21,8,256,18,0,0,128.0,6112,295422.0,2384848.0,18869.0,3.087205497382199
w=16,40,2,20,16,16,16,35,0,0,128.0,6128,599785470.0,1203765221.0,1159.0,0.18913185378590078
w=16,40,2,20,17,15,16,35,0,0,128.0,6128,599785470.0,1201799139.0,1158.0,0.1889686684073107
w=16,42,2,21,15,17,16,35,0,0,128.0,6128,1199570942.0,2407006183.0,1160.0,0.18929503916449086
w=16,42,2,21,18,14,16,35,0,0,128.0,6128,1199570942.0,2400321506.0,1158.0,0.1889686684073107
w=16,44,4,11,11,17,16,35,0,0,128.0,6128,1171454.0,10452970.0,1567.0,0.25571148825065276
w=16,44,4,11,18,10,16,35,0,0,128.0,6128,1171454.0,4759518.0,1562.0,0.25489556135770236
w=16,44,4,11,22,8,16,35,0,0,128.0,6128,1171454.0,4708311.0,1559.0,0.25440600522193213
w=16,45,5,9,9,17,16,35,0,0,128.0,6128,292862.0,6182891.0,1770.0,0.28883812010443866
w=16,45,5,9,18,8,16,35,0,0,128.0,6128,292862.0,1482716.0,1764.0,0.2878590078328982
w=16,46,2,23,14,18,16,35,0,0,128.0,6128,4798283774.0,9611247593.0,1161.0,0.18945822454308095
w=16,46,2,23,19,13,16,35,0,0,128.0,6128,4798283774.0,9597190112.0,1157.0,0.18880548302872063
w=16,48,2,24,22,11,16,35,0,0,128.0,6128,9596567550.0,19193315291.0,1155.0,0.18847911227154046
w=16,48,2,24,24,10,16,35,0,0,128.0,6128,9596567550.0,19193233367.0,1153.0,0.18815274151436032
w=32,40,2,20,22,12,32,28,0,0,128.0,6128,950009854.0,1900380123.0,1523.0,0.2485313315926893
w=32,40,4,10,23,9,32,28,0,0,128.0,6128,927742.0,3758037.0,2294.0,0.3743472584856397
w=32,42,3,14,16,15,32,28,0,0,128.0,6128,14843902.0,46628835.0,1913.0,0.31217362924281983
w=32,42,7,6,8,17,32,28,0,0,128.0,6128,57982.0,4600169.0,3463.0,0.5651109660574413
w=32,42,7,6,9,15,32,28,0,0,128.0,6128,57982.0,1585511.0,3462.0,0.5649477806788512
w=32,45,3,15,23,10,32,28,0,0,128.0,6128,29687806.0,89157591.0,1908.0,0.3113577023498694
w=32,46,2,23,14,19,32,28,0,0,128.0,6128,7600078846.0,15229517801.0,1529.0,0.24951044386422977
w=32,46,2,23,20,13,32,28,0,0,128.0,6128,7600078846.0,15200813022.0,1524.0,0.24869451697127937
w=32,50,2,25,23,11,32,28,0,0,128.0,6128,30400315390.0,60800819161.0,1522.0,0.24836814621409922
w=32,50,5,10,12,15,32,28,0,0,128.0,6128,927742.0,6211558.0,2688.0,0.4386422976501306
w=32,50,5,10,16,11,32,28,0,0,128.0,6128,927742.0,4769759.0,2685.0,0.4381527415143603
w=256,40,2,20,17,17,256,18,0,0,128.0,6128,4840226814.0,9689366499.0,5284.0,0.8622715404699739
w=256,40,2,20,18,16,256,18,0,0,128.0,6128,4840226814.0,9685172194.0,5284.0,0.8622715404699739
w=256,40,4,10,15,17,256,18,0,0,128.0,6128,4726782.0,26771427.0,9816.0,1.6018276762402088
w=256,40,4,10,18,14,256,18,0,0,128.0,6128,4726782.0,20086750.0,9814.0,1.6015013054830287
w=256,40,5,8,12,20,256,18,0,0,128.0,6128,1181694.0,56240102.0,12083.0,1.9717689295039165
w=256,40,5,8,14,17,256,18,0,0,128.0,6128,1181694.0,13248483.0,12082.0,1.9716057441253263
w=256,40,5,8,18,13,256,18,0,0,128.0,6128,1181694.0,6498268.0,12079.0,1.9711161879895562
w=256,40,5,8,21,11,256,18,0,0,128.0,6128,1181694.0,6080470.0,12076.0,1.970626631853786
w=256,40,8,5,11,17,256,18,0,0,128.0,6128,147710.0,6948834.0,18879.0,3.0807767624020888
w=256,40,8,5,18,10,256,18,0,0,128.0,6128,147710.0,1255382.0,18874.0,3.0799608355091386
w=256,40,10,4,9,17,256,18,0,0,128.0,6128,73854.0,5457121.0,23410.0,3.8201697127937337
w=256,42,2,21,16,18,256,18,0,0,128.0,6128,9680453630.0,19377684453.0,5285.0,0.862434725848564
w=256,42,2,21,19,15,256,18,0,0,128.0,6128,9680453630.0,19363397600.0,5283.0,0.8621083550913838
w=256,42,3,14,22,12,256,18,0,0,128.0,6128,75628542.0,227246041.0,7546.0,1.2313968668407311
w=256,44,4,11,14,18,256,18,0,0,128.0,6128,9453566.0,52494309.0,9817.0,1.601990861618799
w=256,44,4,11,19,13,256,18,0,0,128.0,6128,9453566.0,38436828.0,9813.0,1.6013381201044385
w=256,44,11,4,7,19,256,18,0,0,128.0,6128,73854.0,15492451.0,25677.0,4.190110966057441
w=256,45,5,9,13,18,256,18,0,0,128.0,6128,2363390.0,25448420.0,12082.0,1.9716057441253263
w=256,45,5,9,19,12,256,18,0,0,128.0,6128,2363390.0,12128218.0,12078.0,1.970953002610966
w=256,46,2,23,15,19,256,18,0,0,128.0,6128,38721814526.0,77475086311.0,5286.0,0.862597911227154
w=256,46,2,23,20,14,256,18,0,0,128.0,6128,38721814526.0,77444939742.0,5282.0,0.8619451697127938
w=256,48,3,16,14,19,256,18,0,0,128.0,6128,302514174.0,936902631.0,7552.0,1.2323759791122715
w=256,48,3,16,20,13,256,18,0,0,128.0,6128,302514174.0,908197852.0,7547.0,1.231560052219321
w=256,48,8,6,10,18,256,18,0,0,128.0,6128,295422.0,12849124.0,18880.0,3.0809399477806787
w=256,48,8,6,19,9,256,18,0,0,128.0,6128,295422.0,2402260.0,18873.0,3.079797650130548
w=256,49,7,7,23,8,256,18,0,0,128.0,6128,590846.0,4159439.0,16605.0,2.7096932114882506
w=256,50,5,10,22,10,256,18,0,0,128.0,6128,4726782.0,23723989.0,12076.0,1.970626631853786
w=256,50,10,5,8,18,256,18,0,0,128.0,6128,147710.0,9865699.0,23411.0,3.8203328981723237
w=16,40,2,20,13,20,16,35,0,0,128.0,6144,599785470.0,1254096874.0,1163.0,0.18929036458333334
w=16,40,2,20,21,12,16,35,0,0,128.0,6144,599785470.0,1199914972.0,1157.0,0.18831380208333334
w=16,40,5,8,8,20,16,35,0,0,128.0,6144,146430.0,34286573.0,1773.0,0.28857421875
w=16,40,5,8,12,13,16,35,0,0,128.0,6144,146430.0,1125350.0,1770.0,0.2880859375
w=16,48,3,16,23,9,16,35,0,0,128.0,6144,37486590.0,112506839.0,1358.0,0.22102864583333334
w=16,48,4,12,13,14,16,35,0,0,128.0,6144,2342910.0,10223590.0,1567.0,0.2550455729166667
w=16,48,4,12,15,12,16,35,0,0,128.0,6144,2342910.0,9617379.0,1566.0,0.2548828125
w=32,40,4,10,11,20,32,28,0,0,128.0,6144,927742.0,49848298.0,2305.0,0.3751627604166667
w=32,40,4,10,21,10,32,28,0,0,128.0,6144,927742.0,3796952.0,2297.0,0.3738606770833333
w=32,42,2,21,15,18,32,28,0,0,128.0,6144,1900019710.0,3815768039.0,1530.0,0.2490234375
w=32,42,2,21,19,14,32,28,0,0,128.0,6144,1900019710.0,3801284576.0,1527.0,0.24853515625
w=32,45,5,9,11,17,32,28,0,0,128.0,6144,463870.0,8086504.0,2691.0,0.43798828125
w=32,45,5,9,18,10,32,28,0,0,128.0,6144,463870.0,2393052.0,2686.0,0.4371744791666667
w=32,45,5,9,22,8,32,28,0,0,128.0,6144,463870.0,2341845.0,2683.0,0.4366861979166667
w=256,40,5,8,23,10,256,18,0,0,128.0,6144,1181694.0,6002643.0,12077.0,1.9656575520833333
w=256,45,9,5,11,15,256,18,0,0,128.0,6144,147710.0,2771168.0,21146.0,3.4417317708333335
w=256,45,9,5,16,10,256,18,0,0,128.0,6144,147710.0,1394903.0,21142.0,3.4410807291666665
w=256,48,2,24,23,12,256,18,0,0,128.0,6144,77443629054.0,154887634905.0,5282.0,0.8597005208333334
w=256,49,7,7,13,15,256,18,0,0,128.0,6144,590846.0,5839840.0,16614.0,2.7041015625
w=256,49,7,7,16,12,256,18,0,0,128.0,6144,590846.0,4398043.0,16612.0,2.7037760416666665
w=256,50,10,5,9,16,256,18,0,0,128.0,6144,147710.0,3836385.0,23412.0,3.810546875
w=256,50,10,5,17,8,256,18,0,0,128.0,6144,147710.0,1494483.0,23406.0,3.8095703125
w=16,40,4,10,12,16,16,35,0,0,128.0,6160,585726.0,5488616.0,1570.0,0.25487012987012986
w=16,40,4,10,17,11,16,35,0,0,128.0,6160,585726.0,2482143.0,1566.0,0.25422077922077924
w=16,40,5,8,13,12,16,35,0,0,128.0,6160,146430.0,945124.0,1771.0,0.2875
w=16,42,2,21,16,16,16,35,0,0,128.0,6160,1199570942.0,2403336165.0,1163.0,0.1887987012987013
w=16,42,2,21,17,15,16,35,0,0,128.0,6160,1199570942.0,2401370083.0,1162.0,0.18863636363636363
w=16,44,2,22,15,17,16,35,0,0,128.0,6160,2399141886.0,4806148071.0,1164.0,0.18896103896103897
w=16,44,2,22,18,14,16,35,0,0,128.0,6160,2399141886.0,4799463394.0,1162.0,0.18863636363636363
w=16,44,4,11,10,19,16,35,0,0,128.0,6160,1171454.0,25657324.0,1572.0,0.2551948051948052
w=16,44,4,11,20,9,16,35,0,0,128.0,6160,1171454.0,4726746.0,1564.0,0.2538961038961039
w=16,45,3,15,13,17,16,35,0,0,128.0,6160,18743294.0,63045608.0,1367.0,0.22191558441558443
w=16,45,3,15,18,12,16,35,0,0,128.0,6160,18743294.0,56524768.0,1364.0,0.22142857142857142
w=16,48,2,24,14,18,16,35,0,0,128.0,6160,9596567550.0,19207815145.0,1165.0,0.1891233766233766
w=16,48,2,24,19,13,16,35,0,0,128.0,6160,9596567550.0,19193757664.0,1161.0,0.18847402597402596
w=16,48,3,16,11,20,16,35,0,0,128.0,6160,37486590.0,158597100.0,1369.0,0.22224025974025974
w=16,48,3,16,21,10,16,35,0,0,128.0,6160,37486590.0,112545754.0,1361.0,0.22094155844155844
w=16,48,4,12,14,13,16,35,0,0,128.0,6160,2342910.0,9830373.0,1569.0,0.2547077922077922
w=16,50,2,25,22,11,16,35,0,0,128.0,6160,19193135102.0,38386450395.0,1159.0,0.18814935064935065
w=16,50,2,25,24,10,16,35,0,0,128.0,6160,19193135102.0,38386368471.0,1157.0,0.1878246753246753
w=32,40,2,20,16,17,32,28,0,0,128.0,6160,950009854.0,1908408293.0,1531.0,0.24853896103896103
w=32,40,2,20,18,15,32,28,0,0,128.0,6160,950009854.0,1902378978.0,1530.0,0.2483766233766234
w=32,40,2,20,24,11,32,28,0,0,128.0,6160,950009854.0,1900216279.0,1525.0,0.24756493506493507
w=32,40,5,8,12,16,32,28,0,0,128.0,6160,231934.0,4305382.0,2692.0,0.437012987012987
w=32,40,5,8,17,11,32,28,0,0,128.0,6160,231934.0,1298909.0,2688.0,0.43636363636363634
w=32,42,2,21,22,12,32,28,0,0,128.0,6160,1900019710.0,3800399835.0,1527.0,0.24788961038961038
w=32,44,4,11,12,18,32,28,0,0,128.0,6160,1855486.0,20004840.0,2306.0,0.3743506493506494
w=32,44,4,11,19,11,32,28,0,0,128.0,6160,1855486.0,7577564.0,2301.0,0.37353896103896106
w=32,45,3,15,15,16,32,28,0,0,128.0,6160,29687806.0,92995557.0,1918.0,0.31136363636363634
w=32,45,3,15,17,14,32,28,0,0,128.0,6160,29687806.0,90177505.0,1916.0,0.31103896103896106
w=32,48,2,24,14,19,32,28,0,0,128.0,6160,15200157694.0,30429675497.0,1533.0,0.24886363636363637
w=32,48,2,24,20,13,32,28,0,0,128.0,6160,15200157694.0,30400970718.0,1528.0,0.24805194805194805
w=32,48,3,16,12,20,32,28,0,0,128.0,6160,59375614.0,228458474.0,1920.0,0.3116883116883117
w=32,48,3,16,14,17,32,28,0,0,128.0,6160,59375614.0,185466855.0,1919.0,0.31152597402597404
w=32,48,3,16,18,13,32,28,0,0,128.0,6160,59375614.0,178716640.0,1916.0,0.31103896103896106
w=32,48,3,16,21,11,32,28,0,0,128.0,6160,59375614.0,178298842.0,1913.0,0.3105519480519481
w=32,48,4,12,14,15,32,28,0,0,128.0,6160,3710974.0,16678885.0,2305.0,0.3741883116883117
w=32,48,4,12,16,13,32,28,0,0,128.0,6160,3710974.0,15368161.0,2303.0,0.37386363636363634
w=32,48,6,8,8,20,32,28,0,0,128.0,6160,231934.0,34946027.0,3081.0,0.5001623376623376
w=32,48,6,8,12,13,32,28,0,0,128.0,6160,231934.0,1784804.0,3078.0,0.49967532467532466
w=32,48,6,8,14,11,32,28,0,0,128.0,6160,231934.0,1506273.0,3077.0,0.499512987012987
w=256,40,2,20,22,13,256,18,0,0,128.0,6160,4840226814.0,9681174491.0,5285.0,0.8579545454545454
w=256,40,4,10,16,16,256,18,0,0,128.0,6160,4726782.0,23101409.0,9819.0,1.5939935064935065
w=256,40,4,10,17,15,256,18,0,0,128.0,6160,4726782.0,21135327.0,9818.0,1.5938311688311688
w=256,40,8,5,10,19,256,18,0,0,128.0,6160,147710.0,22153188.0,18884.0,3.0655844155844156
w=256,40,8,5,20,9,256,18,0,0,128.0,6160,147710.0,1222610.0,18876.0,3.0642857142857145
w=256,42,2,21,17,17,256,18,0,0,128.0,6160,9680453630.0,19369820131.0,5288.0,0.8584415584415584
w=256,42,2,21,18,16,256,18,0,0,128.0,6160,9680453630.0,19365625826.0,5288.0,0.8584415584415584
w=256,42,3,14,16,17,256,18,0,0,128.0,6160,75628542.0,235274211.0,7554.0,1.2262987012987012
w=256,42,3,14,18,15,256,18,0,0,128.0,6160,75628542.0,229244896.0,7553.0,1.2261363636363636
w=256,42,3,14,24,11,256,18,0,0,128.0,6160,75628542.0,227082197.0,7548.0,1.2253246753246754
w=256,42,6,7,13,17,256,18,0,0,128.0,6160,590846.0,10360802.0,14351.0,2.3297077922077922
w=256,42,6,7,18,12,256,18,0,0,128.0,6160,590846.0,3839962.0,14348.0,2.3292207792207793
w=256,42,7,6,12,17,256,18,0,0,128.0,6160,295422.0,8359394.0,16617.0,2.697564935064935
w=256,42,7,6,18,11,256,18,0,0,128.0,6160,295422.0,2215384.0,16613.0,2.6969155844155845
w=256,42,7,6,24,8,256,18,0,0,128.0,6160,295422.0,2092493.0,16608.0,2.696103896103896
w=256,44,2,22,16,18,256,18,0,0,128.0,6160,19360907262.0,38738591717.0,5289.0,0.8586038961038961
w=256,44,2,22,19,15,256,18,0,0,128.0,6160,19360907262.0,38724304864.0,5287.0,0.8582792207792208
w=256,45,3,15,15,18,256,18,0,0,128.0,6160,151257086.0,469499877.0,7555.0,1.2264610389610389
w=256,45,3,15,19,14,256,18,0,0,128.0,6160,151257086.0,455016414.0,7552.0,1.225974025974026
w=256,48,2,24,15,19,256,18,0,0,128.0,6160,77443629054.0,154918715367.0,5290.0,0.8587662337662337
w=256,48,2,24,20,14,256,18,0,0,128.0,6160,77443629054.0,154888568798.0,5286.0,0.8581168831168832
w=256,48,4,12,22,11,256,18,0,0,128.0,6160,18907134.0,75808727.0,9815.0,1.593344155844156
w=256,48,4,12,24,10,256,18,0,0,128.0,6160,18907134.0,75726803.0,9813.0,1.5930194805194806
w=256,48,6,8,12,18,256,18,0,0,128.0,6160,1181694.0,19673060.0,14352.0,2.32987012987013
w=256,48,6,8,19,11,256,18,0,0,128.0,6160,1181694.0,7245784.0,14347.0,2.3290584415584417
w=256,48,8,6,12,15,256,18,0,0,128.0,6160,295422.0,3936224.0,18882.0,3.0652597402597404
w=256,48,8,6,16,11,256,18,0,0,128.0,6160,295422.0,2494425.0,18879.0,3.0647727272727274
w=256,49,7,7,11,18,256,18,0,0,128.0,6160,590846.0,15670244.0,16618.0,2.6977272727272728
w=256,49,7,7,19,10,256,18,0,0,128.0,6160,590846.0,4213718.0,16612.0,2.696753246753247
w=256,50,10,5,11,13,256,18,0,0,128.0,6160,147710.0,1837534.0,23413.0,3.8008116883116885
w=256,50,10,5,14,10,256,18,0,0,128.0,6160,147710.0,1534425.0,23411.0,3.800487012987013
w=16,40,5,8,10,16,16,35,0,0,128.0,6176,146430.0,3353578.0,1776.0,0.28756476683937826
w=16,42,2,21,13,20,16,35,0,0,128.0,6176,1199570942.0,2453667818.0,1167.0,0.18895725388601037
w=16,42,2,21,21,12,16,35,0,0,128.0,6176,1199570942.0,2399485916.0,1161.0,0.1879857512953368
w=16,42,3,14,14,16,16,35,0,0,128.0,6176,9371646.0,31784935.0,1369.0,0.22166450777202074
w=16,42,3,14,17,13,16,35,0,0,128.0,6176,9371646.0,28671969.0,1366.0,0.22117875647668395
w=16,45,5,9,11,14,16,35,0,0,128.0,6176,292862.0,2185192.0,1775.0,0.28740284974093266
w=16,45,5,9,15,10,16,35,0,0,128.0,6176,292862.0,1525729.0,1772.0,0.2869170984455959
w=16,50,5,10,8,19,16,35,0,0,128.0,6176,585726.0,19705837.0,1777.0,0.28772668393782386
w=16,50,5,10,10,15,16,35,0,0,128.0,6176,585726.0,4239338.0,1776.0,0.28756476683937826
w=16,50,5,10,16,9,16,35,0,0,128.0,6176,585726.0,2961375.0,1771.0,0.2867551813471503
w=32,40,2,20,17,16,32,28,0,0,128.0,6176,950009854.0,1904476131.0,1532.0,0.24805699481865284
w=32,42,7,6,7,20,32,28,0,0,128.0,6176,57982.0,29765995.0,3470.0,0.5618523316062176
w=32,44,2,22,15,18,32,28,0,0,128.0,6176,3800039422.0,7615807463.0,1534.0,0.24838082901554404
w=32,44,2,22,19,14,32,28,0,0,128.0,6176,3800039422.0,7601324000.0,1531.0,0.24789507772020725
w=32,45,3,15,16,15,32,28,0,0,128.0,6176,29687806.0,91160547.0,1919.0,0.31071891191709844
w=32,45,5,9,10,19,32,28,0,0,128.0,6176,463870.0,23290858.0,2696.0,0.4365284974093264
w=32,45,5,9,20,9,32,28,0,0,128.0,6176,463870.0,2360280.0,2688.0,0.43523316062176165
w=32,48,3,16,23,10,32,28,0,0,128.0,6176,59375614.0,178221015.0,1914.0,0.30990932642487046
w=32,48,4,12,15,14,32,28,0,0,128.0,6176,3710974.0,15826915.0,2306.0,0.37338082901554404
w=32,48,6,8,13,12,32,28,0,0,128.0,6176,231934.0,1604578.0,3079.0,0.49854274611398963
w=32,49,7,7,7,19,32,28,0,0,128.0,6176,115966.0,15491819.0,3470.0,0.5618523316062176
w=32,49,7,7,10,13,32,28,0,0,128.0,6176,115966.0,1139430.0,3468.0,0.5615284974093264
w=32,49,7,7,14,9,32,28,0,0,128.0,6176,115966.0,840415.0,3465.0,0.5610427461139896
w=32,50,5,10,13,14,32,28,0,0,128.0,6176,927742.0,5490660.0,2693.0,0.43604274611398963
w=32,50,5,10,15,12,32,28,0,0,128.0,6176,927742.0,4884449.0,2692.0,0.43588082901554404
w=256,40,4,10,13,20,256,18,0,0,128.0,6176,4726782.0,73433062.0,9823.0,1.590511658031088
w=256,40,4,10,21,12,256,18,0,0,128.0,6176,4726782.0,19251160.0,9817.0,1.5895401554404145
w=256,40,5,8,15,16,256,18,0,0,128.0,6176,1181694.0,9840609.0,12087.0,1.957091968911917
w=256,40,5,8,17,14,256,18,0,0,128.0,6176,1181694.0,7022557.0,12085.0,1.9567681347150259
w=256,40,10,4,11,14,256,18,0,0,128.0,6176,73854.0,1459422.0,23415.0,3.7912888601036268
w=256,42,3,14,17,16,256,18,0,0,128.0,6176,75628542.0,231342049.0,7555.0,1.2232836787564767
w=256,44,11,4,11,12,256,18,0,0,128.0,6176,73854.0,992604.0,25680.0,4.158031088082901
w=256,45,3,15,22,12,256,18,0,0,128.0,6176,151257086.0,454131673.0,7552.0,1.2227979274611398
w=256,49,7,7,10,20,256,18,0,0,128.0,6176,590846.0,46078950.0,16621.0,2.691224093264249
w=256,49,7,7,14,14,256,18,0,0,128.0,6176,590846.0,5053407.0,16618.0,2.690738341968912
w=256,49,7,7,15,13,256,18,0,0,128.0,6176,590846.0,4627421.0,16617.0,2.6905764248704664
w=256,49,7,7,21,9,256,18,0,0,128.0,6176,590846.0,4178898.0,16612.0,2.689766839378238
w=256,50,2,25,23,12,256,18,0,0,128.0,6176,154887258110.0,309774893017.0,5286.0,0.8558937823834197
w=16,40,2,20,23,11,16,35,0,0,128.0,6192,599785470.0,1199759321.0,1162.0,0.18766149870801033
w=16,40,5,8,9,18,16,35,0,0,128.0,6192,146430.0,10169323.0,1778.0,0.28714470284237725
w=16,44,2,22,16,16,16,35,0,0,128.0,6192,2399141886.0,4802478053.0,1167.0,0.18846899224806202
w=16,44,2,22,17,15,16,35,0,0,128.0,6192,2399141886.0,4800511971.0,1166.0,0.1883074935400517
w=16,46,2,23,15,17,16,35,0,0,128.0,6192,4798283774.0,9604431847.0,1168.0,0.18863049095607234
w=16,46,2,23,18,14,16,35,0,0,128.0,6192,4798283774.0,9597747170.0,1166.0,0.1883074935400517
w=16,48,4,12,11,17,16,35,0,0,128.0,6192,2342910.0,15138794.0,1575.0,0.2543604651162791
w=16,48,4,12,18,10,16,35,0,0,128.0,6192,2342910.0,9445342.0,1570.0,0.2535529715762274
w=16,48,4,12,22,8,16,35,0,0,128.0,6192,2342910.0,9394135.0,1567.0,0.2530684754521964
w=16,50,2,25,14,18,16,35,0,0,128.0,6192,19193135102.0,38400950249.0,1169.0,0.1887919896640827
w=16,50,2,25,19,13,16,35,0,0,128.0,6192,19193135102.0,38386892768.0,1165.0,0.18814599483204134
w=32,40,4,10,13,17,32,28,0,0,128.0,6192,927742.0,10526694.0,2309.0,0.3729005167958656
w=32,40,4,10,18,12,32,28,0,0,128.0,6192,927742.0,4005854.0,2306.0,0.3724160206718346
w=32,42,2,21,16,17,32,28,0,0,128.0,6192,1900019710.0,3808428005.0,1535.0,0.24790051679586564
w=32,42,2,21,18,15,32,28,0,0,128.0,6192,1900019710.0,3802398690.0,1534.0,0.24773901808785528
w=32,42,2,21,24,11,32,28,0,0,128.0,6192,1900019710.0,3800235991.0,1529.0,0.24693152454780362
w=32,42,3,14,13,19,32,28,0,0,128.0,6192,14843902.0,71794664.0,1923.0,0.31056201550387597
w=32,42,3,14,20,12,32,28,0,0,128.0,6192,14843902.0,44859356.0,1918.0,0.3097545219638243
w=32,42,6,7,11,15,32,28,0,0,128.0,6192,115966.0,2137574.0,3083.0,0.4979005167958656
w=32,42,6,7,16,10,32,28,0,0,128.0,6192,115966.0,761309.0,3079.0,0.4972545219638243
w=32,44,2,22,22,12,32,28,0,0,128.0,6192,3800039422.0,7600439259.0,1531.0,0.2472545219638243
w=32,44,4,11,23,9,32,28,0,0,128.0,6192,1855486.0,7469013.0,2302.0,0.3717700258397933
w=32,48,6,8,10,16,32,28,0,0,128.0,6192,231934.0,4013032.0,3084.0,0.49806201550387597
w=32,48,6,8,17,9,32,28,0,0,128.0,6192,231934.0,1426395.0,3078.0,0.49709302325581395
w=32,50,2,25,14,19,32,28,0,0,128.0,6192,30400315390.0,60829990889.0,1537.0,0.2482235142118863
w=32,50,2,25,20,13,32,28,0,0,128.0,6192,30400315390.0,60801286110.0,1532.0,0.24741602067183463
w=32,50,5,10,14,13,32,28,0,0,128.0,6192,927742.0,5097443.0,2695.0,0.4352390180878553
w=256,40,5,8,16,15,256,18,0,0,128.0,6192,1181694.0,8005599.0,12088.0,1.9521963824289406
w=256,42,2,21,22,13,256,18,0,0,128.0,6192,9680453630.0,19361628123.0,5289.0,0.8541666666666666
w=256,44,2,22,17,17,256,18,0,0,128.0,6192,19360907262.0,38730727395.0,5292.0,0.8546511627906976
w=256,44,2,22,18,16,256,18,0,0,128.0,6192,19360907262.0,38726533090.0,5292.0,0.8546511627906976
w=256,44,4,11,15,17,256,18,0,0,128.0,6192,9453566.0,45678563.0,9824.0,1.5865633074935401
w=256,44,4,11,18,14,256,18,0,0,128.0,6192,9453566.0,38993886.0,9822.0,1.5862403100775193
w=256,44,11,4,8,17,256,18,0,0,128.0,6192,73854.0,5006689.0,25684.0,4.147932816537468
w=256,44,11,4,9,15,256,18,0,0,128.0,6192,73854.0,1992031.0,25683.0,4.1477713178294575
w=256,46,2,23,16,18,256,18,0,0,128.0,6192,38721814526.0,77460406245.0,5293.0,0.854812661498708
w=256,46,2,23,19,15,256,18,0,0,128.0,6192,38721814526.0,77446119392.0,5291.0,0.8544896640826873
w=256,48,4,12,14,18,256,18,0,0,128.0,6192,18907134.0,90308581.0,9825.0,1.5867248062015504
w=256,48,4,12,19,13,256,18,0,0,128.0,6192,18907134.0,76251100.0,9821.0,1.586078811369509
w=256,48,6,8,23,9,256,18,0,0,128.0,6192,1181694.0,7137233.0,14348.0,2.3171834625322996
w=256,50,2,25,15,19,256,18,0,0,128.0,6192,154887258110.0,309805973479.0,5294.0,0.8549741602067183
w=256,50,2,25,20,14,256,18,0,0,128.0,6192,154887258110.0,309775826910.0,5290.0,0.854328165374677
w=256,50,10,5,12,12,256,18,0,0,128.0,6192,147710.0,1673692.0,23416.0,3.7816537467700257
w=256,50,10,5,13,11,256,18,0,0,128.0,6192,147710.0,1583578.0,23415.0,3.7814922480620154
w=16,40,4,10,23,8,16,35,0,0,128.0,6208,585726.0,2366421.0,1568.0,0.25257731958762886
w=16,42,3,14,12,19,16,35,0,0,128.0,6208,9371646.0,53280746.0,1374.0,0.22132731958762886
w=16,42,3,14,15,15,16,35,0,0,128.0,6208,9371646.0,30080997.0,1372.0,0.22100515463917525
w=16,42,3,14,16,14,16,35,0,0,128.0,6208,9371646.0,29163491.0,1371.0,0.22084407216494845
w=16,42,3,14,20,11,16,35,0,0,128.0,6208,9371646.0,28278748.0,1368.0,0.22036082474226804
w=16,42,3,14,24,9,16,35,0,0,128.0,6208,9371646.0,28164053.0,1365.0,0.21987757731958762
w=16,44,2,22,13,20,16,35,0,0,128.0,6208,2399141886.0,4852809706.0,1171.0,0.18862757731958762
w=16,44,2,22,21,12,16,35,0,0,128.0,6208,2399141886.0,4798627804.0,1165.0,0.1876610824742268
w=16,48,3,16,13,17,16,35,0,0,128.0,6208,37486590.0,119275496.0,1373.0,0.22116623711340205
w=16,48,3,16,18,12,16,35,0,0,128.0,6208,37486590.0,112754656.0,1370.0,0.22068298969072164
w=16,50,5,10,9,17,16,35,0,0,128.0,6208,585726.0,7647211.0,1780.0,0.2867268041237113
w=16,50,5,10,18,8,16,35,0,0,128.0,6208,585726.0,2947036.0,1774.0,0.2857603092783505
w=32,40,5,8,23,8,32,28,0,0,128.0,6208,231934.0,1183187.0,2690.0,0.4333118556701031
w=32,42,2,21,17,16,32,28,0,0,128.0,6208,1900019710.0,3804495843.0,1536.0,0.24742268041237114
w=32,44,4,11,11,20,32,28,0,0,128.0,6208,1855486.0,53559274.0,2313.0,0.37258376288659795
w=32,44,4,11,21,10,32,28,0,0,128.0,6208,1855486.0,7507928.0,2305.0,0.3712951030927835
w=32,46,2,23,15,18,32,28,0,0,128.0,6208,7600078846.0,15215886311.0,1538.0,0.24774484536082475
w=32,46,2,23,19,14,32,28,0,0,128.0,6208,7600078846.0,15201402848.0,1535.0,0.24726159793814434
w=32,48,3,16,15,16,32,28,0,0,128.0,6208,59375614.0,182058981.0,1924.0,0.30992268041237114
w=32,48,3,16,17,14,32,28,0,0,128.0,6208,59375614.0,179240929.0,1922.0,0.30960051546391754
w=32,48,6,8,9,18,32,28,0,0,128.0,6208,231934.0,10828777.0,3086.0,0.49710051546391754
w=32,48,6,8,19,8,32,28,0,0,128.0,6208,231934.0,1411032.0,3079.0,0.4959729381443299
w=256,45,3,15,16,17,256,18,0,0,128.0,6208,151257086.0,462159843.0,7560.0,1.217783505154639
w=256,45,3,15,18,15,256,18,0,0,128.0,6208,151257086.0,456130528.0,7559.0,1.2176224226804124
w=256,45,3,15,24,11,256,18,0,0,128.0,6208,151257086.0,453967829.0,7554.0,1.2168170103092784
w=256,45,5,9,12,20,256,18,0,0,128.0,6208,2363390.0,62148582.0,12093.0,1.9479703608247423
w=256,45,5,9,14,17,256,18,0,0,128.0,6208,2363390.0,19156963.0,12092.0,1.9478092783505154
w=256,45,5,9,18,13,256,18,0,0,128.0,6208,2363390.0,12406748.0,12089.0,1.947326030927835
w=256,45,5,9,21,11,256,18,0,0,128.0,6208,2363390.0,11988950.0,12086.0,1.9468427835051547
w=256,45,9,5,9,19,256,18,0,0,128.0,6208,147710.0,20203747.0,21155.0,3.4076997422680413
w=256,45,9,5,10,17,256,18,0,0,128.0,6208,147710.0,6572258.0,21155.0,3.4076997422680413
w=256,45,9,5,12,14,256,18,0,0,128.0,6208,147710.0,2115806.0,21153.0,3.4073775773195876
w=256,45,9,5,15,11,256,18,0,0,128.0,6208,147710.0,1452249.0,21151.0,3.407055412371134
w=256,45,9,5,18,9,256,18,0,0,128.0,6208,147710.0,1366228.0,21149.0,3.4067332474226806
w=256,45,9,5,20,8,256,18,0,0,128.0,6208,147710.0,1349840.0,21147.0,3.406411082474227
w=256,48,3,16,15,18,256,18,0,0,128.0,6208,302514174.0,923271141.0,7561.0,1.217944587628866
w=256,48,3,16,19,14,256,18,0,0,128.0,6208,302514174.0,908787678.0,7558.0,1.2174613402061856
w=256,48,6,8,11,20,256,18,0,0,128.0,6208,1181694.0,53227494.0,14359.0,2.3129832474226806
w=256,48,6,8,21,10,256,18,0,0,128.0,6208,1181694.0,7176148.0,14351.0,2.311694587628866
w=256,48,8,6,13,14,256,18,0,0,128.0,6208,295422.0,3215326.0,18887.0,3.0423646907216493
w=256,48,8,6,15,12,256,18,0,0,128.0,6208,295422.0,2609115.0,18886.0,3.042203608247423
w=256,50,5,10,13,18,256,18,0,0,128.0,6208,4726782.0,37265380.0,12092.0,1.9478092783505154
w=256,50,5,10,19,12,256,18,0,0,128.0,6208,4726782.0,23945178.0,12088.0,1.9471649484536082
w=16,40,4,10,13,15,16,35,0,0,128.0,6224,585726.0,4046822.0,1577.0,0.25337403598971725
w=16,40,4,10,16,12,16,35,0,0,128.0,6224,585726.0,2605025.0,1575.0,0.25305269922879176
w=16,42,2,21,23,11,16,35,0,0,128.0,6224,1199570942.0,2399330265.0,1166.0,0.18733933161953728
w=16,44,4,11,12,16,16,35,0,0,128.0,6224,1171454.0,7831528.0,1578.0,0.25353470437017994
w=16,44,4,11,17,11,16,35,0,0,128.0,6224,1171454.0,4825055.0,1574.0,0.25289203084832906
w=16,45,3,15,14,16,16,35,0,0,128.0,6224,18743294.0,59899879.0,1375.0,0.22091902313624678
w=16,45,3,15,17,13,16,35,0,0,128.0,6224,18743294.0,56786913.0,1372.0,0.22043701799485863
w=16,45,5,9,8,20,16,35,0,0,128.0,6224,292862.0,35018733.0,1783.0,0.28647172236503854
w=16,45,5,9,12,13,16,35,0,0,128.0,6224,292862.0,1857510.0,1780.0,0.2859897172236504
w=16,45,5,9,14,11,16,35,0,0,128.0,6224,292862.0,1578979.0,1779.0,0.28582904884318766
w=16,46,2,23,16,16,16,35,0,0,128.0,6224,4798283774.0,9600761829.0,1171.0,0.1881426735218509
w=16,46,2,23,17,15,16,35,0,0,128.0,6224,4798283774.0,9598795747.0,1170.0,0.1879820051413882
w=16,48,2,24,15,17,16,35,0,0,128.0,6224,9596567550.0,19200999399.0,1172.0,0.18830334190231363
w=16,48,2,24,18,14,16,35,0,0,128.0,6224,9596567550.0,19194314722.0,1170.0,0.1879820051413882
w=16,48,4,12,10,19,16,35,0,0,128.0,6224,2342910.0,30343148.0,1580.0,0.2538560411311054
w=16,48,4,12,20,9,16,35,0,0,128.0,6224,2342910.0,9412570.0,1572.0,0.2525706940874036
w=32,40,5,8,13,15,32,28,0,0,128.0,6224,231934.0,2863588.0,2699.0,0.4336439588688946
w=32,40,5,8,16,12,32,28,0,0,128.0,6224,231934.0,1421791.0,2697.0,0.4333226221079691
w=32,42,7,6,10,14,32,28,0,0,128.0,6224,57982.0,1061222.0,3474.0,0.5581619537275064
w=32,44,2,22,16,17,32,28,0,0,128.0,6224,3800039422.0,7608467429.0,1539.0,0.24726863753213368
w=32,44,2,22,18,15,32,28,0,0,128.0,6224,3800039422.0,7602438114.0,1538.0,0.24710796915167096
w=32,44,2,22,24,11,32,28,0,0,128.0,6224,3800039422.0,7600275415.0,1533.0,0.24630462724935734
w=32,46,2,23,22,12,32,28,0,0,128.0,6224,7600078846.0,15200518107.0,1535.0,0.24662596401028278
w=32,48,3,16,16,15,32,28,0,0,128.0,6224,59375614.0,180223971.0,1925.0,0.3092866323907455
w=32,48,4,12,12,18,32,28,0,0,128.0,6224,3710974.0,27426792.0,2314.0,0.3717866323907455
w=32,48,4,12,19,11,32,28,0,0,128.0,6224,3710974.0,14999516.0,2309.0,0.37098329048843187
w=32,49,7,7,11,12,32,28,0,0,128.0,6224,115966.0,991972.0,3473.0,0.5580012853470437
w=32,49,7,7,13,10,32,28,0,0,128.0,6224,115966.0,864992.0,3471.0,0.5576799485861182
w=32,50,5,10,11,17,32,28,0,0,128.0,6224,927742.0,10405864.0,2701.0,0.43396529562982006
w=32,50,5,10,18,10,32,28,0,0,128.0,6224,927742.0,4712412.0,2696.0,0.43316195372750643
w=32,50,5,10,22,8,32,28,0,0,128.0,6224,927742.0,4661205.0,2693.0,0.43267994858611825
w=256,40,2,20,24,12,256,18,0,0,128.0,6224,4840226814.0,9680846807.0,5291.0,0.8500964010282777
w=256,40,4,10,23,11,256,18,0,0,128.0,6224,4726782.0,19095509.0,9822.0,1.5780848329048842
w=256,40,8,5,12,16,256,18,0,0,128.0,6224,147710.0,4327392.0,18890.0,3.035025706940874
w=256,40,8,5,17,11,256,18,0,0,128.0,6224,147710.0,1320919.0,18886.0,3.034383033419023
w=256,40,10,4,8,20,256,18,0,0,128.0,6224,73854.0,34292963.0,23423.0,3.763335475578406
w=256,40,10,4,12,13,256,18,0,0,128.0,6224,73854.0,1131740.0,23420.0,3.762853470437018
w=256,42,6,7,14,16,256,18,0,0,128.0,6224,590846.0,7215073.0,14359.0,2.307037275064267
w=256,42,6,7,17,13,256,18,0,0,128.0,6224,590846.0,4102107.0,14356.0,2.306555269922879
w=256,42,7,6,11,19,256,18,0,0,128.0,6224,295422.0,25136612.0,16626.0,2.6712724935732646
w=256,42,7,6,20,10,256,18,0,0,128.0,6224,295422.0,2149844.0,16619.0,2.6701478149100257
w=256,42,7,6,22,9,256,18,0,0,128.0,6224,295422.0,2112977.0,16618.0,2.669987146529563
w=256,44,2,22,22,13,256,18,0,0,128.0,6224,19360907262.0,38722535387.0,5293.0,0.850417737789203
w=256,44,4,11,16,16,256,18,0,0,128.0,6224,9453566.0,42008545.0,9827.0,1.578888174807198
w=256,44,4,11,17,15,256,18,0,0,128.0,6224,9453566.0,40042463.0,9826.0,1.5787275064267352
w=256,45,3,15,17,16,256,18,0,0,128.0,6224,151257086.0,458227681.0,7561.0,1.2148136246786632
w=256,45,5,9,23,10,256,18,0,0,128.0,6224,2363390.0,11911123.0,12087.0,1.9419987146529563
w=256,46,2,23,17,17,256,18,0,0,128.0,6224,38721814526.0,77452541923.0,5296.0,0.8508997429305912
w=256,46,2,23,18,16,256,18,0,0,128.0,6224,38721814526.0,77448347618.0,5296.0,0.8508997429305912
w=256,48,2,24,16,18,256,18,0,0,128.0,6224,77443629054.0,154904035301.0,5297.0,0.851060411311054
w=256,48,2,24,19,15,256,18,0,0,128.0,6224,77443629054.0,154889748448.0,5295.0,0.8507390745501285
w=256,48,3,16,22,12,256,18,0,0,128.0,6224,302514174.0,907902937.0,7558.0,1.214331619537275
w=256,48,8,6,14,13,256,18,0,0,128.0,6224,295422.0,2822109.0,18889.0,3.0348650385604112
w=16,40,4,10,11,18,16,35,0,0,128.0,6240,585726.0,13877226.0,1581.0,0.2533653846153846
w=16,40,4,10,19,10,16,35,0,0,128.0,6240,585726.0,2420700.0,1575.0,0.25240384615384615
w=16,42,3,14,22,10,16,35,0,0,128.0,6240,9371646.0,28205017.0,1371.0,0.21971153846153846
w=16,45,5,9,13,12,16,35,0,0,128.0,6240,292862.0,1677284.0,1781.0,0.28541666666666665
w=16,46,2,23,13,20,16,35,0,0,128.0,6240,4798283774.0,9651093482.0,1175.0,0.18830128205128205
w=16,46,2,23,21,12,16,35,0,0,128.0,6240,4798283774.0,9596911580.0,1169.0,0.1873397435897436
w=32,40,5,8,11,18,32,28,0,0,128.0,6240,231934.0,12693992.0,2703.0,0.43317307692307694
w=32,40,5,8,19,10,32,28,0,0,128.0,6240,231934.0,1237466.0,2697.0,0.4322115384615385
w=32,44,2,22,17,16,32,28,0,0,128.0,6240,3800039422.0,7604535267.0,1540.0,0.2467948717948718
w=32,45,3,15,13,19,32,28,0,0,128.0,6240,29687806.0,116326376.0,1929.0,0.3091346153846154
w=32,45,3,15,20,12,32,28,0,0,128.0,6240,29687806.0,89391068.0,1924.0,0.30833333333333335
w=32,45,5,9,12,16,32,28,0,0,128.0,6240,463870.0,5465062.0,2702.0,0.43301282051282053
w=32,45,5,9,17,11,32,28,0,0,128.0,6240,463870.0,2458589.0,2698.0,0.4323717948717949
w=32,48,2,24,15,18,32,28,0,0,128.0,6240,15200157694.0,30416044007.0,1542.0,0.24711538461538463
w=32,48,2,24,19,14,32,28,0,0,128.0,6240,15200157694.0,30401560544.0,1539.0,0.2466346153846154
w=32,49,7,7,8,17,32,28,0,0,128.0,6240,115966.0,5006057.0,3477.0,0.5572115384615385
w=32,49,7,7,9,15,32,28,0,0,128.0,6240,115966.0,1991399.0,3476.0,0.5570512820512821
w=32,49,7,7,12,11,32,28,0,0,128.0,6240,115966.0,910050.0,3474.0,0.5567307692307693
w=32,49,7,7,16,8,32,28,0,0,128.0,6240,115966.0,828123.0,3471.0,0.55625
w=256,40,10,4,13,12,256,18,0,0,128.0,6240,73854.0,951514.0,23421.0,3.7533653846153845
w=256,42,7,6,13,16,256,18,0,0,128.0,6240,295422.0,5475808.0,16626.0,2.664423076923077
w=256,42,7,6,17,12,256,18,0,0,128.0,6240,295422.0,2346457.0,16623.0,2.6639423076923077
w=256,44,4,11,13,20,256,18,0,0,128.0,6240,9453566.0,92340198.0,9831.0,1.5754807692307693
w=256,44,4,11,21,12,256,18,0,0,128.0,6240,9453566.0,38158296.0,9825.0,1.5745192307692308
w=256,44,11,4,7,20,256,18,0,0,128.0,6240,73854.0,30172515.0,25691.0,4.117147435897436
w=256,45,9,5,13,13,256,18,0,0,128.0,6240,147710.0,1755356.0,21156.0,3.3903846153846153
w=256,45,9,5,14,12,256,18,0,0,128.0,6240,147710.0,1558747.0,21156.0,3.3903846153846153
w=16,40,2,20,14,19,16,35,0,0,128.0,6256,599785470.0,1228931049.0,1177.0,0.18813938618925832
w=16,40,2,20,20,13,16,35,0,0,128.0,6256,599785470.0,1200226270.0,1172.0,0.18734015345268543
w=16,40,4,10,10,20,16,35,0,0,128.0,6256,585726.0,44285932.0,1584.0,0.2531969309462916
w=16,40,4,10,14,14,16,35,0,0,128.0,6256,585726.0,3260389.0,1581.0,0.25271739130434784
w=16,40,4,10,15,13,16,35,0,0,128.0,6256,585726.0,2834403.0,1580.0,0.25255754475703324
w=16,40,4,10,21,9,16,35,0,0,128.0,6256,585726.0,2385880.0,1575.0,0.25175831202046034
w=16,44,2,22,23,11,16,35,0,0,128.0,6256,2399141886.0,4798472153.0,1170.0,0.18702046035805628
w=16,45,3,15,12,19,16,35,0,0,128.0,6256,18743294.0,81395690.0,1380.0,0.22058823529411764
w=16,45,3,15,15,15,16,35,0,0,128.0,6256,18743294.0,58195941.0,1378.0,0.2202685421994885
w=16,45,3,15,16,14,16,35,0,0,128.0,6256,18743294.0,57278435.0,1377.0,0.22010869565217392
w=16,45,3,15,20,11,16,35,0,0,128.0,6256,18743294.0,56393692.0,1374.0,0.21962915601023017
w=16,45,3,15,24,9,16,35,0,0,128.0,6256,18743294.0,56278997.0,1371.0,0.21914961636828645
w=16,45,5,9,10,16,16,35,0,0,128.0,6256,292862.0,4085738.0,1786.0,0.28548593350383633
w=16,45,5,9,17,9,16,35,0,0,128.0,6256,292862.0,1499101.0,1780.0,0.28452685421994883
w=16,48,2,24,16,16,16,35,0,0,128.0,6256,9596567550.0,19197329381.0,1175.0,0.18781969309462915
w=16,48,2,24,17,15,16,35,0,0,128.0,6256,9596567550.0,19195363299.0,1174.0,0.18765984654731457
w=16,50,2,25,15,17,16,35,0,0,128.0,6256,19193135102.0,38394134503.0,1176.0,0.18797953964194372
w=16,50,2,25,18,14,16,35,0,0,128.0,6256,19193135102.0,38387449826.0,1174.0,0.18765984654731457
w=16,50,5,10,11,14,16,35,0,0,128.0,6256,585726.0,3649512.0,1785.0,0.28532608695652173
w=16,50,5,10,15,10,16,35,0,0,128.0,6256,585726.0,2990049.0,1782.0,0.284846547314578
w=32,40,2,20,14,20,32,28,0,0,128.0,6256,950009854.0,1958739945.0,1545.0,0.24696291560102301
w=32,40,2,20,21,13,32,28,0,0,128.0,6256,950009854.0,1900707804.0,1539.0,0.24600383631713554
w=32,40,4,10,14,16,32,28,0,0,128.0,6256,927742.0,7380965.0,2317.0,0.3703644501278772
w=32,40,4,10,17,13,32,28,0,0,128.0,6256,927742.0,4267999.0,2314.0,0.3698849104859335
w=32,40,5,8,10,20,32,28,0,0,128.0,6256,231934.0,43102698.0,2706.0,0.4325447570332481
w=32,40,5,8,14,14,32,28,0,0,128.0,6256,231934.0,2077155.0,2703.0,0.4320652173913043
w=32,40,5,8,15,13,32,28,0,0,128.0,6256,231934.0,1651169.0,2702.0,0.4319053708439898
w=32,40,5,8,21,9,32,28,0,0,128.0,6256,231934.0,1202646.0,2697.0,0.4311061381074169
w=32,42,3,14,22,11,32,28,0,0,128.0,6256,14843902.0,44711897.0,1925.0,0.3077046035805627
w=32,42,3,14,24,10,32,28,0,0,128.0,6256,14843902.0,44629973.0,1923.0,0.3073849104859335
w=32,42,6,7,9,19,32,28,0,0,128.0,6256,115966.0,19570153.0,3092.0,0.4942455242966752
w=32,42,6,7,10,17,32,28,0,0,128.0,6256,115966.0,5938664.0,3092.0,0.4942455242966752
w=32,42,6,7,12,14,32,28,0,0,128.0,6256,115966.0,1482212.0,3090.0,0.49392583120204603
w=32,42,6,7,15,11,32,28,0,0,128.0,6256,115966.0,818655.0,3088.0,0.4936061381074169
w=32,42,6,7,18,9,32,28,0,0,128.0,6256,115966.0,732634.0,3086.0,0.49328644501278773
w=32,42,6,7,20,8,32,28,0,0,128.0,6256,115966.0,716246.0,3084.0,0.4929667519181586
w=32,42,7,6,8,18,32,28,0,0,128.0,6256,57982.0,8794473.0,3479.0,0.5561061381074168
w=32,44,4,11,13,17,32,28,0,0,128.0,6256,1855486.0,14237670.0,2317.0,0.3703644501278772
w=32,44,4,11,18,12,32,28,0,0,128.0,6256,1855486.0,7716830.0,2314.0,0.3698849104859335
w=32,46,2,23,16,17,32,28,0,0,128.0,6256,7600078846.0,15208546277.0,1543.0,0.24664322250639387
w=32,46,2,23,18,15,32,28,0,0,128.0,6256,7600078846.0,15202516962.0,1542.0,0.2464833759590793
w=32,46,2,23,24,11,32,28,0,0,128.0,6256,7600078846.0,15200354263.0,1537.0,0.2456841432225064
w=32,48,2,24,22,12,32,28,0,0,128.0,6256,15200157694.0,30400675803.0,1539.0,0.24600383631713554
w=32,48,4,12,23,9,32,28,0,0,128.0,6256,3710974.0,14890965.0,2310.0,0.3692455242966752
w=32,50,5,10,10,19,32,28,0,0,128.0,6256,927742.0,25610218.0,2706.0,0.4325447570332481
w=32,50,5,10,20,9,32,28,0,0,128.0,6256,927742.0,4679640.0,2698.0,0.4312659846547315
w=256,40,5,8,13,19,256,18,0,0,128.0,6256,1181694.0,33171428.0,12098.0,1.9338235294117647
w=256,40,5,8,20,12,256,18,0,0,128.0,6256,1181694.0,6236120.0,12093.0,1.9330242966751918
w=256,40,10,4,10,16,256,18,0,0,128.0,6256,73854.0,3359968.0,23426.0,3.744565217391304
w=256,42,2,21,24,12,256,18,0,0,128.0,6256,9680453630.0,19361300439.0,5295.0,0.8463874680306905
w=256,42,3,14,14,20,256,18,0,0,128.0,6256,75628542.0,285605863.0,7568.0,1.2097186700767264
w=256,42,3,14,21,13,256,18,0,0,128.0,6256,75628542.0,227573722.0,7562.0,1.2087595907928388
w=256,42,6,7,12,19,256,18,0,0,128.0,6256,590846.0,28710884.0,14364.0,2.2960358056265986
w=256,42,6,7,15,15,256,18,0,0,128.0,6256,590846.0,5511135.0,14362.0,2.295716112531969
w=256,42,6,7,16,14,256,18,0,0,128.0,6256,590846.0,4593629.0,14361.0,2.2955562659846547
w=256,42,6,7,20,11,256,18,0,0,128.0,6256,590846.0,3708886.0,14358.0,2.295076726342711
w=256,42,6,7,24,9,256,18,0,0,128.0,6256,590846.0,3594191.0,14355.0,2.2945971867007673
w=256,45,5,9,15,16,256,18,0,0,128.0,6256,2363390.0,15749089.0,12097.0,1.9336636828644502
w=256,45,5,9,17,14,256,18,0,0,128.0,6256,2363390.0,12931037.0,12095.0,1.933343989769821
w=256,46,2,23,22,13,256,18,0,0,128.0,6256,38721814526.0,77444349915.0,5297.0,0.8467071611253197
w=256,48,2,24,17,17,256,18,0,0,128.0,6256,77443629054.0,154896170979.0,5300.0,0.8471867007672634
w=256,48,2,24,18,16,256,18,0,0,128.0,6256,77443629054.0,154891976674.0,5300.0,0.8471867007672634
w=256,48,3,16,16,17,256,18,0,0,128.0,6256,302514174.0,915931107.0,7566.0,1.2093989769820972
w=256,48,3,16,18,15,256,18,0,0,128.0,6256,302514174.0,909901792.0,7565.0,1.2092391304347827
w=256,48,3,16,24,11,256,18,0,0,128.0,6256,302514174.0,907739093.0,7560.0,1.2084398976982098
w=256,48,4,12,15,17,256,18,0,0,128.0,6256,18907134.0,83492835.0,9832.0,1.5716112531969308
w=256,48,4,12,18,14,256,18,0,0,128.0,6256,18907134.0,76808158.0,9830.0,1.5712915601023019
w=256,48,6,8,13,17,256,18,0,0,128.0,6256,1181694.0,13905890.0,14363.0,2.295875959079284
w=256,48,6,8,18,12,256,18,0,0,128.0,6256,1181694.0,7385050.0,14360.0,2.29539641943734
w=256,48,8,6,11,17,256,18,0,0,128.0,6256,295422.0,8130530.0,18895.0,3.0203005115089514
w=256,48,8,6,18,10,256,18,0,0,128.0,6256,295422.0,2437078.0,18890.0,3.0195012787723785
w=256,48,8,6,22,8,256,18,0,0,128.0,6256,295422.0,2385871.0,18887.0,3.0190217391304346
w=256,50,2,25,16,18,256,18,0,0,128.0,6256,154887258110.0,309791293413.0,5301.0,0.847346547314578
w=256,50,2,25,19,15,256,18,0,0,128.0,6256,154887258110.0,309777006560.0,5299.0,0.8470268542199488
w=256,50,10,5,8,19,256,18,0,0,128.0,6256,147710.0,18254307.0,23427.0,3.744725063938619
w=256,50,10,5,10,15,256,18,0,0,128.0,6256,147710.0,2787808.0,23426.0,3.744565217391304
w=256,50,10,5,16,9,256,18,0,0,128.0,6256,147710.0,1509845.0,23421.0,3.7437659846547313
w=16,40,5,8,11,15,16,35,0,0,128.0,6272,146430.0,2173928.0,1787.0,0.2849170918367347
w=16,44,4,11,23,8,16,35,0,0,128.0,6272,1171454.0,4709333.0,1576.0,0.2512755102040816
w=16,45,5,9,9,18,16,35,0,0,128.0,6272,292862.0,10901483.0,1788.0,0.2850765306122449
w=16,45,5,9,19,8,16,35,0,0,128.0,6272,292862.0,1483738.0,1781.0,0.28396045918367346
w=16,48,2,24,13,20,16,35,0,0,128.0,6272,9596567550.0,19247661034.0,1179.0,0.18797831632653061
w=16,48,2,24,21,12,16,35,0,0,128.0,6272,9596567550.0,19193479132.0,1173.0,0.18702168367346939
w=16,48,3,16,14,16,16,35,0,0,128.0,6272,37486590.0,116129767.0,1381.0,0.22018494897959184
w=16,48,3,16,17,13,16,35,0,0,128.0,6272,37486590.0,113016801.0,1378.0,0.21970663265306123
w=16,48,6,8,7,18,16,35,0,0,128.0,6272,146430.0,8218605.0,1992.0,0.31760204081632654
w=32,42,7,6,9,16,32,28,0,0,128.0,6272,57982.0,2765159.0,3480.0,0.5548469387755102
w=32,46,2,23,17,16,32,28,0,0,128.0,6272,7600078846.0,15204614115.0,1544.0,0.2461734693877551
w=32,48,4,12,11,20,32,28,0,0,128.0,6272,3710974.0,60981226.0,2321.0,0.3700573979591837
w=32,48,4,12,21,10,32,28,0,0,128.0,6272,3710974.0,14929880.0,2313.0,0.36878188775510207
w=32,50,2,25,15,18,32,28,0,0,128.0,6272,30400315390.0,60816359399.0,1546.0,0.2464923469387755
w=32,50,2,25,19,14,32,28,0,0,128.0,6272,30400315390.0,60801875936.0,1543.0,0.2460140306122449
w=256,40,2,20,15,20,256,18,0,0,128.0,6272,4840226814.0,9743368167.0,5304.0,0.8456632653061225
w=256,40,2,20,21,14,256,18,0,0,128.0,6272,4840226814.0,9681829852.0,5299.0,0.8448660714285714
w=256,40,8,5,23,8,256,18,0,0,128.0,6272,147710.0,1205197.0,18888.0,3.0114795918367347
w=256,40,10,4,9,18,256,18,0,0,128.0,6272,73854.0,10175713.0,23428.0,3.735331632653061
w=256,45,5,9,16,15,256,18,0,0,128.0,6272,2363390.0,13914079.0,12098.0,1.928890306122449
w=256,48,3,16,17,16,256,18,0,0,128.0,6272,302514174.0,911998945.0,7567.0,1.2064732142857142
w=256,49,7,7,12,17,256,18,0,0,128.0,6272,590846.0,10427362.0,16631.0,2.6516262755102042
w=256,49,7,7,18,11,256,18,0,0,128.0,6272,590846.0,4283352.0,16627.0,2.650988520408163
w=256,49,7,7,24,8,256,18,0,0,128.0,6272,590846.0,4160461.0,16622.0,2.6501913265306123
w=16,42,2,21,14,19,16,35,0,0,128.0,6288,1199570942.0,2428501993.0,1181.0,0.1878180661577608
w=16,42,2,21,20,13,16,35,0,0,128.0,6288,1199570942.0,2399797214.0,1176.0,0.18702290076335878
w=16,42,6,7,7,19,16,35,0,0,128.0,6288,73214.0,15119341.0,1994.0,0.31711195928753183
w=16,44,4,11,13,15,16,35,0,0,128.0,6288,1171454.0,6389734.0,1585.0,0.2520674300254453
w=16,44,4,11,16,12,16,35,0,0,128.0,6288,1171454.0,4947937.0,1583.0,0.2517493638676845
w=16,45,3,15,22,10,16,35,0,0,128.0,6288,18743294.0,56319961.0,1377.0,0.21898854961832062
w=16,46,2,23,23,11,16,35,0,0,128.0,6288,4798283774.0,9596755929.0,1174.0,0.18670483460559797
w=16,48,4,12,12,16,16,35,0,0,128.0,6288,2342910.0,12517352.0,1586.0,0.2522264631043257
w=16,48,4,12,17,11,16,35,0,0,128.0,6288,2342910.0,9510879.0,1582.0,0.25159033078880405
w=16,50,2,25,16,16,16,35,0,0,128.0,6288,19193135102.0,38390464485.0,1179.0,0.1875
w=16,50,2,25,17,15,16,35,0,0,128.0,6288,19193135102.0,38388498403.0,1178.0,0.1873409669211196
w=32,40,4,10,12,19,32,28,0,0,128.0,6288,927742.0,28876776.0,2322.0,0.36927480916030536
w=32,40,4,10,15,15,32,28,0,0,128.0,6288,927742.0,5677027.0,2320.0,0.36895674300254455
w=32,40,4,10,16,14,32,28,0,0,128.0,6288,927742.0,4759521.0,2319.0,0.3687977099236641
w=32,40,4,10,20,11,32,28,0,0,128.0,6288,927742.0,3874778.0,2316.0,0.3683206106870229
w=32,40,4,10,24,9,32,28,0,0,128.0,6288,927742.0,3760083.0,2313.0,0.3678435114503817
w=32,42,2,21,14,20,32,28,0,0,128.0,6288,1900019710.0,3858759657.0,1549.0,0.24634223918575063
w=32,42,2,21,21,13,32,28,0,0,128.0,6288,1900019710.0,3800727516.0,1543.0,0.2453880407124682
w=32,42,3,14,14,18,32,28,0,0,128.0,6288,14843902.0,59211751.0,1935.0,0.3077290076335878
w=32,42,3,14,19,13,32,28,0,0,128.0,6288,14843902.0,45154270.0,1931.0,0.30709287531806617
w=32,42,6,7,13,13,32,28,0,0,128.0,6288,115966.0,1121762.0,3093.0,0.49188931297709926
w=32,42,6,7,14,12,32,28,0,0,128.0,6288,115966.0,925153.0,3093.0,0.49188931297709926
w=32,42,7,6,11,13,32,28,0,0,128.0,6288,57982.0,766308.0,3481.0,0.5535941475826972
w=32,45,5,9,23,8,32,28,0,0,128.0,6288,463870.0,2342867.0,2700.0,0.42938931297709926
w=32,48,2,24,16,17,32,28,0,0,128.0,6288,15200157694.0,30408703973.0,1547.0,0.24602417302798982
w=32,48,2,24,18,15,32,28,0,0,128.0,6288,15200157694.0,30402674658.0,1546.0,0.2458651399491094
w=32,48,2,24,24,11,32,28,0,0,128.0,6288,15200157694.0,30400511959.0,1541.0,0.2450699745547074
w=32,48,3,16,13,19,32,28,0,0,128.0,6288,59375614.0,205389800.0,1935.0,0.3077290076335878
w=32,48,3,16,20,12,32,28,0,0,128.0,6288,59375614.0,178454492.0,1930.0,0.30693384223918574
w=32,48,6,8,11,15,32,28,0,0,128.0,6288,231934.0,2833382.0,3095.0,0.49220737913486007
w=32,48,6,8,16,10,32,28,0,0,128.0,6288,231934.0,1457117.0,3091.0,0.49157124681933845
w=32,49,7,7,7,20,32,28,0,0,128.0,6288,115966.0,30171883.0,3484.0,0.5540712468193384
w=32,50,2,25,22,12,32,28,0,0,128.0,6288,30400315390.0,60800991195.0,1543.0,0.2453880407124682
w=256,40,4,10,14,19,256,18,0,0,128.0,6288,4726782.0,48267237.0,9837.0,1.564408396946565
w=256,40,4,10,20,13,256,18,0,0,128.0,6288,4726782.0,19562458.0,9832.0,1.563613231552163
w=256,40,8,5,13,15,256,18,0,0,128.0,6288,147710.0,2885598.0,18897.0,3.0052480916030535
w=256,40,8,5,16,12,256,18,0,0,128.0,6288,147710.0,1443801.0,18895.0,3.0049300254452924
w=256,42,6,7,22,10,256,18,0,0,128.0,6288,590846.0,3635155.0,14361.0,2.2838740458015265
w=256,42,7,6,14,15,256,18,0,0,128.0,6288,295422.0,3902943.0,16632.0,2.645038167938931
w=256,42,7,6,16,13,256,18,0,0,128.0,6288,295422.0,2592219.0,16630.0,2.6447201017811706
w=256,44,2,22,24,12,256,18,0,0,128.0,6288,19360907262.0,38722207703.0,5299.0,0.8427162849872774
w=256,44,4,11,23,11,256,18,0,0,128.0,6288,9453566.0,38002645.0,9830.0,1.563295165394402
w=256,44,11,4,10,14,256,18,0,0,128.0,6288,73854.0,1467742.0,25695.0,4.086354961832061
w=256,48,2,24,22,13,256,18,0,0,128.0,6288,77443629054.0,154887978971.0,5301.0,0.8430343511450382
w=256,48,4,12,16,16,256,18,0,0,128.0,6288,18907134.0,79822817.0,9835.0,1.564090330788804
w=256,48,4,12,17,15,256,18,0,0,128.0,6288,18907134.0,77856735.0,9834.0,1.5639312977099236
w=256,48,8,6,10,19,256,18,0,0,128.0,6288,295422.0,23334884.0,18900.0,3.0057251908396947
w=256,48,8,6,20,9,256,18,0,0,128.0,6288,295422.0,2404306.0,18892.0,3.0044529262086512
w=256,50,2,25,17,17,256,18,0,0,128.0,6288,154887258110.0,309783429091.0,5304.0,0.8435114503816794
w=256,50,2,25,18,16,256,18,0,0,128.0,6288,154887258110.0,309779234786.0,5304.0,0.8435114503816794
w=256,50,5,10,12,20,256,18,0,0,128.0,6288,4726782.0,73965542.0,12103.0,1.9247773536895674
w=256,50,5,10,14,17,256,18,0,0,128.0,6288,4726782.0,30973923.0,12102.0,1.924618320610687
w=256,50,5,10,18,13,256,18,0,0,128.0,6288,4726782.0,24223708.0,12099.0,1.9241412213740459
w=256,50,5,10,21,11,256,18,0,0,128.0,6288,4726782.0,23805910.0,12096.0,1.9236641221374047
w=256,50,10,5,9,17,256,18,0,0,128.0,6288,147710.0,6195681.0,23430.0,3.726145038167939
w=256,50,10,5,18,8,256,18,0,0,128.0,6288,147710.0,1495506.0,23424.0,3.7251908396946565
w=16,44,4,11,11,18,16,35,0,0,128.0,6304,1171454.0,16220138.0,1589.0,0.25206218274111675
w=16,44,4,11,19,10,16,35,0,0,128.0,6304,1171454.0,4763612.0,1583.0,0.2511104060913706
w=16,48,3,16,12,19,16,35,0,0,128.0,6304,37486590.0,137625578.0,1386.0,0.21986040609137056
w=16,48,3,16,15,15,16,35,0,0,128.0,6304,37486590.0,114425829.0,1384.0,0.21954314720812182
w=16,48,3,16,16,14,16,35,0,0,128.0,6304,37486590.0,113508323.0,1383.0,0.21938451776649745
w=16,48,3,16,20,11,16,35,0,0,128.0,6304,37486590.0,112623580.0,1380.0,0.21890862944162437
w=16,48,3,16,24,9,16,35,0,0,128.0,6304,37486590.0,112508885.0,1377.0,0.21843274111675126
w=16,48,6,8,9,14,16,35,0,0,128.0,6304,146430.0,1468393.0,1994.0,0.31630710659898476
w=16,50,2,25,13,20,16,35,0,0,128.0,6304,19193135102.0,38440796138.0,1183.0,0.18765862944162437
w=16,50,2,25,21,12,16,35,0,0,128.0,6304,19193135102.0,38386614236.0,1177.0,0.18670685279187818
w=16,50,5,10,8,20,16,35,0,0,128.0,6304,585726.0,36483053.0,1793.0,0.28442258883248733
w=16,50,5,10,12,13,16,35,0,0,128.0,6304,585726.0,3321830.0,1790.0,0.2839467005076142
w=16,50,5,10,14,11,16,35,0,0,128.0,6304,585726.0,3043299.0,1789.0,0.28378807106598986
w=32,45,3,15,22,11,32,28,0,0,128.0,6304,29687806.0,89243609.0,1931.0,0.30631345177664976
w=32,45,3,15,24,10,32,28,0,0,128.0,6304,29687806.0,89161685.0,1929.0,0.305996192893401
w=32,45,5,9,13,15,32,28,0,0,128.0,6304,463870.0,4023268.0,2709.0,0.42972715736040606
w=32,45,5,9,16,12,32,28,0,0,128.0,6304,463870.0,2581471.0,2707.0,0.4294098984771574
w=32,48,2,24,17,16,32,28,0,0,128.0,6304,15200157694.0,30404771811.0,1548.0,0.24555837563451777
w=256,40,8,5,11,18,256,18,0,0,128.0,6304,147710.0,12716002.0,18901.0,2.998255076142132
w=256,40,8,5,19,10,256,18,0,0,128.0,6304,147710.0,1259476.0,18895.0,2.9973032994923856
w=256,42,2,21,15,20,256,18,0,0,128.0,6304,9680453630.0,19423821799.0,5308.0,0.8420050761421319
w=256,42,2,21,21,14,256,18,0,0,128.0,6304,9680453630.0,19362283484.0,5303.0,0.8412119289340102
w=256,42,7,6,15,14,256,18,0,0,128.0,6304,295422.0,3050973.0,16633.0,2.638483502538071
w=256,45,3,15,14,20,256,18,0,0,128.0,6304,151257086.0,512491495.0,7574.0,1.201459390862944
w=256,45,3,15,21,13,256,18,0,0,128.0,6304,151257086.0,454459354.0,7568.0,1.200507614213198
w=256,48,4,12,13,20,256,18,0,0,128.0,6304,18907134.0,130154470.0,9839.0,1.560755076142132
w=256,48,4,12,21,12,256,18,0,0,128.0,6304,18907134.0,75972568.0,9833.0,1.5598032994923858
w=256,50,5,10,23,10,256,18,0,0,128.0,6304,4726782.0,23728083.0,12097.0,1.9189403553299493
w=16,42,3,14,13,18,16,35,0,0,128.0,6320,9371646.0,41746408.0,1387.0,0.2194620253164557
w=16,42,3,14,19,12,16,35,0,0,128.0,6320,9371646.0,28426206.0,1383.0,0.21882911392405063
w=16,44,2,22,14,19,16,35,0,0,128.0,6320,2399141886.0,4827643881.0,1185.0,0.1875
w=16,44,2,22,20,13,16,35,0,0,128.0,6320,2399141886.0,4798939102.0,1180.0,0.18670886075949367
w=16,44,4,11,10,20,16,35,0,0,128.0,6320,1171454.0,46628844.0,1592.0,0.2518987341772152
w=16,44,4,11,14,14,16,35,0,0,128.0,6320,1171454.0,5603301.0,1589.0,0.2514240506329114
w=16,44,4,11,15,13,16,35,0,0,128.0,6320,1171454.0,5177315.0,1588.0,0.25126582278481013
w=16,44,4,11,21,9,16,35,0,0,128.0,6320,1171454.0,4728792.0,1583.0,0.2504746835443038
w=16,48,2,24,23,11,16,35,0,0,128.0,6320,9596567550.0,19193323481.0,1178.0,0.18639240506329113
w=16,48,6,8,8,16,16,35,0,0,128.0,6320,146430.0,2975723.0,1997.0,0.31598101265822787
w=16,50,5,10,13,12,16,35,0,0,128.0,6320,585726.0,3141604.0,1791.0,0.2833860759493671
w=32,40,4,10,22,10,32,28,0,0,128.0,6320,927742.0,3801047.0,2319.0,0.36693037974683546
w=32,42,7,6,12,12,32,28,0,0,128.0,6320,57982.0,602466.0,3484.0,0.5512658227848102
w=32,42,7,6,13,11,32,28,0,0,128.0,6320,57982.0,512352.0,3483.0,0.5511075949367089
w=32,44,2,22,14,20,32,28,0,0,128.0,6320,3800039422.0,7658799081.0,1553.0,0.24572784810126583
w=32,44,2,22,21,13,32,28,0,0,128.0,6320,3800039422.0,7600766940.0,1547.0,0.24477848101265823
w=32,44,4,11,14,16,32,28,0,0,128.0,6320,1855486.0,11091941.0,2325.0,0.36787974683544306
w=32,44,4,11,17,13,32,28,0,0,128.0,6320,1855486.0,7978975.0,2322.0,0.36740506329113926
w=32,45,5,9,11,18,32,28,0,0,128.0,6320,463870.0,13853672.0,2713.0,0.4292721518987342
w=32,45,5,9,19,10,32,28,0,0,128.0,6320,463870.0,2397146.0,2707.0,0.4283227848101266
w=32,48,4,12,13,17,32,28,0,0,128.0,6320,3710974.0,21659622.0,2325.0,0.36787974683544306
w=32,48,4,12,18,12,32,28,0,0,128.0,6320,3710974.0,15138782.0,2322.0,0.36740506329113926
w=32,50,2,25,16,17,32,28,0,0,128.0,6320,30400315390.0,60809019365.0,1551.0,0.2454113924050633
w=32,50,2,25,18,15,32,28,0,0,128.0,6320,30400315390.0,60802990050.0,1550.0,0.24525316455696203
w=32,50,2,25,24,11,32,28,0,0,128.0,6320,30400315390.0,60800827351.0,1545.0,0.2444620253164557
w=32,50,5,10,12,16,32,28,0,0,128.0,6320,927742.0,7784422.0,2712.0,0.4291139240506329
w=32,50,5,10,17,11,32,28,0,0,128.0,6320,927742.0,4777949.0,2708.0,0.42848101265822786
w=256,40,5,8,22,11,256,18,0,0,128.0,6320,1181694.0,6088661.0,12100.0,1.9145569620253164
w=256,40,5,8,24,10,256,18,0,0,128.0,6320,1181694.0,6006737.0,12098.0,1.914240506329114
w=256,40,8,5,10,20,256,18,0,0,128.0,6320,147710.0,43124708.0,18904.0,2.991139240506329
w=256,40,8,5,14,14,256,18,0,0,128.0,6320,147710.0,2099165.0,18901.0,2.990664556962025
w=256,40,8,5,15,13,256,18,0,0,128.0,6320,147710.0,1673179.0,18900.0,2.990506329113924
w=256,40,8,5,21,9,256,18,0,0,128.0,6320,147710.0,1224656.0,18895.0,2.9897151898734178
w=256,44,11,4,8,18,256,18,0,0,128.0,6320,73854.0,9200993.0,25700.0,4.0664556962025316
w=256,45,9,5,11,16,256,18,0,0,128.0,6320,147710.0,4212960.0,21168.0,3.349367088607595
w=256,45,9,5,17,10,256,18,0,0,128.0,6320,147710.0,1398997.0,21163.0,3.348575949367089
w=256,46,2,23,24,12,256,18,0,0,128.0,6320,38721814526.0,77444022231.0,5303.0,0.8390822784810127
w=256,48,6,8,14,16,256,18,0,0,128.0,6320,1181694.0,10760161.0,14371.0,2.273892405063291
w=256,48,6,8,17,13,256,18,0,0,128.0,6320,1181694.0,7647195.0,14368.0,2.2734177215189875
w=256,50,2,25,22,13,256,18,0,0,128.0,6320,154887258110.0,309775237083.0,5305.0,0.8393987341772152
w=16,40,2,20,15,18,16,35,0,0,128.0,6336,599785470.0,1215299559.0,1186.0,0.18718434343434343
w=16,40,2,20,19,14,16,35,0,0,128.0,6336,599785470.0,1200816096.0,1183.0,0.1867108585858586
w=16,40,5,8,9,19,16,35,0,0,128.0,6336,146430.0,19606507.0,1796.0,0.28345959595959597
w=16,40,5,8,10,17,16,35,0,0,128.0,6336,146430.0,5975018.0,1796.0,0.28345959595959597
w=16,40,5,8,12,14,16,35,0,0,128.0,6336,146430.0,1518566.0,1794.0,0.2831439393939394
w=16,40,5,8,15,11,16,35,0,0,128.0,6336,146430.0,855009.0,1792.0,0.2828282828282828
w=16,48,3,16,22,10,16,35,0,0,128.0,6336,37486590.0,112549849.0,1383.0,0.21827651515151514
w=16,48,4,12,23,8,16,35,0,0,128.0,6336,2342910.0,9395157.0,1584.0,0.25
w=16,50,5,10,10,16,16,35,0,0,128.0,6336,585726.0,5550058.0,1796.0,0.28345959595959597
w=16,50,5,10,17,9,16,35,0,0,128.0,6336,585726.0,2963421.0,1790.0,0.28251262626262624
w=32,40,2,20,23,12,32,28,0,0,128.0,6336,950009854.0,1900396505.0,1548.0,0.24431818181818182
w=32,45,3,15,14,18,32,28,0,0,128.0,6336,29687806.0,103743463.0,1941.0,0.30634469696969696
w=32,45,3,15,19,13,32,28,0,0,128.0,6336,29687806.0,89685982.0,1937.0,0.3057133838383838
w=32,45,5,9,10,20,32,28,0,0,128.0,6336,463870.0,44262378.0,2716.0,0.4286616161616162
w=32,45,5,9,14,14,32,28,0,0,128.0,6336,463870.0,3236835.0,2713.0,0.4281881313131313
w=32,45,5,9,15,13,32,28,0,0,128.0,6336,463870.0,2810849.0,2712.0,0.42803030303030304
w=32,45,5,9,21,9,32,28,0,0,128.0,6336,463870.0,2362326.0,2707.0,0.4272411616161616
w=32,49,7,7,10,14,32,28,0,0,128.0,6336,115966.0,1467110.0,3488.0,0.5505050505050505
w=32,49,7,7,15,9,32,28,0,0,128.0,6336,115966.0,842461.0,3484.0,0.5498737373737373
w=32,50,2,25,17,16,32,28,0,0,128.0,6336,30400315390.0,60805087203.0,1552.0,0.24494949494949494
w=256,42,3,14,23,12,256,18,0,0,128.0,6336,75628542.0,227262423.0,7571.0,1.1949179292929293
w=256,44,2,22,15,20,256,18,0,0,128.0,6336,19360907262.0,38784729063.0,5312.0,0.8383838383838383
w=256,44,2,22,21,14,256,18,0,0,128.0,6336,19360907262.0,38723190748.0,5307.0,0.837594696969697
w=256,44,11,4,9,16,256,18,0,0,128.0,6336,73854.0,3171679.0,25701.0,4.056344696969697
w=256,45,5,9,13,19,256,18,0,0,128.0,6336,2363390.0,39079908.0,12108.0,1.9109848484848484
w=256,45,5,9,20,12,256,18,0,0,128.0,6336,2363390.0,12144600.0,12103.0,1.910195707070707
w=256,49,7,7,11,19,256,18,0,0,128.0,6336,590846.0,27204580.0,16640.0,2.6262626262626263
w=256,49,7,7,20,10,256,18,0,0,128.0,6336,590846.0,4217812.0,16633.0,2.6251578282828283
w=256,49,7,7,22,9,256,18,0,0,128.0,6336,590846.0,4180945.0,16632.0,2.625
w=256,50,5,10,15,16,256,18,0,0,128.0,6336,4726782.0,27566049.0,12107.0,1.91082702020202
w=256,50,5,10,17,14,256,18,0,0,128.0,6336,4726782.0,24747997.0,12105.0,1.9105113636363635
w=256,50,10,5,11,14,256,18,0,0,128.0,6336,147710.0,2197982.0,23435.0,3.698705808080808
w=256,50,10,5,15,10,256,18,0,0,128.0,6336,147710.0,1538519.0,23432.0,3.698232323232323
w=16,40,2,20,22,12,16,35,0,0,128.0,6352,599785470.0,1199931355.0,1183.0,0.18624055415617127
w=16,40,4,10,12,17,16,35,0,0,128.0,6352,585726.0,8634344.0,1594.0,0.25094458438287154
w=16,40,4,10,18,11,16,35,0,0,128.0,6352,585726.0,2490334.0,1590.0,0.25031486146095716
w=16,40,4,10,24,8,16,35,0,0,128.0,6352,585726.0,2367443.0,1585.0,0.24952770780856423
w=16,42,6,7,8,17,16,35,0,0,128.0,6352,73214.0,4633579.0,2001.0,0.31501889168765745
w=16,42,6,7,9,15,16,35,0,0,128.0,6352,73214.0,1618921.0,2000.0,0.3148614609571788
w=16,45,5,9,11,15,16,35,0,0,128.0,6352,292862.0,2906088.0,1797.0,0.2829030226700252
w=16,45,5,9,16,10,16,35,0,0,128.0,6352,292862.0,1529823.0,1793.0,0.28227329974811083
w=16,46,2,23,14,19,16,35,0,0,128.0,6352,4798283774.0,9625927657.0,1189.0,0.1871851385390428
w=16,46,2,23,20,13,16,35,0,0,128.0,6352,4798283774.0,9597222878.0,1184.0,0.18639798488664988
w=16,48,4,12,13,15,16,35,0,0,128.0,6352,2342910.0,11075558.0,1593.0,0.25078715365239296
w=16,48,4,12,16,12,16,35,0,0,128.0,6352,2342910.0,9633761.0,1591.0,0.25047229219143574
w=16,50,2,25,23,11,16,35,0,0,128.0,6352,19193135102.0,38386458585.0,1182.0,0.1860831234256927
w=16,50,5,10,9,18,16,35,0,0,128.0,6352,585726.0,12365803.0,1798.0,0.2830604534005038
w=16,50,5,10,19,8,16,35,0,0,128.0,6352,585726.0,2948058.0,1791.0,0.28195843828715367
w=32,40,2,20,15,19,32,28,0,0,128.0,6352,950009854.0,1931476967.0,1556.0,0.24496221662468515
w=32,40,2,20,20,14,32,28,0,0,128.0,6352,950009854.0,1901330398.0,1552.0,0.24433249370277077
w=32,40,5,8,12,17,32,28,0,0,128.0,6352,231934.0,7451110.0,2716.0,0.4275818639798489
w=32,40,5,8,18,11,32,28,0,0,128.0,6352,231934.0,1307100.0,2712.0,0.4269521410579345
w=32,40,5,8,24,8,32,28,0,0,128.0,6352,231934.0,1184209.0,2707.0,0.42616498740554154
w=32,42,3,14,15,17,32,28,0,0,128.0,6352,14843902.0,52396005.0,1942.0,0.30573047858942065
w=32,42,3,14,18,14,32,28,0,0,128.0,6352,14843902.0,45711328.0,1940.0,0.3054156171284635
w=32,44,4,11,12,19,32,28,0,0,128.0,6352,1855486.0,32587752.0,2330.0,0.36681360201511337
w=32,44,4,11,15,15,32,28,0,0,128.0,6352,1855486.0,9388003.0,2328.0,0.36649874055415615
w=32,44,4,11,16,14,32,28,0,0,128.0,6352,1855486.0,8470497.0,2327.0,0.3663413098236776
w=32,44,4,11,20,11,32,28,0,0,128.0,6352,1855486.0,7585754.0,2324.0,0.36586901763224183
w=32,44,4,11,24,9,32,28,0,0,128.0,6352,1855486.0,7471059.0,2321.0,0.36539672544080604
w=32,46,2,23,14,20,32,28,0,0,128.0,6352,7600078846.0,15258877929.0,1557.0,0.24511964735516373
w=32,46,2,23,21,13,32,28,0,0,128.0,6352,7600078846.0,15200845788.0,1551.0,0.2441750629722922
w=32,48,3,16,22,11,32,28,0,0,128.0,6352,59375614.0,178307033.0,1937.0,0.3049433249370277
w=32,48,3,16,24,10,32,28,0,0,128.0,6352,59375614.0,178225109.0,1935.0,0.30462846347607053
w=32,48,6,8,9,19,32,28,0,0,128.0,6352,231934.0,20265961.0,3104.0,0.48866498740554154
w=32,48,6,8,10,17,32,28,0,0,128.0,6352,231934.0,6634472.0,3104.0,0.48866498740554154
w=32,48,6,8,12,14,32,28,0,0,128.0,6352,231934.0,2178020.0,3102.0,0.4883501259445844
w=32,48,6,8,15,11,32,28,0,0,128.0,6352,231934.0,1514463.0,3100.0,0.4880352644836272
w=32,48,6,8,18,9,32,28,0,0,128.0,6352,231934.0,1428442.0,3098.0,0.48772040302267
w=32,48,6,8,20,8,32,28,0,0,128.0,6352,231934.0,1412054.0,3096.0,0.48740554156171284
w=256,40,2,20,16,19,256,18,0,0,128.0,6352,4840226814.0,9714008037.0,5313.0,0.8364294710327456
w=256,40,2,20,20,15,256,18,0,0,128.0,6352,4840226814.0,9683075038.0,5310.0,0.8359571788413098
w=256,40,5,8,14,18,256,18,0,0,128.0,6352,1181694.0,20588515.0,12110.0,1.9064861460957179
w=256,40,5,8,19,13,256,18,0,0,128.0,6352,1181694.0,6531034.0,12106.0,1.9058564231738035
w=256,40,10,4,11,15,256,18,0,0,128.0,6352,73854.0,2180318.0,23437.0,3.6897040302267
w=256,42,3,14,15,19,256,18,0,0,128.0,6352,75628542.0,258342885.0,7579.0,1.1931675062972291
w=256,42,3,14,20,14,256,18,0,0,128.0,6352,75628542.0,228196316.0,7575.0,1.1925377833753148
w=256,42,7,6,12,18,256,18,0,0,128.0,6352,295422.0,14650850.0,16641.0,2.6198047858942064
w=256,42,7,6,19,11,256,18,0,0,128.0,6352,295422.0,2223574.0,16636.0,2.6190176322418135
w=256,44,4,11,14,19,256,18,0,0,128.0,6352,9453566.0,67174373.0,9845.0,1.549905541561713
w=256,44,4,11,20,13,256,18,0,0,128.0,6352,9453566.0,38469594.0,9840.0,1.54911838790932
w=256,44,11,4,11,13,256,18,0,0,128.0,6352,73854.0,1172828.0,25702.0,4.046284634760705
w=256,44,11,4,14,10,256,18,0,0,128.0,6352,73854.0,869719.0,25700.0,4.045969773299748
w=256,45,9,5,9,20,256,18,0,0,128.0,6352,147710.0,39078115.0,21173.0,3.333280856423174
w=256,45,9,5,21,8,256,18,0,0,128.0,6352,147710.0,1350862.0,21164.0,3.3318639798488663
w=256,48,2,24,24,12,256,18,0,0,128.0,6352,77443629054.0,154887651287.0,5307.0,0.8354848866498741
w=256,48,3,16,14,20,256,18,0,0,128.0,6352,302514174.0,966262759.0,7580.0,1.1933249370277077
w=256,48,3,16,21,13,256,18,0,0,128.0,6352,302514174.0,908230618.0,7574.0,1.1923803526448362
w=256,48,4,12,23,11,256,18,0,0,128.0,6352,18907134.0,75816917.0,9838.0,1.5488035264483626
w=256,48,6,8,12,19,256,18,0,0,128.0,6352,1181694.0,32255972.0,14376.0,2.2632241813602016
w=256,48,6,8,15,15,256,18,0,0,128.0,6352,1181694.0,9056223.0,14374.0,2.2629093198992445
w=256,48,6,8,16,14,256,18,0,0,128.0,6352,1181694.0,8138717.0,14373.0,2.262751889168766
w=256,48,6,8,20,11,256,18,0,0,128.0,6352,1181694.0,7253974.0,14370.0,2.26227959697733
w=256,48,6,8,24,9,256,18,0,0,128.0,6352,1181694.0,7139279.0,14367.0,2.2618073047858944
w=256,48,8,6,12,16,256,18,0,0,128.0,6352,295422.0,5509088.0,18906.0,2.9763853904282116
w=256,48,8,6,17,11,256,18,0,0,128.0,6352,295422.0,2502615.0,18902.0,2.9757556675062973
w=256,49,7,7,13,16,256,18,0,0,128.0,6352,590846.0,7543776.0,16640.0,2.619647355163728
w=256,49,7,7,17,12,256,18,0,0,128.0,6352,590846.0,4414425.0,16637.0,2.619175062972292
w=256,50,5,10,16,15,256,18,0,0,128.0,6352,4726782.0,25731039.0,12108.0,1.9061712846347607
w=16,40,5,8,13,13,16,35,0,0,128.0,6368,146430.0,1158116.0,1797.0,0.28219221105527637
w=16,40,5,8,14,12,16,35,0,0,128.0,6368,146430.0,961507.0,1797.0,0.28219221105527637
w=16,42,2,21,15,18,16,35,0,0,128.0,6368,1199570942.0,2414870503.0,1190.0,0.18687185929648242
w=16,42,2,21,19,14,16,35,0,0,128.0,6368,1199570942.0,2400387040.0,1187.0,0.1864007537688442
w=16,45,3,15,13,18,16,35,0,0,128.0,6368,18743294.0,69861352.0,1393.0,0.21875
w=16,45,3,15,19,12,16,35,0,0,128.0,6368,18743294.0,56541150.0,1389.0,0.21812185929648242
w=16,48,4,12,11,18,16,35,0,0,128.0,6368,2342910.0,20905962.0,1597.0,0.25078517587939697
w=16,48,4,12,19,10,16,35,0,0,128.0,6368,2342910.0,9449436.0,1591.0,0.2498429648241206
w=32,42,2,21,23,12,32,28,0,0,128.0,6368,1900019710.0,3800416217.0,1552.0,0.24371859296482412
w=32,42,6,7,11,16,32,28,0,0,128.0,6368,115966.0,3579366.0,3105.0,0.48759422110552764
w=32,42,6,7,17,10,32,28,0,0,128.0,6368,115966.0,765403.0,3100.0,0.48680904522613067
w=32,49,7,7,8,18,32,28,0,0,128.0,6368,115966.0,9200361.0,3493.0,0.5485238693467337
w=32,50,5,10,23,8,32,28,0,0,128.0,6368,927742.0,4662227.0,2710.0,0.4255653266331658
w=256,40,4,10,15,18,256,18,0,0,128.0,6368,4726782.0,34635747.0,9846.0,1.5461683417085428
w=256,40,4,10,19,14,256,18,0,0,128.0,6368,4726782.0,20152284.0,9843.0,1.5456972361809045
w=256,42,6,7,13,18,256,18,0,0,128.0,6368,590846.0,17176546.0,14377.0,2.2576947236180906
w=256,42,6,7,19,12,256,18,0,0,128.0,6368,590846.0,3856344.0,14373.0,2.257066582914573
w=256,45,9,5,10,18,256,18,0,0,128.0,6368,147710.0,11815138.0,21175.0,3.3252198492462313
w=256,45,9,5,19,9,256,18,0,0,128.0,6368,147710.0,1368274.0,21168.0,3.3241206030150754
w=256,46,2,23,15,20,256,18,0,0,128.0,6368,38721814526.0,77506543591.0,5316.0,0.8347989949748744
w=256,46,2,23,21,14,256,18,0,0,128.0,6368,38721814526.0,77445005276.0,5311.0,0.8340138190954773
w=256,48,12,4,7,18,256,18,0,0,128.0,6368,73854.0,8226273.0,27972.0,4.392587939698492
w=16,40,2,20,16,17,16,35,0,0,128.0,6384,599785470.0,1207959525.0,1191.0,0.18656015037593984
w=16,40,2,20,18,15,16,35,0,0,128.0,6384,599785470.0,1201930210.0,1190.0,0.18640350877192982
w=16,40,2,20,24,11,16,35,0,0,128.0,6384,599785470.0,1199767511.0,1185.0,0.18562030075187969
w=16,42,2,21,22,12,16,35,0,0,128.0,6384,1199570942.0,2399502299.0,1187.0,0.18593358395989976
w=16,48,2,24,14,19,16,35,0,0,128.0,6384,9596567550.0,19222495209.0,1193.0,0.18687343358395989
w=16,48,2,24,20,13,16,35,0,0,128.0,6384,9596567550.0,19193790430.0,1188.0,0.18609022556390978
w=16,48,4,12,10,20,16,35,0,0,128.0,6384,2342910.0,51314668.0,1600.0,0.2506265664160401
w=16,48,4,12,14,14,16,35,0,0,128.0,6384,2342910.0,10289125.0,1597.0,0.25015664160401
w=16,48,4,12,15,13,16,35,0,0,128.0,6384,2342910.0,9863139.0,1596.0,0.25
w=16,48,4,12,21,9,16,35,0,0,128.0,6384,2342910.0,9414616.0,1591.0,0.24921679197994986
w=16,48,6,8,7,19,16,35,0,0,128.0,6384,146430.0,15558637.0,2006.0,0.3142230576441103
w=16,48,6,8,10,13,16,35,0,0,128.0,6384,146430.0,1206248.0,2004.0,0.31390977443609025
w=16,48,6,8,14,9,16,35,0,0,128.0,6384,146430.0,907233.0,2001.0,0.31343984962406013
w=32,42,2,21,15,19,32,28,0,0,128.0,6384,1900019710.0,3831496679.0,1560.0,0.24436090225563908
w=32,42,2,21,20,14,32,28,0,0,128.0,6384,1900019710.0,3801350110.0,1556.0,0.243734335839599
w=32,42,3,14,16,16,32,28,0,0,128.0,6384,14843902.0,48725987.0,1945.0,0.30466791979949875
w=32,42,3,14,17,15,32,28,0,0,128.0,6384,14843902.0,46759905.0,1944.0,0.30451127819548873
w=32,42,7,6,8,19,32,28,0,0,128.0,6384,57982.0,17183081.0,3495.0,0.5474624060150376
w=32,42,7,6,10,15,32,28,0,0,128.0,6384,57982.0,1716582.0,3494.0,0.5473057644110275
w=32,44,4,11,22,10,32,28,0,0,128.0,6384,1855486.0,7512023.0,2327.0,0.36450501253132833
w=32,48,2,24,14,20,32,28,0,0,128.0,6384,15200157694.0,30459035625.0,1561.0,0.24451754385964913
w=32,48,2,24,21,13,32,28,0,0,128.0,6384,15200157694.0,30401003484.0,1555.0,0.24357769423558898
w=32,48,3,16,14,18,32,28,0,0,128.0,6384,59375614.0,192806887.0,1947.0,0.3049812030075188
w=32,48,3,16,19,13,32,28,0,0,128.0,6384,59375614.0,178749406.0,1943.0,0.3043546365914787
w=32,48,4,12,14,16,32,28,0,0,128.0,6384,3710974.0,18513893.0,2333.0,0.36544486215538846
w=32,48,4,12,17,13,32,28,0,0,128.0,6384,3710974.0,15400927.0,2330.0,0.3649749373433584
w=32,48,6,8,13,13,32,28,0,0,128.0,6384,231934.0,1817570.0,3105.0,0.48637218045112784
w=32,48,6,8,14,12,32,28,0,0,128.0,6384,231934.0,1620961.0,3105.0,0.48637218045112784
w=32,49,7,7,9,16,32,28,0,0,128.0,6384,115966.0,3171047.0,3494.0,0.5473057644110275
w=32,49,7,7,17,8,32,28,0,0,128.0,6384,115966.0,829145.0,3488.0,0.5463659147869674
w=32,50,5,10,13,15,32,28,0,0,128.0,6384,927742.0,6342628.0,2719.0,0.4259085213032581
w=32,50,5,10,16,12,32,28,0,0,128.0,6384,927742.0,4900831.0,2717.0,0.4255952380952381
w=256,40,2,20,23,13,256,18,0,0,128.0,6384,4840226814.0,9681207257.0,5312.0,0.8320802005012531
w=256,40,4,10,22,12,256,18,0,0,128.0,6384,4726782.0,19267543.0,9843.0,1.5418233082706767
w=256,42,2,21,16,19,256,18,0,0,128.0,6384,9680453630.0,19394461669.0,5317.0,0.8328634085213033
w=256,42,2,21,20,15,256,18,0,0,128.0,6384,9680453630.0,19363528670.0,5314.0,0.8323934837092731
w=256,42,7,6,23,9,256,18,0,0,128.0,6384,295422.0,2115023.0,16637.0,2.606046365914787
w=256,44,11,4,12,12,256,18,0,0,128.0,6384,73854.0,1008986.0,25705.0,4.0264724310776945
w=256,44,11,4,13,11,256,18,0,0,128.0,6384,73854.0,918872.0,25704.0,4.026315789473684
w=256,45,3,15,23,12,256,18,0,0,128.0,6384,151257086.0,454148055.0,7577.0,1.18687343358396
w=256,48,6,8,22,10,256,18,0,0,128.0,6384,1181694.0,7180243.0,14373.0,2.25140977443609
w=256,50,2,25,24,12,256,18,0,0,128.0,6384,154887258110.0,309774909399.0,5311.0,0.8319235588972431
w=256,50,10,5,8,20,256,18,0,0,128.0,6384,147710.0,35031523.0,23443.0,3.6721491228070176
w=256,50,10,5,12,13,256,18,0,0,128.0,6384,147710.0,1870300.0,23440.0,3.6716791979949877
w=256,50,10,5,14,11,256,18,0,0,128.0,6384,147710.0,1591769.0,23439.0,3.6715225563909772
w=16,40,2,20,17,16,16,35,0,0,128.0,6400,599785470.0,1204027363.0,1192.0,0.18625
w=16,42,3,14,12,20,16,35,0,0,128.0,6400,9371646.0,78446570.0,1398.0,0.2184375
w=16,42,3,14,14,17,16,35,0,0,128.0,6400,9371646.0,35454951.0,1397.0,0.21828125
w=16,42,3,14,18,13,16,35,0,0,128.0,6400,9371646.0,28704736.0,1394.0,0.2178125
w=16,42,3,14,21,11,16,35,0,0,128.0,6400,9371646.0,28286938.0,1391.0,0.21734375
w=16,42,6,7,7,20,16,35,0,0,128.0,6400,73214.0,29799405.0,2008.0,0.31375
w=16,44,2,22,15,18,16,35,0,0,128.0,6400,2399141886.0,4814012391.0,1194.0,0.1865625
w=16,44,2,22,19,14,16,35,0,0,128.0,6400,2399141886.0,4799528928.0,1191.0,0.18609375
w=32,40,4,10,13,18,32,28,0,0,128.0,6400,927742.0,17342438.0,2335.0,0.36484375
w=32,40,4,10,19,12,32,28,0,0,128.0,6400,927742.0,4022236.0,2331.0,0.36421875
w=32,42,3,14,13,20,32,28,0,0,128.0,6400,14843902.0,99057640.0,1949.0,0.30453125
w=32,42,3,14,21,12,32,28,0,0,128.0,6400,14843902.0,44875738.0,1943.0,0.30359375
w=32,42,6,7,9,20,32,28,0,0,128.0,6400,115966.0,38444521.0,3110.0,0.4859375
w=32,42,6,7,21,8,32,28,0,0,128.0,6400,115966.0,717268.0,3101.0,0.48453125
w=32,44,2,22,23,12,32,28,0,0,128.0,6400,3800039422.0,7600455641.0,1556.0,0.243125
w=32,45,3,15,15,17,32,28,0,0,128.0,6400,29687806.0,96927717.0,1948.0,0.304375
w=32,45,3,15,18,14,32,28,0,0,128.0,6400,29687806.0,90243040.0,1946.0,0.3040625
w=32,49,7,7,11,13,32,28,0,0,128.0,6400,115966.0,1172196.0,3495.0,0.54609375
w=32,49,7,7,14,10,32,28,0,0,128.0,6400,115966.0,869087.0,3493.0,0.54578125
w=32,50,5,10,11,18,32,28,0,0,128.0,6400,927742.0,16173032.0,2723.0,0.42546875
w=32,50,5,10,19,10,32,28,0,0,128.0,6400,927742.0,4716506.0,2717.0,0.42453125
w=256,40,2,20,17,18,256,18,0,0,128.0,6400,4840226814.0,9698279395.0,5318.0,0.8309375
w=256,40,2,20,19,16,256,18,0,0,128.0,6400,4840226814.0,9685434336.0,5317.0,0.83078125
w=256,42,7,6,11,20,256,18,0,0,128.0,6400,295422.0,48205284.0,16648.0,2.60125
w=256,42,7,6,21,10,256,18,0,0,128.0,6400,295422.0,2153938.0,16640.0,2.6
w=256,45,3,15,15,19,256,18,0,0,128.0,6400,151257086.0,485228517.0,7585.0,1.18515625
w=256,45,3,15,20,14,256,18,0,0,128.0,6400,151257086.0,455081948.0,7581.0,1.18453125
w=256,45,5,9,22,11,256,18,0,0,128.0,6400,2363390.0,11997141.0,12110.0,1.8921875
w=256,45,5,9,24,10,256,18,0,0,128.0,6400,2363390.0,11915217.0,12108.0,1.891875
w=256,45,9,5,12,15,256,18,0,0,128.0,6400,147710.0,2902238.0,21177.0,3.30890625
w=256,45,9,5,16,11,256,18,0,0,128.0,6400,147710.0,1460439.0,21174.0,3.3084375
w=256,48,2,24,15,20,256,18,0,0,128.0,6400,77443629054.0,154950172647.0,5320.0,0.83125
w=256,48,2,24,21,14,256,18,0,0,128.0,6400,77443629054.0,154888634332.0,5315.0,0.83046875
w=256,48,8,6,23,8,256,18,0,0,128.0,6400,295422.0,2386893.0,18904.0,2.95375
w=256,48,12,4,9,14,256,18,0,0,128.0,6400,73854.0,1476061.0,27974.0,4.3709375
w=256,49,7,7,14,15,256,18,0,0,128.0,6400,590846.0,5970911.0,16646.0,2.6009375
w=256,49,7,7,16,13,256,18,0,0,128.0,6400,590846.0,4660187.0,16644.0,2.600625
w=256,50,10,5,13,12,256,18,0,0,128.0,6400,147710.0,1690074.0,23441.0,3.66265625
w=16,40,4,10,11,19,16,35,0,0,128.0,6416,585726.0,25411562.0,1603.0,0.24984413965087282
w=16,40,4,10,20,10,16,35,0,0,128.0,6416,585726.0,2424794.0,1596.0,0.24875311720698254
w=16,40,4,10,22,9,16,35,0,0,128.0,6416,585726.0,2387927.0,1595.0,0.24859725685785536
w=16,42,2,21,16,17,16,35,0,0,128.0,6416,1199570942.0,2407530469.0,1195.0,0.18625311720698254
w=16,42,2,21,18,15,16,35,0,0,128.0,6416,1199570942.0,2401501154.0,1194.0,0.18609725685785536
w=16,42,2,21,24,11,16,35,0,0,128.0,6416,1199570942.0,2399338455.0,1189.0,0.18531795511221946
w=16,42,3,14,23,10,16,35,0,0,128.0,6416,9371646.0,28209111.0,1392.0,0.2169576059850374
w=16,44,2,22,22,12,16,35,0,0,128.0,6416,2399141886.0,4798644187.0,1191.0,0.18562967581047382
w=16,44,4,11,12,17,16,35,0,0,128.0,6416,1171454.0,10977256.0,1602.0,0.24968827930174564
w=16,44,4,11,18,11,16,35,0,0,128.0,6416,1171454.0,4833246.0,1598.0,0.2490648379052369
w=16,44,4,11,24,8,16,35,0,0,128.0,6416,1171454.0,4710355.0,1593.0,0.248285536159601
w=16,45,5,9,9,19,16,35,0,0,128.0,6416,292862.0,20338667.0,1806.0,0.28148379052369077
w=16,45,5,9,10,17,16,35,0,0,128.0,6416,292862.0,6707178.0,1806.0,0.28148379052369077
w=16,45,5,9,12,14,16,35,0,0,128.0,6416,292862.0,2250726.0,1804.0,0.2811720698254364
w=16,45,5,9,15,11,16,35,0,0,128.0,6416,292862.0,1587169.0,1802.0,0.28086034912718205
w=16,45,5,9,18,9,16,35,0,0,128.0,6416,292862.0,1501148.0,1800.0,0.2805486284289277
w=16,45,5,9,20,8,16,35,0,0,128.0,6416,292862.0,1484760.0,1798.0,0.28023690773067333
w=16,48,3,16,13,18,16,35,0,0,128.0,6416,37486590.0,126091240.0,1399.0,0.2180486284289277
w=16,48,3,16,19,12,16,35,0,0,128.0,6416,37486590.0,112771038.0,1395.0,0.21742518703241895
w=16,50,2,25,14,19,16,35,0,0,128.0,6416,19193135102.0,38415630313.0,1197.0,0.1865648379052369
w=16,50,2,25,20,13,16,35,0,0,128.0,6416,19193135102.0,38386925534.0,1192.0,0.185785536159601
w=32,40,2,20,16,18,32,28,0,0,128.0,6416,950009854.0,1916796901.0,1563.0,0.24360972568578554
w=32,40,2,20,19,15,32,28,0,0,128.0,6416,950009854.0,1902510048.0,1561.0,0.24329800498753118
w=32,40,5,8,11,19,32,28,0,0,128.0,6416,231934.0,24228328.0,2725.0,0.4247194513715711
w=32,40,5,8,20,10,32,28,0,0,128.0,6416,231934.0,1241560.0,2718.0,0.4236284289276808
w=32,40,5,8,22,9,32,28,0,0,128.0,6416,231934.0,1204693.0,2717.0,0.42347256857855364
w=32,42,6,7,10,18,32,28,0,0,128.0,6416,115966.0,11181544.0,3112.0,0.4850374064837905
w=32,42,6,7,19,9,32,28,0,0,128.0,6416,115966.0,734680.0,3105.0,0.48394638403990026
w=32,42,7,6,9,17,32,28,0,0,128.0,6416,57982.0,5124455.0,3498.0,0.5451995012468828
w=32,44,2,22,15,19,32,28,0,0,128.0,6416,3800039422.0,7631536103.0,1564.0,0.24376558603491272
w=32,44,2,22,20,14,32,28,0,0,128.0,6416,3800039422.0,7601389534.0,1560.0,0.243142144638404
w=32,48,4,12,12,19,32,28,0,0,128.0,6416,3710974.0,40009704.0,2338.0,0.36440149625935164
w=32,48,4,12,15,15,32,28,0,0,128.0,6416,3710974.0,16809955.0,2336.0,0.3640897755610973
w=32,48,4,12,16,14,32,28,0,0,128.0,6416,3710974.0,15892449.0,2335.0,0.36393391521197005
w=32,48,4,12,20,11,32,28,0,0,128.0,6416,3710974.0,15007706.0,2332.0,0.3634663341645885
w=32,48,4,12,24,9,32,28,0,0,128.0,6416,3710974.0,14893011.0,2329.0,0.362998753117207
w=32,50,2,25,14,20,32,28,0,0,128.0,6416,30400315390.0,60859351017.0,1565.0,0.2439214463840399
w=32,50,2,25,21,13,32,28,0,0,128.0,6416,30400315390.0,60801318876.0,1559.0,0.24298628428927682
w=32,50,5,10,10,20,32,28,0,0,128.0,6416,927742.0,46581738.0,2726.0,0.42487531172069826
w=32,50,5,10,14,14,32,28,0,0,128.0,6416,927742.0,5556195.0,2723.0,0.4244077306733167
w=32,50,5,10,15,13,32,28,0,0,128.0,6416,927742.0,5130209.0,2722.0,0.42425187032418954
w=32,50,5,10,21,9,32,28,0,0,128.0,6416,927742.0,4681686.0,2717.0,0.42347256857855364
w=256,40,2,20,18,17,256,18,0,0,128.0,6416,4840226814.0,9689890786.0,5320.0,0.8291770573566085
w=256,40,4,10,16,17,256,18,0,0,128.0,6416,4726782.0,27295713.0,9851.0,1.5353802992518704
w=256,40,4,10,18,15,256,18,0,0,128.0,6416,4726782.0,21266398.0,9850.0,1.5352244389027432
w=256,40,4,10,24,11,256,18,0,0,128.0,6416,4726782.0,19103699.0,9845.0,1.5344451371571073
w=256,40,5,8,15,17,256,18,0,0,128.0,6416,1181694.0,13772769.0,12117.0,1.8885598503740648
w=256,40,5,8,18,14,256,18,0,0,128.0,6416,1181694.0,7088092.0,12115.0,1.8882481296758105
w=256,40,8,5,12,17,256,18,0,0,128.0,6416,147710.0,7473120.0,18914.0,2.9479426433915212
w=256,40,8,5,18,11,256,18,0,0,128.0,6416,147710.0,1329110.0,18910.0,2.9473192019950125
w=256,40,8,5,24,8,256,18,0,0,128.0,6416,147710.0,1206219.0,18905.0,2.9465399002493764
w=256,40,10,4,9,19,256,18,0,0,128.0,6416,73854.0,19612897.0,23446.0,3.65430174563591
w=256,40,10,4,10,17,256,18,0,0,128.0,6416,73854.0,5981408.0,23446.0,3.65430174563591
w=256,40,10,4,12,14,256,18,0,0,128.0,6416,73854.0,1524956.0,23444.0,3.653990024937656
w=256,40,10,4,15,11,256,18,0,0,128.0,6416,73854.0,861399.0,23442.0,3.6536783042394014
w=256,42,2,21,23,13,256,18,0,0,128.0,6416,9680453630.0,19361660889.0,5316.0,0.8285536159600998
w=256,42,3,14,16,18,256,18,0,0,128.0,6416,75628542.0,243662819.0,7586.0,1.182356608478803
w=256,42,3,14,19,15,256,18,0,0,128.0,6416,75628542.0,229375966.0,7584.0,1.1820448877805487
w=256,44,2,22,16,19,256,18,0,0,128.0,6416,19360907262.0,38755368933.0,5321.0,0.8293329177057357
w=256,44,2,22,20,15,256,18,0,0,128.0,6416,19360907262.0,38724435934.0,5318.0,0.8288653366583542
w=256,48,4,12,14,19,256,18,0,0,128.0,6416,18907134.0,104988645.0,9853.0,1.5356920199501247
w=256,48,4,12,20,13,256,18,0,0,128.0,6416,18907134.0,76283866.0,9848.0,1.5349127182044888
w=256,48,8,6,13,15,256,18,0,0,128.0,6416,295422.0,4067294.0,18913.0,2.947786783042394
w=256,48,8,6,16,12,256,18,0,0,128.0,6416,295422.0,2625497.0,18911.0,2.9474750623441395
w=256,48,12,4,8,16,256,18,0,0,128.0,6416,73854.0,2983391.0,27977.0,4.360504987531172
w=256,49,7,7,15,14,256,18,0,0,128.0,6416,590846.0,5118941.0,16647.0,2.5946072319201994
w=256,50,5,10,13,19,256,18,0,0,128.0,6416,4726782.0,50896868.0,12118.0,1.888715710723192
w=256,50,5,10,20,12,256,18,0,0,128.0,6416,4726782.0,23961560.0,12113.0,1.887936408977556
w=256,50,10,5,10,16,256,18,0,0,128.0,6416,147710.0,4098528.0,23446.0,3.65430174563591
w=256,50,10,5,17,9,256,18,0,0,128.0,6416,147710.0,1511891.0,23440.0,3.653366583541147
w=16,40,4,10,13,16,16,35,0,0,128.0,6432,585726.0,5750758.0,1603.0,0.24922263681592038
w=16,40,4,10,17,12,16,35,0,0,128.0,6432,585726.0,2621407.0,1600.0,0.24875621890547264
w=16,42,2,21,17,16,16,35,0,0,128.0,6432,1199570942.0,2403598307.0,1196.0,0.1859452736318408
w=16,46,2,23,15,18,16,35,0,0,128.0,6432,4798283774.0,9612296167.0,1198.0,0.18625621890547264
w=16,46,2,23,19,14,16,35,0,0,128.0,6432,4798283774.0,9597812704.0,1195.0,0.18578980099502487
w=16,48,6,8,11,12,16,35,0,0,128.0,6432,146430.0,1058790.0,2009.0,0.3123445273631841
w=16,48,6,8,13,10,16,35,0,0,128.0,6432,146430.0,931810.0,2007.0,0.31203358208955223
w=16,50,5,10,11,15,16,35,0,0,128.0,6432,585726.0,4370408.0,1807.0,0.28093905472636815
w=16,50,5,10,16,10,16,35,0,0,128.0,6432,585726.0,2994143.0,1803.0,0.28031716417910446
w=32,40,5,8,13,16,32,28,0,0,128.0,6432,231934.0,4567524.0,2725.0,0.42366293532338306
w=32,40,5,8,17,12,32,28,0,0,128.0,6432,231934.0,1438173.0,2722.0,0.42319651741293535
w=32,45,3,15,16,16,32,28,0,0,128.0,6432,29687806.0,93257699.0,1951.0,0.3033271144278607
w=32,45,3,15,17,15,32,28,0,0,128.0,6432,29687806.0,91291617.0,1950.0,0.3031716417910448
w=32,45,5,9,12,17,32,28,0,0,128.0,6432,463870.0,8610790.0,2726.0,0.423818407960199
w=32,45,5,9,18,11,32,28,0,0,128.0,6432,463870.0,2466780.0,2722.0,0.42319651741293535
w=32,45,5,9,24,8,32,28,0,0,128.0,6432,463870.0,2343889.0,2717.0,0.42241915422885573
w=32,46,2,23,23,12,32,28,0,0,128.0,6432,7600078846.0,15200534489.0,1560.0,0.24253731343283583
w=32,49,7,7,12,12,32,28,0,0,128.0,6432,115966.0,1008354.0,3498.0,0.5438432835820896
w=32,49,7,7,13,11,32,28,0,0,128.0,6432,115966.0,918240.0,3497.0,0.5436878109452736
w=256,40,4,10,17,16,256,18,0,0,128.0,6432,4726782.0,23363551.0,9852.0,1.5317164179104477
w=256,42,2,21,17,18,256,18,0,0,128.0,6432,9680453630.0,19378733027.0,5322.0,0.8274253731343284
w=256,42,2,21,19,16,256,18,0,0,128.0,6432,9680453630.0,19365887968.0,5321.0,0.8272699004975125
w=256,44,4,11,15,18,256,18,0,0,128.0,6432,9453566.0,53542883.0,9854.0,1.5320273631840795
w=256,44,4,11,19,14,256,18,0,0,128.0,6432,9453566.0,39059420.0,9851.0,1.5315609452736318
w=256,45,5,9,14,18,256,18,0,0,128.0,6432,2363390.0,26496995.0,12120.0,1.8843283582089552
w=256,45,5,9,19,13,256,18,0,0,128.0,6432,2363390.0,12439514.0,12116.0,1.8837064676616915
w=256,48,3,16,23,12,256,18,0,0,128.0,6432,302514174.0,907919319.0,7583.0,1.1789490049751243
w=256,48,8,6,11,18,256,18,0,0,128.0,6432,295422.0,13897698.0,18917.0,2.9410758706467663
w=256,48,8,6,19,10,256,18,0,0,128.0,6432,295422.0,2441172.0,18911.0,2.9401430348258706
w=256,50,2,25,15,20,256,18,0,0,128.0,6432,154887258110.0,309837430759.0,5324.0,0.8277363184079602
w=256,50,2,25,21,14,256,18,0,0,128.0,6432,154887258110.0,309775892444.0,5319.0,0.8269589552238806
w=256,50,10,5,9,18,256,18,0,0,128.0,6432,147710.0,10914273.0,23448.0,3.6455223880597014
w=256,50,10,5,19,8,256,18,0,0,128.0,6432,147710.0,1496528.0,23441.0,3.64443407960199
w=16,40,5,8,11,16,16,35,0,0,128.0,6448,146430.0,3615720.0,1809.0,0.28055210918114143
w=16,40,5,8,17,10,16,35,0,0,128.0,6448,146430.0,801757.0,1804.0,0.27977667493796526
w=16,42,3,14,15,16,16,35,0,0,128.0,6448,9371646.0,32047077.0,1402.0,0.2174317617866005
w=16,42,3,14,17,14,16,35,0,0,128.0,6448,9371646.0,29229025.0,1400.0,0.21712158808933002
w=16,42,6,7,10,14,16,35,0,0,128.0,6448,73214.0,1094632.0,2012.0,0.31203473945409427
w=16,44,2,22,16,17,16,35,0,0,128.0,6448,2399141886.0,4806672357.0,1199.0,0.18594913151364764
w=16,44,2,22,18,15,16,35,0,0,128.0,6448,2399141886.0,4800643042.0,1198.0,0.1857940446650124
w=16,44,2,22,24,11,16,35,0,0,128.0,6448,2399141886.0,4798480343.0,1193.0,0.18501861042183623
w=16,45,3,15,12,20,16,35,0,0,128.0,6448,18743294.0,106561514.0,1404.0,0.21774193548387097
w=16,45,3,15,14,17,16,35,0,0,128.0,6448,18743294.0,63569895.0,1403.0,0.21758684863523572
w=16,45,3,15,18,13,16,35,0,0,128.0,6448,18743294.0,56819680.0,1400.0,0.21712158808933002
w=16,45,3,15,21,11,16,35,0,0,128.0,6448,18743294.0,56401882.0,1397.0,0.21665632754342432
w=16,45,5,9,13,13,16,35,0,0,128.0,6448,292862.0,1890276.0,1807.0,0.28024193548387094
w=16,45,5,9,14,12,16,35,0,0,128.0,6448,292862.0,1693667.0,1807.0,0.28024193548387094
w=16,46,2,23,22,12,16,35,0,0,128.0,6448,4798283774.0,9596927963.0,1195.0,0.1853287841191067
w=16,48,6,8,8,17,16,35,0,0,128.0,6448,146430.0,5072875.0,2013.0,0.3121898263027295
w=16,48,6,8,9,15,16,35,0,0,128.0,6448,146430.0,2058217.0,2012.0,0.31203473945409427
w=16,48,6,8,12,11,16,35,0,0,128.0,6448,146430.0,976868.0,2010.0,0.31172456575682383
w=16,48,6,8,16,8,16,35,0,0,128.0,6448,146430.0,894941.0,2007.0,0.3112593052109181
w=32,40,2,20,17,17,32,28,0,0,128.0,6448,950009854.0,1908932579.0,1566.0,0.24286600496277916
w=32,40,2,20,18,16,32,28,0,0,128.0,6448,950009854.0,1904738274.0,1566.0,0.24286600496277916
w=32,42,2,21,16,18,32,28,0,0,128.0,6448,1900019710.0,3816816613.0,1567.0,0.2430210918114144
w=32,42,2,21,19,15,32,28,0,0,128.0,6448,1900019710.0,3802529760.0,1565.0,0.24271091811414391
w=32,42,3,14,23,11,32,28,0,0,128.0,6448,14843902.0,44720087.0,1948.0,0.3021091811414392
w=32,42,6,7,12,15,32,28,0,0,128.0,6448,115966.0,2268644.0,3114.0,0.4829404466501241
w=32,42,6,7,16,11,32,28,0,0,128.0,6448,115966.0,826845.0,3111.0,0.48247518610421836
w=32,45,3,15,13,20,32,28,0,0,128.0,6448,29687806.0,143589352.0,1955.0,0.30319478908188585
w=32,45,3,15,21,12,32,28,0,0,128.0,6448,29687806.0,89407450.0,1949.0,0.30226426799007444
w=32,46,2,23,15,19,32,28,0,0,128.0,6448,7600078846.0,15231614951.0,1568.0,0.24317617866004962
w=32,46,2,23,20,14,32,28,0,0,128.0,6448,7600078846.0,15201468382.0,1564.0,0.2425558312655087
w=32,48,3,16,15,17,32,28,0,0,128.0,6448,59375614.0,185991141.0,1954.0,0.3030397022332506
w=32,48,3,16,18,14,32,28,0,0,128.0,6448,59375614.0,179306464.0,1952.0,0.3027295285359802
w=32,48,4,12,22,10,32,28,0,0,128.0,6448,3710974.0,14933975.0,2335.0,0.36212779156327546
w=256,40,5,8,16,16,256,18,0,0,128.0,6448,1181694.0,10102751.0,12120.0,1.879652605459057
w=256,40,5,8,17,15,256,18,0,0,128.0,6448,1181694.0,8136669.0,12119.0,1.879497518610422
w=256,40,10,4,13,13,256,18,0,0,128.0,6448,73854.0,1164506.0,23447.0,3.636321339950372
w=256,40,10,4,14,12,256,18,0,0,128.0,6448,73854.0,967897.0,23447.0,3.636321339950372
w=256,42,2,21,18,17,256,18,0,0,128.0,6448,9680453630.0,19370344418.0,5324.0,0.825682382133995
w=256,42,3,14,17,17,256,18,0,0,128.0,6448,75628542.0,235798497.0,7589.0,1.176954094292804
w=256,42,3,14,18,16,256,18,0,0,128.0,6448,75628542.0,231604192.0,7589.0,1.176954094292804
w=256,42,6,7,12,20,256,18,0,0,128.0,6448,590846.0,53876708.0,14388.0,2.2313895781637716
w=256,42,6,7,14,17,256,18,0,0,128.0,6448,590846.0,10885089.0,14387.0,2.2312344913151363
w=256,42,6,7,18,13,256,18,0,0,128.0,6448,590846.0,4134874.0,14384.0,2.230769230769231
w=256,42,6,7,21,11,256,18,0,0,128.0,6448,590846.0,3717076.0,14381.0,2.230303970223325
w=256,42,7,6,13,17,256,18,0,0,128.0,6448,295422.0,8883680.0,16652.0,2.582506203473945
w=256,42,7,6,18,12,256,18,0,0,128.0,6448,295422.0,2362840.0,16649.0,2.5820409429280398
w=256,44,2,22,23,13,256,18,0,0,128.0,6448,19360907262.0,38722568153.0,5320.0,0.825062034739454
w=256,44,4,11,22,12,256,18,0,0,128.0,6448,9453566.0,38174679.0,9851.0,1.527760545905707
w=256,44,11,4,8,19,256,18,0,0,128.0,6448,73854.0,17589601.0,25716.0,3.988213399503722
w=256,44,11,4,10,15,256,18,0,0,128.0,6448,73854.0,2123102.0,25715.0,3.988058312655087
w=256,44,11,4,16,9,256,18,0,0,128.0,6448,73854.0,845139.0,25710.0,3.9872828784119108
w=256,45,9,5,13,14,256,18,0,0,128.0,6448,147710.0,2181340.0,21182.0,3.285049627791563
w=256,45,9,5,15,12,256,18,0,0,128.0,6448,147710.0,1575129.0,21181.0,3.284894540942928
w=256,46,2,23,16,19,256,18,0,0,128.0,6448,38721814526.0,77477183461.0,5325.0,0.8258374689826302
w=256,46,2,23,20,15,256,18,0,0,128.0,6448,38721814526.0,77446250462.0,5322.0,0.8253722084367245
w=256,48,3,16,15,19,256,18,0,0,128.0,6448,302514174.0,938999781.0,7591.0,1.1772642679900744
w=256,48,3,16,20,14,256,18,0,0,128.0,6448,302514174.0,908853212.0,7587.0,1.1766439205955335
w=256,48,8,6,10,20,256,18,0,0,128.0,6448,295422.0,44306404.0,18920.0,2.93424317617866
w=256,48,8,6,14,14,256,18,0,0,128.0,6448,295422.0,3280861.0,18917.0,2.933777915632754
w=256,48,8,6,15,13,256,18,0,0,128.0,6448,295422.0,2854875.0,18916.0,2.9336228287841193
w=256,48,8,6,21,9,256,18,0,0,128.0,6448,295422.0,2406352.0,18911.0,2.932847394540943
w=16,42,3,14,16,15,16,35,0,0,128.0,6464,9371646.0,30212067.0,1403.0,0.21704826732673269
w=16,44,2,22,17,16,16,35,0,0,128.0,6464,2399141886.0,4802740195.0,1200.0,0.18564356435643564
w=16,45,3,15,23,10,16,35,0,0,128.0,6464,18743294.0,56324055.0,1398.0,0.21627475247524752
w=16,48,2,24,15,18,16,35,0,0,128.0,6464,9596567550.0,19208863719.0,1202.0,0.1859529702970297
w=16,48,2,24,19,14,16,35,0,0,128.0,6464,9596567550.0,19194380256.0,1199.0,0.18548886138613863
w=32,42,7,6,11,14,32,28,0,0,128.0,6464,57982.0,1126756.0,3503.0,0.541924504950495
w=32,42,7,6,15,10,32,28,0,0,128.0,6464,57982.0,467293.0,3500.0,0.5414603960396039
w=32,44,4,11,13,18,32,28,0,0,128.0,6464,1855486.0,21053414.0,2343.0,0.3624690594059406
w=32,44,4,11,19,12,32,28,0,0,128.0,6464,1855486.0,7733212.0,2339.0,0.3618502475247525
w=32,48,2,24,23,12,32,28,0,0,128.0,6464,15200157694.0,30400692185.0,1564.0,0.24195544554455445
w=32,48,6,8,11,16,32,28,0,0,128.0,6464,231934.0,4275174.0,3117.0,0.4822091584158416
w=32,48,6,8,17,10,32,28,0,0,128.0,6464,231934.0,1461211.0,3112.0,0.4814356435643564
w=256,40,5,8,13,20,256,18,0,0,128.0,6464,1181694.0,60434404.0,12124.0,1.875618811881188
w=256,40,5,8,21,12,256,18,0,0,128.0,6464,1181694.0,6252502.0,12118.0,1.8746905940594059
w=256,42,6,7,23,10,256,18,0,0,128.0,6464,590846.0,3639249.0,14382.0,2.224938118811881
w=256,44,2,22,17,18,256,18,0,0,128.0,6464,19360907262.0,38739640291.0,5326.0,0.8239480198019802
w=256,44,2,22,19,16,256,18,0,0,128.0,6464,19360907262.0,38726795232.0,5325.0,0.8237933168316832
w=256,45,3,15,16,18,256,18,0,0,128.0,6464,151257086.0,470548451.0,7592.0,1.1745049504950495
w=256,45,3,15,19,15,256,18,0,0,128.0,6464,151257086.0,456261598.0,7590.0,1.1741955445544554
w=256,45,9,5,14,13,256,18,0,0,128.0,6464,147710.0,1788123.0,21184.0,3.277227722772277
w=256,48,6,8,13,18,256,18,0,0,128.0,6464,1181694.0,20721634.0,14389.0,2.2260210396039604
w=256,48,6,8,19,12,256,18,0,0,128.0,6464,1181694.0,7401432.0,14385.0,2.225402227722772
w=256,49,7,7,12,18,256,18,0,0,128.0,6464,590846.0,16718818.0,16655.0,2.5765779702970297
w=256,49,7,7,19,11,256,18,0,0,128.0,6464,590846.0,4291542.0,16650.0,2.5758044554455446
w=16,40,2,20,14,20,16,35,0,0,128.0,6480,599785470.0,1258291177.0,1205.0,0.18595679012345678
w=16,40,2,20,21,13,16,35,0,0,128.0,6480,599785470.0,1200259036.0,1199.0,0.18503086419753087
w=16,40,4,10,14,15,16,35,0,0,128.0,6480,585726.0,4177893.0,1609.0,0.24830246913580248
w=16,40,4,10,16,13,16,35,0,0,128.0,6480,585726.0,2867169.0,1607.0,0.24799382716049384
w=16,40,5,8,9,20,16,35,0,0,128.0,6480,146430.0,38480875.0,1814.0,0.2799382716049383
w=16,42,6,7,8,18,16,35,0,0,128.0,6480,73214.0,8827883.0,2017.0,0.31126543209876545
w=16,44,4,11,11,19,16,35,0,0,128.0,6480,1171454.0,27754474.0,1611.0,0.24861111111111112
w=16,44,4,11,20,10,16,35,0,0,128.0,6480,1171454.0,4767706.0,1604.0,0.24753086419753087
w=16,44,4,11,22,9,16,35,0,0,128.0,6480,1171454.0,4730839.0,1603.0,0.24737654320987654
w=16,46,2,23,16,17,16,35,0,0,128.0,6480,4798283774.0,9604956133.0,1203.0,0.18564814814814815
w=16,46,2,23,18,15,16,35,0,0,128.0,6480,4798283774.0,9598926818.0,1202.0,0.18549382716049384
w=16,46,2,23,24,11,16,35,0,0,128.0,6480,4798283774.0,9596764119.0,1197.0,0.18472222222222223
w=16,48,2,24,22,12,16,35,0,0,128.0,6480,9596567550.0,19193495515.0,1199.0,0.18503086419753087
w=16,48,4,12,12,17,16,35,0,0,128.0,6480,2342910.0,15663080.0,1610.0,0.24845679012345678
w=16,48,4,12,18,11,16,35,0,0,128.0,6480,2342910.0,9519070.0,1606.0,0.2478395061728395
w=16,48,4,12,24,8,16,35,0,0,128.0,6480,2342910.0,9396179.0,1601.0,0.2470679012345679
w=32,40,2,20,22,13,32,28,0,0,128.0,6480,950009854.0,1900740571.0,1567.0,0.241820987654321
w=32,40,4,10,12,20,32,28,0,0,128.0,6480,927742.0,54042600.0,2346.0,0.36203703703703705
w=32,40,4,10,14,17,32,28,0,0,128.0,6480,927742.0,11050981.0,2345.0,0.3618827160493827
w=32,40,4,10,18,13,32,28,0,0,128.0,6480,927742.0,4300766.0,2342.0,0.36141975308641977
w=32,40,4,10,21,11,32,28,0,0,128.0,6480,927742.0,3882968.0,2339.0,0.36095679012345677
w=32,40,5,8,14,15,32,28,0,0,128.0,6480,231934.0,2994659.0,2731.0,0.4214506172839506
w=32,40,5,8,16,13,32,28,0,0,128.0,6480,231934.0,1683935.0,2729.0,0.421141975308642
w=32,42,2,21,17,17,32,28,0,0,128.0,6480,1900019710.0,3808952291.0,1570.0,0.24228395061728394
w=32,42,2,21,18,16,32,28,0,0,128.0,6480,1900019710.0,3804757986.0,1570.0,0.24228395061728394
w=32,44,2,22,16,18,32,28,0,0,128.0,6480,3800039422.0,7616856037.0,1571.0,0.24243827160493828
w=32,44,2,22,19,15,32,28,0,0,128.0,6480,3800039422.0,7602569184.0,1569.0,0.24212962962962964
w=32,48,2,24,15,19,32,28,0,0,128.0,6480,15200157694.0,30431772647.0,1572.0,0.24259259259259258
w=32,48,2,24,20,14,32,28,0,0,128.0,6480,15200157694.0,30401626078.0,1568.0,0.2419753086419753
w=32,48,3,16,16,16,32,28,0,0,128.0,6480,59375614.0,182321123.0,1957.0,0.30200617283950615
w=32,48,3,16,17,15,32,28,0,0,128.0,6480,59375614.0,180355041.0,1956.0,0.30185185185185187
w=256,40,8,5,11,19,256,18,0,0,128.0,6480,147710.0,24250338.0,18923.0,2.920216049382716
w=256,40,8,5,20,10,256,18,0,0,128.0,6480,147710.0,1263570.0,18916.0,2.919135802469136
w=256,40,8,5,22,9,256,18,0,0,128.0,6480,147710.0,1226703.0,18915.0,2.9189814814814814
w=256,42,3,14,22,13,256,18,0,0,128.0,6480,75628542.0,227606489.0,7590.0,1.1712962962962963
w=256,44,2,22,18,17,256,18,0,0,128.0,6480,19360907262.0,38731251682.0,5328.0,0.8222222222222222
w=256,44,4,11,16,17,256,18,0,0,128.0,6480,9453566.0,46202849.0,9859.0,1.5214506172839506
w=256,44,4,11,18,15,256,18,0,0,128.0,6480,9453566.0,40173534.0,9858.0,1.5212962962962964
w=256,44,4,11,24,11,256,18,0,0,128.0,6480,9453566.0,38010835.0,9853.0,1.5205246913580246
w=256,44,11,4,9,17,256,18,0,0,128.0,6480,73854.0,5530975.0,25719.0,3.9689814814814817
w=256,46,2,23,23,13,256,18,0,0,128.0,6480,38721814526.0,77444382681.0,5324.0,0.821604938271605
w=256,48,2,24,16,19,256,18,0,0,128.0,6480,77443629054.0,154920812517.0,5329.0,0.8223765432098765
w=256,48,2,24,20,15,256,18,0,0,128.0,6480,77443629054.0,154889879518.0,5326.0,0.8219135802469136
w=256,48,12,4,7,19,256,18,0,0,128.0,6480,73854.0,15566305.0,27986.0,4.318827160493827
w=256,48,12,4,10,13,256,18,0,0,128.0,6480,73854.0,1213916.0,27984.0,4.318518518518519
w=256,48,12,4,14,9,256,18,0,0,128.0,6480,73854.0,914901.0,27981.0,4.3180555555555555
w=256,50,5,10,22,11,256,18,0,0,128.0,6480,4726782.0,23814101.0,12120.0,1.8703703703703705
w=256,50,5,10,24,10,256,18,0,0,128.0,6480,4726782.0,23732177.0,12118.0,1.8700617283950618
w=16,40,4,10,15,14,16,35,0,0,128.0,6496,585726.0,3325923.0,1610.0,0.2478448275862069
w=16,40,5,8,10,18,16,35,0,0,128.0,6496,146430.0,11217898.0,1816.0,0.27955665024630544
w=16,40,5,8,19,9,16,35,0,0,128.0,6496,146430.0,771034.0,1809.0,0.27847906403940886
w=16,42,6,7,9,16,16,35,0,0,128.0,6496,73214.0,2798569.0,2018.0,0.3106527093596059
w=16,44,4,11,13,16,16,35,0,0,128.0,6496,1171454.0,8093670.0,1611.0,0.24799876847290642
w=16,44,4,11,17,12,16,35,0,0,128.0,6496,1171454.0,4964319.0,1608.0,0.24753694581280788
w=16,45,3,15,15,16,16,35,0,0,128.0,6496,18743294.0,60162021.0,1408.0,0.21674876847290642
w=16,45,3,15,17,14,16,35,0,0,128.0,6496,18743294.0,57343969.0,1406.0,0.2164408866995074
w=16,46,2,23,17,16,16,35,0,0,128.0,6496,4798283774.0,9601023971.0,1204.0,0.1853448275862069
w=16,48,3,16,12,20,16,35,0,0,128.0,6496,37486590.0,162791402.0,1410.0,0.2170566502463054
w=16,48,3,16,14,17,16,35,0,0,128.0,6496,37486590.0,119799783.0,1409.0,0.2169027093596059
w=16,48,3,16,18,13,16,35,0,0,128.0,6496,37486590.0,113049568.0,1406.0,0.2164408866995074
w=16,48,3,16,21,11,16,35,0,0,128.0,6496,37486590.0,112631770.0,1403.0,0.21597906403940886
w=16,48,6,8,7,20,16,35,0,0,128.0,6496,146430.0,30238701.0,2020.0,0.31096059113300495
w=16,50,2,25,15,18,16,35,0,0,128.0,6496,19193135102.0,38401998823.0,1206.0,0.1856527093596059
w=16,50,2,25,19,14,16,35,0,0,128.0,6496,19193135102.0,38387515360.0,1203.0,0.1851908866995074
w=16,50,5,10,9,19,16,35,0,0,128.0,6496,585726.0,21802987.0,1816.0,0.27955665024630544
w=16,50,5,10,10,17,16,35,0,0,128.0,6496,585726.0,8171498.0,1816.0,0.27955665024630544
w=16,50,5,10,12,14,16,35,0,0,128.0,6496,585726.0,3715046.0,1814.0,0.2792487684729064
w=16,50,5,10,15,11,16,35,0,0,128.0,6496,585726.0,3051489.0,1812.0,0.2789408866995074
w=16,50,5,10,18,9,16,35,0,0,128.0,6496,585726.0,2965468.0,1810.0,0.2786330049261084
w=16,50,5,10,20,8,16,35,0,0,128.0,6496,585726.0,2949080.0,1808.0,0.27832512315270935
w=32,40,4,10,23,10,32,28,0,0,128.0,6496,927742.0,3805141.0,2340.0,0.3602216748768473
w=32,40,5,8,15,14,32,28,0,0,128.0,6496,231934.0,2142689.0,2732.0,0.4205665024630542
w=32,42,6,7,13,14,32,28,0,0,128.0,6496,115966.0,1547746.0,3119.0,0.48014162561576357
w=32,42,6,7,15,12,32,28,0,0,128.0,6496,115966.0,941535.0,3118.0,0.47998768472906406
w=32,45,3,15,23,11,32,28,0,0,128.0,6496,29687806.0,89251799.0,1954.0,0.3008004926108374
w=32,45,5,9,11,19,32,28,0,0,128.0,6496,463870.0,25388008.0,2735.0,0.4210283251231527
w=32,45,5,9,20,10,32,28,0,0,128.0,6496,463870.0,2401240.0,2728.0,0.41995073891625617
w=32,45,5,9,22,9,32,28,0,0,128.0,6496,463870.0,2364373.0,2727.0,0.41979679802955666
w=32,48,3,16,13,20,32,28,0,0,128.0,6496,59375614.0,232652776.0,1961.0,0.301878078817734
w=32,48,3,16,21,12,32,28,0,0,128.0,6496,59375614.0,178470874.0,1955.0,0.3009544334975369
w=32,48,6,8,9,20,32,28,0,0,128.0,6496,231934.0,39140329.0,3122.0,0.48060344827586204
w=32,48,6,8,21,8,32,28,0,0,128.0,6496,231934.0,1413076.0,3113.0,0.4792179802955665
w=32,48,8,6,7,18,32,28,0,0,128.0,6496,57982.0,7803881.0,3896.0,0.5997536945812808
w=32,49,7,7,8,19,32,28,0,0,128.0,6496,115966.0,17588969.0,3509.0,0.5401785714285714
w=32,49,7,7,10,15,32,28,0,0,128.0,6496,115966.0,2122470.0,3508.0,0.5400246305418719
w=32,49,7,7,16,9,32,28,0,0,128.0,6496,115966.0,844507.0,3503.0,0.5392549261083743
w=32,50,2,25,23,12,32,28,0,0,128.0,6496,30400315390.0,60801007577.0,1568.0,0.2413793103448276
w=256,40,8,5,13,16,256,18,0,0,128.0,6496,147710.0,4589534.0,18923.0,2.9130233990147785
w=256,40,8,5,17,12,256,18,0,0,128.0,6496,147710.0,1460183.0,18920.0,2.9125615763546797
w=256,42,6,7,15,16,256,18,0,0,128.0,6496,590846.0,7477215.0,14392.0,2.2155172413793105
w=256,42,6,7,17,14,256,18,0,0,128.0,6496,590846.0,4659163.0,14390.0,2.2152093596059115
w=256,44,4,11,17,16,256,18,0,0,128.0,6496,9453566.0,42270687.0,9860.0,1.5178571428571428
w=256,45,3,15,17,17,256,18,0,0,128.0,6496,151257086.0,462684129.0,7595.0,1.1691810344827587
w=256,45,3,15,18,16,256,18,0,0,128.0,6496,151257086.0,458489824.0,7595.0,1.1691810344827587
w=256,45,5,9,15,17,256,18,0,0,128.0,6496,2363390.0,19681249.0,12127.0,1.8668411330049262
w=256,45,5,9,18,14,256,18,0,0,128.0,6496,2363390.0,12996572.0,12125.0,1.8665332512315271
w=256,45,9,5,11,17,256,18,0,0,128.0,6496,147710.0,7096544.0,21190.0,3.2620073891625614
w=256,45,9,5,18,10,256,18,0,0,128.0,6496,147710.0,1403092.0,21185.0,3.261237684729064
w=256,45,9,5,22,8,256,18,0,0,128.0,6496,147710.0,1351885.0,21182.0,3.2607758620689653
w=256,46,2,23,17,18,256,18,0,0,128.0,6496,38721814526.0,77461454819.0,5330.0,0.8205049261083743
w=256,46,2,23,19,16,256,18,0,0,128.0,6496,38721814526.0,77448609760.0,5329.0,0.8203509852216748
w=256,48,4,12,15,18,256,18,0,0,128.0,6496,18907134.0,91357155.0,9862.0,1.5181650246305418
w=256,48,4,12,19,14,256,18,0,0,128.0,6496,18907134.0,76873692.0,9859.0,1.5177032019704433
w=256,49,7,7,23,9,256,18,0,0,128.0,6496,590846.0,4182991.0,16651.0,2.5632697044334973
w=16,42,2,21,14,20,16,35,0,0,128.0,6512,1199570942.0,2457862121.0,1209.0,0.18565724815724816
w=16,42,2,21,21,13,16,35,0,0,128.0,6512,1199570942.0,2399829980.0,1203.0,0.18473587223587223
w=16,42,6,7,11,13,16,35,0,0,128.0,6512,73214.0,799718.0,2019.0,0.3100429975429975
w=16,45,3,15,16,15,16,35,0,0,128.0,6512,18743294.0,58327011.0,1409.0,0.21636977886977887
w=16,48,2,24,16,17,16,35,0,0,128.0,6512,9596567550.0,19201523685.0,1207.0,0.18535012285012284
w=16,48,2,24,18,15,16,35,0,0,128.0,6512,9596567550.0,19195494370.0,1206.0,0.1851965601965602
w=16,48,2,24,24,11,16,35,0,0,128.0,6512,9596567550.0,19193331671.0,1201.0,0.18442874692874692
w=16,48,3,16,23,10,16,35,0,0,128.0,6512,37486590.0,112553943.0,1404.0,0.2156019656019656
w=16,50,2,25,22,12,16,35,0,0,128.0,6512,19193135102.0,38386630619.0,1203.0,0.18473587223587223
w=32,42,2,21,22,13,32,28,0,0,128.0,6512,1900019710.0,3800760283.0,1571.0,0.24124692874692874
w=32,42,3,14,14,19,32,28,0,0,128.0,6512,14843902.0,73891815.0,1963.0,0.30144348894348894
w=32,42,3,14,20,13,32,28,0,0,128.0,6512,14843902.0,45187036.0,1958.0,0.30067567567567566
w=32,42,6,7,14,13,32,28,0,0,128.0,6512,115966.0,1154529.0,3121.0,0.4792690417690418
w=32,42,7,6,8,20,32,28,0,0,128.0,6512,57982.0,33960297.0,3511.0,0.5391584766584766
w=32,42,7,6,12,13,32,28,0,0,128.0,6512,57982.0,799074.0,3508.0,0.5386977886977887
w=32,42,7,6,14,11,32,28,0,0,128.0,6512,57982.0,520543.0,3507.0,0.538544226044226
w=32,44,2,22,17,17,32,28,0,0,128.0,6512,3800039422.0,7608991715.0,1574.0,0.2417076167076167
w=32,44,2,22,18,16,32,28,0,0,128.0,6512,3800039422.0,7604797410.0,1574.0,0.2417076167076167
w=32,45,5,9,13,16,32,28,0,0,128.0,6512,463870.0,5727204.0,2735.0,0.4199938574938575
w=32,45,5,9,17,12,32,28,0,0,128.0,6512,463870.0,2597853.0,2732.0,0.41953316953316955
w=32,46,2,23,16,18,32,28,0,0,128.0,6512,7600078846.0,15216934885.0,1575.0,0.24186117936117937
w=32,46,2,23,19,15,32,28,0,0,128.0,6512,7600078846.0,15202648032.0,1573.0,0.24155405405405406
w=32,48,6,8,10,18,32,28,0,0,128.0,6512,231934.0,11877352.0,3124.0,0.4797297297297297
w=32,48,6,8,19,9,32,28,0,0,128.0,6512,231934.0,1430488.0,3117.0,0.47865479115479115
w=32,50,2,25,15,19,32,28,0,0,128.0,6512,30400315390.0,60832088039.0,1576.0,0.24201474201474202
w=32,50,2,25,20,14,32,28,0,0,128.0,6512,30400315390.0,60801941470.0,1572.0,0.2414004914004914
w=32,50,5,10,12,17,32,28,0,0,128.0,6512,927742.0,10930150.0,2736.0,0.4201474201474201
w=32,50,5,10,18,11,32,28,0,0,128.0,6512,927742.0,4786140.0,2732.0,0.41953316953316955
w=32,50,5,10,24,8,32,28,0,0,128.0,6512,927742.0,4663249.0,2727.0,0.41876535626535627
w=256,40,2,20,22,14,256,18,0,0,128.0,6512,4840226814.0,9681895387.0,5329.0,0.8183353808353808
w=256,40,4,10,14,20,256,18,0,0,128.0,6512,4726782.0,77627365.0,9865.0,1.5148955773955775
w=256,40,4,10,21,13,256,18,0,0,128.0,6512,4726782.0,19595224.0,9859.0,1.5139742014742015
w=256,40,5,8,23,11,256,18,0,0,128.0,6512,1181694.0,6096851.0,12123.0,1.861640049140049
w=256,42,6,7,16,15,256,18,0,0,128.0,6512,590846.0,5642205.0,14393.0,2.210227272727273
w=256,42,7,6,14,16,256,18,0,0,128.0,6512,295422.0,5737951.0,16660.0,2.558353808353808
w=256,42,7,6,17,13,256,18,0,0,128.0,6512,295422.0,2624985.0,16657.0,2.5578931203931203
w=256,46,2,23,18,17,256,18,0,0,128.0,6512,38721814526.0,77453066210.0,5332.0,0.8187960687960688
w=256,48,2,24,23,13,256,18,0,0,128.0,6512,77443629054.0,154888011737.0,5328.0,0.8181818181818182
w=256,48,3,16,16,18,256,18,0,0,128.0,6512,302514174.0,924319715.0,7598.0,1.1667690417690417
w=256,48,3,16,19,15,256,18,0,0,128.0,6512,302514174.0,910032862.0,7596.0,1.1664619164619165
w=256,48,4,12,22,12,256,18,0,0,128.0,6512,18907134.0,75988951.0,9859.0,1.5139742014742015
w=256,49,7,7,11,20,256,18,0,0,128.0,6512,590846.0,50273252.0,16662.0,2.5586609336609336
w=256,49,7,7,21,10,256,18,0,0,128.0,6512,590846.0,4221906.0,16654.0,2.5574324324324325
w=256,50,2,25,16,19,256,18,0,0,128.0,6512,154887258110.0,309808070629.0,5333.0,0.8189496314496314
w=256,50,2,25,20,15,256,18,0,0,128.0,6512,154887258110.0,309777137630.0,5330.0,0.8184889434889435
w=256,50,5,10,14,18,256,18,0,0,128.0,6512,4726782.0,38313955.0,12130.0,1.8627149877149878
w=256,50,5,10,19,13,256,18,0,0,128.0,6512,4726782.0,24256474.0,12126.0,1.8621007371007372
w=256,50,10,5,11,15,256,18,0,0,128.0,6512,147710.0,2918878.0,23457.0,3.6021191646191646
w=256,50,10,5,16,10,256,18,0,0,128.0,6512,147710.0,1542613.0,23453.0,3.601504914004914
w=16,40,5,8,12,15,16,35,0,0,128.0,6528,146430.0,2304998.0,1818.0,0.27849264705882354
w=16,40,5,8,16,11,16,35,0,0,128.0,6528,146430.0,863199.0,1815.0,0.2780330882352941
w=16,42,3,14,13,19,16,35,0,0,128.0,6528,9371646.0,55377896.0,1413.0,0.21645220588235295
w=16,42,3,14,20,12,16,35,0,0,128.0,6528,9371646.0,28442588.0,1408.0,0.21568627450980393
w=16,45,5,9,11,16,16,35,0,0,128.0,6528,292862.0,4347880.0,1819.0,0.2786458333333333
w=16,45,5,9,17,10,16,35,0,0,128.0,6528,292862.0,1533917.0,1814.0,0.2778799019607843
w=16,48,2,24,17,16,16,35,0,0,128.0,6528,9596567550.0,19197591523.0,1208.0,0.18504901960784315
w=16,50,5,10,13,13,16,35,0,0,128.0,6528,585726.0,3354596.0,1817.0,0.2783394607843137
w=16,50,5,10,14,12,16,35,0,0,128.0,6528,585726.0,3157987.0,1817.0,0.2783394607843137
w=32,40,4,10,15,16,32,28,0,0,128.0,6528,927742.0,7643107.0,2350.0,0.3599877450980392
w=32,40,4,10,17,14,32,28,0,0,128.0,6528,927742.0,4825055.0,2348.0,0.3596813725490196
w=32,42,7,6,13,12,32,28,0,0,128.0,6528,57982.0,618848.0,3509.0,0.5375306372549019
w=32,48,4,12,13,18,32,28,0,0,128.0,6528,3710974.0,28475366.0,2351.0,0.36014093137254904
w=32,48,4,12,19,12,32,28,0,0,128.0,6528,3710974.0,15155164.0,2347.0,0.35952818627450983
w=32,48,8,6,9,14,32,28,0,0,128.0,6528,57982.0,1053669.0,3898.0,0.5971200980392157
w=32,49,7,7,9,17,32,28,0,0,128.0,6528,115966.0,5530343.0,3512.0,0.5379901960784313
w=32,49,7,7,18,8,32,28,0,0,128.0,6528,115966.0,830168.0,3506.0,0.5370710784313726
w=256,40,10,4,11,16,256,18,0,0,128.0,6528,73854.0,3622110.0,23459.0,3.5935968137254903
w=256,40,10,4,17,10,256,18,0,0,128.0,6528,73854.0,808147.0,23454.0,3.592830882352941
w=256,44,11,4,11,14,256,18,0,0,128.0,6528,73854.0,1533276.0,25724.0,3.940563725490196
w=256,44,11,4,15,10,256,18,0,0,128.0,6528,73854.0,873813.0,25721.0,3.9401041666666665
w=256,45,3,15,22,13,256,18,0,0,128.0,6528,151257086.0,454492121.0,7596.0,1.1636029411764706
w=256,45,5,9,16,16,256,18,0,0,128.0,6528,2363390.0,16011231.0,12130.0,1.8581495098039216
w=256,45,5,9,17,15,256,18,0,0,128.0,6528,2363390.0,14045149.0,12129.0,1.8579963235294117
w=256,45,9,5,10,19,256,18,0,0,128.0,6528,147710.0,22300898.0,21195.0,3.246783088235294
w=256,45,9,5,20,9,256,18,0,0,128.0,6528,147710.0,1370320.0,21187.0,3.2455575980392157
w=256,48,2,24,17,18,256,18,0,0,128.0,6528,77443629054.0,154905083875.0,5334.0,0.8170955882352942
w=256,48,2,24,19,16,256,18,0,0,128.0,6528,77443629054.0,154892238816.0,5333.0,0.8169424019607843
w=256,48,12,4,11,12,256,18,0,0,128.0,6528,73854.0,1066458.0,27989.0,4.287530637254902
w=256,48,12,4,13,10,256,18,0,0,128.0,6528,73854.0,939478.0,27987.0,4.287224264705882
w=16,40,4,10,12,18,16,35,0,0,128.0,6544,585726.0,14925800.0,1618.0,0.24724938875305624
w=16,40,4,10,19,11,16,35,0,0,128.0,6544,585726.0,2498524.0,1613.0,0.24648533007334963
w=16,42,6,7,12,12,16,35,0,0,128.0,6544,73214.0,635876.0,2022.0,0.3089853300733496
w=16,42,6,7,13,11,16,35,0,0,128.0,6544,73214.0,545762.0,2021.0,0.3088325183374083
w=16,44,2,22,14,20,16,35,0,0,128.0,6544,2399141886.0,4857004009.0,1213.0,0.1853606356968215
w=16,44,2,22,21,13,16,35,0,0,128.0,6544,2399141886.0,4798971868.0,1207.0,0.1844437652811736
w=16,44,4,11,14,15,16,35,0,0,128.0,6544,1171454.0,6520805.0,1617.0,0.2470965770171149
w=16,44,4,11,16,13,16,35,0,0,128.0,6544,1171454.0,5210081.0,1615.0,0.24679095354523228
w=16,48,3,16,15,16,16,35,0,0,128.0,6544,37486590.0,116391909.0,1414.0,0.21607579462102688
w=16,48,3,16,17,14,16,35,0,0,128.0,6544,37486590.0,113573857.0,1412.0,0.21577017114914426
w=16,48,4,12,11,19,16,35,0,0,128.0,6544,2342910.0,32440298.0,1619.0,0.24740220048899755
w=16,48,4,12,20,10,16,35,0,0,128.0,6544,2342910.0,9453530.0,1612.0,0.24633251833740832
w=16,48,4,12,22,9,16,35,0,0,128.0,6544,2342910.0,9416663.0,1611.0,0.24617970660146699
w=16,48,6,8,10,14,16,35,0,0,128.0,6544,146430.0,1533928.0,2024.0,0.3092909535452323
w=16,48,6,8,15,9,16,35,0,0,128.0,6544,146430.0,909279.0,2020.0,0.308679706601467
w=16,50,2,25,16,17,16,35,0,0,128.0,6544,19193135102.0,38394658789.0,1211.0,0.18505501222493886
w=16,50,2,25,18,15,16,35,0,0,128.0,6544,19193135102.0,38388629474.0,1210.0,0.18490220048899755
w=16,50,2,25,24,11,16,35,0,0,128.0,6544,19193135102.0,38386466775.0,1205.0,0.18413814180929094
w=32,40,2,20,24,12,32,28,0,0,128.0,6544,950009854.0,1900412887.0,1573.0,0.24037286063569682
w=32,40,4,10,16,15,32,28,0,0,128.0,6544,927742.0,5808097.0,2351.0,0.359260391198044
w=32,40,5,8,12,18,32,28,0,0,128.0,6544,231934.0,13742566.0,2740.0,0.4187041564792176
w=32,40,5,8,19,11,32,28,0,0,128.0,6544,231934.0,1315290.0,2735.0,0.417940097799511
w=32,42,6,7,11,17,32,28,0,0,128.0,6544,115966.0,6462950.0,3127.0,0.47784229828850855
w=32,42,6,7,18,10,32,28,0,0,128.0,6544,115966.0,769498.0,3122.0,0.47707823960880197
w=32,42,6,7,22,8,32,28,0,0,128.0,6544,115966.0,718291.0,3119.0,0.476619804400978
w=32,42,7,6,10,16,32,28,0,0,128.0,6544,57982.0,3027302.0,3514.0,0.5369804400977995
w=32,42,7,6,17,9,32,28,0,0,128.0,6544,57982.0,440665.0,3508.0,0.5360635696821516
w=32,44,2,22,22,13,32,28,0,0,128.0,6544,3800039422.0,7600799707.0,1575.0,0.24067848410757947
w=32,44,4,11,12,20,32,28,0,0,128.0,6544,1855486.0,57753576.0,2354.0,0.359718826405868
w=32,44,4,11,14,17,32,28,0,0,128.0,6544,1855486.0,14761957.0,2353.0,0.35956601466992666
w=32,44,4,11,18,13,32,28,0,0,128.0,6544,1855486.0,8011742.0,2350.0,0.3591075794621027
w=32,44,4,11,21,11,32,28,0,0,128.0,6544,1855486.0,7593944.0,2347.0,0.35864914425427874
w=32,46,2,23,17,17,32,28,0,0,128.0,6544,7600078846.0,15209070563.0,1578.0,0.24113691931540343
w=32,46,2,23,18,16,32,28,0,0,128.0,6544,7600078846.0,15204876258.0,1578.0,0.24113691931540343
w=32,48,2,24,16,18,32,28,0,0,128.0,6544,15200157694.0,30417092581.0,1579.0,0.24128973105134474
w=32,48,2,24,19,15,32,28,0,0,128.0,6544,15200157694.0,30402805728.0,1577.0,0.2409841075794621
w=32,48,3,16,23,11,32,28,0,0,128.0,6544,59375614.0,178315223.0,1960.0,0.2995110024449878
w=32,48,6,8,12,15,32,28,0,0,128.0,6544,231934.0,2964452.0,3126.0,0.4776894865525672
w=32,48,6,8,16,11,32,28,0,0,128.0,6544,231934.0,1522653.0,3123.0,0.47723105134474325
w=32,48,8,6,8,16,32,28,0,0,128.0,6544,57982.0,2560999.0,3901.0,0.5961185819070904
w=256,40,8,5,14,15,256,18,0,0,128.0,6544,147710.0,3016669.0,18929.0,2.8925733496332517
w=256,40,8,5,16,13,256,18,0,0,128.0,6544,147710.0,1705945.0,18927.0,2.892267726161369
w=256,42,2,21,22,14,256,18,0,0,128.0,6544,9680453630.0,19362349019.0,5333.0,0.8149449877750611
w=256,42,3,14,24,12,256,18,0,0,128.0,6544,75628542.0,227278805.0,7596.0,1.1607579462102688
w=256,42,7,6,12,19,256,18,0,0,128.0,6544,295422.0,27233762.0,16665.0,2.5466075794621026
w=256,42,7,6,15,15,256,18,0,0,128.0,6544,295422.0,4034013.0,16663.0,2.54630195599022
w=256,42,7,6,16,14,256,18,0,0,128.0,6544,295422.0,3116507.0,16662.0,2.5461491442542785
w=256,42,7,6,20,11,256,18,0,0,128.0,6544,295422.0,2231764.0,16659.0,2.545690709046455
w=256,42,7,6,24,9,256,18,0,0,128.0,6544,295422.0,2117069.0,16656.0,2.545232273838631
w=256,45,5,9,13,20,256,18,0,0,128.0,6544,2363390.0,66342884.0,12134.0,1.8542176039119804
w=256,45,5,9,21,12,256,18,0,0,128.0,6544,2363390.0,12160982.0,12128.0,1.8533007334963325
w=256,48,2,24,18,17,256,18,0,0,128.0,6544,77443629054.0,154896695266.0,5336.0,0.815403422982885
w=256,48,3,16,17,17,256,18,0,0,128.0,6544,302514174.0,916455393.0,7601.0,1.1615220048899755
w=256,48,3,16,18,16,256,18,0,0,128.0,6544,302514174.0,912261088.0,7601.0,1.1615220048899755
w=256,48,4,12,16,17,256,18,0,0,128.0,6544,18907134.0,84017121.0,9867.0,1.5077933985330074
w=256,48,4,12,18,15,256,18,0,0,128.0,6544,18907134.0,77987806.0,9866.0,1.507640586797066
w=256,48,4,12,24,11,256,18,0,0,128.0,6544,18907134.0,75825107.0,9861.0,1.5068765281173595
w=256,48,6,8,12,20,256,18,0,0,128.0,6544,1181694.0,57421796.0,14400.0,2.2004889975550124
w=256,48,6,8,14,17,256,18,0,0,128.0,6544,1181694.0,14430177.0,14399.0,2.200336185819071
w=256,48,6,8,18,13,256,18,0,0,128.0,6544,1181694.0,7679962.0,14396.0,2.199877750611247
w=256,48,6,8,21,11,256,18,0,0,128.0,6544,1181694.0,7262164.0,14393.0,2.199419315403423
w=256,48,8,6,12,17,256,18,0,0,128.0,6544,295422.0,8654816.0,18930.0,2.8927261613691932
w=256,48,8,6,18,11,256,18,0,0,128.0,6544,295422.0,2510806.0,18926.0,2.8921149144254277
w=256,48,8,6,24,8,256,18,0,0,128.0,6544,295422.0,2387915.0,18921.0,2.8913508557457215
w=256,48,12,4,8,17,256,18,0,0,128.0,6544,73854.0,5080543.0,27993.0,4.277658924205379
w=256,48,12,4,9,15,256,18,0,0,128.0,6544,73854.0,2065885.0,27992.0,4.277506112469438
w=256,48,12,4,12,11,256,18,0,0,128.0,6544,73854.0,984536.0,27990.0,4.277200488997555
w=256,48,12,4,16,8,256,18,0,0,128.0,6544,73854.0,902609.0,27987.0,4.276742053789731
w=256,50,2,25,23,13,256,18,0,0,128.0,6544,154887258110.0,309775269849.0,5332.0,0.8147921760391198
w=16,40,2,20,23,12,16,35,0,0,128.0,6560,599785470.0,1199947737.0,1208.0,0.18414634146341463
w=16,44,4,11,15,14,16,35,0,0,128.0,6560,1171454.0,5668835.0,1618.0,0.24664634146341463
w=16,45,5,9,9,20,16,35,0,0,128.0,6560,292862.0,39213035.0,1824.0,0.2780487804878049
w=16,45,5,9,21,8,16,35,0,0,128.0,6560,292862.0,1485782.0,1815.0,0.2766768292682927
w=16,48,3,16,16,15,16,35,0,0,128.0,6560,37486590.0,114556899.0,1415.0,0.21570121951219512
w=16,48,4,12,13,16,16,35,0,0,128.0,6560,2342910.0,12779494.0,1619.0,0.24679878048780488
w=16,48,4,12,17,12,16,35,0,0,128.0,6560,2342910.0,9650143.0,1616.0,0.24634146341463414
w=16,50,2,25,17,16,16,35,0,0,128.0,6560,19193135102.0,38390726627.0,1212.0,0.1847560975609756
w=32,42,7,6,9,18,32,28,0,0,128.0,6560,57982.0,9843047.0,3516.0,0.5359756097560976
w=32,44,4,11,23,10,32,28,0,0,128.0,6560,1855486.0,7516117.0,2348.0,0.35792682926829267
w=32,45,3,15,14,19,32,28,0,0,128.0,6560,29687806.0,118423527.0,1969.0,0.30015243902439026
w=32,45,3,15,20,13,32,28,0,0,128.0,6560,29687806.0,89718748.0,1964.0,0.299390243902439
w=32,45,5,9,14,15,32,28,0,0,128.0,6560,463870.0,4154339.0,2741.0,0.41783536585365855
w=32,45,5,9,16,13,32,28,0,0,128.0,6560,463870.0,2843615.0,2739.0,0.41753048780487806
w=256,40,8,5,15,14,256,18,0,0,128.0,6560,147710.0,2164699.0,18930.0,2.885670731707317
w=256,40,10,4,9,20,256,18,0,0,128.0,6560,73854.0,38487265.0,23464.0,3.5768292682926828
w=256,48,4,12,17,16,256,18,0,0,128.0,6560,18907134.0,80084959.0,9868.0,1.5042682926829267
w=256,48,6,8,23,10,256,18,0,0,128.0,6560,1181694.0,7184337.0,14394.0,2.194207317073171
w=256,49,7,7,13,17,256,18,0,0,128.0,6560,590846.0,10951648.0,16666.0,2.540548780487805
w=256,49,7,7,18,12,256,18,0,0,128.0,6560,590846.0,4430808.0,16663.0,2.540091463414634
w=256,50,2,25,17,18,256,18,0,0,128.0,6560,154887258110.0,309792341987.0,5338.0,0.813719512195122
w=256,50,2,25,19,16,256,18,0,0,128.0,6560,154887258110.0,309779496928.0,5337.0,0.8135670731707317
w=16,40,2,20,15,19,16,35,0,0,128.0,6576,599785470.0,1231028199.0,1216.0,0.18491484184914841
w=16,40,2,20,20,14,16,35,0,0,128.0,6576,599785470.0,1200881630.0,1212.0,0.1843065693430657
w=16,40,4,10,23,9,16,35,0,0,128.0,6576,585726.0,2389973.0,1614.0,0.24543795620437955
w=16,40,5,8,13,14,16,35,0,0,128.0,6576,146430.0,1584100.0,1823.0,0.27722019464720193
w=16,40,5,8,15,12,16,35,0,0,128.0,6576,146430.0,977889.0,1822.0,0.27706812652068125
w=16,45,3,15,13,19,16,35,0,0,128.0,6576,18743294.0,83492840.0,1419.0,0.21578467153284672
w=16,45,3,15,20,12,16,35,0,0,128.0,6576,18743294.0,56557532.0,1414.0,0.2150243309002433
w=16,45,5,9,10,18,16,35,0,0,128.0,6576,292862.0,11950058.0,1826.0,0.277676399026764
w=16,45,5,9,19,9,16,35,0,0,128.0,6576,292862.0,1503194.0,1819.0,0.27661192214111924
w=16,46,2,23,14,20,16,35,0,0,128.0,6576,4798283774.0,9655287785.0,1217.0,0.1850669099756691
w=16,46,2,23,21,13,16,35,0,0,128.0,6576,4798283774.0,9597255644.0,1211.0,0.184154501216545
w=16,48,6,8,8,18,16,35,0,0,128.0,6576,146430.0,9267179.0,2029.0,0.3085462287104623
w=32,40,5,8,23,9,32,28,0,0,128.0,6576,231934.0,1206739.0,2736.0,0.41605839416058393
w=32,42,2,21,24,12,32,28,0,0,128.0,6576,1900019710.0,3800432599.0,1577.0,0.23981143552311435
w=32,42,6,7,10,19,32,28,0,0,128.0,6576,115966.0,21667304.0,3132.0,0.4762773722627737
w=32,42,6,7,20,9,32,28,0,0,128.0,6576,115966.0,736726.0,3124.0,0.4750608272506083
w=32,45,5,9,15,14,32,28,0,0,128.0,6576,463870.0,3302369.0,2742.0,0.416970802919708
w=32,46,2,23,22,13,32,28,0,0,128.0,6576,7600078846.0,15200878555.0,1579.0,0.24011557177615572
w=32,48,2,24,17,17,32,28,0,0,128.0,6576,15200157694.0,30409228259.0,1582.0,0.24057177615571776
w=32,48,2,24,18,16,32,28,0,0,128.0,6576,15200157694.0,30405033954.0,1582.0,0.24057177615571776
w=32,49,7,7,11,14,32,28,0,0,128.0,6576,115966.0,1532644.0,3517.0,0.534823600973236
w=32,49,7,7,15,10,32,28,0,0,128.0,6576,115966.0,873181.0,3514.0,0.5343673965936739
w=32,50,2,25,16,18,32,28,0,0,128.0,6576,30400315390.0,60817407973.0,1583.0,0.24072384428223845
w=32,50,2,25,19,15,32,28,0,0,128.0,6576,30400315390.0,60803121120.0,1581.0,0.24041970802919707
w=32,50,5,10,11,19,32,28,0,0,128.0,6576,927742.0,27707368.0,2745.0,0.41742700729927007
w=32,50,5,10,20,10,32,28,0,0,128.0,6576,927742.0,4720600.0,2738.0,0.4163625304136253
w=32,50,5,10,22,9,32,28,0,0,128.0,6576,927742.0,4683733.0,2737.0,0.4162104622871046
w=256,40,5,8,14,19,256,18,0,0,128.0,6576,1181694.0,35268579.0,12138.0,1.8458029197080292
w=256,40,5,8,20,13,256,18,0,0,128.0,6576,1181694.0,6563800.0,12133.0,1.8450425790754257
w=256,40,10,4,10,18,256,18,0,0,128.0,6576,73854.0,11224288.0,23466.0,3.5684306569343067
w=256,40,10,4,19,9,256,18,0,0,128.0,6576,73854.0,777424.0,23459.0,3.567366180048662
w=256,42,6,7,13,19,256,18,0,0,128.0,6576,590846.0,30808034.0,14403.0,2.190237226277372
w=256,42,6,7,20,12,256,18,0,0,128.0,6576,590846.0,3872726.0,14398.0,2.189476885644769
w=256,42,7,6,22,10,256,18,0,0,128.0,6576,295422.0,2158033.0,16662.0,2.533759124087591
w=256,44,2,22,22,14,256,18,0,0,128.0,6576,19360907262.0,38723256283.0,5337.0,0.8115875912408759
w=256,44,4,11,14,20,256,18,0,0,128.0,6576,9453566.0,96534501.0,9873.0,1.501368613138686
w=256,44,4,11,21,13,256,18,0,0,128.0,6576,9453566.0,38502360.0,9867.0,1.500456204379562
w=256,44,11,4,8,20,256,18,0,0,128.0,6576,73854.0,34366817.0,25732.0,3.9130170316301705
w=256,44,11,4,12,13,256,18,0,0,128.0,6576,73854.0,1205594.0,25729.0,3.912560827250608
w=256,44,11,4,14,11,256,18,0,0,128.0,6576,73854.0,927063.0,25728.0,3.9124087591240877
w=256,48,3,16,22,13,256,18,0,0,128.0,6576,302514174.0,908263385.0,7602.0,1.156021897810219
w=256,50,2,25,18,17,256,18,0,0,128.0,6576,154887258110.0,309783953378.0,5340.0,0.8120437956204379
w=256,50,5,10,15,17,256,18,0,0,128.0,6576,4726782.0,31498209.0,12137.0,1.8456508515815084
w=256,50,5,10,18,14,256,18,0,0,128.0,6576,4726782.0,24813532.0,12135.0,1.845346715328467
w=256,50,10,5,9,19,256,18,0,0,128.0,6576,147710.0,20351457.0,23466.0,3.5684306569343067
w=256,50,10,5,10,17,256,18,0,0,128.0,6576,147710.0,6719968.0,23466.0,3.5684306569343067
w=256,50,10,5,12,14,256,18,0,0,128.0,6576,147710.0,2263516.0,23464.0,3.568126520681265
w=256,50,10,5,15,11,256,18,0,0,128.0,6576,147710.0,1599959.0,23462.0,3.567822384428224
w=256,50,10,5,18,9,256,18,0,0,128.0,6576,147710.0,1513938.0,23460.0,3.5675182481751824
w=256,50,10,5,20,8,256,18,0,0,128.0,6576,147710.0,1497550.0,23458.0,3.567214111922141
w=16,40,4,10,11,20,16,35,0,0,128.0,6592,585726.0,48480234.0,1625.0,0.24651092233009708
w=16,40,4,10,21,10,16,35,0,0,128.0,6592,585726.0,2428888.0,1617.0,0.24529733009708737
w=16,40,5,8,14,13,16,35,0,0,128.0,6592,146430.0,1190883.0,1825.0,0.2768507281553398
w=16,42,2,21,23,12,16,35,0,0,128.0,6592,1199570942.0,2399518681.0,1212.0,0.18385922330097088
w=16,42,3,14,22,11,16,35,0,0,128.0,6592,9371646.0,28295129.0,1415.0,0.21465412621359223
w=16,42,3,14,24,10,16,35,0,0,128.0,6592,9371646.0,28213205.0,1413.0,0.21435072815533981
w=16,48,6,8,9,16,16,35,0,0,128.0,6592,146430.0,3237865.0,2030.0,0.3079490291262136
w=16,48,6,8,17,8,16,35,0,0,128.0,6592,146430.0,895963.0,2024.0,0.3070388349514563
w=32,40,2,20,15,20,32,28,0,0,128.0,6592,950009854.0,1962934247.0,1586.0,0.24059466019417475
w=32,40,2,20,21,14,32,28,0,0,128.0,6592,950009854.0,1901395932.0,1581.0,0.2398361650485437
w=32,40,5,8,11,20,32,28,0,0,128.0,6592,231934.0,47297000.0,2747.0,0.41671723300970875
w=32,40,5,8,21,10,32,28,0,0,128.0,6592,231934.0,1245654.0,2739.0,0.41550364077669905
w=32,40,8,5,7,20,32,28,0,0,128.0,6592,28990.0,29592041.0,3908.0,0.5928398058252428
w=32,42,3,14,15,18,32,28,0,0,128.0,6592,14843902.0,60260325.0,1972.0,0.2991504854368932
w=32,42,3,14,19,14,32,28,0,0,128.0,6592,14843902.0,45776862.0,1969.0,0.2986953883495146
w=32,44,4,11,15,16,32,28,0,0,128.0,6592,1855486.0,11354083.0,2358.0,0.35770631067961167
w=32,44,4,11,17,14,32,28,0,0,128.0,6592,1855486.0,8536031.0,2356.0,0.3574029126213592
w=32,48,6,8,13,14,32,28,0,0,128.0,6592,231934.0,2243554.0,3131.0,0.47496966019417475
w=32,48,6,8,15,12,32,28,0,0,128.0,6592,231934.0,1637343.0,3130.0,0.47481796116504854
w=32,50,5,10,13,16,32,28,0,0,128.0,6592,927742.0,8046564.0,2745.0,0.4164138349514563
w=32,50,5,10,17,12,32,28,0,0,128.0,6592,927742.0,4917213.0,2742.0,0.41595873786407767
w=256,40,4,10,23,12,256,18,0,0,128.0,6592,4726782.0,19283925.0,9868.0,1.4969660194174756
w=256,42,3,14,15,20,256,18,0,0,128.0,6592,75628542.0,289800165.0,7609.0,1.1542779126213591
w=256,42,3,14,21,14,256,18,0,0,128.0,6592,75628542.0,228261850.0,7604.0,1.1535194174757282
w=256,44,11,4,13,12,256,18,0,0,128.0,6592,73854.0,1025368.0,25730.0,3.9032160194174756
w=256,45,3,15,24,12,256,18,0,0,128.0,6592,151257086.0,454164437.0,7602.0,1.1532160194174756
w=256,45,5,9,23,11,256,18,0,0,128.0,6592,2363390.0,12005331.0,12133.0,1.8405643203883495
w=256,45,9,5,12,16,256,18,0,0,128.0,6592,147710.0,4475102.0,21201.0,3.2161711165048543
w=256,45,9,5,17,11,256,18,0,0,128.0,6592,147710.0,1468629.0,21197.0,3.2155643203883497
w=256,48,6,8,15,16,256,18,0,0,128.0,6592,1181694.0,11022303.0,14404.0,2.1850728155339807
w=256,48,6,8,17,14,256,18,0,0,128.0,6592,1181694.0,8204251.0,14402.0,2.184769417475728
w=256,48,12,4,7,20,256,18,0,0,128.0,6592,73854.0,30246369.0,28000.0,4.247572815533981
w=16,42,2,21,15,19,16,35,0,0,128.0,6608,1199570942.0,2430599143.0,1220.0,0.18462469733656175
w=16,42,2,21,20,14,16,35,0,0,128.0,6608,1199570942.0,2400452574.0,1216.0,0.18401937046004843
w=16,42,6,7,8,19,16,35,0,0,128.0,6608,73214.0,17216491.0,2033.0,0.30765738498789347
w=16,42,6,7,10,15,16,35,0,0,128.0,6608,73214.0,1749992.0,2032.0,0.3075060532687651
w=16,44,4,11,12,18,16,35,0,0,128.0,6608,1171454.0,17268712.0,1626.0,0.24606537530266342
w=16,44,4,11,19,11,16,35,0,0,128.0,6608,1171454.0,4841436.0,1621.0,0.24530871670702178
w=16,45,5,9,12,15,16,35,0,0,128.0,6608,292862.0,3037158.0,1828.0,0.27663438256658596
w=16,45,5,9,16,11,16,35,0,0,128.0,6608,292862.0,1595359.0,1825.0,0.276180387409201
w=16,48,2,24,14,20,16,35,0,0,128.0,6608,9596567550.0,19251855337.0,1221.0,0.18477602905569007
w=16,48,2,24,21,13,16,35,0,0,128.0,6608,9596567550.0,19193823196.0,1215.0,0.1838680387409201
w=16,48,4,12,14,15,16,35,0,0,128.0,6608,2342910.0,11206629.0,1625.0,0.2459140435835351
w=16,48,4,12,16,13,16,35,0,0,128.0,6608,2342910.0,9895905.0,1623.0,0.24561138014527845
w=16,48,6,8,11,13,16,35,0,0,128.0,6608,146430.0,1239014.0,2031.0,0.3073547215496368
w=16,48,6,8,14,10,16,35,0,0,128.0,6608,146430.0,935905.0,2029.0,0.30705205811138014
w=16,50,5,10,11,16,16,35,0,0,128.0,6608,585726.0,5812200.0,1829.0,0.2767857142857143
w=16,50,5,10,17,10,16,35,0,0,128.0,6608,585726.0,2998237.0,1824.0,0.27602905569007263
w=32,40,4,10,13,19,32,28,0,0,128.0,6608,927742.0,30973926.0,2361.0,0.3572941888619855
w=32,40,4,10,20,12,32,28,0,0,128.0,6608,927742.0,4038618.0,2356.0,0.3565375302663438
w=32,42,3,14,22,12,32,28,0,0,128.0,6608,14843902.0,44892121.0,1969.0,0.2979721549636804
w=32,44,2,22,24,12,32,28,0,0,128.0,6608,3800039422.0,7600472023.0,1581.0,0.23925544794188863
w=32,44,4,11,16,15,32,28,0,0,128.0,6608,1855486.0,9519073.0,2359.0,0.3569915254237288
w=32,48,2,24,22,13,32,28,0,0,128.0,6608,15200157694.0,30401036251.0,1583.0,0.23955811138014527
w=32,48,3,16,14,19,32,28,0,0,128.0,6608,59375614.0,207486951.0,1975.0,0.29888014527845036
w=32,48,3,16,20,13,32,28,0,0,128.0,6608,59375614.0,178782172.0,1970.0,0.2981234866828087
w=32,48,4,12,12,20,32,28,0,0,128.0,6608,3710974.0,65175528.0,2362.0,0.3574455205811138
w=32,48,4,12,14,17,32,28,0,0,128.0,6608,3710974.0,22183909.0,2361.0,0.3572941888619855
w=32,48,4,12,18,13,32,28,0,0,128.0,6608,3710974.0,15433694.0,2358.0,0.35684019370460046
w=32,48,4,12,21,11,32,28,0,0,128.0,6608,3710974.0,15015896.0,2355.0,0.3563861985472155
w=32,48,6,8,14,13,32,28,0,0,128.0,6608,231934.0,1850337.0,3133.0,0.4741222760290557
w=32,48,8,6,7,19,32,28,0,0,128.0,6608,57982.0,15143913.0,3910.0,0.5917070217917676
w=32,48,8,6,10,13,32,28,0,0,128.0,6608,57982.0,791524.0,3908.0,0.5914043583535109
w=32,48,8,6,14,9,32,28,0,0,128.0,6608,57982.0,492509.0,3905.0,0.5909503631961259
w=32,50,2,25,17,17,32,28,0,0,128.0,6608,30400315390.0,60809543651.0,1586.0,0.24001210653753027
w=32,50,2,25,18,16,32,28,0,0,128.0,6608,30400315390.0,60805349346.0,1586.0,0.24001210653753027
w=256,40,2,20,16,20,256,18,0,0,128.0,6608,4840226814.0,9747562469.0,5345.0,0.8088680387409201
w=256,40,2,20,21,15,256,18,0,0,128.0,6608,4840226814.0,9683206108.0,5341.0,0.8082627118644068
w=256,40,2,20,24,13,256,18,0,0,128.0,6608,4840226814.0,9681240023.0,5339.0,0.8079600484261501
w=256,40,4,10,15,19,256,18,0,0,128.0,6608,4726782.0,50364387.0,9876.0,1.4945520581113803
w=256,40,4,10,20,14,256,18,0,0,128.0,6608,4726782.0,20217818.0,9872.0,1.4939467312348669
w=256,40,8,5,12,18,256,18,0,0,128.0,6608,147710.0,13764576.0,18938.0,2.8659200968523004
w=256,40,8,5,19,11,256,18,0,0,128.0,6608,147710.0,1337300.0,18933.0,2.8651634382566584
w=256,40,10,4,12,15,256,18,0,0,128.0,6608,73854.0,2311388.0,23468.0,3.551452784503632
w=256,40,10,4,16,11,256,18,0,0,128.0,6608,73854.0,869589.0,23465.0,3.550998789346247
w=256,44,11,4,10,16,256,18,0,0,128.0,6608,73854.0,3433822.0,25735.0,3.8945217917675543
w=256,44,11,4,17,9,256,18,0,0,128.0,6608,73854.0,847185.0,25729.0,3.8936138014527844
w=256,46,2,23,22,14,256,18,0,0,128.0,6608,38721814526.0,77445070811.0,5341.0,0.8082627118644068
w=256,48,6,8,16,15,256,18,0,0,128.0,6608,1181694.0,9187293.0,14405.0,2.1799334140435835
w=256,48,8,6,11,19,256,18,0,0,128.0,6608,295422.0,25432034.0,18939.0,2.8660714285714284
w=256,48,8,6,20,10,256,18,0,0,128.0,6608,295422.0,2445266.0,18932.0,2.8650121065375305
w=256,48,8,6,22,9,256,18,0,0,128.0,6608,295422.0,2408399.0,18931.0,2.864860774818402
w=256,50,5,10,16,16,256,18,0,0,128.0,6608,4726782.0,27828191.0,12140.0,1.8371670702179177
w=256,50,5,10,17,15,256,18,0,0,128.0,6608,4726782.0,25862109.0,12139.0,1.8370157384987893
w=256,50,10,5,13,13,256,18,0,0,128.0,6608,147710.0,1903066.0,23467.0,3.5513014527845037
w=256,50,10,5,14,12,256,18,0,0,128.0,6608,147710.0,1706457.0,23467.0,3.5513014527845037
w=16,40,5,8,11,17,16,35,0,0,128.0,6624,146430.0,6499304.0,1831.0,0.27641908212560384
w=16,40,5,8,18,10,16,35,0,0,128.0,6624,146430.0,805852.0,1826.0,0.27566425120772947
w=16,42,3,14,14,18,16,35,0,0,128.0,6624,9371646.0,42794983.0,1425.0,0.2151268115942029
w=16,42,3,14,19,13,16,35,0,0,128.0,6624,9371646.0,28737502.0,1421.0,0.2145229468599034
w=16,44,2,22,23,12,16,35,0,0,128.0,6624,2399141886.0,4798660569.0,1216.0,0.18357487922705315
w=16,48,3,16,13,19,16,35,0,0,128.0,6624,37486590.0,139722728.0,1425.0,0.2151268115942029
w=16,48,3,16,20,12,16,35,0,0,128.0,6624,37486590.0,112787420.0,1420.0,0.2143719806763285
w=16,48,4,12,15,14,16,35,0,0,128.0,6624,2342910.0,10354659.0,1626.0,0.24547101449275363
w=32,42,2,21,15,20,32,28,0,0,128.0,6624,1900019710.0,3862953959.0,1590.0,0.24003623188405798
w=32,42,2,21,21,14,32,28,0,0,128.0,6624,1900019710.0,3801415644.0,1585.0,0.23928140096618358
w=32,45,5,9,12,18,32,28,0,0,128.0,6624,463870.0,14902246.0,2750.0,0.4151570048309179
w=32,45,5,9,19,11,32,28,0,0,128.0,6624,463870.0,2474970.0,2745.0,0.41440217391304346
w=32,48,4,12,23,10,32,28,0,0,128.0,6624,3710974.0,14938069.0,2356.0,0.3556763285024155
w=32,49,7,7,8,20,32,28,0,0,128.0,6624,115966.0,34366185.0,3525.0,0.5321557971014492
w=32,49,7,7,12,13,32,28,0,0,128.0,6624,115966.0,1204962.0,3522.0,0.5317028985507246
w=32,49,7,7,14,11,32,28,0,0,128.0,6624,115966.0,926431.0,3521.0,0.5315519323671497
w=256,44,11,4,9,18,256,18,0,0,128.0,6624,73854.0,10249567.0,25737.0,3.8854166666666665
w=256,44,11,4,19,8,256,18,0,0,128.0,6624,73854.0,831822.0,25730.0,3.8843599033816427
w=256,48,8,6,13,16,256,18,0,0,128.0,6624,295422.0,5771230.0,18939.0,2.8591485507246377
w=256,48,8,6,17,12,256,18,0,0,128.0,6624,295422.0,2641879.0,18936.0,2.858695652173913
w=256,49,7,7,14,16,256,18,0,0,128.0,6624,590846.0,7805919.0,16674.0,2.517210144927536
w=256,49,7,7,17,13,256,18,0,0,128.0,6624,590846.0,4692953.0,16671.0,2.5167572463768115
w=256,50,5,10,13,20,256,18,0,0,128.0,6624,4726782.0,78159844.0,12144.0,1.8333333333333333
w=256,50,5,10,21,12,256,18,0,0,128.0,6624,4726782.0,23977942.0,12138.0,1.832427536231884
w=16,40,2,20,16,18,16,35,0,0,128.0,6640,599785470.0,1216348133.0,1223.0,0.18418674698795182
w=16,40,2,20,19,15,16,35,0,0,128.0,6640,599785470.0,1202061280.0,1221.0,0.1838855421686747
w=16,40,4,10,13,17,16,35,0,0,128.0,6640,585726.0,9158630.0,1629.0,0.24533132530120483
w=16,40,4,10,18,12,16,35,0,0,128.0,6640,585726.0,2637790.0,1626.0,0.24487951807228917
w=16,42,6,7,9,17,16,35,0,0,128.0,6640,73214.0,5157865.0,2036.0,0.3066265060240964
w=16,44,2,22,15,19,16,35,0,0,128.0,6640,2399141886.0,4829741031.0,1224.0,0.18433734939759036
w=16,44,2,22,20,14,16,35,0,0,128.0,6640,2399141886.0,4799594462.0,1220.0,0.18373493975903615
w=16,44,4,11,23,9,16,35,0,0,128.0,6640,1171454.0,4732885.0,1622.0,0.24427710843373493
w=16,45,3,15,22,11,16,35,0,0,128.0,6640,18743294.0,56410073.0,1421.0,0.21400602409638556
w=16,45,3,15,24,10,16,35,0,0,128.0,6640,18743294.0,56328149.0,1419.0,0.21370481927710844
w=16,48,6,8,12,12,16,35,0,0,128.0,6640,146430.0,1075172.0,2034.0,0.30632530120481927
w=16,48,6,8,13,11,16,35,0,0,128.0,6640,146430.0,985058.0,2033.0,0.3061746987951807
w=16,50,2,25,14,20,16,35,0,0,128.0,6640,19193135102.0,38444990441.0,1225.0,0.1844879518072289
w=16,50,2,25,21,13,16,35,0,0,128.0,6640,19193135102.0,38386958300.0,1219.0,0.18358433734939758
w=16,50,5,10,9,20,16,35,0,0,128.0,6640,585726.0,40677355.0,1834.0,0.27620481927710844
w=16,50,5,10,21,8,16,35,0,0,128.0,6640,585726.0,2950102.0,1825.0,0.2748493975903614
w=32,40,5,8,13,17,32,28,0,0,128.0,6640,231934.0,7975396.0,2751.0,0.41430722891566263
w=32,40,5,8,18,12,32,28,0,0,128.0,6640,231934.0,1454556.0,2748.0,0.413855421686747
w=32,42,3,14,16,17,32,28,0,0,128.0,6640,14843902.0,52920291.0,1977.0,0.2977409638554217
w=32,42,3,14,18,15,32,28,0,0,128.0,6640,14843902.0,46890976.0,1976.0,0.29759036144578316
w=32,42,3,14,24,11,32,28,0,0,128.0,6640,14843902.0,44728277.0,1971.0,0.2968373493975904
w=32,42,6,7,12,16,32,28,0,0,128.0,6640,115966.0,3841508.0,3138.0,0.47259036144578315
w=32,42,6,7,17,11,32,28,0,0,128.0,6640,115966.0,835035.0,3134.0,0.4719879518072289
w=32,42,7,6,11,15,32,28,0,0,128.0,6640,57982.0,1847652.0,3525.0,0.5308734939759037
w=32,42,7,6,16,10,32,28,0,0,128.0,6640,57982.0,471387.0,3521.0,0.5302710843373494
w=32,45,3,15,15,18,32,28,0,0,128.0,6640,29687806.0,104792037.0,1978.0,0.29789156626506025
w=32,45,3,15,19,14,32,28,0,0,128.0,6640,29687806.0,90308574.0,1975.0,0.29743975903614456
w=32,46,2,23,24,12,32,28,0,0,128.0,6640,7600078846.0,15200550871.0,1585.0,0.23870481927710843
w=32,48,6,8,11,17,32,28,0,0,128.0,6640,231934.0,7158758.0,3139.0,0.4727409638554217
w=32,48,6,8,18,10,32,28,0,0,128.0,6640,231934.0,1465306.0,3134.0,0.4719879518072289
w=32,48,6,8,22,8,32,28,0,0,128.0,6640,231934.0,1414099.0,3131.0,0.4715361445783133
w=32,49,7,7,13,12,32,28,0,0,128.0,6640,115966.0,1024736.0,3523.0,0.5305722891566265
w=32,50,2,25,22,13,32,28,0,0,128.0,6640,30400315390.0,60801351643.0,1587.0,0.23900602409638555
w=32,50,5,10,14,15,32,28,0,0,128.0,6640,927742.0,6473699.0,2751.0,0.41430722891566263
w=32,50,5,10,16,13,32,28,0,0,128.0,6640,927742.0,5162975.0,2749.0,0.41400602409638554
w=256,40,8,5,23,9,256,18,0,0,128.0,6640,147710.0,1228749.0,18934.0,2.8515060240963854
w=256,42,2,21,16,20,256,18,0,0,128.0,6640,9680453630.0,19428016101.0,5349.0,0.8055722891566265
w=256,42,2,21,21,15,256,18,0,0,128.0,6640,9680453630.0,19363659740.0,5345.0,0.8049698795180723
w=256,42,2,21,24,13,256,18,0,0,128.0,6640,9680453630.0,19361693655.0,5343.0,0.8046686746987952
w=256,42,6,7,22,11,256,18,0,0,128.0,6640,590846.0,3725267.0,14405.0,2.1694277108433737
w=256,42,6,7,24,10,256,18,0,0,128.0,6640,590846.0,3643343.0,14403.0,2.1691265060240963
w=256,45,3,15,15,20,256,18,0,0,128.0,6640,151257086.0,516685797.0,7615.0,1.1468373493975903
w=256,45,3,15,21,14,256,18,0,0,128.0,6640,151257086.0,455147482.0,7610.0,1.1460843373493976
w=256,45,9,5,23,8,256,18,0,0,128.0,6640,147710.0,1352907.0,21199.0,3.192620481927711
w=256,48,2,24,22,14,256,18,0,0,128.0,6640,77443629054.0,154888699867.0,5345.0,0.8049698795180723
w=256,48,3,16,24,12,256,18,0,0,128.0,6640,302514174.0,907935701.0,7608.0,1.1457831325301204
w=256,48,4,12,14,20,256,18,0,0,128.0,6640,18907134.0,134348773.0,9881.0,1.4881024096385542
w=256,48,4,12,21,13,256,18,0,0,128.0,6640,18907134.0,76316632.0,9875.0,1.4871987951807228
w=256,48,12,4,10,14,256,18,0,0,128.0,6640,73854.0,1541596.0,28004.0,4.217469879518072
w=256,48,12,4,15,9,256,18,0,0,128.0,6640,73854.0,916947.0,28000.0,4.216867469879518
w=16,40,5,8,10,19,16,35,0,0,128.0,6656,146430.0,21703658.0,1836.0,0.27584134615384615
w=16,40,5,8,20,9,16,35,0,0,128.0,6656,146430.0,773080.0,1828.0,0.2746394230769231
w=16,44,4,11,11,20,16,35,0,0,128.0,6656,1171454.0,50823146.0,1633.0,0.24534254807692307
w=16,44,4,11,21,10,16,35,0,0,128.0,6656,1171454.0,4771800.0,1625.0,0.244140625
w=16,45,5,9,13,14,16,35,0,0,128.0,6656,292862.0,2316260.0,1833.0,0.275390625
w=16,45,5,9,15,12,16,35,0,0,128.0,6656,292862.0,1710049.0,1832.0,0.27524038461538464
w=16,46,2,23,23,12,16,35,0,0,128.0,6656,4798283774.0,9596944345.0,1220.0,0.18329326923076922
w=16,50,5,10,10,18,16,35,0,0,128.0,6656,585726.0,13414378.0,1836.0,0.27584134615384615
w=16,50,5,10,19,9,16,35,0,0,128.0,6656,585726.0,2967514.0,1829.0,0.27478966346153844
w=32,42,3,14,17,16,32,28,0,0,128.0,6656,14843902.0,48988129.0,1978.0,0.2971754807692308
w=32,44,2,22,15,20,32,28,0,0,128.0,6656,3800039422.0,7662993383.0,1594.0,0.23948317307692307
w=32,44,2,22,21,14,32,28,0,0,128.0,6656,3800039422.0,7601455068.0,1589.0,0.23873197115384615
w=32,45,3,15,22,12,32,28,0,0,128.0,6656,29687806.0,89423833.0,1975.0,0.29672475961538464
w=32,45,5,9,23,9,32,28,0,0,128.0,6656,463870.0,2366419.0,2746.0,0.41256009615384615
w=32,48,4,12,15,16,32,28,0,0,128.0,6656,3710974.0,18776035.0,2366.0,0.35546875
w=32,48,4,12,17,14,32,28,0,0,128.0,6656,3710974.0,15957983.0,2364.0,0.3551682692307692
w=32,48,8,6,11,12,32,28,0,0,128.0,6656,57982.0,644066.0,3913.0,0.587890625
w=32,48,8,6,13,10,32,28,0,0,128.0,6656,57982.0,517086.0,3911.0,0.5875901442307693
w=32,49,7,7,10,16,32,28,0,0,128.0,6656,115966.0,3433190.0,3528.0,0.5300480769230769
w=32,49,7,7,17,9,32,28,0,0,128.0,6656,115966.0,846553.0,3522.0,0.5291466346153846
w=32,50,5,10,15,14,32,28,0,0,128.0,6656,927742.0,5621729.0,2752.0,0.41346153846153844
w=256,40,5,8,15,18,256,18,0,0,128.0,6656,1181694.0,21637089.0,12147.0,1.8249699519230769
w=256,40,5,8,19,14,256,18,0,0,128.0,6656,1181694.0,7153626.0,12144.0,1.8245192307692308
w=256,40,8,5,11,20,256,18,0,0,128.0,6656,147710.0,47319010.0,18945.0,2.8463040865384617
w=256,40,8,5,21,10,256,18,0,0,128.0,6656,147710.0,1267664.0,18937.0,2.8451021634615383
w=256,40,10,4,13,14,256,18,0,0,128.0,6656,73854.0,1590490.0,23473.0,3.526592548076923
w=256,40,10,4,15,12,256,18,0,0,128.0,6656,73854.0,984279.0,23472.0,3.5264423076923075
w=256,42,7,6,13,18,256,18,0,0,128.0,6656,295422.0,15699424.0,16678.0,2.5057091346153846
w=256,42,7,6,19,12,256,18,0,0,128.0,6656,295422.0,2379222.0,16674.0,2.505108173076923
w=256,44,4,11,23,12,256,18,0,0,128.0,6656,9453566.0,38191061.0,9876.0,1.4837740384615385
w=256,45,5,9,14,19,256,18,0,0,128.0,6656,2363390.0,41177059.0,12148.0,1.8251201923076923
w=256,45,5,9,20,13,256,18,0,0,128.0,6656,2363390.0,12472280.0,12143.0,1.8243689903846154
w=256,45,9,5,13,15,256,18,0,0,128.0,6656,147710.0,3033308.0,21208.0,3.186298076923077
w=256,45,9,5,16,12,256,18,0,0,128.0,6656,147710.0,1591511.0,21206.0,3.1859975961538463
w=256,49,7,7,12,19,256,18,0,0,128.0,6656,590846.0,29301730.0,16679.0,2.505859375
w=256,49,7,7,15,15,256,18,0,0,128.0,6656,590846.0,6101981.0,16677.0,2.505558894230769
w=256,49,7,7,16,14,256,18,0,0,128.0,6656,590846.0,5184475.0,16676.0,2.5054086538461537
w=256,49,7,7,20,11,256,18,0,0,128.0,6656,590846.0,4299732.0,16673.0,2.5049579326923075
w=256,49,7,7,24,9,256,18,0,0,128.0,6656,590846.0,4185037.0,16670.0,2.5045072115384617
w=16,40,2,20,17,17,16,35,0,0,128.0,6672,599785470.0,1208483811.0,1226.0,0.18375299760191846
w=16,40,2,20,18,16,16,35,0,0,128.0,6672,599785470.0,1204289506.0,1226.0,0.18375299760191846
w=16,42,2,21,16,18,16,35,0,0,128.0,6672,1199570942.0,2415919077.0,1227.0,0.18390287769784172
w=16,42,2,21,19,15,16,35,0,0,128.0,6672,1199570942.0,2401632224.0,1225.0,0.1836031175059952
w=16,45,3,15,14,18,16,35,0,0,128.0,6672,18743294.0,70909927.0,1431.0,0.21447841726618705
w=16,45,3,15,19,13,16,35,0,0,128.0,6672,18743294.0,56852446.0,1427.0,0.213878896882494
w=16,45,5,9,14,13,16,35,0,0,128.0,6672,292862.0,1923043.0,1835.0,0.27502997601918466
w=16,46,2,23,15,19,16,35,0,0,128.0,6672,4798283774.0,9628024807.0,1228.0,0.18405275779376498
w=16,46,2,23,20,14,16,35,0,0,128.0,6672,4798283774.0,9597878238.0,1224.0,0.18345323741007194
w=16,48,4,12,12,18,16,35,0,0,128.0,6672,2342910.0,21954536.0,1634.0,0.24490407673860912
w=16,48,4,12,19,11,16,35,0,0,128.0,6672,2342910.0,9527260.0,1629.0,0.24415467625899281
w=32,40,2,20,16,19,32,28,0,0,128.0,6672,950009854.0,1933574117.0,1595.0,0.23905875299760193
w=32,40,2,20,20,15,32,28,0,0,128.0,6672,950009854.0,1902641118.0,1592.0,0.23860911270983212
w=32,40,4,10,22,11,32,28,0,0,128.0,6672,927742.0,3891159.0,2363.0,0.3541666666666667
w=32,40,4,10,24,10,32,28,0,0,128.0,6672,927742.0,3809235.0,2361.0,0.35386690647482016
w=32,40,8,5,8,18,32,28,0,0,128.0,6672,28990.0,8620519.0,3917.0,0.5870803357314148
w=32,44,4,11,13,19,32,28,0,0,128.0,6672,1855486.0,34684902.0,2369.0,0.35506594724220625
w=32,44,4,11,20,12,32,28,0,0,128.0,6672,1855486.0,7749594.0,2364.0,0.35431654676258995
w=32,45,5,9,11,20,32,28,0,0,128.0,6672,463870.0,48456680.0,2757.0,0.41321942446043164
w=32,45,5,9,21,10,32,28,0,0,128.0,6672,463870.0,2405334.0,2749.0,0.41202038369304556
w=32,48,2,24,24,12,32,28,0,0,128.0,6672,15200157694.0,30400708567.0,1589.0,0.23815947242206234
w=32,48,4,12,16,15,32,28,0,0,128.0,6672,3710974.0,16941025.0,2367.0,0.3547661870503597
w=32,48,6,8,10,19,32,28,0,0,128.0,6672,231934.0,22363112.0,3144.0,0.4712230215827338
w=32,48,6,8,20,9,32,28,0,0,128.0,6672,231934.0,1432534.0,3136.0,0.47002398081534774
w=32,48,8,6,8,17,32,28,0,0,128.0,6672,57982.0,4658151.0,3917.0,0.5870803357314148
w=32,48,8,6,9,15,32,28,0,0,128.0,6672,57982.0,1643493.0,3916.0,0.5869304556354916
w=32,48,8,6,12,11,32,28,0,0,128.0,6672,57982.0,562144.0,3914.0,0.5866306954436451
w=32,48,8,6,16,8,32,28,0,0,128.0,6672,57982.0,480217.0,3911.0,0.5861810551558753
w=32,49,7,7,9,18,32,28,0,0,128.0,6672,115966.0,10248935.0,3530.0,0.5290767386091128
w=32,49,7,7,19,8,32,28,0,0,128.0,6672,115966.0,831190.0,3523.0,0.5280275779376499
w=256,40,2,20,17,19,256,18,0,0,128.0,6672,4840226814.0,9716105187.0,5352.0,0.802158273381295
w=256,40,2,20,20,16,256,18,0,0,128.0,6672,4840226814.0,9685696478.0,5350.0,0.8018585131894485
w=256,40,4,10,16,18,256,18,0,0,128.0,6672,4726782.0,35684321.0,9883.0,1.4812649880095923
w=256,40,4,10,19,15,256,18,0,0,128.0,6672,4726782.0,21397468.0,9881.0,1.4809652278177459
w=256,40,5,8,22,12,256,18,0,0,128.0,6672,1181694.0,6268885.0,12144.0,1.8201438848920863
w=256,40,10,4,14,13,256,18,0,0,128.0,6672,73854.0,1197273.0,23475.0,3.5184352517985613
w=256,42,3,14,16,19,256,18,0,0,128.0,6672,75628542.0,260440035.0,7618.0,1.1417865707434052
w=256,42,3,14,20,15,256,18,0,0,128.0,6672,75628542.0,229507036.0,7615.0,1.1413369304556356
w=256,42,6,7,14,18,256,18,0,0,128.0,6672,590846.0,18225121.0,14415.0,2.160521582733813
w=256,42,6,7,19,13,256,18,0,0,128.0,6672,590846.0,4167640.0,14411.0,2.15992206235012
w=256,44,2,22,16,20,256,18,0,0,128.0,6672,19360907262.0,38788923365.0,5353.0,0.8023081534772182
w=256,44,2,22,21,15,256,18,0,0,128.0,6672,19360907262.0,38724567004.0,5349.0,0.8017086330935251
w=256,44,2,22,24,13,256,18,0,0,128.0,6672,19360907262.0,38722600919.0,5347.0,0.8014088729016786
w=256,44,4,11,15,19,256,18,0,0,128.0,6672,9453566.0,69271523.0,9884.0,1.4814148681055155
w=256,44,4,11,20,14,256,18,0,0,128.0,6672,9453566.0,39124954.0,9880.0,1.4808153477218224
w=256,45,9,5,11,18,256,18,0,0,128.0,6672,147710.0,12863712.0,21212.0,3.1792565947242206
w=256,45,9,5,19,10,256,18,0,0,128.0,6672,147710.0,1407186.0,21206.0,3.178357314148681
w=256,48,6,8,13,19,256,18,0,0,128.0,6672,1181694.0,34353122.0,14415.0,2.160521582733813
w=256,48,6,8,20,12,256,18,0,0,128.0,6672,1181694.0,7417814.0,14410.0,2.1597721822541964
w=256,48,8,6,14,15,256,18,0,0,128.0,6672,295422.0,4198365.0,18945.0,2.839478417266187
w=256,48,8,6,16,13,256,18,0,0,128.0,6672,295422.0,2887641.0,18943.0,2.8391786570743407
w=256,48,12,4,8,18,256,18,0,0,128.0,6672,73854.0,9274847.0,28009.0,4.197991606714628
w=256,50,2,25,22,14,256,18,0,0,128.0,6672,154887258110.0,309775957979.0,5349.0,0.8017086330935251
w=256,50,5,10,23,11,256,18,0,0,128.0,6672,4726782.0,23822291.0,12143.0,1.8199940047961631
w=16,42,3,14,15,17,16,35,0,0,128.0,6688,9371646.0,35979237.0,1432.0,0.21411483253588517
w=16,42,3,14,18,14,16,35,0,0,128.0,6688,9371646.0,29294560.0,1430.0,0.2138157894736842
w=16,42,6,7,11,14,16,35,0,0,128.0,6688,73214.0,1160166.0,2041.0,0.30517344497607657
w=16,42,6,7,15,10,16,35,0,0,128.0,6688,73214.0,500703.0,2038.0,0.3047248803827751
w=16,48,2,24,23,12,16,35,0,0,128.0,6688,9596567550.0,19193511897.0,1224.0,0.18301435406698566
w=16,48,3,16,22,11,16,35,0,0,128.0,6688,37486590.0,112639961.0,1427.0,0.2133672248803828
w=16,48,3,16,24,10,16,35,0,0,128.0,6688,37486590.0,112558037.0,1425.0,0.21306818181818182
w=16,50,5,10,12,15,16,35,0,0,128.0,6688,585726.0,4501478.0,1838.0,0.2748205741626794
w=16,50,5,10,16,11,16,35,0,0,128.0,6688,585726.0,3059679.0,1835.0,0.274372009569378
w=32,40,8,5,9,16,32,28,0,0,128.0,6688,28990.0,2591205.0,3918.0,0.5858253588516746
w=32,42,6,7,23,8,32,28,0,0,128.0,6688,115966.0,719313.0,3136.0,0.4688995215311005
w=32,45,3,15,16,17,32,28,0,0,128.0,6688,29687806.0,97452003.0,1983.0,0.2965011961722488
w=32,45,3,15,18,15,32,28,0,0,128.0,6688,29687806.0,91422688.0,1982.0,0.2963516746411483
w=32,45,3,15,24,11,32,28,0,0,128.0,6688,29687806.0,89259989.0,1977.0,0.29560406698564595
w=32,46,2,23,15,20,32,28,0,0,128.0,6688,7600078846.0,15263072231.0,1598.0,0.23893540669856458
w=32,46,2,23,21,14,32,28,0,0,128.0,6688,7600078846.0,15201533916.0,1593.0,0.2381877990430622
w=32,48,3,16,15,18,32,28,0,0,128.0,6688,59375614.0,193855461.0,1984.0,0.2966507177033493
w=32,48,3,16,19,14,32,28,0,0,128.0,6688,59375614.0,179371998.0,1981.0,0.29620215311004783
w=256,45,9,5,10,20,256,18,0,0,128.0,6688,147710.0,43272418.0,21215.0,3.1720992822966507
w=256,45,9,5,14,14,256,18,0,0,128.0,6688,147710.0,2246875.0,21212.0,3.1716507177033493
w=256,45,9,5,15,13,256,18,0,0,128.0,6688,147710.0,1820889.0,21211.0,3.171501196172249
w=256,45,9,5,21,9,256,18,0,0,128.0,6688,147710.0,1372366.0,21206.0,3.1707535885167464
w=256,48,3,16,15,20,256,18,0,0,128.0,6688,302514174.0,970457061.0,7621.0,1.1395035885167464
w=256,48,3,16,21,14,256,18,0,0,128.0,6688,302514174.0,908918746.0,7616.0,1.138755980861244
w=256,48,8,6,15,14,256,18,0,0,128.0,6688,295422.0,3346395.0,18946.0,2.832834928229665
w=256,48,12,4,9,16,256,18,0,0,128.0,6688,73854.0,3245533.0,28010.0,4.188098086124402
w=256,48,12,4,17,8,256,18,0,0,128.0,6688,73854.0,903631.0,28004.0,4.187200956937799
w=256,49,7,7,22,10,256,18,0,0,128.0,6688,590846.0,4226001.0,16676.0,2.4934210526315788
w=256,50,10,5,11,16,256,18,0,0,128.0,6688,147710.0,4360670.0,23479.0,3.510616028708134
w=256,50,10,5,17,10,256,18,0,0,128.0,6688,147710.0,1546707.0,23474.0,3.5098684210526314
w=16,40,2,20,22,13,16,35,0,0,128.0,6704,599785470.0,1200291803.0,1227.0,0.18302505966587113
w=16,40,4,10,14,16,16,35,0,0,128.0,6704,585726.0,6012901.0,1637.0,0.24418257756563247
w=16,40,4,10,17,13,16,35,0,0,128.0,6704,585726.0,2899935.0,1634.0,0.24373508353221957
w=16,42,2,21,17,17,16,35,0,0,128.0,6704,1199570942.0,2408054755.0,1230.0,0.183472553699284
w=16,42,2,21,18,16,16,35,0,0,128.0,6704,1199570942.0,2403860450.0,1230.0,0.183472553699284
w=16,44,2,22,16,18,16,35,0,0,128.0,6704,2399141886.0,4815060965.0,1231.0,0.1836217183770883
w=16,44,2,22,19,15,16,35,0,0,128.0,6704,2399141886.0,4800774112.0,1229.0,0.1833233890214797
w=16,44,4,11,13,17,16,35,0,0,128.0,6704,1171454.0,11501542.0,1637.0,0.24418257756563247
w=16,44,4,11,18,12,16,35,0,0,128.0,6704,1171454.0,4980702.0,1634.0,0.24373508353221957
w=16,45,5,9,11,17,16,35,0,0,128.0,6704,292862.0,7231464.0,1841.0,0.2746121718377088
w=16,45,5,9,18,10,16,35,0,0,128.0,6704,292862.0,1538012.0,1836.0,0.27386634844868735
w=16,45,5,9,22,8,16,35,0,0,128.0,6704,292862.0,1486805.0,1833.0,0.27341885441527447
w=16,48,2,24,15,19,16,35,0,0,128.0,6704,9596567550.0,19224592359.0,1232.0,0.18377088305489261
w=16,48,2,24,20,14,16,35,0,0,128.0,6704,9596567550.0,19194445790.0,1228.0,0.18317422434367542
w=16,48,4,12,23,9,16,35,0,0,128.0,6704,2342910.0,9418709.0,1630.0,0.2431384248210024
w=16,48,6,8,8,19,16,35,0,0,128.0,6704,146430.0,17655787.0,2045.0,0.30504176610978523
w=16,48,6,8,10,15,16,35,0,0,128.0,6704,146430.0,2189288.0,2044.0,0.3048926014319809
w=16,48,6,8,16,9,16,35,0,0,128.0,6704,146430.0,911325.0,2039.0,0.3041467780429594
w=32,40,2,20,23,13,32,28,0,0,128.0,6704,950009854.0,1900773337.0,1594.0,0.23776849642004774
w=32,40,4,10,14,18,32,28,0,0,128.0,6704,927742.0,18391013.0,2373.0,0.35396778042959426
w=32,40,4,10,19,13,32,28,0,0,128.0,6704,927742.0,4333532.0,2369.0,0.3533711217183771
w=32,40,5,8,14,16,32,28,0,0,128.0,6704,231934.0,4829667.0,2759.0,0.4115453460620525
w=32,40,5,8,17,13,32,28,0,0,128.0,6704,231934.0,1716701.0,2756.0,0.41109785202863963
w=32,42,2,21,16,19,32,28,0,0,128.0,6704,1900019710.0,3833593829.0,1599.0,0.2385143198090692
w=32,42,2,21,20,15,32,28,0,0,128.0,6704,1900019710.0,3802660830.0,1596.0,0.23806682577565633
w=32,42,6,7,13,15,32,28,0,0,128.0,6704,115966.0,2399714.0,3145.0,0.46912291169451076
w=32,42,6,7,16,12,32,28,0,0,128.0,6704,115966.0,957917.0,3143.0,0.4688245823389022
w=32,42,7,6,9,19,32,28,0,0,128.0,6704,57982.0,19280231.0,3534.0,0.5271479713603818
w=32,42,7,6,10,17,32,28,0,0,128.0,6704,57982.0,5648742.0,3534.0,0.5271479713603818
w=32,42,7,6,12,14,32,28,0,0,128.0,6704,57982.0,1192290.0,3532.0,0.5268496420047732
w=32,42,7,6,15,11,32,28,0,0,128.0,6704,57982.0,528733.0,3530.0,0.5265513126491647
w=32,42,7,6,18,9,32,28,0,0,128.0,6704,57982.0,442712.0,3528.0,0.5262529832935561
w=32,42,7,6,20,8,32,28,0,0,128.0,6704,57982.0,426324.0,3526.0,0.5259546539379475
w=32,45,3,15,17,16,32,28,0,0,128.0,6704,29687806.0,93519841.0,1984.0,0.29594272076372313
w=32,48,3,16,22,12,32,28,0,0,128.0,6704,59375614.0,178487257.0,1981.0,0.29549522673031026
w=32,50,2,25,24,12,32,28,0,0,128.0,6704,30400315390.0,60801023959.0,1593.0,0.23761933174224345
w=32,50,5,10,12,18,32,28,0,0,128.0,6704,927742.0,17221606.0,2760.0,0.4116945107398568
w=32,50,5,10,19,11,32,28,0,0,128.0,6704,927742.0,4794330.0,2755.0,0.41094868735083534
w=256,40,2,20,18,18,256,18,0,0,128.0,6704,4840226814.0,9699327970.0,5356.0,0.798926014319809
w=256,40,2,20,19,17,256,18,0,0,128.0,6704,4840226814.0,9690415072.0,5355.0,0.7987768496420048
w=256,40,4,10,17,17,256,18,0,0,128.0,6704,4726782.0,27819999.0,9886.0,1.4746420047732698
w=256,40,4,10,18,16,256,18,0,0,128.0,6704,4726782.0,23625694.0,9886.0,1.4746420047732698
w=256,40,5,8,16,17,256,18,0,0,128.0,6704,1181694.0,14297055.0,12152.0,1.8126491646778042
w=256,40,5,8,18,15,256,18,0,0,128.0,6704,1181694.0,8267740.0,12151.0,1.8125
w=256,40,5,8,24,11,256,18,0,0,128.0,6704,1181694.0,6105041.0,12146.0,1.8117541766109786
w=256,40,8,5,13,17,256,18,0,0,128.0,6704,147710.0,7997406.0,18949.0,2.826521479713604
w=256,40,8,5,18,12,256,18,0,0,128.0,6704,147710.0,1476566.0,18946.0,2.826073985680191
w=256,40,10,4,11,17,256,18,0,0,128.0,6704,73854.0,6505694.0,23481.0,3.502535799522673
w=256,40,10,4,18,10,256,18,0,0,128.0,6704,73854.0,812242.0,23476.0,3.5017899761336517
w=256,42,2,21,17,19,256,18,0,0,128.0,6704,9680453630.0,19396558819.0,5356.0,0.798926014319809
w=256,42,2,21,20,16,256,18,0,0,128.0,6704,9680453630.0,19366150110.0,5354.0,0.7986276849642004
w=256,42,3,14,23,13,256,18,0,0,128.0,6704,75628542.0,227639255.0,7617.0,1.1361873508353222
w=256,44,11,4,11,15,256,18,0,0,128.0,6704,73854.0,2254172.0,25746.0,3.8403937947494033
w=256,44,11,4,16,10,256,18,0,0,128.0,6704,73854.0,877907.0,25742.0,3.839797136038186
w=256,46,2,23,16,20,256,18,0,0,128.0,6704,38721814526.0,77510737893.0,5357.0,0.7990751789976134
w=256,46,2,23,21,15,256,18,0,0,128.0,6704,38721814526.0,77446381532.0,5353.0,0.7984785202863962
w=256,46,2,23,24,13,256,18,0,0,128.0,6704,38721814526.0,77444415447.0,5351.0,0.7981801909307876
w=256,48,12,4,11,13,256,18,0,0,128.0,6704,73854.0,1246682.0,28011.0,4.178251789976134
w=256,48,12,4,14,10,256,18,0,0,128.0,6704,73854.0,943573.0,28009.0,4.177953460620525
w=16,40,5,8,12,16,16,35,0,0,128.0,6720,146430.0,3877862.0,1842.0,0.2741071428571429
w=16,40,5,8,17,11,16,35,0,0,128.0,6720,146430.0,871389.0,1838.0,0.2735119047619048
w=16,42,3,14,16,16,16,35,0,0,128.0,6720,9371646.0,32309219.0,1435.0,0.21354166666666666
w=16,42,3,14,17,15,16,35,0,0,128.0,6720,9371646.0,30343137.0,1434.0,0.21339285714285713
w=16,48,3,16,14,18,16,35,0,0,128.0,6720,37486590.0,127139815.0,1437.0,0.2138392857142857
w=16,48,3,16,19,13,16,35,0,0,128.0,6720,37486590.0,113082334.0,1433.0,0.2132440476190476
w=16,48,4,12,11,20,16,35,0,0,128.0,6720,2342910.0,55508970.0,1641.0,0.24419642857142856
w=16,48,4,12,21,10,16,35,0,0,128.0,6720,2342910.0,9457624.0,1633.0,0.24300595238095238
w=16,50,2,25,23,12,16,35,0,0,128.0,6720,19193135102.0,38386647001.0,1228.0,0.18273809523809523
w=32,40,2,20,17,18,32,28,0,0,128.0,6720,950009854.0,1917845475.0,1600.0,0.23809523809523808
w=32,40,2,20,19,16,32,28,0,0,128.0,6720,950009854.0,1905000416.0,1599.0,0.23794642857142856
w=32,42,6,7,11,18,32,28,0,0,128.0,6720,115966.0,12230118.0,3149.0,0.4686011904761905
w=32,42,6,7,19,10,32,28,0,0,128.0,6720,115966.0,773592.0,3143.0,0.46770833333333334
w=32,45,5,9,13,17,32,28,0,0,128.0,6720,463870.0,9135076.0,2761.0,0.4108630952380952
w=32,45,5,9,18,12,32,28,0,0,128.0,6720,463870.0,2614236.0,2758.0,0.41041666666666665
w=32,48,2,24,15,20,32,28,0,0,128.0,6720,15200157694.0,30463229927.0,1602.0,0.23839285714285716
w=32,48,2,24,21,14,32,28,0,0,128.0,6720,15200157694.0,30401691612.0,1597.0,0.2376488095238095
w=32,48,8,6,7,20,32,28,0,0,128.0,6720,57982.0,29823977.0,3924.0,0.5839285714285715
w=256,40,5,8,17,16,256,18,0,0,128.0,6720,1181694.0,10364893.0,12153.0,1.808482142857143
w=256,42,3,14,17,18,256,18,0,0,128.0,6720,75628542.0,244711393.0,7623.0,1.134375
w=256,42,3,14,19,16,256,18,0,0,128.0,6720,75628542.0,231866334.0,7622.0,1.1342261904761906
w=256,45,3,15,16,19,256,18,0,0,128.0,6720,151257086.0,487325667.0,7624.0,1.1345238095238095
w=256,45,3,15,20,15,256,18,0,0,128.0,6720,151257086.0,456392668.0,7621.0,1.134077380952381
w=256,48,4,12,23,12,256,18,0,0,128.0,6720,18907134.0,76005333.0,9884.0,1.4708333333333334
w=256,50,10,5,9,20,256,18,0,0,128.0,6720,147710.0,39225825.0,23484.0,3.494642857142857
w=256,50,10,5,21,8,256,18,0,0,128.0,6720,147710.0,1498572.0,23475.0,3.4933035714285716
w=16,40,4,10,12,19,16,35,0,0,128.0,6736,585726.0,27508712.0,1642.0,0.24376484560570072
w=16,40,4,10,15,15,16,35,0,0,128.0,6736,585726.0,4308963.0,1640.0,0.24346793349168647
w=16,40,4,10,16,14,16,35,0,0,128.0,6736,585726.0,3391457.0,1639.0,0.24331947743467933
w=16,40,4,10,20,11,16,35,0,0,128.0,6736,585726.0,2506714.0,1636.0,0.24287410926365796
w=16,40,4,10,24,9,16,35,0,0,128.0,6736,585726.0,2392019.0,1633.0,0.24242874109263657
w=16,42,2,21,22,13,16,35,0,0,128.0,6736,1199570942.0,2399862747.0,1231.0,0.18274940617577198
w=16,42,3,14,13,20,16,35,0,0,128.0,6736,9371646.0,82640872.0,1439.0,0.21362826603325416
w=16,42,3,14,21,12,16,35,0,0,128.0,6736,9371646.0,28458970.0,1433.0,0.2127375296912114
w=16,42,6,7,8,20,16,35,0,0,128.0,6736,73214.0,33993707.0,2049.0,0.3041864608076009
w=16,42,6,7,12,13,16,35,0,0,128.0,6736,73214.0,832484.0,2046.0,0.30374109263657956
w=16,42,6,7,14,11,16,35,0,0,128.0,6736,73214.0,553953.0,2045.0,0.3035926365795725
w=16,44,2,22,17,17,16,35,0,0,128.0,6736,2399141886.0,4807196643.0,1234.0,0.18319477434679335
w=16,44,2,22,18,16,16,35,0,0,128.0,6736,2399141886.0,4803002338.0,1234.0,0.18319477434679335
w=16,45,3,15,15,17,16,35,0,0,128.0,6736,18743294.0,64094181.0,1438.0,0.21347980997624702
w=16,45,3,15,18,14,16,35,0,0,128.0,6736,18743294.0,57409504.0,1436.0,0.21318289786223277
w=16,45,5,9,10,19,16,35,0,0,128.0,6736,292862.0,22435818.0,1846.0,0.2740498812351544
w=16,45,5,9,20,9,16,35,0,0,128.0,6736,292862.0,1505240.0,1838.0,0.2728622327790974
w=16,46,2,23,16,18,16,35,0,0,128.0,6736,4798283774.0,9613344741.0,1235.0,0.18334323040380046
w=16,46,2,23,19,15,16,35,0,0,128.0,6736,4798283774.0,9599057888.0,1233.0,0.18304631828978624
w=16,48,6,8,9,17,16,35,0,0,128.0,6736,146430.0,5597161.0,2048.0,0.30403800475059384
w=16,48,6,8,18,8,16,35,0,0,128.0,6736,146430.0,896986.0,2042.0,0.30314726840855105
w=16,49,7,7,6,20,16,35,0,0,128.0,6736,73214.0,25678317.0,2253.0,0.33447149643705465
w=16,50,2,25,15,19,16,35,0,0,128.0,6736,19193135102.0,38417727463.0,1236.0,0.1834916864608076
w=16,50,2,25,20,14,16,35,0,0,128.0,6736,19193135102.0,38387580894.0,1232.0,0.1828978622327791
w=16,50,5,10,13,14,16,35,0,0,128.0,6736,585726.0,3780580.0,1843.0,0.273604513064133
w=16,50,5,10,15,12,16,35,0,0,128.0,6736,585726.0,3174369.0,1842.0,0.2734560570071259
w=32,40,2,20,18,17,32,28,0,0,128.0,6736,950009854.0,1909456866.0,1602.0,0.23782660332541566
w=32,40,5,8,12,19,32,28,0,0,128.0,6736,231934.0,26325478.0,2764.0,0.41033254156769594
w=32,40,5,8,15,15,32,28,0,0,128.0,6736,231934.0,3125729.0,2762.0,0.4100356294536817
w=32,40,5,8,16,14,32,28,0,0,128.0,6736,231934.0,2208223.0,2761.0,0.4098871733966746
w=32,40,5,8,20,11,32,28,0,0,128.0,6736,231934.0,1323480.0,2758.0,0.4094418052256532
w=32,40,5,8,24,9,32,28,0,0,128.0,6736,231934.0,1208785.0,2755.0,0.40899643705463185
w=32,42,2,21,23,13,32,28,0,0,128.0,6736,1900019710.0,3800793049.0,1598.0,0.2372327790973872
w=32,42,3,14,14,20,32,28,0,0,128.0,6736,14843902.0,103251943.0,1991.0,0.2955760095011877
w=32,42,3,14,21,13,32,28,0,0,128.0,6736,14843902.0,45219802.0,1985.0,0.2946852731591449
w=32,42,6,7,10,20,32,28,0,0,128.0,6736,115966.0,42638824.0,3152.0,0.4679334916864608
w=32,42,6,7,14,14,32,28,0,0,128.0,6736,115966.0,1613281.0,3149.0,0.46748812351543945
w=32,42,6,7,15,13,32,28,0,0,128.0,6736,115966.0,1187295.0,3148.0,0.4673396674584323
w=32,42,6,7,21,9,32,28,0,0,128.0,6736,115966.0,738772.0,3143.0,0.46659738717339666
w=32,42,7,6,13,13,32,28,0,0,128.0,6736,57982.0,831840.0,3535.0,0.52479216152019
w=32,42,7,6,14,12,32,28,0,0,128.0,6736,57982.0,635231.0,3535.0,0.52479216152019
w=32,44,2,22,16,19,32,28,0,0,128.0,6736,3800039422.0,7633633253.0,1603.0,0.2379750593824228
w=32,44,2,22,20,15,32,28,0,0,128.0,6736,3800039422.0,7602700254.0,1600.0,0.2375296912114014
w=32,44,4,11,22,11,32,28,0,0,128.0,6736,1855486.0,7602135.0,2371.0,0.3519893111638955
w=32,44,4,11,24,10,32,28,0,0,128.0,6736,1855486.0,7520211.0,2369.0,0.35169239904988125
w=32,48,3,16,16,17,32,28,0,0,128.0,6736,59375614.0,186515427.0,1989.0,0.2952790973871734
w=32,48,3,16,18,15,32,28,0,0,128.0,6736,59375614.0,180486112.0,1988.0,0.29513064133016625
w=32,48,3,16,24,11,32,28,0,0,128.0,6736,59375614.0,178323413.0,1983.0,0.29438836104513066
w=32,48,4,12,13,19,32,28,0,0,128.0,6736,3710974.0,42106854.0,2377.0,0.35288004750593827
w=32,48,4,12,20,12,32,28,0,0,128.0,6736,3710974.0,15171546.0,2372.0,0.3521377672209026
w=32,48,6,8,12,16,32,28,0,0,128.0,6736,231934.0,4537316.0,3150.0,0.46763657957244653
w=32,48,6,8,17,11,32,28,0,0,128.0,6736,231934.0,1530843.0,3146.0,0.467042755344418
w=32,50,5,10,23,9,32,28,0,0,128.0,6736,927742.0,4685779.0,2756.0,0.40914489311163893
w=256,40,4,10,22,13,256,18,0,0,128.0,6736,4726782.0,19627991.0,9887.0,1.4677850356294537
w=256,40,10,4,10,19,256,18,0,0,128.0,6736,73854.0,21710048.0,23486.0,3.486638954869359
w=256,40,10,4,20,9,256,18,0,0,128.0,6736,73854.0,779470.0,23478.0,3.4854513064133017
w=256,42,2,21,18,18,256,18,0,0,128.0,6736,9680453630.0,19379781602.0,5360.0,0.7957244655581948
w=256,42,2,21,19,17,256,18,0,0,128.0,6736,9680453630.0,19370868704.0,5359.0,0.7955760095011877
w=256,42,3,14,18,17,256,18,0,0,128.0,6736,75628542.0,236322784.0,7625.0,1.131977434679335
w=256,42,6,7,15,17,256,18,0,0,128.0,6736,590846.0,11409375.0,14422.0,2.1410332541567696
w=256,42,6,7,18,14,256,18,0,0,128.0,6736,590846.0,4724698.0,14420.0,2.1407363420427554
w=256,42,7,6,12,20,256,18,0,0,128.0,6736,295422.0,52399586.0,16689.0,2.477583135391924
w=256,42,7,6,14,17,256,18,0,0,128.0,6736,295422.0,9407967.0,16688.0,2.477434679334917
w=256,42,7,6,18,13,256,18,0,0,128.0,6736,295422.0,2657752.0,16685.0,2.4769893111638956
w=256,42,7,6,21,11,256,18,0,0,128.0,6736,295422.0,2239954.0,16682.0,2.476543942992874
w=256,44,2,22,17,19,256,18,0,0,128.0,6736,19360907262.0,38757466083.0,5360.0,0.7957244655581948
w=256,44,2,22,20,16,256,18,0,0,128.0,6736,19360907262.0,38727057374.0,5358.0,0.7954275534441805
w=256,44,4,11,16,18,256,18,0,0,128.0,6736,9453566.0,54591457.0,9891.0,1.4683788598574823
w=256,44,4,11,19,15,256,18,0,0,128.0,6736,9453566.0,40304604.0,9889.0,1.468081947743468
w=256,45,5,9,15,18,256,18,0,0,128.0,6736,2363390.0,27545569.0,12157.0,1.8047802850356294
w=256,45,5,9,19,14,256,18,0,0,128.0,6736,2363390.0,13062106.0,12154.0,1.8043349168646081
w=256,48,2,24,16,20,256,18,0,0,128.0,6736,77443629054.0,154954366949.0,5361.0,0.7958729216152018
w=256,48,2,24,21,15,256,18,0,0,128.0,6736,77443629054.0,154890010588.0,5357.0,0.7952790973871734
w=256,48,2,24,24,13,256,18,0,0,128.0,6736,77443629054.0,154888044503.0,5355.0,0.7949821852731591
w=256,48,4,12,15,19,256,18,0,0,128.0,6736,18907134.0,107085795.0,9892.0,1.4685273159144894
w=256,48,4,12,20,14,256,18,0,0,128.0,6736,18907134.0,76939226.0,9888.0,1.4679334916864608
w=256,48,6,8,22,11,256,18,0,0,128.0,6736,1181694.0,7270355.0,14417.0,2.140290973871734
w=256,48,6,8,24,10,256,18,0,0,128.0,6736,1181694.0,7188431.0,14415.0,2.1399940617577196
w=256,48,8,6,12,18,256,18,0,0,128.0,6736,295422.0,14946272.0,18954.0,2.813836104513064
w=256,48,8,6,19,11,256,18,0,0,128.0,6736,295422.0,2518996.0,18949.0,2.8130938242280283
w=256,48,12,4,12,12,256,18,0,0,128.0,6736,73854.0,1082840.0,28014.0,4.158847980997625
w=256,48,12,4,13,11,256,18,0,0,128.0,6736,73854.0,992726.0,28013.0,4.158699524940618
w=256,50,5,10,14,19,256,18,0,0,128.0,6736,4726782.0,52994019.0,12158.0,1.8049287410926367
w=256,50,5,10,20,13,256,18,0,0,128.0,6736,4726782.0,24289240.0,12153.0,1.804186460807601
w=256,50,10,5,10,18,256,18,0,0,128.0,6736,147710.0,11962848.0,23486.0,3.486638954869359
w=256,50,10,5,19,9,256,18,0,0,128.0,6736,147710.0,1515984.0,23479.0,3.485599762470309
w=16,42,6,7,13,12,16,35,0,0,128.0,6752,73214.0,652258.0,2047.0,0.30316943127962087
w=16,50,5,10,14,13,16,35,0,0,128.0,6752,585726.0,3387363.0,1845.0,0.27325236966824645
w=32,42,2,21,17,18,32,28,0,0,128.0,6752,1900019710.0,3817865187.0,1604.0,0.23755924170616113
w=32,42,2,21,19,16,32,28,0,0,128.0,6752,1900019710.0,3805020128.0,1603.0,0.23741113744075829
w=32,48,3,16,17,16,32,28,0,0,128.0,6752,59375614.0,182583265.0,1990.0,0.2947274881516588
w=32,49,7,7,11,15,32,28,0,0,128.0,6752,115966.0,2253540.0,3539.0,0.5241409952606635
w=32,49,7,7,16,10,32,28,0,0,128.0,6752,115966.0,877275.0,3535.0,0.5235485781990521
w=32,50,2,25,15,20,32,28,0,0,128.0,6752,30400315390.0,60863545319.0,1606.0,0.23785545023696683
w=32,50,2,25,21,14,32,28,0,0,128.0,6752,30400315390.0,60802007004.0,1601.0,0.23711492890995262
w=32,50,5,10,11,20,32,28,0,0,128.0,6752,927742.0,50776040.0,2767.0,0.40980450236966826
w=32,50,5,10,21,10,32,28,0,0,128.0,6752,927742.0,4724694.0,2759.0,0.4086196682464455
w=256,40,2,20,23,14,256,18,0,0,128.0,6752,4840226814.0,9681960921.0,5358.0,0.793542654028436
w=256,42,7,6,23,10,256,18,0,0,128.0,6752,295422.0,2162127.0,16683.0,2.47082345971564
w=256,45,3,15,23,13,256,18,0,0,128.0,6752,151257086.0,454524887.0,7623.0,1.1289988151658767
w=256,45,5,9,22,12,256,18,0,0,128.0,6752,2363390.0,12177365.0,12154.0,1.8000592417061612
w=16,40,2,20,24,12,16,35,0,0,128.0,6768,599785470.0,1199964119.0,1233.0,0.18218085106382978
w=16,40,4,10,22,10,16,35,0,0,128.0,6768,585726.0,2432983.0,1639.0,0.24216903073286053
w=16,40,5,8,23,8,16,35,0,0,128.0,6768,146430.0,755667.0,1840.0,0.2718676122931442
w=16,42,6,7,10,16,16,35,0,0,128.0,6768,73214.0,3060712.0,2052.0,0.30319148936170215
w=16,42,6,7,17,9,16,35,0,0,128.0,6768,73214.0,474075.0,2046.0,0.30230496453900707
w=16,44,2,22,22,13,16,35,0,0,128.0,6768,2399141886.0,4799004635.0,1235.0,0.18247635933806147
w=16,44,4,11,14,16,16,35,0,0,128.0,6768,1171454.0,8355813.0,1645.0,0.24305555555555555
w=16,44,4,11,17,13,16,35,0,0,128.0,6768,1171454.0,5242847.0,1642.0,0.24261229314420804
w=16,45,3,15,16,16,16,35,0,0,128.0,6768,18743294.0,60424163.0,1441.0,0.21291371158392436
w=16,45,3,15,17,15,16,35,0,0,128.0,6768,18743294.0,58458081.0,1440.0,0.2127659574468085
w=16,46,2,23,17,17,16,35,0,0,128.0,6768,4798283774.0,9605480419.0,1238.0,0.18291962174940898
w=16,46,2,23,18,16,16,35,0,0,128.0,6768,4798283774.0,9601286114.0,1238.0,0.18291962174940898
w=16,48,2,24,16,18,16,35,0,0,128.0,6768,9596567550.0,19209912293.0,1239.0,0.18306737588652483
w=16,48,2,24,19,15,16,35,0,0,128.0,6768,9596567550.0,19195625440.0,1237.0,0.18277186761229314
w=16,48,4,12,13,17,16,35,0,0,128.0,6768,2342910.0,16187366.0,1645.0,0.24305555555555555
w=16,48,4,12,18,12,16,35,0,0,128.0,6768,2342910.0,9666526.0,1642.0,0.24261229314420804
w=16,49,7,7,8,15,16,35,0,0,128.0,6768,73214.0,1561065.0,2255.0,0.3331855791962175
w=32,40,4,10,15,17,32,28,0,0,128.0,6768,927742.0,11575267.0,2380.0,0.3516548463356974
w=32,40,4,10,18,14,32,28,0,0,128.0,6768,927742.0,4890590.0,2378.0,0.35135933806146574
w=32,40,5,8,22,10,32,28,0,0,128.0,6768,231934.0,1249749.0,2761.0,0.40794917257683216
w=32,42,2,21,18,17,32,28,0,0,128.0,6768,1900019710.0,3809476578.0,1606.0,0.23729314420803782
w=32,44,2,22,23,13,32,28,0,0,128.0,6768,3800039422.0,7600832473.0,1602.0,0.23670212765957446
w=32,44,4,11,14,18,32,28,0,0,128.0,6768,1855486.0,22101989.0,2381.0,0.35180260047281325
w=32,44,4,11,19,13,32,28,0,0,128.0,6768,1855486.0,8044508.0,2377.0,0.35121158392434987
w=32,46,2,23,16,19,32,28,0,0,128.0,6768,7600078846.0,15233712101.0,1607.0,0.23744089834515367
w=32,46,2,23,20,15,32,28,0,0,128.0,6768,7600078846.0,15202779102.0,1604.0,0.23699763593380616
w=32,48,8,6,10,14,32,28,0,0,128.0,6768,57982.0,1119204.0,3928.0,0.5803782505910166
w=32,48,8,6,15,9,32,28,0,0,128.0,6768,57982.0,494555.0,3924.0,0.5797872340425532
w=256,40,8,5,14,16,256,18,0,0,128.0,6768,147710.0,4851677.0,18957.0,2.8009751773049647
w=256,40,8,5,17,13,256,18,0,0,128.0,6768,147710.0,1738711.0,18954.0,2.800531914893617
w=256,42,6,7,16,16,256,18,0,0,128.0,6768,590846.0,7739357.0,14425.0,2.131353427895981
w=256,42,6,7,17,15,256,18,0,0,128.0,6768,590846.0,5773275.0,14424.0,2.131205673758865
w=256,44,2,22,18,18,256,18,0,0,128.0,6768,19360907262.0,38740688866.0,5364.0,0.7925531914893617
w=256,44,2,22,19,17,256,18,0,0,128.0,6768,19360907262.0,38731775968.0,5363.0,0.7924054373522459
w=256,44,4,11,17,17,256,18,0,0,128.0,6768,9453566.0,46727135.0,9894.0,1.4618794326241136
w=256,44,4,11,18,16,256,18,0,0,128.0,6768,9453566.0,42532830.0,9894.0,1.4618794326241136
w=256,44,11,4,9,19,256,18,0,0,128.0,6768,73854.0,19686751.0,25755.0,3.80540780141844
w=256,44,11,4,10,17,256,18,0,0,128.0,6768,73854.0,6055262.0,25755.0,3.80540780141844
w=256,44,11,4,12,14,256,18,0,0,128.0,6768,73854.0,1598810.0,25753.0,3.805112293144208
w=256,44,11,4,15,11,256,18,0,0,128.0,6768,73854.0,935253.0,25751.0,3.8048167848699763
w=256,44,11,4,18,9,256,18,0,0,128.0,6768,73854.0,849232.0,25749.0,3.804521276595745
w=256,44,11,4,20,8,256,18,0,0,128.0,6768,73854.0,832844.0,25747.0,3.804225768321513
w=256,45,3,15,17,18,256,18,0,0,128.0,6768,151257086.0,471597025.0,7629.0,1.1272163120567376
w=256,45,3,15,19,16,256,18,0,0,128.0,6768,151257086.0,458751966.0,7628.0,1.1270685579196218
w=256,46,2,23,17,19,256,18,0,0,128.0,6768,38721814526.0,77479280611.0,5364.0,0.7925531914893617
w=256,46,2,23,20,16,256,18,0,0,128.0,6768,38721814526.0,77448871902.0,5362.0,0.79225768321513
w=256,48,3,16,16,19,256,18,0,0,128.0,6768,302514174.0,941096931.0,7630.0,1.1273640661938533
w=256,48,3,16,20,15,256,18,0,0,128.0,6768,302514174.0,910163932.0,7627.0,1.1269208037825058
w=256,48,6,8,14,18,256,18,0,0,128.0,6768,1181694.0,21770209.0,14427.0,2.1316489361702127
w=256,48,6,8,19,13,256,18,0,0,128.0,6768,1181694.0,7712728.0,14423.0,2.1310579196217496
w=256,48,8,6,23,9,256,18,0,0,128.0,6768,295422.0,2410445.0,18950.0,2.7999408983451537
w=256,49,7,7,13,18,256,18,0,0,128.0,6768,590846.0,17767392.0,16692.0,2.4663120567375887
w=256,49,7,7,19,12,256,18,0,0,128.0,6768,590846.0,4447190.0,16688.0,2.465721040189125
w=256,50,2,25,16,20,256,18,0,0,128.0,6768,154887258110.0,309841625061.0,5365.0,0.7927009456264775
w=256,50,2,25,21,15,256,18,0,0,128.0,6768,154887258110.0,309777268700.0,5361.0,0.7921099290780141
w=256,50,2,25,24,13,256,18,0,0,128.0,6768,154887258110.0,309775302615.0,5359.0,0.7918144208037825
w=256,50,10,5,12,15,256,18,0,0,128.0,6768,147710.0,3049948.0,23488.0,3.4704491725768323
w=256,50,10,5,16,11,256,18,0,0,128.0,6768,147710.0,1608149.0,23485.0,3.4700059101654848
w=16,40,5,8,13,15,16,35,0,0,128.0,6784,146430.0,2436068.0,1849.0,0.2725530660377358
w=16,40,5,8,16,12,16,35,0,0,128.0,6784,146430.0,994271.0,1847.0,0.2722582547169811
w=16,42,3,14,23,11,16,35,0,0,128.0,6784,9371646.0,28303319.0,1438.0,0.2119693396226415
w=16,42,6,7,9,18,16,35,0,0,128.0,6784,73214.0,9876457.0,2054.0,0.30277122641509435
w=16,45,3,15,13,20,16,35,0,0,128.0,6784,18743294.0,110755816.0,1445.0,0.21300117924528303
w=16,45,3,15,21,12,16,35,0,0,128.0,6784,18743294.0,56573914.0,1439.0,0.21211674528301888
w=16,48,3,16,15,17,16,35,0,0,128.0,6784,37486590.0,120324069.0,1444.0,0.21285377358490565
w=16,48,3,16,18,14,16,35,0,0,128.0,6784,37486590.0,113639392.0,1442.0,0.21255896226415094
w=16,48,6,8,11,14,16,35,0,0,128.0,6784,146430.0,1599462.0,2053.0,0.302623820754717
w=16,48,6,8,15,10,16,35,0,0,128.0,6784,146430.0,939999.0,2050.0,0.3021816037735849
w=16,50,5,10,11,17,16,35,0,0,128.0,6784,585726.0,8695784.0,1851.0,0.2728478773584906
w=16,50,5,10,18,10,16,35,0,0,128.0,6784,585726.0,3002332.0,1846.0,0.27211084905660377
w=16,50,5,10,22,8,16,35,0,0,128.0,6784,585726.0,2951125.0,1843.0,0.2716686320754717
w=32,44,2,22,17,18,32,28,0,0,128.0,6784,3800039422.0,7617904611.0,1608.0,0.23702830188679244
w=32,44,2,22,19,16,32,28,0,0,128.0,6784,3800039422.0,7605059552.0,1607.0,0.2368808962264151
w=32,45,3,15,14,20,32,28,0,0,128.0,6784,29687806.0,147783655.0,1997.0,0.2943691037735849
w=32,45,3,15,21,13,32,28,0,0,128.0,6784,29687806.0,89751514.0,1991.0,0.29348466981132076
w=32,45,5,9,14,16,32,28,0,0,128.0,6784,463870.0,5989347.0,2769.0,0.40816627358490565
w=32,45,5,9,17,13,32,28,0,0,128.0,6784,463870.0,2876381.0,2766.0,0.4077240566037736
w=32,48,6,8,23,8,32,28,0,0,128.0,6784,231934.0,1415121.0,3148.0,0.46403301886792453
w=256,42,2,21,23,14,256,18,0,0,128.0,6784,9680453630.0,19362414553.0,5362.0,0.7903891509433962
w=256,42,6,7,13,20,256,18,0,0,128.0,6784,590846.0,58071010.0,14429.0,2.126916273584906
w=256,42,6,7,21,12,256,18,0,0,128.0,6784,590846.0,3889108.0,14423.0,2.1260318396226414
w=256,42,7,6,15,16,256,18,0,0,128.0,6784,295422.0,6000093.0,16693.0,2.460642688679245
w=256,42,7,6,17,14,256,18,0,0,128.0,6784,295422.0,3182041.0,16691.0,2.4603478773584904
w=256,45,3,15,18,17,256,18,0,0,128.0,6784,151257086.0,463208416.0,7631.0,1.1248525943396226
w=256,45,5,9,16,17,256,18,0,0,128.0,6784,2363390.0,20205535.0,12162.0,1.7927476415094339
w=256,45,5,9,18,15,256,18,0,0,128.0,6784,2363390.0,14176220.0,12161.0,1.7926002358490567
w=256,45,5,9,24,11,256,18,0,0,128.0,6784,2363390.0,12013521.0,12156.0,1.7918632075471699
w=256,45,9,5,12,17,256,18,0,0,128.0,6784,147710.0,7620830.0,21225.0,3.128685141509434
w=256,45,9,5,18,11,256,18,0,0,128.0,6784,147710.0,1476820.0,21221.0,3.1280955188679247
w=256,45,9,5,24,8,256,18,0,0,128.0,6784,147710.0,1353929.0,21216.0,3.1273584905660377
w=256,48,8,6,11,20,256,18,0,0,128.0,6784,295422.0,48500706.0,18961.0,2.794958726415094
w=256,48,8,6,21,10,256,18,0,0,128.0,6784,295422.0,2449360.0,18953.0,2.7937794811320753
w=16,40,5,8,11,18,16,35,0,0,128.0,6800,146430.0,12266472.0,1853.0,0.2725
w=16,40,5,8,19,10,16,35,0,0,128.0,6800,146430.0,809946.0,1847.0,0.2716176470588235
w=16,42,2,21,24,12,16,35,0,0,128.0,6800,1199570942.0,2399535063.0,1237.0,0.18191176470588236
w=16,44,4,11,12,19,16,35,0,0,128.0,6800,1171454.0,29851624.0,1650.0,0.2426470588235294
w=16,44,4,11,15,15,16,35,0,0,128.0,6800,1171454.0,6651875.0,1648.0,0.24235294117647058
w=16,44,4,11,16,14,16,35,0,0,128.0,6800,1171454.0,5734369.0,1647.0,0.2422058823529412
w=16,44,4,11,20,11,16,35,0,0,128.0,6800,1171454.0,4849626.0,1644.0,0.24176470588235294
w=16,44,4,11,24,9,16,35,0,0,128.0,6800,1171454.0,4734931.0,1641.0,0.24132352941176471
w=16,45,5,9,12,16,16,35,0,0,128.0,6800,292862.0,4610022.0,1852.0,0.2723529411764706
w=16,45,5,9,17,11,16,35,0,0,128.0,6800,292862.0,1603549.0,1848.0,0.27176470588235296
w=16,46,2,23,22,13,16,35,0,0,128.0,6800,4798283774.0,9597288411.0,1239.0,0.1822058823529412
w=16,48,2,24,17,17,16,35,0,0,128.0,6800,9596567550.0,19202047971.0,1242.0,0.1826470588235294
w=16,48,2,24,18,16,16,35,0,0,128.0,6800,9596567550.0,19197853666.0,1242.0,0.1826470588235294
w=16,50,2,25,16,18,16,35,0,0,128.0,6800,19193135102.0,38403047397.0,1243.0,0.18279411764705883
w=16,50,2,25,19,15,16,35,0,0,128.0,6800,19193135102.0,38388760544.0,1241.0,0.1825
w=32,40,4,10,16,16,32,28,0,0,128.0,6800,927742.0,7905249.0,2383.0,0.35044117647058826
w=32,40,4,10,17,15,32,28,0,0,128.0,6800,927742.0,5939167.0,2382.0,0.3502941176470588
w=32,40,8,5,8,19,32,28,0,0,128.0,6800,28990.0,17009127.0,3933.0,0.5783823529411765
w=32,40,8,5,10,15,32,28,0,0,128.0,6800,28990.0,1542628.0,3932.0,0.5782352941176471
w=32,44,2,22,18,17,32,28,0,0,128.0,6800,3800039422.0,7609516002.0,1610.0,0.23676470588235293
w=32,46,2,23,23,13,32,28,0,0,128.0,6800,7600078846.0,15200911321.0,1606.0,0.2361764705882353
w=32,48,2,24,16,19,32,28,0,0,128.0,6800,15200157694.0,30433869797.0,1611.0,0.23691176470588235
w=32,48,2,24,20,15,32,28,0,0,128.0,6800,15200157694.0,30402936798.0,1608.0,0.23647058823529413
w=32,48,4,12,22,11,32,28,0,0,128.0,6800,3710974.0,15024087.0,2379.0,0.3498529411764706
w=32,48,4,12,24,10,32,28,0,0,128.0,6800,3710974.0,14942163.0,2377.0,0.34955882352941176
w=32,48,6,8,13,15,32,28,0,0,128.0,6800,231934.0,3095522.0,3157.0,0.46426470588235297
w=32,48,6,8,16,12,32,28,0,0,128.0,6800,231934.0,1653725.0,3155.0,0.46397058823529413
w=32,48,8,6,8,18,32,28,0,0,128.0,6800,57982.0,8852455.0,3933.0,0.5783823529411765
w=32,50,5,10,13,17,32,28,0,0,128.0,6800,927742.0,11454436.0,2771.0,0.4075
w=32,50,5,10,18,12,32,28,0,0,128.0,6800,927742.0,4933596.0,2768.0,0.40705882352941175
w=256,40,4,10,24,12,256,18,0,0,128.0,6800,4726782.0,19300307.0,9893.0,1.4548529411764706
w=256,40,5,8,14,20,256,18,0,0,128.0,6800,1181694.0,64628707.0,12166.0,1.7891176470588235
w=256,40,5,8,21,13,256,18,0,0,128.0,6800,1181694.0,6596566.0,12160.0,1.7882352941176471
w=256,40,8,5,12,19,256,18,0,0,128.0,6800,147710.0,26347488.0,18962.0,2.788529411764706
w=256,40,8,5,15,15,256,18,0,0,128.0,6800,147710.0,3147739.0,18960.0,2.788235294117647
w=256,40,8,5,16,14,256,18,0,0,128.0,6800,147710.0,2230233.0,18959.0,2.7880882352941176
w=256,40,8,5,20,11,256,18,0,0,128.0,6800,147710.0,1345490.0,18956.0,2.7876470588235294
w=256,40,8,5,24,9,256,18,0,0,128.0,6800,147710.0,1230795.0,18953.0,2.787205882352941
w=256,40,10,4,12,16,256,18,0,0,128.0,6800,73854.0,3884252.0,23492.0,3.454705882352941
w=256,40,10,4,17,11,256,18,0,0,128.0,6800,73854.0,877779.0,23488.0,3.4541176470588235
w=256,42,7,6,16,15,256,18,0,0,128.0,6800,295422.0,4165083.0,16694.0,2.455
w=256,44,4,11,22,13,256,18,0,0,128.0,6800,9453566.0,38535127.0,9895.0,1.4551470588235293
w=256,44,11,4,13,13,256,18,0,0,128.0,6800,73854.0,1238360.0,25756.0,3.7876470588235294
w=256,44,11,4,14,12,256,18,0,0,128.0,6800,73854.0,1041751.0,25756.0,3.7876470588235294
w=256,45,5,9,17,16,256,18,0,0,128.0,6800,2363390.0,16273373.0,12163.0,1.7886764705882352
w=256,46,2,23,18,18,256,18,0,0,128.0,6800,38721814526.0,77462503394.0,5368.0,0.7894117647058824
w=256,46,2,23,19,17,256,18,0,0,128.0,6800,38721814526.0,77453590496.0,5367.0,0.789264705882353
w=256,48,2,24,17,19,256,18,0,0,128.0,6800,77443629054.0,154922909667.0,5368.0,0.7894117647058824
w=256,48,2,24,20,16,256,18,0,0,128.0,6800,77443629054.0,154892500958.0,5366.0,0.7891176470588235
w=256,48,3,16,23,13,256,18,0,0,128.0,6800,302514174.0,908296151.0,7629.0,1.1219117647058823
w=256,48,4,12,16,18,256,18,0,0,128.0,6800,18907134.0,92405729.0,9899.0,1.4557352941176471
w=256,48,4,12,19,15,256,18,0,0,128.0,6800,18907134.0,78118876.0,9897.0,1.4554411764705881
w=256,48,12,4,8,19,256,18,0,0,128.0,6800,73854.0,17663455.0,28025.0,4.1213235294117645
w=256,48,12,4,10,15,256,18,0,0,128.0,6800,73854.0,2196956.0,28024.0,4.121176470588235
w=256,48,12,4,16,9,256,18,0,0,128.0,6800,73854.0,918993.0,28019.0,4.120441176470588
w=16,40,2,20,15,20,16,35,0,0,128.0,6816,599785470.0,1262485479.0,1246.0,0.18280516431924881
w=16,40,2,20,21,14,16,35,0,0,128.0,6816,599785470.0,1200947164.0,1241.0,0.18207159624413147
w=16,40,5,8,10,20,16,35,0,0,128.0,6816,146430.0,42675178.0,1856.0,0.27230046948356806
w=16,40,5,8,14,14,16,35,0,0,128.0,6816,146430.0,1649635.0,1853.0,0.27186032863849763
w=16,40,5,8,15,13,16,35,0,0,128.0,6816,146430.0,1223649.0,1852.0,0.2717136150234742
w=16,40,5,8,21,9,16,35,0,0,128.0,6816,146430.0,775126.0,1847.0,0.2709800469483568
w=16,48,3,16,16,16,16,35,0,0,128.0,6816,37486590.0,116654051.0,1447.0,0.21229460093896713
w=16,48,3,16,17,15,16,35,0,0,128.0,6816,37486590.0,114687969.0,1446.0,0.21214788732394366
w=16,50,5,10,10,19,16,35,0,0,128.0,6816,585726.0,23900138.0,1856.0,0.27230046948356806
w=16,50,5,10,20,9,16,35,0,0,128.0,6816,585726.0,2969560.0,1848.0,0.2711267605633803
w=32,40,4,10,13,20,32,28,0,0,128.0,6816,927742.0,58236902.0,2387.0,0.3502053990610329
w=32,40,4,10,21,12,32,28,0,0,128.0,6816,927742.0,4055000.0,2381.0,0.349325117370892
w=32,42,3,14,23,12,32,28,0,0,128.0,6816,14843902.0,44908503.0,1994.0,0.2925469483568075
w=32,42,7,6,11,16,32,28,0,0,128.0,6816,57982.0,3289444.0,3547.0,0.5203931924882629
w=32,42,7,6,17,10,32,28,0,0,128.0,6816,57982.0,475481.0,3542.0,0.5196596244131455
w=32,45,5,9,12,19,32,28,0,0,128.0,6816,463870.0,27485158.0,2774.0,0.4069835680751174
w=32,45,5,9,15,15,32,28,0,0,128.0,6816,463870.0,4285409.0,2772.0,0.40669014084507044
w=32,45,5,9,16,14,32,28,0,0,128.0,6816,463870.0,3367903.0,2771.0,0.40654342723004694
w=32,45,5,9,20,11,32,28,0,0,128.0,6816,463870.0,2483160.0,2768.0,0.4061032863849765
w=32,45,5,9,24,9,32,28,0,0,128.0,6816,463870.0,2368465.0,2765.0,0.4056631455399061
w=32,46,2,23,17,18,32,28,0,0,128.0,6816,7600078846.0,15217983459.0,1612.0,0.23650234741784038
w=32,46,2,23,19,16,32,28,0,0,128.0,6816,7600078846.0,15205138400.0,1611.0,0.2363556338028169
w=32,48,6,8,11,18,32,28,0,0,128.0,6816,231934.0,12925926.0,3161.0,0.4637617370892019
w=32,48,6,8,19,10,32,28,0,0,128.0,6816,231934.0,1469400.0,3155.0,0.46288145539906106
w=32,48,8,6,9,16,32,28,0,0,128.0,6816,57982.0,2823141.0,3934.0,0.5771713615023474
w=32,48,8,6,17,8,32,28,0,0,128.0,6816,57982.0,481239.0,3928.0,0.5762910798122066
w=32,49,7,7,9,19,32,28,0,0,128.0,6816,115966.0,19686119.0,3548.0,0.5205399061032864
w=32,49,7,7,10,17,32,28,0,0,128.0,6816,115966.0,6054630.0,3548.0,0.5205399061032864
w=32,49,7,7,12,14,32,28,0,0,128.0,6816,115966.0,1598178.0,3546.0,0.5202464788732394
w=32,49,7,7,15,11,32,28,0,0,128.0,6816,115966.0,934621.0,3544.0,0.5199530516431925
w=32,49,7,7,18,9,32,28,0,0,128.0,6816,115966.0,848600.0,3542.0,0.5196596244131455
w=32,49,7,7,20,8,32,28,0,0,128.0,6816,115966.0,832212.0,3540.0,0.5193661971830986
w=256,44,2,22,23,14,256,18,0,0,128.0,6816,19360907262.0,38723321817.0,5366.0,0.7872652582159625
w=256,48,3,16,17,18,256,18,0,0,128.0,6816,302514174.0,925368289.0,7635.0,1.1201584507042253
w=256,48,3,16,19,16,256,18,0,0,128.0,6816,302514174.0,912523230.0,7634.0,1.120011737089202
w=256,50,5,10,15,18,256,18,0,0,128.0,6816,4726782.0,39362529.0,12167.0,1.7850645539906103
w=256,50,5,10,19,14,256,18,0,0,128.0,6816,4726782.0,24879066.0,12164.0,1.78462441314554
w=256,50,10,5,13,14,256,18,0,0,128.0,6816,147710.0,2329050.0,23493.0,3.446742957746479
w=256,50,10,5,15,12,256,18,0,0,128.0,6816,147710.0,1722839.0,23492.0,3.4465962441314555
w=16,44,2,22,24,12,16,35,0,0,128.0,6832,2399141886.0,4798676951.0,1241.0,0.18164519906323184
w=16,44,4,11,22,10,16,35,0,0,128.0,6832,1171454.0,4775895.0,1647.0,0.24107142857142858
w=16,45,3,15,23,11,16,35,0,0,128.0,6832,18743294.0,56418263.0,1444.0,0.21135831381733022
w=16,48,2,24,22,13,16,35,0,0,128.0,6832,9596567550.0,19193855963.0,1243.0,0.18193793911007025
w=16,48,3,16,13,20,16,35,0,0,128.0,6832,37486590.0,166985704.0,1451.0,0.21238290398126464
w=16,48,3,16,21,12,16,35,0,0,128.0,6832,37486590.0,112803802.0,1445.0,0.2115046838407494
w=16,48,4,12,14,16,16,35,0,0,128.0,6832,2342910.0,13041637.0,1653.0,0.2419496487119438
w=16,48,4,12,17,13,16,35,0,0,128.0,6832,2342910.0,9928671.0,1650.0,0.24151053864168617
w=16,48,6,8,8,20,16,35,0,0,128.0,6832,146430.0,34433003.0,2061.0,0.30166861826697894
w=16,48,6,8,12,13,16,35,0,0,128.0,6832,146430.0,1271780.0,2058.0,0.3012295081967213
w=16,48,6,8,14,11,16,35,0,0,128.0,6832,146430.0,993249.0,2057.0,0.3010831381733021
w=16,49,7,7,11,11,16,35,0,0,128.0,6832,73214.0,602596.0,2261.0,0.33094262295081966
w=16,50,2,25,17,17,16,35,0,0,128.0,6832,19193135102.0,38395183075.0,1246.0,0.18237704918032788
w=16,50,2,25,18,16,16,35,0,0,128.0,6832,19193135102.0,38390988770.0,1246.0,0.18237704918032788
w=32,40,2,20,22,14,32,28,0,0,128.0,6832,950009854.0,1901461467.0,1611.0,0.23580210772833723
w=32,40,8,5,9,17,32,28,0,0,128.0,6832,28990.0,4950501.0,3936.0,0.5761124121779859
w=32,42,3,14,15,19,32,28,0,0,128.0,6832,14843902.0,75988965.0,2002.0,0.2930327868852459
w=32,42,3,14,20,14,32,28,0,0,128.0,6832,14843902.0,45842396.0,1998.0,0.2924473067915691
w=32,42,6,7,12,17,32,28,0,0,128.0,6832,115966.0,6987236.0,3162.0,0.46282201405152223
w=32,42,6,7,18,11,32,28,0,0,128.0,6832,115966.0,843226.0,3158.0,0.4622365339578454
w=32,42,6,7,24,8,32,28,0,0,128.0,6832,115966.0,720335.0,3153.0,0.46150468384074944
w=32,44,4,11,15,17,32,28,0,0,128.0,6832,1855486.0,15286243.0,2388.0,0.34953161592505855
w=32,44,4,11,18,14,32,28,0,0,128.0,6832,1855486.0,8601566.0,2386.0,0.34923887587822017
w=32,46,2,23,18,17,32,28,0,0,128.0,6832,7600078846.0,15209594850.0,1614.0,0.23624121779859486
w=32,48,2,24,23,13,32,28,0,0,128.0,6832,15200157694.0,30401069017.0,1610.0,0.23565573770491804
w=32,48,3,16,14,20,32,28,0,0,128.0,6832,59375614.0,236847079.0,2003.0,0.2931791569086651
w=32,48,3,16,21,13,32,28,0,0,128.0,6832,59375614.0,178814938.0,1997.0,0.2923009367681499
w=32,48,4,12,14,18,32,28,0,0,128.0,6832,3710974.0,29523941.0,2389.0,0.34967798594847777
w=32,48,4,12,19,13,32,28,0,0,128.0,6832,3710974.0,15466460.0,2385.0,0.34909250585480095
w=32,48,6,8,10,20,32,28,0,0,128.0,6832,231934.0,43334632.0,3164.0,0.46311475409836067
w=32,48,6,8,14,14,32,28,0,0,128.0,6832,231934.0,2309089.0,3161.0,0.462675644028103
w=32,48,6,8,15,13,32,28,0,0,128.0,6832,231934.0,1883103.0,3160.0,0.46252927400468385
w=32,48,6,8,21,9,32,28,0,0,128.0,6832,231934.0,1434580.0,3155.0,0.4617974238875878
w=32,48,8,6,11,13,32,28,0,0,128.0,6832,57982.0,824290.0,3935.0,0.5759660421545667
w=32,48,8,6,14,10,32,28,0,0,128.0,6832,57982.0,521181.0,3933.0,0.5756733021077284
w=32,50,2,25,16,19,32,28,0,0,128.0,6832,30400315390.0,60834185189.0,1615.0,0.23638758782201405
w=32,50,2,25,20,15,32,28,0,0,128.0,6832,30400315390.0,60803252190.0,1612.0,0.23594847775175645
w=256,40,8,5,22,10,256,18,0,0,128.0,6832,147710.0,1271759.0,18959.0,2.775029274004684
w=256,42,3,14,22,14,256,18,0,0,128.0,6832,75628542.0,228327385.0,7634.0,1.1173887587822013
w=256,42,6,7,23,11,256,18,0,0,128.0,6832,590846.0,3733457.0,14428.0,2.1118266978922717
w=256,48,2,24,18,18,256,18,0,0,128.0,6832,77443629054.0,154906132450.0,5372.0,0.7862997658079626
w=256,48,2,24,19,17,256,18,0,0,128.0,6832,77443629054.0,154897219552.0,5371.0,0.7861533957845434
w=256,48,3,16,18,17,256,18,0,0,128.0,6832,302514174.0,916979680.0,7637.0,1.117827868852459
w=256,48,4,12,17,17,256,18,0,0,128.0,6832,18907134.0,84541407.0,9902.0,1.4493559718969555
w=256,48,4,12,18,16,256,18,0,0,128.0,6832,18907134.0,80347102.0,9902.0,1.4493559718969555
w=256,48,6,8,15,17,256,18,0,0,128.0,6832,1181694.0,14954463.0,14434.0,2.112704918032787
w=256,48,6,8,18,14,256,18,0,0,128.0,6832,1181694.0,8269786.0,14432.0,2.1124121779859486
w=256,48,8,6,13,17,256,18,0,0,128.0,6832,295422.0,9179102.0,18965.0,2.775907494145199
w=256,48,8,6,18,12,256,18,0,0,128.0,6832,295422.0,2658262.0,18962.0,2.7754683840749412
w=256,48,12,4,9,17,256,18,0,0,128.0,6832,73854.0,5604829.0,28028.0,4.102459016393443
w=256,48,12,4,18,8,256,18,0,0,128.0,6832,73854.0,904654.0,28022.0,4.101580796252928
w=256,50,2,25,17,19,256,18,0,0,128.0,6832,154887258110.0,309810167779.0,5372.0,0.7862997658079626
w=256,50,2,25,20,16,256,18,0,0,128.0,6832,154887258110.0,309779759070.0,5370.0,0.7860070257611241
w=256,50,5,10,22,12,256,18,0,0,128.0,6832,4726782.0,23994325.0,12164.0,1.7804449648711944
w=256,50,10,5,14,13,256,18,0,0,128.0,6832,147710.0,1935833.0,23495.0,3.438963700234192
w=16,40,4,10,13,18,16,35,0,0,128.0,6848,585726.0,15974374.0,1655.0,0.24167640186915887
w=16,40,4,10,19,12,16,35,0,0,128.0,6848,585726.0,2654172.0,1651.0,0.24109228971962618
w=16,42,2,21,15,20,16,35,0,0,128.0,6848,1199570942.0,2462056423.0,1250.0,0.18253504672897197
w=16,42,2,21,21,14,16,35,0,0,128.0,6848,1199570942.0,2400518108.0,1245.0,0.18180490654205608
w=16,42,3,14,14,19,16,35,0,0,128.0,6848,9371646.0,57475047.0,1453.0,0.21217873831775702
w=16,42,3,14,20,13,16,35,0,0,128.0,6848,9371646.0,28770268.0,1448.0,0.21144859813084113
w=16,42,7,6,7,19,16,35,0,0,128.0,6848,36606.0,14936299.0,2266.0,0.3308995327102804
w=16,45,5,9,23,8,16,35,0,0,128.0,6848,292862.0,1487827.0,1850.0,0.2701518691588785
w=16,48,6,8,13,12,16,35,0,0,128.0,6848,146430.0,1091554.0,2059.0,0.3006717289719626
w=16,49,7,7,7,18,16,35,0,0,128.0,6848,73214.0,7852523.0,2266.0,0.3308995327102804
w=32,40,5,8,13,18,32,28,0,0,128.0,6848,231934.0,14791140.0,2777.0,0.40551985981308414
w=32,40,5,8,19,12,32,28,0,0,128.0,6848,231934.0,1470938.0,2773.0,0.4049357476635514
w=32,42,7,6,9,20,32,28,0,0,128.0,6848,57982.0,38154599.0,3552.0,0.5186915887850467
w=32,42,7,6,21,8,32,28,0,0,128.0,6848,57982.0,427346.0,3543.0,0.5173773364485982
w=32,45,5,9,22,10,32,28,0,0,128.0,6848,463870.0,2409429.0,2771.0,0.40464369158878505
w=32,48,2,24,17,18,32,28,0,0,128.0,6848,15200157694.0,30418141155.0,1616.0,0.23598130841121495
w=32,48,2,24,19,16,32,28,0,0,128.0,6848,15200157694.0,30405296096.0,1615.0,0.23583528037383178
w=32,49,7,7,13,13,32,28,0,0,128.0,6848,115966.0,1237728.0,3549.0,0.5182535046728972
w=32,49,7,7,14,12,32,28,0,0,128.0,6848,115966.0,1041119.0,3549.0,0.5182535046728972
w=256,40,4,10,15,20,256,18,0,0,128.0,6848,4726782.0,81821667.0,9906.0,1.446553738317757
w=256,40,4,10,21,14,256,18,0,0,128.0,6848,4726782.0,20283352.0,9901.0,1.4458235981308412
w=256,40,10,4,23,8,256,18,0,0,128.0,6848,73854.0,762057.0,23490.0,3.430198598130841
w=256,45,9,5,11,19,256,18,0,0,128.0,6848,147710.0,24398048.0,21234.0,3.1007593457943927
w=256,45,9,5,20,10,256,18,0,0,128.0,6848,147710.0,1411280.0,21227.0,3.0997371495327104
w=256,45,9,5,22,9,256,18,0,0,128.0,6848,147710.0,1374413.0,21226.0,3.099591121495327
w=256,46,2,23,23,14,256,18,0,0,128.0,6848,38721814526.0,77445136345.0,5370.0,0.7841705607476636
w=256,49,7,7,12,20,256,18,0,0,128.0,6848,590846.0,54467554.0,16703.0,2.439106308411215
w=256,49,7,7,14,17,256,18,0,0,128.0,6848,590846.0,11475935.0,16702.0,2.438960280373832
w=256,49,7,7,18,13,256,18,0,0,128.0,6848,590846.0,4725720.0,16699.0,2.4385221962616823
w=256,49,7,7,21,11,256,18,0,0,128.0,6848,590846.0,4307922.0,16696.0,2.4380841121495327
w=16,42,6,7,11,15,16,35,0,0,128.0,6864,73214.0,1881062.0,2063.0,0.30055361305361306
w=16,42,6,7,16,10,16,35,0,0,128.0,6864,73214.0,504797.0,2059.0,0.29997086247086246
w=16,45,5,9,13,15,16,35,0,0,128.0,6864,292862.0,3168228.0,1859.0,0.2708333333333333
w=16,45,5,9,16,12,16,35,0,0,128.0,6864,292862.0,1726431.0,1857.0,0.270541958041958
w=16,46,2,23,24,12,16,35,0,0,128.0,6864,4798283774.0,9596960727.0,1245.0,0.18138111888111888
w=16,48,4,12,12,19,16,35,0,0,128.0,6864,2342910.0,34537448.0,1658.0,0.24155011655011654
w=16,48,4,12,15,15,16,35,0,0,128.0,6864,2342910.0,11337699.0,1656.0,0.24125874125874125
w=16,48,4,12,16,14,16,35,0,0,128.0,6864,2342910.0,10420193.0,1655.0,0.2411130536130536
w=16,48,4,12,20,11,16,35,0,0,128.0,6864,2342910.0,9535450.0,1652.0,0.2406759906759907
w=16,48,4,12,24,9,16,35,0,0,128.0,6864,2342910.0,9420755.0,1649.0,0.24023892773892774
w=16,48,6,8,10,16,16,35,0,0,128.0,6864,146430.0,3500008.0,2064.0,0.3006993006993007
w=16,48,6,8,17,9,16,35,0,0,128.0,6864,146430.0,913371.0,2058.0,0.29982517482517484
w=16,50,2,25,22,13,16,35,0,0,128.0,6864,19193135102.0,38386991067.0,1247.0,0.18167249417249418
w=32,40,4,10,23,11,32,28,0,0,128.0,6864,927742.0,3899349.0,2386.0,0.3476107226107226
w=32,42,2,21,22,14,32,28,0,0,128.0,6864,1900019710.0,3801481179.0,1615.0,0.23528554778554778
w=32,42,7,6,10,18,32,28,0,0,128.0,6864,57982.0,10891622.0,3554.0,0.5177738927738927
w=32,42,7,6,19,9,32,28,0,0,128.0,6864,57982.0,444758.0,3547.0,0.5167540792540792
w=32,44,4,11,16,16,32,28,0,0,128.0,6864,1855486.0,11616225.0,2391.0,0.34833916083916083
w=32,44,4,11,17,15,32,28,0,0,128.0,6864,1855486.0,9650143.0,2390.0,0.3481934731934732
w=32,45,3,15,23,12,32,28,0,0,128.0,6864,29687806.0,89440215.0,2000.0,0.2913752913752914
w=32,48,2,24,18,17,32,28,0,0,128.0,6864,15200157694.0,30409752546.0,1618.0,0.23572261072261072
w=32,48,8,6,12,12,32,28,0,0,128.0,6864,57982.0,660448.0,3938.0,0.5737179487179487
w=32,48,8,6,13,11,32,28,0,0,128.0,6864,57982.0,570334.0,3937.0,0.5735722610722611
w=32,50,2,25,23,13,32,28,0,0,128.0,6864,30400315390.0,60801384409.0,1614.0,0.23513986013986013
w=32,50,5,10,14,16,32,28,0,0,128.0,6864,927742.0,8308707.0,2779.0,0.40486596736596736
w=32,50,5,10,17,13,32,28,0,0,128.0,6864,927742.0,5195741.0,2776.0,0.40442890442890445
w=256,40,2,20,22,15,256,18,0,0,128.0,6864,4840226814.0,9683337179.0,5373.0,0.7827797202797203
w=256,40,10,4,13,15,256,18,0,0,128.0,6864,73854.0,2442458.0,23499.0,3.423513986013986
w=256,40,10,4,16,12,256,18,0,0,128.0,6864,73854.0,1000661.0,23497.0,3.4232226107226107
w=256,42,7,6,13,19,256,18,0,0,128.0,6864,295422.0,29330912.0,16704.0,2.4335664335664338
w=256,42,7,6,20,12,256,18,0,0,128.0,6864,295422.0,2395604.0,16699.0,2.4328379953379953
w=256,44,4,11,24,12,256,18,0,0,128.0,6864,9453566.0,38207443.0,9901.0,1.4424533799533799
w=256,45,9,5,13,16,256,18,0,0,128.0,6864,147710.0,4737244.0,21234.0,3.0935314685314683
w=256,45,9,5,17,12,256,18,0,0,128.0,6864,147710.0,1607893.0,21231.0,3.0930944055944054
w=256,48,4,12,22,13,256,18,0,0,128.0,6864,18907134.0,76349399.0,9903.0,1.4427447552447552
w=256,48,6,8,16,16,256,18,0,0,128.0,6864,1181694.0,11284445.0,14437.0,2.1032925407925407
w=256,48,6,8,17,15,256,18,0,0,128.0,6864,1181694.0,9318363.0,14436.0,2.1031468531468533
w=256,49,7,7,23,10,256,18,0,0,128.0,6864,590846.0,4230095.0,16697.0,2.43254662004662
w=256,50,2,25,18,18,256,18,0,0,128.0,6864,154887258110.0,309793390562.0,5376.0,0.7832167832167832
w=256,50,2,25,19,17,256,18,0,0,128.0,6864,154887258110.0,309784477664.0,5375.0,0.7830710955710956
w=256,50,5,10,16,17,256,18,0,0,128.0,6864,4726782.0,32022495.0,12172.0,1.7733100233100234
w=256,50,5,10,18,15,256,18,0,0,128.0,6864,4726782.0,25993180.0,12171.0,1.7731643356643356
w=256,50,5,10,24,11,256,18,0,0,128.0,6864,4726782.0,23830481.0,12166.0,1.7724358974358974
w=256,50,10,5,11,17,256,18,0,0,128.0,6864,147710.0,7244254.0,23501.0,3.4238053613053614
w=256,50,10,5,18,10,256,18,0,0,128.0,6864,147710.0,1550802.0,23496.0,3.423076923076923
w=256,50,10,5,22,8,256,18,0,0,128.0,6864,147710.0,1499595.0,23493.0,3.42263986013986
w=16,44,2,22,15,20,16,35,0,0,128.0,6880,2399141886.0,4861198311.0,1254.0,0.18226744186046512
w=16,44,2,22,21,14,16,35,0,0,128.0,6880,2399141886.0,4799659996.0,1249.0,0.1815406976744186
w=16,45,5,9,11,18,16,35,0,0,128.0,6880,292862.0,12998632.0,1863.0,0.27078488372093024
w=16,45,5,9,19,10,16,35,0,0,128.0,6880,292862.0,1542106.0,1857.0,0.26991279069767443
w=16,48,3,16,23,11,16,35,0,0,128.0,6880,37486590.0,112648151.0,1450.0,0.21075581395348839
w=16,48,6,8,9,18,16,35,0,0,128.0,6880,146430.0,10315753.0,2066.0,0.3002906976744186
w=16,48,6,8,19,8,16,35,0,0,128.0,6880,146430.0,898008.0,2059.0,0.2992732558139535
w=16,49,7,7,9,14,16,35,0,0,128.0,6880,73214.0,1102311.0,2268.0,0.32965116279069767
w=16,50,5,10,12,16,16,35,0,0,128.0,6880,585726.0,6074342.0,1862.0,0.27063953488372094
w=16,50,5,10,17,11,16,35,0,0,128.0,6880,585726.0,3067869.0,1858.0,0.2700581395348837
w=32,40,8,5,11,14,32,28,0,0,128.0,6880,28990.0,952802.0,3941.0,0.5728197674418605
w=32,44,4,11,13,20,32,28,0,0,128.0,6880,1855486.0,61947878.0,2395.0,0.3481104651162791
w=32,44,4,11,21,12,32,28,0,0,128.0,6880,1855486.0,7765976.0,2389.0,0.3472383720930233
w=32,45,3,15,15,19,32,28,0,0,128.0,6880,29687806.0,120520677.0,2008.0,0.29186046511627906
w=32,45,3,15,20,14,32,28,0,0,128.0,6880,29687806.0,90374108.0,2004.0,0.29127906976744183
w=32,50,2,25,17,18,32,28,0,0,128.0,6880,30400315390.0,60818456547.0,1620.0,0.23546511627906977
w=32,50,2,25,19,16,32,28,0,0,128.0,6880,30400315390.0,60805611488.0,1619.0,0.23531976744186048
w=256,40,5,8,23,12,256,18,0,0,128.0,6880,1181694.0,6285267.0,12169.0,1.76875
w=256,40,10,4,11,18,256,18,0,0,128.0,6880,73854.0,12272862.0,23503.0,3.4161337209302327
w=256,40,10,4,19,10,256,18,0,0,128.0,6880,73854.0,816336.0,23497.0,3.4152616279069767
w=256,44,11,4,11,16,256,18,0,0,128.0,6880,73854.0,3695964.0,25768.0,3.7453488372093022
w=256,44,11,4,17,10,256,18,0,0,128.0,6880,73854.0,882001.0,25763.0,3.744622093023256
w=256,45,3,15,22,14,256,18,0,0,128.0,6880,151257086.0,455213017.0,7640.0,1.1104651162790697
w=256,45,5,9,14,20,256,18,0,0,128.0,6880,2363390.0,70537187.0,12176.0,1.7697674418604652
w=256,45,5,9,21,13,256,18,0,0,128.0,6880,2363390.0,12505046.0,12170.0,1.7688953488372092
w=256,48,2,24,23,14,256,18,0,0,128.0,6880,77443629054.0,154888765401.0,5374.0,0.7811046511627907
w=256,48,6,8,13,20,256,18,0,0,128.0,6880,1181694.0,61616098.0,14441.0,2.098982558139535
w=256,48,6,8,21,12,256,18,0,0,128.0,6880,1181694.0,7434196.0,14435.0,2.098110465116279
w=256,48,12,4,11,14,256,18,0,0,128.0,6880,73854.0,1607130.0,28033.0,4.074563953488372
w=256,48,12,4,15,10,256,18,0,0,128.0,6880,73854.0,947667.0,28030.0,4.074127906976744
w=256,50,5,10,17,16,256,18,0,0,128.0,6880,4726782.0,28090333.0,12173.0,1.7693313953488372
w=16,40,2,20,16,19,16,35,0,0,128.0,6896,599785470.0,1233125349.0,1255.0,0.18198955916473317
w=16,40,2,20,20,15,16,35,0,0,128.0,6896,599785470.0,1202192350.0,1252.0,0.18155452436194897
w=16,45,3,15,14,19,16,35,0,0,128.0,6896,18743294.0,85589991.0,1459.0,0.21157192575406034
w=16,45,3,15,20,13,16,35,0,0,128.0,6896,18743294.0,56885212.0,1454.0,0.21084686774941996
w=16,45,5,9,10,20,16,35,0,0,128.0,6896,292862.0,43407338.0,1866.0,0.27059164733178653
w=16,45,5,9,14,14,16,35,0,0,128.0,6896,292862.0,2381795.0,1863.0,0.2701566125290023
w=16,45,5,9,15,13,16,35,0,0,128.0,6896,292862.0,1955809.0,1862.0,0.27001160092807425
w=16,45,5,9,21,9,16,35,0,0,128.0,6896,292862.0,1507286.0,1857.0,0.26928654292343385
w=16,48,2,24,24,12,16,35,0,0,128.0,6896,9596567550.0,19193528279.0,1249.0,0.18111948955916474
w=16,48,4,12,22,10,16,35,0,0,128.0,6896,2342910.0,9461719.0,1655.0,0.23999419953596288
w=16,49,7,7,8,16,16,35,0,0,128.0,6896,73214.0,2609641.0,2271.0,0.3293213457076566
w=32,42,3,14,16,18,32,28,0,0,128.0,6896,14843902.0,61308899.0,2009.0,0.2913283062645012
w=32,42,3,14,19,15,32,28,0,0,128.0,6896,14843902.0,47022046.0,2007.0,0.291038283062645
w=32,42,6,7,11,19,32,28,0,0,128.0,6896,115966.0,23764454.0,3171.0,0.45983178654292345
w=32,42,6,7,20,10,32,28,0,0,128.0,6896,115966.0,777686.0,3164.0,0.45881670533642693
w=32,42,6,7,22,9,32,28,0,0,128.0,6896,115966.0,740819.0,3163.0,0.4586716937354988
w=32,42,7,6,12,15,32,28,0,0,128.0,6896,57982.0,1978722.0,3556.0,0.515661252900232
w=32,42,7,6,16,11,32,28,0,0,128.0,6896,57982.0,536923.0,3553.0,0.5152262180974478
w=32,44,2,22,22,14,32,28,0,0,128.0,6896,3800039422.0,7601520603.0,1619.0,0.23477378190255221
w=32,45,9,5,7,18,32,28,0,0,128.0,6896,28990.0,7600935.0,4332.0,0.6281902552204176
w=32,48,4,12,15,17,32,28,0,0,128.0,6896,3710974.0,22708195.0,2396.0,0.3474477958236659
w=32,48,4,12,18,14,32,28,0,0,128.0,6896,3710974.0,16023518.0,2394.0,0.34715777262180975
w=32,50,2,25,18,17,32,28,0,0,128.0,6896,30400315390.0,60810067938.0,1622.0,0.23520881670533642
w=32,50,5,10,12,19,32,28,0,0,128.0,6896,927742.0,29804518.0,2784.0,0.4037122969837587
w=32,50,5,10,15,15,32,28,0,0,128.0,6896,927742.0,6604769.0,2782.0,0.40342227378190254
w=32,50,5,10,16,14,32,28,0,0,128.0,6896,927742.0,5687263.0,2781.0,0.4032772621809745
w=32,50,5,10,20,11,32,28,0,0,128.0,6896,927742.0,4802520.0,2778.0,0.40284222737819025
w=32,50,5,10,24,9,32,28,0,0,128.0,6896,927742.0,4687825.0,2775.0,0.402407192575406
w=256,40,5,8,15,19,256,18,0,0,128.0,6896,1181694.0,37365729.0,12177.0,1.76580626450116
w=256,40,5,8,20,14,256,18,0,0,128.0,6896,1181694.0,7219160.0,12173.0,1.7652262180974478
w=256,40,10,4,10,20,256,18,0,0,128.0,6896,73854.0,42681568.0,23506.0,3.4086426914153134
w=256,40,10,4,14,14,256,18,0,0,128.0,6896,73854.0,1656025.0,23503.0,3.4082076566125292
w=256,40,10,4,15,13,256,18,0,0,128.0,6896,73854.0,1230039.0,23502.0,3.4080626450116007
w=256,40,10,4,21,9,256,18,0,0,128.0,6896,73854.0,781516.0,23497.0,3.4073375870069604
w=256,42,2,21,22,15,256,18,0,0,128.0,6896,9680453630.0,19363790811.0,5377.0,0.7797273781902552
w=256,42,6,7,14,19,256,18,0,0,128.0,6896,590846.0,32905185.0,14443.0,2.0944025522041763
w=256,42,6,7,20,13,256,18,0,0,128.0,6896,590846.0,4200406.0,14438.0,2.093677494199536
w=256,48,8,6,14,16,256,18,0,0,128.0,6896,295422.0,6033373.0,18973.0,2.7513051044083525
w=256,48,8,6,17,13,256,18,0,0,128.0,6896,295422.0,2920407.0,18970.0,2.7508700696055683
w=256,49,7,7,15,16,256,18,0,0,128.0,6896,590846.0,8068061.0,16707.0,2.4227088167053363
w=256,49,7,7,17,14,256,18,0,0,128.0,6896,590846.0,5250009.0,16705.0,2.42241879350348
w=256,50,10,5,10,19,256,18,0,0,128.0,6896,147710.0,22448608.0,23506.0,3.4086426914153134
w=256,50,10,5,20,9,256,18,0,0,128.0,6896,147710.0,1518030.0,23498.0,3.4074825986078885
w=16,40,5,8,12,17,16,35,0,0,128.0,6912,146430.0,7023590.0,1866.0,0.2699652777777778
w=16,40,5,8,18,11,16,35,0,0,128.0,6912,146430.0,879580.0,1862.0,0.26938657407407407
w=16,40,5,8,24,8,16,35,0,0,128.0,6912,146430.0,756689.0,1857.0,0.2686631944444444
w=16,42,7,6,8,17,16,35,0,0,128.0,6912,36606.0,4450537.0,2273.0,0.32884837962962965
w=16,42,7,6,9,15,16,35,0,0,128.0,6912,36606.0,1435879.0,2272.0,0.3287037037037037
w=16,44,4,11,13,18,16,35,0,0,128.0,6912,1171454.0,18317286.0,1663.0,0.24059606481481483
w=16,44,4,11,19,12,16,35,0,0,128.0,6912,1171454.0,4997084.0,1659.0,0.2400173611111111
w=16,46,2,23,15,20,16,35,0,0,128.0,6912,4798283774.0,9659482087.0,1258.0,0.18200231481481483
w=16,46,2,23,21,14,16,35,0,0,128.0,6912,4798283774.0,9597943772.0,1253.0,0.18127893518518517
w=32,42,6,7,13,16,32,28,0,0,128.0,6912,115966.0,4103650.0,3171.0,0.4587673611111111
w=32,42,6,7,17,12,32,28,0,0,128.0,6912,115966.0,974299.0,3168.0,0.4583333333333333
w=32,48,3,16,23,12,32,28,0,0,128.0,6912,59375614.0,178503639.0,2006.0,0.2902199074074074
w=256,40,8,5,13,18,256,18,0,0,128.0,6912,147710.0,14813150.0,18975.0,2.7452256944444446
w=256,40,8,5,19,12,256,18,0,0,128.0,6912,147710.0,1492948.0,18971.0,2.744646990740741
w=256,44,4,11,15,20,256,18,0,0,128.0,6912,9453566.0,100728803.0,9914.0,1.4343171296296295
w=256,44,4,11,21,14,256,18,0,0,128.0,6912,9453566.0,39190488.0,9909.0,1.43359375
w=256,44,11,4,9,20,256,18,0,0,128.0,6912,73854.0,38561119.0,25773.0,3.728732638888889
w=256,44,11,4,21,8,256,18,0,0,128.0,6912,73854.0,833866.0,25764.0,3.7274305555555554
w=256,45,9,5,14,15,256,18,0,0,128.0,6912,147710.0,3164379.0,21240.0,3.0729166666666665
w=256,45,9,5,16,13,256,18,0,0,128.0,6912,147710.0,1853655.0,21238.0,3.072627314814815
w=256,49,7,7,16,15,256,18,0,0,128.0,6912,590846.0,6233051.0,16708.0,2.4172453703703702
w=256,50,2,25,23,14,256,18,0,0,128.0,6912,154887258110.0,309776023513.0,5378.0,0.7780671296296297
w=16,40,2,20,23,13,16,35,0,0,128.0,6928,599785470.0,1200324569.0,1254.0,0.18100461893764433
w=16,40,4,10,12,20,16,35,0,0,128.0,6928,585726.0,52674536.0,1666.0,0.24047344110854504
w=16,40,4,10,14,17,16,35,0,0,128.0,6928,585726.0,9682917.0,1665.0,0.24032909930715934
w=16,40,4,10,18,13,16,35,0,0,128.0,6928,585726.0,2932702.0,1662.0,0.2398960739030023
w=16,40,4,10,21,11,16,35,0,0,128.0,6928,585726.0,2514904.0,1659.0,0.23946304849884525
w=16,42,2,21,16,19,16,35,0,0,128.0,6928,1199570942.0,2432696293.0,1259.0,0.18172632794457275
w=16,42,2,21,20,15,16,35,0,0,128.0,6928,1199570942.0,2401763294.0,1256.0,0.1812933025404157
w=16,42,3,14,15,18,16,35,0,0,128.0,6928,9371646.0,43843557.0,1462.0,0.21102771362586606
w=16,42,3,14,19,14,16,35,0,0,128.0,6928,9371646.0,29360094.0,1459.0,0.21059468822170901
w=16,42,6,7,9,19,16,35,0,0,128.0,6928,73214.0,19313641.0,2072.0,0.29907621247113164
w=16,42,6,7,10,17,16,35,0,0,128.0,6928,73214.0,5682152.0,2072.0,0.29907621247113164
w=16,42,6,7,12,14,16,35,0,0,128.0,6928,73214.0,1225700.0,2070.0,0.2987875288683603
w=16,42,6,7,15,11,16,35,0,0,128.0,6928,73214.0,562143.0,2068.0,0.2984988452655889
w=16,42,6,7,18,9,16,35,0,0,128.0,6928,73214.0,476122.0,2066.0,0.29821016166281755
w=16,42,6,7,20,8,16,35,0,0,128.0,6928,73214.0,459734.0,2064.0,0.2979214780600462
w=16,50,2,25,24,12,16,35,0,0,128.0,6928,19193135102.0,38386663383.0,1253.0,0.18086027713625866
w=16,50,5,10,23,8,16,35,0,0,128.0,6928,585726.0,2952147.0,1860.0,0.2684757505773672
w=32,40,2,20,16,20,32,28,0,0,128.0,6928,950009854.0,1967128549.0,1627.0,0.23484411085450346
w=32,40,2,20,21,15,32,28,0,0,128.0,6928,950009854.0,1902772188.0,1623.0,0.23426674364896075
w=32,40,2,20,24,13,32,28,0,0,128.0,6928,950009854.0,1900806103.0,1621.0,0.23397806004618937
w=32,40,4,10,14,19,32,28,0,0,128.0,6928,927742.0,33071077.0,2401.0,0.3465646651270208
w=32,40,4,10,20,13,32,28,0,0,128.0,6928,927742.0,4366298.0,2396.0,0.34584295612009236
w=32,40,5,8,12,20,32,28,0,0,128.0,6928,231934.0,51491302.0,2788.0,0.40242494226327946
w=32,40,5,8,14,17,32,28,0,0,128.0,6928,231934.0,8499683.0,2787.0,0.4022806004618938
w=32,40,5,8,18,13,32,28,0,0,128.0,6928,231934.0,1749468.0,2784.0,0.4018475750577367
w=32,40,5,8,21,11,32,28,0,0,128.0,6928,231934.0,1331670.0,2781.0,0.4014145496535797
w=32,40,8,5,8,20,32,28,0,0,128.0,6928,28990.0,33786343.0,3949.0,0.5700057736720554
w=32,40,8,5,12,13,32,28,0,0,128.0,6928,28990.0,625120.0,3946.0,0.5695727482678984
w=32,42,3,14,17,17,32,28,0,0,128.0,6928,14843902.0,53444577.0,2012.0,0.29041570438799075
w=32,42,3,14,18,16,32,28,0,0,128.0,6928,14843902.0,49250272.0,2012.0,0.29041570438799075
w=32,44,4,11,23,11,32,28,0,0,128.0,6928,1855486.0,7610325.0,2394.0,0.345554272517321
w=32,45,5,9,13,18,32,28,0,0,128.0,6928,463870.0,15950820.0,2787.0,0.4022806004618938
w=32,45,5,9,19,12,32,28,0,0,128.0,6928,463870.0,2630618.0,2783.0,0.40170323325635104
w=32,46,2,23,22,14,32,28,0,0,128.0,6928,7600078846.0,15201599451.0,1623.0,0.23426674364896075
w=32,48,3,16,15,19,32,28,0,0,128.0,6928,59375614.0,209584101.0,2014.0,0.29070438799076215
w=32,48,3,16,20,14,32,28,0,0,128.0,6928,59375614.0,179437532.0,2010.0,0.2901270207852194
w=32,48,4,12,16,16,32,28,0,0,128.0,6928,3710974.0,19038177.0,2399.0,0.34627598152424943
w=32,48,4,12,17,15,32,28,0,0,128.0,6928,3710974.0,17072095.0,2398.0,0.34613163972286376
w=32,48,6,8,12,17,32,28,0,0,128.0,6928,231934.0,7683044.0,3174.0,0.4581408775981524
w=32,48,6,8,18,11,32,28,0,0,128.0,6928,231934.0,1539034.0,3170.0,0.4575635103926097
w=32,48,6,8,24,8,32,28,0,0,128.0,6928,231934.0,1416143.0,3165.0,0.4568418013856813
w=32,48,8,6,8,19,32,28,0,0,128.0,6928,57982.0,17241063.0,3949.0,0.5700057736720554
w=32,48,8,6,10,15,32,28,0,0,128.0,6928,57982.0,1774564.0,3948.0,0.5698614318706697
w=32,48,8,6,16,9,32,28,0,0,128.0,6928,57982.0,496601.0,3943.0,0.5691397228637414
w=32,49,7,7,11,16,32,28,0,0,128.0,6928,115966.0,3695332.0,3561.0,0.5140011547344111
w=32,49,7,7,17,10,32,28,0,0,128.0,6928,115966.0,881369.0,3556.0,0.5132794457274826
w=32,50,5,10,22,10,32,28,0,0,128.0,6928,927742.0,4728789.0,2781.0,0.4014145496535797
w=256,40,4,10,16,19,256,18,0,0,128.0,6928,4726782.0,52461537.0,9915.0,1.43114896073903
w=256,40,4,10,20,15,256,18,0,0,128.0,6928,4726782.0,21528538.0,9912.0,1.430715935334873
w=256,42,3,14,16,20,256,18,0,0,128.0,6928,75628542.0,293994467.0,7650.0,1.1042147806004619
w=256,42,3,14,21,15,256,18,0,0,128.0,6928,75628542.0,229638106.0,7646.0,1.1036374133949192
w=256,42,3,14,24,13,256,18,0,0,128.0,6928,75628542.0,227672021.0,7644.0,1.1033487297921478
w=256,42,7,6,22,11,256,18,0,0,128.0,6928,295422.0,2248145.0,16706.0,2.4113741339491916
w=256,42,7,6,24,10,256,18,0,0,128.0,6928,295422.0,2166221.0,16704.0,2.4110854503464205
w=256,44,2,22,22,15,256,18,0,0,128.0,6928,19360907262.0,38724698075.0,5381.0,0.776703233256351
w=256,44,11,4,10,18,256,18,0,0,128.0,6928,73854.0,11298142.0,25775.0,3.7204099307159355
w=256,44,11,4,19,9,256,18,0,0,128.0,6928,73854.0,851278.0,25768.0,3.7193995381062357
w=256,45,9,5,15,14,256,18,0,0,128.0,6928,147710.0,2312409.0,21241.0,3.065964203233256
w=256,48,3,16,22,14,256,18,0,0,128.0,6928,302514174.0,908984281.0,7646.0,1.1036374133949192
w=256,48,4,12,24,12,256,18,0,0,128.0,6928,18907134.0,76021715.0,9909.0,1.430282909930716
w=256,48,6,8,23,11,256,18,0,0,128.0,6928,1181694.0,7278545.0,14440.0,2.084295612009238
w=256,48,8,6,12,19,256,18,0,0,128.0,6928,295422.0,27529184.0,18978.0,2.7393187066974596
w=256,48,8,6,15,15,256,18,0,0,128.0,6928,295422.0,4329435.0,18976.0,2.739030023094688
w=256,48,8,6,16,14,256,18,0,0,128.0,6928,295422.0,3411929.0,18975.0,2.7388856812933025
w=256,48,8,6,20,11,256,18,0,0,128.0,6928,295422.0,2527186.0,18972.0,2.7384526558891453
w=256,48,8,6,24,9,256,18,0,0,128.0,6928,295422.0,2412491.0,18969.0,2.7380196304849886
w=256,48,12,4,8,20,256,18,0,0,128.0,6928,73854.0,34440671.0,28041.0,4.047488452655889
w=256,48,12,4,12,13,256,18,0,0,128.0,6928,73854.0,1279448.0,28038.0,4.047055427251732
w=256,48,12,4,14,11,256,18,0,0,128.0,6928,73854.0,1000917.0,28037.0,4.046911085450346
w=16,40,2,20,17,18,16,35,0,0,128.0,6944,599785470.0,1217396707.0,1260.0,0.1814516129032258
w=16,40,2,20,19,16,16,35,0,0,128.0,6944,599785470.0,1204551648.0,1259.0,0.18130760368663595
w=16,40,4,10,23,10,16,35,0,0,128.0,6944,585726.0,2437077.0,1660.0,0.2390552995391705
w=16,42,3,14,22,12,16,35,0,0,128.0,6944,9371646.0,28475353.0,1459.0,0.2101094470046083
w=16,48,2,24,15,20,16,35,0,0,128.0,6944,9596567550.0,19256049639.0,1262.0,0.18173963133640553
w=16,48,2,24,21,14,16,35,0,0,128.0,6944,9596567550.0,19194511324.0,1257.0,0.1810195852534562
w=16,48,3,16,14,19,16,35,0,0,128.0,6944,37486590.0,141819879.0,1465.0,0.21097350230414746
w=16,48,3,16,20,13,16,35,0,0,128.0,6944,37486590.0,113115100.0,1460.0,0.21025345622119815
w=16,50,5,10,13,15,16,35,0,0,128.0,6944,585726.0,4632548.0,1869.0,0.2691532258064516
w=16,50,5,10,16,12,16,35,0,0,128.0,6944,585726.0,3190751.0,1867.0,0.2688652073732719
w=32,40,5,8,23,10,32,28,0,0,128.0,6944,231934.0,1253843.0,2782.0,0.4006336405529954
w=32,40,8,5,13,12,32,28,0,0,128.0,6944,28990.0,444894.0,3947.0,0.5684043778801844
w=32,42,7,6,13,14,32,28,0,0,128.0,6944,57982.0,1257824.0,3561.0,0.5128168202764977
w=32,42,7,6,15,12,32,28,0,0,128.0,6944,57982.0,651613.0,3560.0,0.5126728110599078
w=32,45,3,15,16,18,32,28,0,0,128.0,6944,29687806.0,105840611.0,2015.0,0.29017857142857145
w=32,45,3,15,19,15,32,28,0,0,128.0,6944,29687806.0,91553758.0,2013.0,0.2898905529953917
w=32,45,9,5,8,16,32,28,0,0,128.0,6944,28990.0,2358053.0,4337.0,0.6245679723502304
w=32,48,4,12,13,20,32,28,0,0,128.0,6944,3710974.0,69369830.0,2403.0,0.3460541474654378
w=32,48,4,12,21,12,32,28,0,0,128.0,6944,3710974.0,15187928.0,2397.0,0.34519009216589863
w=256,40,2,20,17,20,256,18,0,0,128.0,6944,4840226814.0,9751756771.0,5386.0,0.7756336405529954
w=256,40,2,20,21,16,256,18,0,0,128.0,6944,4840226814.0,9685958620.0,5383.0,0.7752016129032258
w=256,48,12,4,13,12,256,18,0,0,128.0,6944,73854.0,1099222.0,28039.0,4.0378744239631335
w=16,40,2,20,18,17,16,35,0,0,128.0,6960,599785470.0,1209008098.0,1262.0,0.18132183908045976
w=16,42,2,21,23,13,16,35,0,0,128.0,6960,1199570942.0,2399895513.0,1258.0,0.18074712643678162
w=16,42,6,7,13,13,16,35,0,0,128.0,6960,73214.0,865250.0,2073.0,0.2978448275862069
w=16,42,6,7,14,12,16,35,0,0,128.0,6960,73214.0,668641.0,2073.0,0.2978448275862069
w=16,42,7,6,7,20,16,35,0,0,128.0,6960,36606.0,29616363.0,2280.0,0.3275862068965517
w=16,44,2,22,16,19,16,35,0,0,128.0,6960,2399141886.0,4831838181.0,1263.0,0.1814655172413793
w=16,44,2,22,20,15,16,35,0,0,128.0,6960,2399141886.0,4800905182.0,1260.0,0.1810344827586207
w=16,48,6,8,11,15,16,35,0,0,128.0,6960,146430.0,2320358.0,2075.0,0.29813218390804597
w=16,48,6,8,16,10,16,35,0,0,128.0,6960,146430.0,944093.0,2071.0,0.2975574712643678
w=16,49,7,7,7,19,16,35,0,0,128.0,6960,73214.0,15192555.0,2280.0,0.3275862068965517
w=16,49,7,7,10,13,16,35,0,0,128.0,6960,73214.0,840166.0,2278.0,0.32729885057471264
w=16,49,7,7,14,9,16,35,0,0,128.0,6960,73214.0,541151.0,2275.0,0.32686781609195403
w=16,50,5,10,11,18,16,35,0,0,128.0,6960,585726.0,14462952.0,1873.0,0.26910919540229883
w=16,50,5,10,19,10,16,35,0,0,128.0,6960,585726.0,3006426.0,1867.0,0.2682471264367816
w=32,40,8,5,10,16,32,28,0,0,128.0,6960,28990.0,2853348.0,3952.0,0.5678160919540229
w=32,42,2,21,16,20,32,28,0,0,128.0,6960,1900019710.0,3867148261.0,1631.0,0.23433908045977012
w=32,42,2,21,21,15,32,28,0,0,128.0,6960,1900019710.0,3802791900.0,1627.0,0.23376436781609194
w=32,42,2,21,24,13,32,28,0,0,128.0,6960,1900019710.0,3800825815.0,1625.0,0.23347701149425287
w=32,42,3,14,22,13,32,28,0,0,128.0,6960,14843902.0,45252569.0,2013.0,0.28922413793103446
w=32,42,6,7,14,15,32,28,0,0,128.0,6960,115966.0,2530785.0,3177.0,0.4564655172413793
w=32,42,6,7,16,13,32,28,0,0,128.0,6960,115966.0,1220061.0,3175.0,0.4561781609195402
w=32,42,7,6,14,13,32,28,0,0,128.0,6960,57982.0,864607.0,3563.0,0.5119252873563218
w=32,48,2,24,22,14,32,28,0,0,128.0,6960,15200157694.0,30401757147.0,1627.0,0.23376436781609194
w=32,48,8,6,9,17,32,28,0,0,128.0,6960,57982.0,5182437.0,3952.0,0.5678160919540229
w=32,48,8,6,18,8,32,28,0,0,128.0,6960,57982.0,482262.0,3946.0,0.5669540229885057
w=32,49,7,7,9,20,32,28,0,0,128.0,6960,115966.0,38560487.0,3566.0,0.5123563218390804
w=32,49,7,7,21,8,32,28,0,0,128.0,6960,115966.0,833234.0,3557.0,0.5110632183908046
w=256,40,4,10,23,13,256,18,0,0,128.0,6960,4726782.0,19660757.0,9914.0,1.424425287356322
w=256,40,5,8,16,18,256,18,0,0,128.0,6960,1181694.0,22685663.0,12184.0,1.7505747126436781
w=256,40,5,8,19,15,256,18,0,0,128.0,6960,1181694.0,8398810.0,12182.0,1.750287356321839
w=256,42,7,6,14,18,256,18,0,0,128.0,6960,295422.0,16747999.0,16716.0,2.4017241379310343
w=256,42,7,6,19,13,256,18,0,0,128.0,6960,295422.0,2690518.0,16712.0,2.401149425287356
w=256,42,14,3,7,19,256,18,0,0,128.0,6960,36926.0,15197021.0,32576.0,4.680459770114942
w=256,44,11,4,12,15,256,18,0,0,128.0,6960,73854.0,2385242.0,25777.0,3.7035919540229885
w=256,44,11,4,16,11,256,18,0,0,128.0,6960,73854.0,943443.0,25774.0,3.7031609195402297
w=256,45,5,9,23,12,256,18,0,0,128.0,6960,2363390.0,12193747.0,12179.0,1.7498563218390804
w=256,46,2,23,22,15,256,18,0,0,128.0,6960,38721814526.0,77446512603.0,5385.0,0.7737068965517241
w=256,48,8,6,22,10,256,18,0,0,128.0,6960,295422.0,2453455.0,18975.0,2.726293103448276
w=256,48,12,4,10,16,256,18,0,0,128.0,6960,73854.0,3507676.0,28044.0,4.029310344827586
w=256,48,12,4,17,9,256,18,0,0,128.0,6960,73854.0,921039.0,28038.0,4.028448275862069
w=256,50,5,10,14,20,256,18,0,0,128.0,6960,4726782.0,82354147.0,12186.0,1.7508620689655172
w=256,50,5,10,21,13,256,18,0,0,128.0,6960,4726782.0,24322006.0,12180.0,1.75
w=256,50,10,5,12,16,256,18,0,0,128.0,6960,147710.0,4622812.0,23512.0,3.37816091954023
w=256,50,10,5,17,11,256,18,0,0,128.0,6960,147710.0,1616339.0,23508.0,3.377586206896552
w=16,40,4,10,15,16,16,35,0,0,128.0,6976,585726.0,6275043.0,1670.0,0.23939220183486237
w=16,40,4,10,17,14,16,35,0,0,128.0,6976,585726.0,3456991.0,1668.0,0.23910550458715596
w=16,40,5,8,11,19,16,35,0,0,128.0,6976,146430.0,23800808.0,1875.0,0.26877866972477066
w=16,40,5,8,20,10,16,35,0,0,128.0,6976,146430.0,814040.0,1868.0,0.2677752293577982
w=16,40,5,8,22,9,16,35,0,0,128.0,6976,146430.0,777173.0,1867.0,0.26763188073394495
w=16,42,2,21,17,18,16,35,0,0,128.0,6976,1199570942.0,2416967651.0,1264.0,0.1811926605504587
w=16,42,2,21,19,16,16,35,0,0,128.0,6976,1199570942.0,2404122592.0,1263.0,0.1810493119266055
w=16,42,3,14,16,17,16,35,0,0,128.0,6976,9371646.0,36503523.0,1467.0,0.21029243119266056
w=16,42,3,14,18,15,16,35,0,0,128.0,6976,9371646.0,30474208.0,1466.0,0.21014908256880735
w=16,42,3,14,24,11,16,35,0,0,128.0,6976,9371646.0,28311509.0,1461.0,0.2094323394495413
w=16,45,3,15,15,18,16,35,0,0,128.0,6976,18743294.0,71958501.0,1468.0,0.21043577981651376
w=16,45,3,15,19,14,16,35,0,0,128.0,6976,18743294.0,57475038.0,1465.0,0.21000573394495411
w=16,48,4,12,13,18,16,35,0,0,128.0,6976,2342910.0,23003110.0,1671.0,0.2395355504587156
w=16,48,4,12,19,12,16,35,0,0,128.0,6976,2342910.0,9682908.0,1667.0,0.23896215596330275
w=16,50,2,25,15,20,16,35,0,0,128.0,6976,19193135102.0,38449184743.0,1266.0,0.18147935779816513
w=16,50,2,25,21,14,16,35,0,0,128.0,6976,19193135102.0,38387646428.0,1261.0,0.1807626146788991
w=16,50,5,10,10,20,16,35,0,0,128.0,6976,585726.0,44871658.0,1876.0,0.26892201834862384
w=16,50,5,10,14,14,16,35,0,0,128.0,6976,585726.0,3846115.0,1873.0,0.26849197247706424
w=16,50,5,10,15,13,16,35,0,0,128.0,6976,585726.0,3420129.0,1872.0,0.268348623853211
w=16,50,5,10,21,9,16,35,0,0,128.0,6976,585726.0,2971606.0,1867.0,0.26763188073394495
w=32,40,5,8,15,16,32,28,0,0,128.0,6976,231934.0,5091809.0,2792.0,0.40022935779816515
w=32,40,5,8,17,14,32,28,0,0,128.0,6976,231934.0,2273757.0,2790.0,0.39994266055045874
w=32,40,8,5,9,18,32,28,0,0,128.0,6976,28990.0,9669093.0,3954.0,0.5668004587155964
w=32,42,6,7,15,14,32,28,0,0,128.0,6976,115966.0,1678815.0,3178.0,0.4555619266055046
w=32,45,3,15,17,17,32,28,0,0,128.0,6976,29687806.0,97976289.0,2018.0,0.2892775229357798
w=32,45,3,15,18,16,32,28,0,0,128.0,6976,29687806.0,93781984.0,2018.0,0.2892775229357798
w=32,49,7,7,10,18,32,28,0,0,128.0,6976,115966.0,11297510.0,3568.0,0.5114678899082569
w=32,49,7,7,19,9,32,28,0,0,128.0,6976,115966.0,850646.0,3561.0,0.5104644495412844
w=256,40,4,10,17,18,256,18,0,0,128.0,6976,4726782.0,36732895.0,9920.0,1.4220183486238531
w=256,40,4,10,19,16,256,18,0,0,128.0,6976,4726782.0,23887836.0,9919.0,1.421875
w=256,42,2,21,17,20,256,18,0,0,128.0,6976,9680453630.0,19432210403.0,5390.0,0.7726490825688074
w=256,42,2,21,21,16,256,18,0,0,128.0,6976,9680453630.0,19366412252.0,5387.0,0.7722190366972477
w=256,42,6,7,15,18,256,18,0,0,128.0,6976,590846.0,19273695.0,14452.0,2.0716743119266057
w=256,42,6,7,19,14,256,18,0,0,128.0,6976,590846.0,4790232.0,14449.0,2.071244266055046
w=256,45,3,15,16,20,256,18,0,0,128.0,6976,151257086.0,520880099.0,7656.0,1.0974770642201834
w=256,45,3,15,21,15,256,18,0,0,128.0,6976,151257086.0,456523738.0,7652.0,1.0969036697247707
w=256,45,3,15,24,13,256,18,0,0,128.0,6976,151257086.0,454557653.0,7650.0,1.0966169724770642
w=256,45,5,9,15,19,256,18,0,0,128.0,6976,2363390.0,43274209.0,12187.0,1.7469896788990826
w=256,45,5,9,20,14,256,18,0,0,128.0,6976,2363390.0,13127640.0,12183.0,1.7464162844036697
w=256,45,9,5,12,18,256,18,0,0,128.0,6976,147710.0,13912286.0,21249.0,3.046014908256881
w=256,45,9,5,19,11,256,18,0,0,128.0,6976,147710.0,1485010.0,21244.0,3.0452981651376145
w=256,48,4,12,15,20,256,18,0,0,128.0,6976,18907134.0,138543075.0,9922.0,1.4223050458715596
w=256,48,4,12,21,14,256,18,0,0,128.0,6976,18907134.0,77004760.0,9917.0,1.4215883027522935
w=256,48,12,4,9,18,256,18,0,0,128.0,6976,73854.0,10323421.0,28046.0,4.020355504587156
w=256,48,12,4,19,8,256,18,0,0,128.0,6976,73854.0,905676.0,28039.0,4.019352064220183
w=256,49,7,7,13,19,256,18,0,0,128.0,6976,590846.0,31398880.0,16718.0,2.396502293577982
w=256,49,7,7,20,12,256,18,0,0,128.0,6976,590846.0,4463572.0,16713.0,2.3957855504587156
w=16,40,4,10,16,15,16,35,0,0,128.0,6992,585726.0,4440033.0,1671.0,0.23898741418764302
w=16,40,5,8,13,16,16,35,0,0,128.0,6992,146430.0,4140004.0,1875.0,0.2681636155606407
w=16,40,5,8,17,12,16,35,0,0,128.0,6992,146430.0,1010653.0,1872.0,0.26773455377574373
w=16,42,2,21,18,17,16,35,0,0,128.0,6992,1199570942.0,2408579042.0,1266.0,0.18106407322654464
w=16,42,3,14,17,16,16,35,0,0,128.0,6992,9371646.0,32571361.0,1468.0,0.20995423340961097
w=16,44,2,22,23,13,16,35,0,0,128.0,6992,2399141886.0,4799037401.0,1262.0,0.1804919908466819
w=16,44,4,11,12,20,16,35,0,0,128.0,6992,1171454.0,55017448.0,1674.0,0.23941647597254004
w=16,44,4,11,14,17,16,35,0,0,128.0,6992,1171454.0,12025829.0,1673.0,0.23927345537757438
w=16,44,4,11,18,13,16,35,0,0,128.0,6992,1171454.0,5275614.0,1670.0,0.23884439359267734
w=16,44,4,11,21,11,16,35,0,0,128.0,6992,1171454.0,4857816.0,1667.0,0.23841533180778032
w=16,45,3,15,22,12,16,35,0,0,128.0,6992,18743294.0,56590297.0,1465.0,0.20952517162471396
w=16,45,5,9,12,17,16,35,0,0,128.0,6992,292862.0,7755750.0,1876.0,0.2683066361556064
w=16,45,5,9,18,11,16,35,0,0,128.0,6992,292862.0,1611740.0,1872.0,0.26773455377574373
w=16,45,5,9,24,8,16,35,0,0,128.0,6992,292862.0,1488849.0,1867.0,0.2670194508009153
w=16,46,2,23,16,19,16,35,0,0,128.0,6992,4798283774.0,9630121957.0,1267.0,0.1812070938215103
w=16,46,2,23,20,15,16,35,0,0,128.0,6992,4798283774.0,9599188958.0,1264.0,0.18077803203661327
w=32,40,2,20,17,19,32,28,0,0,128.0,6992,950009854.0,1935671267.0,1634.0,0.23369565217391305
w=32,40,2,20,20,16,32,28,0,0,128.0,6992,950009854.0,1905262558.0,1632.0,0.2334096109839817
w=32,40,5,8,16,15,32,28,0,0,128.0,6992,231934.0,3256799.0,2793.0,0.39945652173913043
w=32,42,7,6,11,17,32,28,0,0,128.0,6992,57982.0,6173028.0,3569.0,0.5104405034324943
w=32,42,7,6,18,10,32,28,0,0,128.0,6992,57982.0,479576.0,3564.0,0.5097254004576659
w=32,42,7,6,22,8,32,28,0,0,128.0,6992,57982.0,428369.0,3561.0,0.5092963386727689
w=32,44,2,22,16,20,32,28,0,0,128.0,6992,3800039422.0,7667187685.0,1635.0,0.2338386727688787
w=32,44,2,22,21,15,32,28,0,0,128.0,6992,3800039422.0,7602831324.0,1631.0,0.233266590389016
w=32,44,2,22,24,13,32,28,0,0,128.0,6992,3800039422.0,7600865239.0,1629.0,0.23298054919908467
w=32,44,4,11,14,19,32,28,0,0,128.0,6992,1855486.0,36782053.0,2409.0,0.3445366132723112
w=32,44,4,11,20,13,32,28,0,0,128.0,6992,1855486.0,8077274.0,2404.0,0.3438215102974828
w=32,48,3,16,16,18,32,28,0,0,128.0,6992,59375614.0,194904035.0,2021.0,0.2890446224256293
w=32,48,3,16,19,15,32,28,0,0,128.0,6992,59375614.0,180617182.0,2019.0,0.2887585812356979
w=32,48,4,12,23,11,32,28,0,0,128.0,6992,3710974.0,15032277.0,2402.0,0.3435354691075515
w=32,48,6,8,11,19,32,28,0,0,128.0,6992,231934.0,24460262.0,3183.0,0.45523455377574373
w=32,48,6,8,20,10,32,28,0,0,128.0,6992,231934.0,1473494.0,3176.0,0.45423340961098396
w=32,48,6,8,22,9,32,28,0,0,128.0,6992,231934.0,1436627.0,3175.0,0.4540903890160183
w=32,50,2,25,22,14,32,28,0,0,128.0,6992,30400315390.0,60802072539.0,1631.0,0.233266590389016
w=256,40,2,20,18,19,256,18,0,0,128.0,6992,4840226814.0,9718202338.0,5392.0,0.7711670480549199
w=256,40,2,20,20,17,256,18,0,0,128.0,6992,4840226814.0,9690939358.0,5390.0,0.7708810068649885
w=256,40,2,20,24,14,256,18,0,0,128.0,6992,4840226814.0,9682026455.0,5387.0,0.7704519450800915
w=256,40,4,10,18,17,256,18,0,0,128.0,6992,4726782.0,28344286.0,9922.0,1.419050343249428
w=256,40,5,8,17,17,256,18,0,0,128.0,6992,1181694.0,14821341.0,12187.0,1.742991990846682
w=256,40,5,8,18,16,256,18,0,0,128.0,6992,1181694.0,10627036.0,12187.0,1.742991990846682
w=256,40,8,5,12,20,256,18,0,0,128.0,6992,147710.0,51513312.0,18986.0,2.7153890160183067
w=256,40,8,5,14,17,256,18,0,0,128.0,6992,147710.0,8521693.0,18985.0,2.715245995423341
w=256,40,8,5,18,13,256,18,0,0,128.0,6992,147710.0,1771478.0,18982.0,2.714816933638444
w=256,40,8,5,21,11,256,18,0,0,128.0,6992,147710.0,1353680.0,18979.0,2.714387871853547
w=256,40,10,4,12,17,256,18,0,0,128.0,6992,73854.0,7029980.0,23516.0,3.3632723112128144
w=256,40,10,4,18,11,256,18,0,0,128.0,6992,73854.0,885970.0,23512.0,3.362700228832952
w=256,40,10,4,24,8,256,18,0,0,128.0,6992,73854.0,763079.0,23507.0,3.3619851258581237
w=256,42,3,14,17,19,256,18,0,0,128.0,6992,75628542.0,262537185.0,7657.0,1.0951086956521738
w=256,42,3,14,20,16,256,18,0,0,128.0,6992,75628542.0,232128476.0,7655.0,1.0948226544622426
w=256,42,6,7,22,12,256,18,0,0,128.0,6992,590846.0,3905491.0,14449.0,2.066504576659039
w=256,44,4,11,16,19,256,18,0,0,128.0,6992,9453566.0,71368673.0,9923.0,1.4191933638443937
w=256,44,4,11,20,15,256,18,0,0,128.0,6992,9453566.0,40435674.0,9920.0,1.4187643020594967
w=256,48,2,24,22,15,256,18,0,0,128.0,6992,77443629054.0,154890141659.0,5389.0,0.7707379862700229
w=256,48,6,8,14,19,256,18,0,0,128.0,6992,1181694.0,36450273.0,14455.0,2.067362700228833
w=256,48,6,8,20,13,256,18,0,0,128.0,6992,1181694.0,7745494.0,14450.0,2.0666475972540046
w=16,42,7,6,10,14,16,35,0,0,128.0,7008,36606.0,911590.0,2284.0,0.3259132420091324
w=16,44,2,22,17,18,16,35,0,0,128.0,7008,2399141886.0,4816109539.0,1268.0,0.18093607305936074
w=16,44,2,22,19,16,16,35,0,0,128.0,7008,2399141886.0,4803264480.0,1267.0,0.1807933789954338
w=16,44,4,11,23,10,16,35,0,0,128.0,7008,1171454.0,4779989.0,1668.0,0.238013698630137
w=16,49,7,7,11,12,16,35,0,0,128.0,7008,73214.0,692708.0,2283.0,0.3257705479452055
w=16,49,7,7,13,10,16,35,0,0,128.0,7008,73214.0,565728.0,2281.0,0.3254851598173516
w=32,40,4,10,15,18,32,28,0,0,128.0,7008,927742.0,19439587.0,2410.0,0.3438926940639269
w=32,40,4,10,19,14,32,28,0,0,128.0,7008,927742.0,4956124.0,2407.0,0.3434646118721461
w=32,45,3,15,22,13,32,28,0,0,128.0,7008,29687806.0,89784281.0,2019.0,0.2880993150684932
w=32,45,5,9,12,20,32,28,0,0,128.0,7008,463870.0,52650982.0,2798.0,0.3992579908675799
w=32,45,5,9,14,17,32,28,0,0,128.0,7008,463870.0,9659363.0,2797.0,0.399115296803653
w=32,45,5,9,18,13,32,28,0,0,128.0,7008,463870.0,2909148.0,2794.0,0.3986872146118721
w=32,45,5,9,21,11,32,28,0,0,128.0,7008,463870.0,2491350.0,2791.0,0.3982591324200913
w=32,45,9,5,7,19,32,28,0,0,128.0,7008,28990.0,14940967.0,4346.0,0.620148401826484
w=32,45,9,5,10,13,32,28,0,0,128.0,7008,28990.0,588578.0,4344.0,0.6198630136986302
w=32,48,6,8,13,16,32,28,0,0,128.0,7008,231934.0,4799458.0,3183.0,0.4541952054794521
w=32,48,6,8,17,12,32,28,0,0,128.0,7008,231934.0,1670107.0,3180.0,0.4537671232876712
w=32,48,8,6,11,14,32,28,0,0,128.0,7008,57982.0,1184738.0,3957.0,0.5646404109589042
w=32,48,8,6,15,10,32,28,0,0,128.0,7008,57982.0,525275.0,3954.0,0.5642123287671232
w=32,49,7,7,12,15,32,28,0,0,128.0,7008,115966.0,2384610.0,3570.0,0.509417808219178
w=32,49,7,7,16,11,32,28,0,0,128.0,7008,115966.0,942811.0,3567.0,0.5089897260273972
w=32,50,5,10,13,18,32,28,0,0,128.0,7008,927742.0,18270180.0,2797.0,0.399115296803653
w=32,50,5,10,19,12,32,28,0,0,128.0,7008,927742.0,4949978.0,2793.0,0.3985445205479452
w=256,40,2,20,19,18,256,18,0,0,128.0,7008,4840226814.0,9700376544.0,5393.0,0.7695490867579908
w=256,40,8,5,23,10,256,18,0,0,128.0,7008,147710.0,1275853.0,18980.0,2.7083333333333335
w=256,44,2,22,17,20,256,18,0,0,128.0,7008,19360907262.0,38793117667.0,5394.0,0.7696917808219178
w=256,44,2,22,21,16,256,18,0,0,128.0,7008,19360907262.0,38727319516.0,5391.0,0.769263698630137
w=256,44,11,4,13,14,256,18,0,0,128.0,7008,73854.0,1664344.0,25782.0,3.6789383561643834
w=256,44,11,4,15,12,256,18,0,0,128.0,7008,73854.0,1058133.0,25781.0,3.6787956621004567
w=256,45,9,5,23,9,256,18,0,0,128.0,7008,147710.0,1376459.0,21245.0,3.0315353881278537
w=256,50,10,5,23,8,256,18,0,0,128.0,7008,147710.0,1500617.0,23510.0,3.3547374429223744
w=16,44,2,22,18,17,16,35,0,0,128.0,7024,2399141886.0,4807720930.0,1270.0,0.18080865603644647
w=16,45,3,15,16,17,16,35,0,0,128.0,7024,18743294.0,64618467.0,1473.0,0.20970956719817768
w=16,45,3,15,18,15,16,35,0,0,128.0,7024,18743294.0,58589152.0,1472.0,0.20956719817767655
w=16,45,3,15,24,11,16,35,0,0,128.0,7024,18743294.0,56426453.0,1467.0,0.20885535307517084
w=16,46,2,23,23,13,16,35,0,0,128.0,7024,4798283774.0,9597321177.0,1266.0,0.1802391799544419
w=16,48,2,24,16,19,16,35,0,0,128.0,7024,9596567550.0,19226689509.0,1271.0,0.1809510250569476
w=16,48,2,24,20,15,16,35,0,0,128.0,7024,9596567550.0,19195756510.0,1268.0,0.18052391799544418
w=16,48,3,16,15,18,16,35,0,0,128.0,7024,37486590.0,128188389.0,1474.0,0.20985193621867881
w=16,48,3,16,19,14,16,35,0,0,128.0,7024,37486590.0,113704926.0,1471.0,0.2094248291571754
w=16,48,6,8,9,19,16,35,0,0,128.0,7024,146430.0,19752937.0,2084.0,0.2966970387243736
w=16,48,6,8,10,17,16,35,0,0,128.0,7024,146430.0,6121448.0,2084.0,0.2966970387243736
w=16,48,6,8,12,14,16,35,0,0,128.0,7024,146430.0,1664996.0,2082.0,0.2964123006833713
w=16,48,6,8,15,11,16,35,0,0,128.0,7024,146430.0,1001439.0,2080.0,0.296127562642369
w=16,48,6,8,18,9,16,35,0,0,128.0,7024,146430.0,915418.0,2078.0,0.29584282460136674
w=16,48,6,8,20,8,16,35,0,0,128.0,7024,146430.0,899030.0,2076.0,0.2955580865603645
w=16,49,7,7,8,17,16,35,0,0,128.0,7024,73214.0,4706793.0,2287.0,0.3255979498861048
w=16,49,7,7,9,15,16,35,0,0,128.0,7024,73214.0,1692135.0,2286.0,0.32545558086560367
w=16,49,7,7,12,11,16,35,0,0,128.0,7024,73214.0,610786.0,2284.0,0.32517084282460135
w=16,49,7,7,16,8,16,35,0,0,128.0,7024,73214.0,528859.0,2281.0,0.32474373576309795
w=32,40,2,20,18,18,32,28,0,0,128.0,7024,950009854.0,1918894050.0,1638.0,0.2332004555808656
w=32,40,2,20,19,17,32,28,0,0,128.0,7024,950009854.0,1909981152.0,1637.0,0.23305808656036447
w=32,40,4,10,22,12,32,28,0,0,128.0,7024,927742.0,4071383.0,2407.0,0.34268223234624146
w=32,42,2,21,17,19,32,28,0,0,128.0,7024,1900019710.0,3835690979.0,1638.0,0.2332004555808656
w=32,42,2,21,20,16,32,28,0,0,128.0,7024,1900019710.0,3805282270.0,1636.0,0.23291571753986332
w=32,42,3,14,24,12,32,28,0,0,128.0,7024,14843902.0,44924885.0,2019.0,0.28744305239179957
w=32,42,6,7,12,18,32,28,0,0,128.0,7024,115966.0,13278692.0,3186.0,0.4535876993166287
w=32,42,6,7,19,11,32,28,0,0,128.0,7024,115966.0,851416.0,3181.0,0.452875854214123
w=32,42,7,6,10,19,32,28,0,0,128.0,7024,57982.0,21377382.0,3574.0,0.5088268792710706
w=32,42,7,6,20,9,32,28,0,0,128.0,7024,57982.0,446804.0,3566.0,0.5076879271070615
w=32,45,5,9,23,10,32,28,0,0,128.0,7024,463870.0,2413523.0,2792.0,0.39749430523917995
w=32,46,2,23,16,20,32,28,0,0,128.0,7024,7600078846.0,15267266533.0,1639.0,0.23334282460136674
w=32,46,2,23,21,15,32,28,0,0,128.0,7024,7600078846.0,15202910172.0,1635.0,0.23277334851936218
w=32,46,2,23,24,13,32,28,0,0,128.0,7024,7600078846.0,15200944087.0,1633.0,0.23248861047835992
w=32,48,3,16,17,17,32,28,0,0,128.0,7024,59375614.0,187039713.0,2024.0,0.28815489749430523
w=32,48,3,16,18,16,32,28,0,0,128.0,7024,59375614.0,182845408.0,2024.0,0.28815489749430523
w=256,40,5,8,22,13,256,18,0,0,128.0,7024,1181694.0,6629333.0,12188.0,1.7351936218678816
w=256,42,2,21,18,19,256,18,0,0,128.0,7024,9680453630.0,19398655970.0,5396.0,0.7682232346241458
w=256,42,2,21,20,17,256,18,0,0,128.0,7024,9680453630.0,19371392990.0,5394.0,0.7679384965831435
w=256,42,2,21,24,14,256,18,0,0,128.0,7024,9680453630.0,19362480087.0,5391.0,0.7675113895216401
w=256,42,3,14,18,18,256,18,0,0,128.0,7024,75628542.0,245759968.0,7661.0,1.0906890660592254
w=256,42,3,14,19,17,256,18,0,0,128.0,7024,75628542.0,236847070.0,7660.0,1.0905466970387243
w=256,42,6,7,16,17,256,18,0,0,128.0,7024,590846.0,11933661.0,14457.0,2.058228929384966
w=256,42,6,7,18,15,256,18,0,0,128.0,7024,590846.0,5904346.0,14456.0,2.058086560364465
w=256,42,6,7,24,11,256,18,0,0,128.0,7024,590846.0,3741647.0,14451.0,2.057374715261959
w=256,42,7,6,15,17,256,18,0,0,128.0,7024,295422.0,9932253.0,16723.0,2.380837129840547
w=256,42,7,6,18,14,256,18,0,0,128.0,7024,295422.0,3247576.0,16721.0,2.3805523917995446
w=256,42,14,3,8,17,256,18,0,0,128.0,7024,36926.0,4711259.0,32583.0,4.63880979498861
w=256,42,14,3,9,15,256,18,0,0,128.0,7024,36926.0,1696601.0,32582.0,4.6386674259681095
w=256,44,4,11,23,13,256,18,0,0,128.0,7024,9453566.0,38567893.0,9922.0,1.4125854214123006
w=256,44,11,4,14,13,256,18,0,0,128.0,7024,73854.0,1271127.0,25784.0,3.6708428246013667
w=256,45,9,5,11,20,256,18,0,0,128.0,7024,147710.0,47466720.0,21256.0,3.0261958997722096
w=256,45,9,5,21,10,256,18,0,0,128.0,7024,147710.0,1415374.0,21248.0,3.0250569476082005
w=256,48,3,16,16,20,256,18,0,0,128.0,7024,302514174.0,974651363.0,7662.0,1.0908314350797266
w=256,48,3,16,21,15,256,18,0,0,128.0,7024,302514174.0,910295002.0,7658.0,1.090261958997722
w=256,48,3,16,24,13,256,18,0,0,128.0,7024,302514174.0,908328917.0,7656.0,1.0899772209567198
w=256,50,2,25,22,15,256,18,0,0,128.0,7024,154887258110.0,309777399771.0,5393.0,0.7677961275626424
w=256,50,10,5,13,15,256,18,0,0,128.0,7024,147710.0,3181018.0,23519.0,3.348376993166287
w=256,50,10,5,16,12,256,18,0,0,128.0,7024,147710.0,1739221.0,23517.0,3.3480922551252847
w=16,40,5,8,14,15,16,35,0,0,128.0,7040,146430.0,2567139.0,1881.0,0.2671875
w=16,40,5,8,16,13,16,35,0,0,128.0,7040,146430.0,1256415.0,1879.0,0.2669034090909091
w=16,42,6,7,11,16,16,35,0,0,128.0,7040,73214.0,3322854.0,2085.0,0.2961647727272727
w=16,42,6,7,17,10,16,35,0,0,128.0,7040,73214.0,508891.0,2080.0,0.29545454545454547
w=16,42,7,6,8,18,16,35,0,0,128.0,7040,36606.0,8644841.0,2289.0,0.32514204545454545
w=16,44,4,11,15,16,16,35,0,0,128.0,7040,1171454.0,8617955.0,1678.0,0.23835227272727272
w=16,44,4,11,17,14,16,35,0,0,128.0,7040,1171454.0,5799903.0,1676.0,0.23806818181818182
w=16,45,3,15,17,16,16,35,0,0,128.0,7040,18743294.0,60686305.0,1474.0,0.209375
w=16,46,2,23,17,18,16,35,0,0,128.0,7040,4798283774.0,9614393315.0,1272.0,0.1806818181818182
w=16,46,2,23,19,16,16,35,0,0,128.0,7040,4798283774.0,9601548256.0,1271.0,0.18053977272727273
w=16,48,3,16,22,12,16,35,0,0,128.0,7040,37486590.0,112820185.0,1471.0,0.20894886363636364
w=256,40,8,5,15,16,256,18,0,0,128.0,7040,147710.0,5113819.0,18990.0,2.6974431818181817
w=256,40,8,5,17,14,256,18,0,0,128.0,7040,147710.0,2295767.0,18988.0,2.697159090909091
w=256,42,2,21,19,18,256,18,0,0,128.0,7040,9680453630.0,19380830176.0,5397.0,0.7666193181818182
w=256,42,6,7,17,16,256,18,0,0,128.0,7040,590846.0,8001499.0,14458.0,2.053693181818182
w=256,44,4,11,17,18,256,18,0,0,128.0,7040,9453566.0,55640031.0,9928.0,1.4102272727272727
w=256,44,4,11,19,16,256,18,0,0,128.0,7040,9453566.0,42794972.0,9927.0,1.4100852272727273
w=256,45,3,15,17,19,256,18,0,0,128.0,7040,151257086.0,489422817.0,7663.0,1.088494318181818
w=256,45,3,15,20,16,256,18,0,0,128.0,7040,151257086.0,459014108.0,7661.0,1.0882102272727272
w=256,45,5,9,16,18,256,18,0,0,128.0,7040,2363390.0,28594143.0,12194.0,1.7321022727272728
w=256,45,5,9,19,15,256,18,0,0,128.0,7040,2363390.0,14307290.0,12192.0,1.731818181818182
w=256,46,2,23,17,20,256,18,0,0,128.0,7040,38721814526.0,77514932195.0,5398.0,0.7667613636363636
w=256,46,2,23,21,16,256,18,0,0,128.0,7040,38721814526.0,77449134044.0,5395.0,0.7663352272727273
w=256,48,8,6,13,18,256,18,0,0,128.0,7040,295422.0,15994846.0,18991.0,2.6975852272727274
w=256,48,8,6,19,12,256,18,0,0,128.0,7040,295422.0,2674644.0,18987.0,2.6970170454545452
w=256,49,7,7,22,11,256,18,0,0,128.0,7040,590846.0,4316113.0,16720.0,2.375
w=256,49,7,7,24,10,256,18,0,0,128.0,7040,590846.0,4234189.0,16718.0,2.374715909090909
w=256,50,5,10,23,12,256,18,0,0,128.0,7040,4726782.0,24010707.0,12189.0,1.7313920454545455
w=256,50,10,5,11,18,256,18,0,0,128.0,7040,147710.0,13011422.0,23523.0,3.3413352272727272
w=256,50,10,5,19,10,256,18,0,0,128.0,7040,147710.0,1554896.0,23517.0,3.3404829545454544
w=16,40,2,20,22,14,16,35,0,0,128.0,7056,599785470.0,1201012699.0,1271.0,0.18013038548752835
w=16,40,4,10,13,19,16,35,0,0,128.0,7056,585726.0,29605862.0,1681.0,0.23823696145124718
w=16,40,4,10,20,12,16,35,0,0,128.0,7056,585726.0,2670554.0,1676.0,0.23752834467120182
w=16,40,5,8,15,14,16,35,0,0,128.0,7056,146430.0,1715169.0,1882.0,0.26672335600907027
w=16,42,7,6,9,16,16,35,0,0,128.0,7056,36606.0,2615527.0,2290.0,0.32454648526077096
w=16,44,4,11,16,15,16,35,0,0,128.0,7056,1171454.0,6782945.0,1679.0,0.23795351473922902
w=16,45,5,9,11,19,16,35,0,0,128.0,7056,292862.0,24532968.0,1885.0,0.2671485260770975
w=16,45,5,9,20,10,16,35,0,0,128.0,7056,292862.0,1546200.0,1878.0,0.266156462585034
w=16,45,5,9,22,9,16,35,0,0,128.0,7056,292862.0,1509333.0,1877.0,0.26601473922902497
w=16,46,2,23,18,17,16,35,0,0,128.0,7056,4798283774.0,9606004706.0,1274.0,0.18055555555555555
w=16,48,2,24,23,13,16,35,0,0,128.0,7056,9596567550.0,19193888729.0,1270.0,0.17998866213151926
w=16,48,4,12,12,20,16,35,0,0,128.0,7056,2342910.0,59703272.0,1682.0,0.23837868480725624
w=16,48,4,12,14,17,16,35,0,0,128.0,7056,2342910.0,16711653.0,1681.0,0.23823696145124718
w=16,48,4,12,18,13,16,35,0,0,128.0,7056,2342910.0,9961438.0,1678.0,0.23781179138321995
w=16,48,4,12,21,11,16,35,0,0,128.0,7056,2342910.0,9543640.0,1675.0,0.23738662131519275
w=16,48,6,8,13,13,16,35,0,0,128.0,7056,146430.0,1304546.0,2085.0,0.29549319727891155
w=16,48,6,8,14,12,16,35,0,0,128.0,7056,146430.0,1107937.0,2085.0,0.29549319727891155
w=16,50,2,25,16,19,16,35,0,0,128.0,7056,19193135102.0,38419824613.0,1275.0,0.18069727891156462
w=16,50,2,25,20,15,16,35,0,0,128.0,7056,19193135102.0,38388891614.0,1272.0,0.18027210884353742
w=32,40,4,10,16,17,32,28,0,0,128.0,7056,927742.0,12099553.0,2415.0,0.34226190476190477
w=32,40,4,10,18,15,32,28,0,0,128.0,7056,927742.0,6070238.0,2414.0,0.3421201814058957
w=32,40,4,10,24,11,32,28,0,0,128.0,7056,927742.0,3907539.0,2409.0,0.3414115646258503
w=32,40,5,8,13,19,32,28,0,0,128.0,7056,231934.0,28422628.0,2803.0,0.39725056689342403
w=32,40,5,8,20,12,32,28,0,0,128.0,7056,231934.0,1487320.0,2798.0,0.39654195011337867
w=32,40,8,5,11,15,32,28,0,0,128.0,7056,28990.0,1673698.0,3963.0,0.5616496598639455
w=32,42,2,21,18,18,32,28,0,0,128.0,7056,1900019710.0,3818913762.0,1642.0,0.23270975056689341
w=32,42,2,21,19,17,32,28,0,0,128.0,7056,1900019710.0,3810000864.0,1641.0,0.23256802721088435
w=32,42,6,7,23,9,32,28,0,0,128.0,7056,115966.0,742865.0,3182.0,0.45096371882086167
w=32,44,2,22,17,19,32,28,0,0,128.0,7056,3800039422.0,7635730403.0,1642.0,0.23270975056689341
w=32,44,2,22,20,16,32,28,0,0,128.0,7056,3800039422.0,7605321694.0,1640.0,0.23242630385487528
w=32,45,5,9,15,16,32,28,0,0,128.0,7056,463870.0,6251489.0,2802.0,0.397108843537415
w=32,45,5,9,17,14,32,28,0,0,128.0,7056,463870.0,3433437.0,2800.0,0.3968253968253968
w=32,45,9,5,11,12,32,28,0,0,128.0,7056,28990.0,441120.0,4349.0,0.6163548752834467
w=32,48,2,24,16,20,32,28,0,0,128.0,7056,15200157694.0,30467424229.0,1643.0,0.2328514739229025
w=32,48,2,24,21,15,32,28,0,0,128.0,7056,15200157694.0,30403067868.0,1639.0,0.23228458049886622
w=32,48,2,24,24,13,32,28,0,0,128.0,7056,15200157694.0,30401101783.0,1637.0,0.23200113378684808
w=32,48,3,16,22,13,32,28,0,0,128.0,7056,59375614.0,178847705.0,2025.0,0.2869897959183674
w=32,48,4,12,14,19,32,28,0,0,128.0,7056,3710974.0,44204005.0,2417.0,0.3425453514739229
w=32,48,4,12,20,13,32,28,0,0,128.0,7056,3710974.0,15499226.0,2412.0,0.34183673469387754
w=32,48,6,8,14,15,32,28,0,0,128.0,7056,231934.0,3226593.0,3189.0,0.45195578231292516
w=32,48,6,8,16,13,32,28,0,0,128.0,7056,231934.0,1915869.0,3187.0,0.451672335600907
w=32,48,8,6,8,20,32,28,0,0,128.0,7056,57982.0,34018279.0,3965.0,0.5619331065759637
w=32,48,8,6,12,13,32,28,0,0,128.0,7056,57982.0,857056.0,3962.0,0.5615079365079365
w=32,48,8,6,14,11,32,28,0,0,128.0,7056,57982.0,578525.0,3961.0,0.5613662131519275
w=32,49,7,7,13,14,32,28,0,0,128.0,7056,115966.0,1663712.0,3575.0,0.5066609977324263
w=32,49,7,7,15,12,32,28,0,0,128.0,7056,115966.0,1057501.0,3574.0,0.5065192743764172
w=256,40,8,5,16,15,256,18,0,0,128.0,7056,147710.0,3278809.0,18991.0,2.691468253968254
w=256,40,10,4,11,19,256,18,0,0,128.0,7056,73854.0,23807198.0,23525.0,3.3340419501133787
w=256,40,10,4,20,10,256,18,0,0,128.0,7056,73854.0,820430.0,23518.0,3.3330498866213154
w=256,40,10,4,22,9,256,18,0,0,128.0,7056,73854.0,783563.0,23517.0,3.332908163265306
w=256,42,7,6,16,16,256,18,0,0,128.0,7056,295422.0,6262235.0,16726.0,2.37046485260771
w=256,42,7,6,17,15,256,18,0,0,128.0,7056,295422.0,4296153.0,16725.0,2.370323129251701
w=256,44,2,22,18,19,256,18,0,0,128.0,7056,19360907262.0,38759563234.0,5400.0,0.7653061224489796
w=256,44,2,22,20,17,256,18,0,0,128.0,7056,19360907262.0,38732300254.0,5398.0,0.7650226757369615
w=256,44,2,22,24,14,256,18,0,0,128.0,7056,19360907262.0,38723387351.0,5395.0,0.7645975056689343
w=256,44,4,11,18,17,256,18,0,0,128.0,7056,9453566.0,47251422.0,9930.0,1.407312925170068
w=256,44,11,4,11,17,256,18,0,0,128.0,7056,73854.0,6579548.0,25790.0,3.6550453514739227
w=256,44,11,4,18,10,256,18,0,0,128.0,7056,73854.0,886096.0,25785.0,3.6543367346938775
w=256,44,11,4,22,8,256,18,0,0,128.0,7056,73854.0,834889.0,25782.0,3.6539115646258504
w=256,48,4,12,16,19,256,18,0,0,128.0,7056,18907134.0,109182945.0,9931.0,1.407454648526077
w=256,48,4,12,20,15,256,18,0,0,128.0,7056,18907134.0,78249946.0,9928.0,1.40702947845805
w=256,48,12,4,11,15,256,18,0,0,128.0,7056,73854.0,2328026.0,28055.0,3.9760487528344672
w=256,48,12,4,16,10,256,18,0,0,128.0,7056,73854.0,951761.0,28051.0,3.9754818594104306
w=256,50,5,10,15,19,256,18,0,0,128.0,7056,4726782.0,55091169.0,12197.0,1.7285997732426304
w=256,50,5,10,20,14,256,18,0,0,128.0,7056,4726782.0,24944600.0,12193.0,1.7280328798185942
w=256,50,10,5,10,20,256,18,0,0,128.0,7056,147710.0,43420128.0,23526.0,3.3341836734693877
w=256,50,10,5,14,14,256,18,0,0,128.0,7056,147710.0,2394585.0,23523.0,3.3337585034013606
w=256,50,10,5,15,13,256,18,0,0,128.0,7056,147710.0,1968599.0,23522.0,3.3336167800453516
w=256,50,10,5,21,9,256,18,0,0,128.0,7056,147710.0,1520076.0,23517.0,3.332908163265306
w=16,42,3,14,14,20,16,35,0,0,128.0,7072,9371646.0,86835175.0,1481.0,0.20941742081447964
w=16,42,3,14,21,13,16,35,0,0,128.0,7072,9371646.0,28803034.0,1475.0,0.2085690045248869
w=16,42,6,7,9,20,16,35,0,0,128.0,7072,73214.0,38188009.0,2090.0,0.2955316742081448
w=16,42,6,7,21,8,16,35,0,0,128.0,7072,73214.0,460756.0,2081.0,0.29425904977375567
w=16,42,7,6,11,13,16,35,0,0,128.0,7072,36606.0,616676.0,2291.0,0.3239536199095023
w=16,45,5,9,13,16,16,35,0,0,128.0,7072,292862.0,4872164.0,1885.0,0.2665441176470588
w=16,45,5,9,17,12,16,35,0,0,128.0,7072,292862.0,1742813.0,1882.0,0.26611990950226244
w=16,48,2,24,17,18,16,35,0,0,128.0,7072,9596567550.0,19210960867.0,1276.0,0.18042986425339366
w=16,48,2,24,19,16,16,35,0,0,128.0,7072,9596567550.0,19198115808.0,1275.0,0.18028846153846154
w=16,48,3,16,16,17,16,35,0,0,128.0,7072,37486590.0,120848355.0,1479.0,0.2091346153846154
w=16,48,3,16,18,15,16,35,0,0,128.0,7072,37486590.0,114819040.0,1478.0,0.20899321266968326
w=16,48,3,16,24,11,16,35,0,0,128.0,7072,37486590.0,112656341.0,1473.0,0.20828619909502263
w=16,48,4,12,23,10,16,35,0,0,128.0,7072,2342910.0,9465813.0,1676.0,0.23699095022624433
w=16,49,7,7,7,20,16,35,0,0,128.0,7072,73214.0,29872619.0,2294.0,0.32437782805429866
w=16,50,5,10,12,17,16,35,0,0,128.0,7072,585726.0,9220070.0,1886.0,0.26668552036199095
w=16,50,5,10,18,11,16,35,0,0,128.0,7072,585726.0,3076060.0,1882.0,0.26611990950226244
w=16,50,5,10,24,8,16,35,0,0,128.0,7072,585726.0,2953169.0,1877.0,0.2654128959276018
w=32,40,2,20,23,14,32,28,0,0,128.0,7072,950009854.0,1901527001.0,1640.0,0.2319004524886878
w=32,40,4,10,17,16,32,28,0,0,128.0,7072,927742.0,8167391.0,2416.0,0.3416289592760181
w=32,42,3,14,15,20,32,28,0,0,128.0,7072,14843902.0,107446245.0,2032.0,0.2873303167420814
w=32,42,3,14,21,14,32,28,0,0,128.0,7072,14843902.0,45907930.0,2027.0,0.2866233031674208
w=32,42,6,7,11,20,32,28,0,0,128.0,7072,115966.0,46833126.0,3193.0,0.45149886877828055
w=32,42,6,7,21,10,32,28,0,0,128.0,7072,115966.0,781780.0,3185.0,0.45036764705882354
w=32,44,4,11,15,18,32,28,0,0,128.0,7072,1855486.0,23150563.0,2418.0,0.34191176470588236
w=32,44,4,11,19,14,32,28,0,0,128.0,7072,1855486.0,8667100.0,2415.0,0.341487556561086
w=32,45,3,15,24,12,32,28,0,0,128.0,7072,29687806.0,89456597.0,2025.0,0.28634049773755654
w=32,45,5,9,16,15,32,28,0,0,128.0,7072,463870.0,4416479.0,2803.0,0.3963518099547511
w=32,45,9,5,8,17,32,28,0,0,128.0,7072,28990.0,4455205.0,4353.0,0.6155260180995475
w=32,45,9,5,9,15,32,28,0,0,128.0,7072,28990.0,1440547.0,4352.0,0.6153846153846154
w=32,45,9,5,12,11,32,28,0,0,128.0,7072,28990.0,359198.0,4350.0,0.6151018099547512
w=32,48,6,8,15,14,32,28,0,0,128.0,7072,231934.0,2374623.0,3190.0,0.45107466063348417
w=32,48,8,6,13,12,32,28,0,0,128.0,7072,57982.0,676830.0,3963.0,0.5603789592760181
w=32,49,7,7,14,13,32,28,0,0,128.0,7072,115966.0,1270495.0,3577.0,0.5057975113122172
w=256,40,10,4,13,16,256,18,0,0,128.0,7072,73854.0,4146394.0,23525.0,3.3264988687782804
w=256,40,10,4,17,12,256,18,0,0,128.0,7072,73854.0,1017043.0,23522.0,3.326074660633484
w=256,42,3,14,23,14,256,18,0,0,128.0,7072,75628542.0,228392919.0,7663.0,1.083569004524887
w=256,42,7,6,13,20,256,18,0,0,128.0,7072,295422.0,56593888.0,16730.0,2.3656674208144794
w=256,42,7,6,21,12,256,18,0,0,128.0,7072,295422.0,2411986.0,16724.0,2.364819004524887
w=256,42,14,3,7,20,256,18,0,0,128.0,7072,36926.0,29877085.0,32590.0,4.608314479638009
w=256,44,2,22,19,18,256,18,0,0,128.0,7072,19360907262.0,38741737440.0,5401.0,0.7637160633484162
w=256,45,3,15,18,18,256,18,0,0,128.0,7072,151257086.0,472645600.0,7667.0,1.0841346153846154
w=256,45,3,15,19,17,256,18,0,0,128.0,7072,151257086.0,463732702.0,7666.0,1.0839932126696832
w=256,45,5,9,17,17,256,18,0,0,128.0,7072,2363390.0,20729821.0,12197.0,1.7246889140271493
w=256,45,5,9,18,16,256,18,0,0,128.0,7072,2363390.0,16535516.0,12197.0,1.7246889140271493
w=256,45,9,5,13,17,256,18,0,0,128.0,7072,147710.0,8145116.0,21260.0,3.0062217194570136
w=256,45,9,5,18,12,256,18,0,0,128.0,7072,147710.0,1624276.0,21257.0,3.0057975113122173
w=256,48,2,24,17,20,256,18,0,0,128.0,7072,77443629054.0,154958561251.0,5402.0,0.7638574660633484
w=256,48,2,24,21,16,256,18,0,0,128.0,7072,77443629054.0,154892763100.0,5399.0,0.763433257918552
w=256,48,6,8,15,18,256,18,0,0,128.0,7072,1181694.0,22818783.0,14464.0,2.0452488687782804
w=256,48,6,8,19,14,256,18,0,0,128.0,7072,1181694.0,8335320.0,14461.0,2.044824660633484
w=256,49,7,7,14,18,256,18,0,0,128.0,7072,590846.0,18815967.0,16730.0,2.3656674208144794
w=256,49,7,7,19,13,256,18,0,0,128.0,7072,590846.0,4758486.0,16726.0,2.365101809954751
w=16,42,2,21,22,14,16,35,0,0,128.0,7088,1199570942.0,2400583643.0,1275.0,0.17988148984198646
w=16,42,6,7,10,18,16,35,0,0,128.0,7088,73214.0,10925032.0,2092.0,0.2951467268623025
w=16,42,6,7,19,9,16,35,0,0,128.0,7088,73214.0,478168.0,2085.0,0.29415914221218964
w=16,48,2,24,18,17,16,35,0,0,128.0,7088,9596567550.0,19202572258.0,1278.0,0.18030474040632055
w=16,48,3,16,17,16,16,35,0,0,128.0,7088,37486590.0,116916193.0,1480.0,0.208803611738149
w=16,50,2,25,23,13,16,35,0,0,128.0,7088,19193135102.0,38387023833.0,1274.0,0.17974040632054175
w=32,42,7,6,12,16,32,28,0,0,128.0,7088,57982.0,3551586.0,3580.0,0.505079006772009
w=32,42,7,6,17,11,32,28,0,0,128.0,7088,57982.0,545113.0,3576.0,0.5045146726862303
w=32,44,2,22,18,18,32,28,0,0,128.0,7088,3800039422.0,7618953186.0,1646.0,0.23222347629796838
w=32,44,2,22,19,17,32,28,0,0,128.0,7088,3800039422.0,7610040288.0,1645.0,0.2320823927765237
w=32,44,4,11,22,12,32,28,0,0,128.0,7088,1855486.0,7782359.0,2415.0,0.3407167042889391
w=32,46,2,23,17,19,32,28,0,0,128.0,7088,7600078846.0,15235809251.0,1646.0,0.23222347629796838
w=32,46,2,23,20,16,32,28,0,0,128.0,7088,7600078846.0,15205400542.0,1644.0,0.231941309255079
w=32,48,8,6,10,16,32,28,0,0,128.0,7088,57982.0,3085284.0,3968.0,0.5598194130925508
w=32,48,8,6,17,9,32,28,0,0,128.0,7088,57982.0,498647.0,3962.0,0.5589729119638827
w=32,50,2,25,16,20,32,28,0,0,128.0,7088,30400315390.0,60867739621.0,1647.0,0.2323645598194131
w=32,50,2,25,21,15,32,28,0,0,128.0,7088,30400315390.0,60803383260.0,1643.0,0.23180022573363432
w=32,50,2,25,24,13,32,28,0,0,128.0,7088,30400315390.0,60801417175.0,1641.0,0.23151805869074493
w=32,50,5,10,12,20,32,28,0,0,128.0,7088,927742.0,54970342.0,2808.0,0.3961625282167043
w=32,50,5,10,14,17,32,28,0,0,128.0,7088,927742.0,11978723.0,2807.0,0.3960214446952596
w=32,50,5,10,18,13,32,28,0,0,128.0,7088,927742.0,5228508.0,2804.0,0.3955981941309255
w=32,50,5,10,21,11,32,28,0,0,128.0,7088,927742.0,4810710.0,2801.0,0.39517494356659144
w=256,40,4,10,22,14,256,18,0,0,128.0,7088,4726782.0,20348887.0,9931.0,1.4011004514672687
w=256,40,5,8,24,12,256,18,0,0,128.0,7088,1181694.0,6301649.0,12194.0,1.720372460496614
w=256,44,11,4,10,19,256,18,0,0,128.0,7088,73854.0,21783902.0,25795.0,3.6392494356659144
w=256,44,11,4,20,9,256,18,0,0,128.0,7088,73854.0,853324.0,25787.0,3.6381207674943568
w=256,46,2,23,18,19,256,18,0,0,128.0,7088,38721814526.0,77481377762.0,5404.0,0.7624153498871332
w=256,46,2,23,20,17,256,18,0,0,128.0,7088,38721814526.0,77454114782.0,5402.0,0.7621331828442438
w=256,46,2,23,24,14,256,18,0,0,128.0,7088,38721814526.0,77445201879.0,5399.0,0.7617099322799097
w=256,48,3,16,17,19,256,18,0,0,128.0,7088,302514174.0,943194081.0,7669.0,1.081969525959368
w=256,48,3,16,20,16,256,18,0,0,128.0,7088,302514174.0,912785372.0,7667.0,1.0816873589164786
w=256,48,4,12,23,13,256,18,0,0,128.0,7088,18907134.0,76382165.0,9930.0,1.4009593679458239
w=256,48,6,8,22,12,256,18,0,0,128.0,7088,1181694.0,7450579.0,14461.0,2.0402088036117383
w=16,40,5,8,12,18,16,35,0,0,128.0,7104,146430.0,13315046.0,1890.0,0.2660472972972973
w=16,40,5,8,19,11,16,35,0,0,128.0,7104,146430.0,887770.0,1885.0,0.26534346846846846
w=16,42,7,6,12,12,16,35,0,0,128.0,7104,36606.0,452834.0,2294.0,0.3229166666666667
w=16,42,7,6,13,11,16,35,0,0,128.0,7104,36606.0,362720.0,2293.0,0.3227759009009009
w=16,48,4,12,15,16,16,35,0,0,128.0,7104,2342910.0,13303779.0,1686.0,0.23733108108108109
w=16,48,4,12,17,14,16,35,0,0,128.0,7104,2342910.0,10485727.0,1684.0,0.23704954954954954
w=16,50,2,25,17,18,16,35,0,0,128.0,7104,19193135102.0,38404095971.0,1280.0,0.18018018018018017
w=16,50,2,25,19,16,16,35,0,0,128.0,7104,19193135102.0,38391250912.0,1279.0,0.18003941441441443
w=32,42,2,21,23,14,32,28,0,0,128.0,7104,1900019710.0,3801546713.0,1644.0,0.23141891891891891
w=32,48,8,6,9,18,32,28,0,0,128.0,7104,57982.0,9901029.0,3970.0,0.5588400900900901
w=32,48,8,6,19,8,32,28,0,0,128.0,7104,57982.0,483284.0,3963.0,0.5578547297297297
w=32,49,7,7,11,17,32,28,0,0,128.0,7104,115966.0,6578916.0,3583.0,0.5043637387387387
w=32,49,7,7,18,10,32,28,0,0,128.0,7104,115966.0,885464.0,3578.0,0.5036599099099099
w=32,49,7,7,22,8,32,28,0,0,128.0,7104,115966.0,834257.0,3575.0,0.5032376126126126
w=32,50,5,10,23,10,32,28,0,0,128.0,7104,927742.0,4732883.0,2802.0,0.39442567567567566
w=256,45,5,9,22,13,256,18,0,0,128.0,7104,2363390.0,12537813.0,12198.0,1.7170608108108107
w=256,46,2,23,19,18,256,18,0,0,128.0,7104,38721814526.0,77463551968.0,5405.0,0.760838963963964
w=256,48,4,12,17,18,256,18,0,0,128.0,7104,18907134.0,93454303.0,9936.0,1.3986486486486487
w=256,48,4,12,19,16,256,18,0,0,128.0,7104,18907134.0,80609244.0,9935.0,1.398507882882883
w=256,50,2,25,17,20,256,18,0,0,128.0,7104,154887258110.0,309845819363.0,5406.0,0.7609797297297297
w=256,50,2,25,21,16,256,18,0,0,128.0,7104,154887258110.0,309780021212.0,5403.0,0.7605574324324325
w=16,40,4,10,22,11,16,35,0,0,128.0,7120,585726.0,2523095.0,1683.0,0.23637640449438202
w=16,40,4,10,24,10,16,35,0,0,128.0,7120,585726.0,2441171.0,1681.0,0.23609550561797754
w=16,42,6,7,12,15,16,35,0,0,128.0,7120,73214.0,2012132.0,2094.0,0.2941011235955056
w=16,42,6,7,16,11,16,35,0,0,128.0,7120,73214.0,570333.0,2091.0,0.2936797752808989
w=16,44,2,22,22,14,16,35,0,0,128.0,7120,2399141886.0,4799725531.0,1279.0,0.17963483146067416
w=16,44,4,11,13,19,16,35,0,0,128.0,7120,1171454.0,31948774.0,1689.0,0.2372191011235955
w=16,44,4,11,20,12,16,35,0,0,128.0,7120,1171454.0,5013466.0,1684.0,0.23651685393258426
w=16,45,3,15,14,20,16,35,0,0,128.0,7120,18743294.0,114950119.0,1487.0,0.20884831460674158
w=16,45,3,15,21,13,16,35,0,0,128.0,7120,18743294.0,56917978.0,1481.0,0.2080056179775281
w=16,45,5,9,14,15,16,35,0,0,128.0,7120,292862.0,3299299.0,1891.0,0.26558988764044944
w=16,45,5,9,16,13,16,35,0,0,128.0,7120,292862.0,1988575.0,1889.0,0.26530898876404496
w=16,48,4,12,16,15,16,35,0,0,128.0,7120,2342910.0,11468769.0,1687.0,0.236938202247191
w=16,49,7,7,10,14,16,35,0,0,128.0,7120,73214.0,1167846.0,2298.0,0.322752808988764
w=16,49,7,7,15,9,16,35,0,0,128.0,7120,73214.0,543197.0,2294.0,0.32219101123595506
w=16,50,2,25,18,17,16,35,0,0,128.0,7120,19193135102.0,38395707362.0,1282.0,0.1800561797752809
w=32,40,5,8,22,11,32,28,0,0,128.0,7120,231934.0,1339861.0,2805.0,0.39396067415730335
w=32,40,5,8,24,10,32,28,0,0,128.0,7120,231934.0,1257937.0,2803.0,0.39367977528089887
w=32,40,8,5,9,19,32,28,0,0,128.0,7120,28990.0,19106277.0,3972.0,0.5578651685393259
w=32,40,8,5,10,17,32,28,0,0,128.0,7120,28990.0,5474788.0,3972.0,0.5578651685393259
w=32,40,8,5,12,14,32,28,0,0,128.0,7120,28990.0,1018336.0,3970.0,0.5575842696629213
w=32,40,8,5,15,11,32,28,0,0,128.0,7120,28990.0,354779.0,3968.0,0.5573033707865168
w=32,42,6,7,13,17,32,28,0,0,128.0,7120,115966.0,7511522.0,3197.0,0.4490168539325843
w=32,42,6,7,18,12,32,28,0,0,128.0,7120,115966.0,990682.0,3194.0,0.4485955056179775
w=32,44,4,11,16,17,32,28,0,0,128.0,7120,1855486.0,15810529.0,2423.0,0.3403089887640449
w=32,44,4,11,18,15,32,28,0,0,128.0,7120,1855486.0,9781214.0,2422.0,0.3401685393258427
w=32,44,4,11,24,11,32,28,0,0,128.0,7120,1855486.0,7618515.0,2417.0,0.3394662921348315
w=32,45,3,15,15,20,32,28,0,0,128.0,7120,29687806.0,151977957.0,2038.0,0.28623595505617977
w=32,45,3,15,21,14,32,28,0,0,128.0,7120,29687806.0,90439642.0,2033.0,0.2855337078651685
w=32,45,9,5,7,20,32,28,0,0,128.0,7120,28990.0,29621031.0,4360.0,0.6123595505617978
w=32,46,2,23,18,18,32,28,0,0,128.0,7120,7600078846.0,15219032034.0,1650.0,0.23174157303370788
w=32,46,2,23,19,17,32,28,0,0,128.0,7120,7600078846.0,15210119136.0,1649.0,0.2316011235955056
w=32,48,2,24,17,19,32,28,0,0,128.0,7120,15200157694.0,30435966947.0,1650.0,0.23174157303370788
w=32,48,2,24,20,16,32,28,0,0,128.0,7120,15200157694.0,30405558238.0,1648.0,0.23146067415730337
w=32,48,3,16,24,12,32,28,0,0,128.0,7120,59375614.0,178520021.0,2031.0,0.28525280898876404
w=32,48,6,8,12,18,32,28,0,0,128.0,7120,231934.0,13974500.0,3198.0,0.4491573033707865
w=32,48,6,8,19,11,32,28,0,0,128.0,7120,231934.0,1547224.0,3193.0,0.44845505617977527
w=256,40,2,20,23,15,256,18,0,0,128.0,7120,4840226814.0,9683468249.0,5404.0,0.7589887640449439
w=256,40,8,5,13,19,256,18,0,0,128.0,7120,147710.0,28444638.0,19001.0,2.668679775280899
w=256,40,8,5,20,12,256,18,0,0,128.0,7120,147710.0,1509330.0,18996.0,2.667977528089888
w=256,40,10,4,14,15,256,18,0,0,128.0,7120,73854.0,2573529.0,23531.0,3.3049157303370786
w=256,40,10,4,16,13,256,18,0,0,128.0,7120,73854.0,1262805.0,23529.0,3.304634831460674
w=256,42,6,7,14,20,256,18,0,0,128.0,7120,590846.0,62265313.0,14471.0,2.032443820224719
w=256,42,6,7,21,13,256,18,0,0,128.0,7120,590846.0,4233172.0,14465.0,2.0316011235955056
w=256,42,7,6,23,11,256,18,0,0,128.0,7120,295422.0,2256335.0,16729.0,2.3495786516853934
w=256,42,14,3,10,14,256,18,0,0,128.0,7120,36926.0,1172312.0,32594.0,4.577808988764045
w=256,45,3,15,23,14,256,18,0,0,128.0,7120,151257086.0,455278551.0,7669.0,1.0771067415730338
w=256,48,2,24,18,19,256,18,0,0,128.0,7120,77443629054.0,154925006818.0,5408.0,0.7595505617977528
w=256,48,2,24,20,17,256,18,0,0,128.0,7120,77443629054.0,154897743838.0,5406.0,0.7592696629213483
w=256,48,2,24,24,14,256,18,0,0,128.0,7120,77443629054.0,154888830935.0,5403.0,0.7588483146067416
w=256,48,3,16,18,18,256,18,0,0,128.0,7120,302514174.0,926416864.0,7673.0,1.0776685393258427
w=256,48,3,16,19,17,256,18,0,0,128.0,7120,302514174.0,917503966.0,7672.0,1.0775280898876405
w=256,48,4,12,18,17,256,18,0,0,128.0,7120,18907134.0,85065694.0,9938.0,1.3957865168539325
w=256,48,6,8,16,17,256,18,0,0,128.0,7120,1181694.0,15478749.0,14469.0,2.0321629213483146
w=256,48,6,8,18,15,256,18,0,0,128.0,7120,1181694.0,9449434.0,14468.0,2.0320224719101123
w=256,48,6,8,24,11,256,18,0,0,128.0,7120,1181694.0,7286735.0,14463.0,2.031320224719101
w=256,48,8,6,12,20,256,18,0,0,128.0,7120,295422.0,52695008.0,19002.0,2.6688202247191013
w=256,48,8,6,14,17,256,18,0,0,128.0,7120,295422.0,9703389.0,19001.0,2.668679775280899
w=256,48,8,6,18,13,256,18,0,0,128.0,7120,295422.0,2953174.0,18998.0,2.6682584269662923
w=256,48,8,6,21,11,256,18,0,0,128.0,7120,295422.0,2535376.0,18995.0,2.667837078651685
w=256,48,12,4,9,19,256,18,0,0,128.0,7120,73854.0,19760605.0,28064.0,3.9415730337078654
w=256,48,12,4,10,17,256,18,0,0,128.0,7120,73854.0,6129116.0,28064.0,3.9415730337078654
w=256,48,12,4,12,14,256,18,0,0,128.0,7120,73854.0,1672664.0,28062.0,3.9412921348314605
w=256,48,12,4,15,11,256,18,0,0,128.0,7120,73854.0,1009107.0,28060.0,3.941011235955056
w=256,48,12,4,18,9,256,18,0,0,128.0,7120,73854.0,923086.0,28058.0,3.9407303370786515
w=256,48,12,4,20,8,256,18,0,0,128.0,7120,73854.0,906698.0,28056.0,3.940449438202247
w=256,50,5,10,16,18,256,18,0,0,128.0,7120,4726782.0,40411103.0,12204.0,1.7140449438202248
w=256,50,5,10,19,15,256,18,0,0,128.0,7120,4726782.0,26124250.0,12202.0,1.7137640449438203
w=16,40,5,8,23,9,16,35,0,0,128.0,7136,146430.0,779219.0,1886.0,0.2642937219730942
w=16,45,5,9,15,14,16,35,0,0,128.0,7136,292862.0,2447329.0,1892.0,0.2651345291479821
w=16,48,6,8,11,16,16,35,0,0,128.0,7136,146430.0,3762150.0,2097.0,0.2938621076233184
w=16,48,6,8,17,10,16,35,0,0,128.0,7136,146430.0,948187.0,2092.0,0.29316143497757846
w=16,50,5,10,11,19,16,35,0,0,128.0,7136,585726.0,25997288.0,1895.0,0.265554932735426
w=16,50,5,10,20,10,16,35,0,0,128.0,7136,585726.0,3010520.0,1888.0,0.2645739910313901
w=16,50,5,10,22,9,16,35,0,0,128.0,7136,585726.0,2973653.0,1887.0,0.26443385650224216
w=32,42,7,6,23,8,32,28,0,0,128.0,7136,57982.0,429391.0,3578.0,0.5014013452914798
w=32,44,2,22,23,14,32,28,0,0,128.0,7136,3800039422.0,7601586137.0,1648.0,0.23094170403587444
w=32,44,4,11,17,16,32,28,0,0,128.0,7136,1855486.0,11878367.0,2424.0,0.3396860986547085
w=32,45,5,9,13,19,32,28,0,0,128.0,7136,463870.0,29582308.0,2813.0,0.3941984304932735
w=32,45,5,9,20,12,32,28,0,0,128.0,7136,463870.0,2647000.0,2808.0,0.39349775784753366
w=32,48,4,12,15,18,32,28,0,0,128.0,7136,3710974.0,30572515.0,2426.0,0.3399663677130045
w=32,48,4,12,19,14,32,28,0,0,128.0,7136,3710974.0,16089052.0,2423.0,0.33954596412556054
w=32,49,7,7,10,19,32,28,0,0,128.0,7136,115966.0,21783270.0,3588.0,0.5028026905829597
w=32,49,7,7,20,9,32,28,0,0,128.0,7136,115966.0,852692.0,3580.0,0.5016816143497758
w=32,50,5,10,15,16,32,28,0,0,128.0,7136,927742.0,8570849.0,2812.0,0.39405829596412556
w=32,50,5,10,17,14,32,28,0,0,128.0,7136,927742.0,5752797.0,2810.0,0.3937780269058296
w=256,40,5,8,15,20,256,18,0,0,128.0,7136,1181694.0,68823009.0,12207.0,1.7106221973094171
w=256,40,5,8,21,14,256,18,0,0,128.0,7136,1181694.0,7284694.0,12202.0,1.7099215246636772
w=256,40,10,4,15,14,256,18,0,0,128.0,7136,73854.0,1721559.0,23532.0,3.297645739910314
w=256,45,9,5,14,16,256,18,0,0,128.0,7136,147710.0,4999387.0,21268.0,2.9803811659192827
w=256,45,9,5,17,13,256,18,0,0,128.0,7136,147710.0,1886421.0,21265.0,2.9799607623318387
w=256,48,2,24,19,18,256,18,0,0,128.0,7136,77443629054.0,154907181024.0,5409.0,0.7579876681614349
w=256,48,6,8,17,16,256,18,0,0,128.0,7136,1181694.0,11546587.0,14470.0,2.0277466367713006
w=256,48,8,6,23,10,256,18,0,0,128.0,7136,295422.0,2457549.0,18996.0,2.661995515695067
w=256,49,7,7,15,17,256,18,0,0,128.0,7136,590846.0,12000221.0,16737.0,2.345431614349776
w=256,49,7,7,18,14,256,18,0,0,128.0,7136,590846.0,5315544.0,16735.0,2.34515134529148
w=16,40,2,20,16,20,16,35,0,0,128.0,7152,599785470.0,1266679781.0,1287.0,0.1799496644295302
w=16,40,2,20,21,15,16,35,0,0,128.0,7152,599785470.0,1202323420.0,1283.0,0.1793903803131991
w=16,40,2,20,24,13,16,35,0,0,128.0,7152,599785470.0,1200357335.0,1281.0,0.17911073825503357
w=16,40,4,10,14,18,16,35,0,0,128.0,7152,585726.0,17022949.0,1693.0,0.23671700223713646
w=16,40,4,10,19,13,16,35,0,0,128.0,7152,585726.0,2965468.0,1689.0,0.23615771812080538
w=16,40,5,8,11,20,16,35,0,0,128.0,7152,146430.0,46869480.0,1897.0,0.2652404921700224
w=16,40,5,8,21,10,16,35,0,0,128.0,7152,146430.0,818134.0,1889.0,0.26412192393736017
w=16,42,3,14,23,12,16,35,0,0,128.0,7152,9371646.0,28491735.0,1484.0,0.20749440715883669
w=16,46,2,23,22,14,16,35,0,0,128.0,7152,4798283774.0,9598009307.0,1283.0,0.1793903803131991
w=16,49,7,7,8,18,16,35,0,0,128.0,7152,73214.0,8901097.0,2303.0,0.3220078299776286
w=16,50,5,10,13,16,16,35,0,0,128.0,7152,585726.0,6336484.0,1895.0,0.2649608501118568
w=16,50,5,10,17,12,16,35,0,0,128.0,7152,585726.0,3207133.0,1892.0,0.2645413870246085
w=32,40,4,10,14,20,32,28,0,0,128.0,7152,927742.0,62431205.0,2429.0,0.3396252796420582
w=32,40,4,10,21,13,32,28,0,0,128.0,7152,927742.0,4399064.0,2423.0,0.33878635346756153
w=32,40,5,8,14,18,32,28,0,0,128.0,7152,231934.0,15839715.0,2815.0,0.39359619686800895
w=32,40,5,8,19,13,32,28,0,0,128.0,7152,231934.0,1782234.0,2811.0,0.39303691275167785
w=32,40,8,5,13,13,32,28,0,0,128.0,7152,28990.0,657886.0,3973.0,0.5555089485458613
w=32,40,8,5,14,12,32,28,0,0,128.0,7152,28990.0,461277.0,3973.0,0.5555089485458613
w=32,42,3,14,16,19,32,28,0,0,128.0,7152,14843902.0,78086115.0,2041.0,0.2853747203579418
w=32,42,3,14,20,15,32,28,0,0,128.0,7152,14843902.0,47153116.0,2038.0,0.2849552572706935
w=32,42,7,6,13,15,32,28,0,0,128.0,7152,57982.0,2109792.0,3587.0,0.5015380313199105
w=32,42,7,6,16,12,32,28,0,0,128.0,7152,57982.0,667995.0,3585.0,0.5012583892617449
w=32,48,2,24,18,18,32,28,0,0,128.0,7152,15200157694.0,30419189730.0,1654.0,0.23126398210290827
w=32,48,2,24,19,17,32,28,0,0,128.0,7152,15200157694.0,30410276832.0,1653.0,0.2311241610738255
w=32,48,4,12,22,12,32,28,0,0,128.0,7152,3710974.0,15204311.0,2423.0,0.33878635346756153
w=32,48,6,8,23,9,32,28,0,0,128.0,7152,231934.0,1438673.0,3194.0,0.44658836689038034
w=32,50,2,25,17,19,32,28,0,0,128.0,7152,30400315390.0,60836282339.0,1654.0,0.23126398210290827
w=32,50,2,25,20,16,32,28,0,0,128.0,7152,30400315390.0,60805873630.0,1652.0,0.23098434004474272
w=32,50,5,10,16,15,32,28,0,0,128.0,7152,927742.0,6735839.0,2813.0,0.3933165548098434
w=256,42,2,21,23,15,256,18,0,0,128.0,7152,9680453630.0,19363921881.0,5408.0,0.756152125279642
w=256,42,14,3,8,18,256,18,0,0,128.0,7152,36926.0,8905563.0,32599.0,4.558025727069351
w=256,44,4,11,22,14,256,18,0,0,128.0,7152,9453566.0,39256023.0,9939.0,1.3896812080536913
w=256,44,11,4,12,16,256,18,0,0,128.0,7152,73854.0,3958106.0,25801.0,3.607522371364653
w=256,44,11,4,17,11,256,18,0,0,128.0,7152,73854.0,951633.0,25797.0,3.6069630872483223
w=256,48,12,4,13,13,256,18,0,0,128.0,7152,73854.0,1312214.0,28065.0,3.9240771812080535
w=256,48,12,4,14,12,256,18,0,0,128.0,7152,73854.0,1115605.0,28065.0,3.9240771812080535
w=256,50,2,25,18,19,256,18,0,0,128.0,7152,154887258110.0,309812264930.0,5412.0,0.7567114093959731
w=256,50,2,25,20,17,256,18,0,0,128.0,7152,154887258110.0,309785001950.0,5410.0,0.7564317673378076
w=256,50,2,25,24,14,256,18,0,0,128.0,7152,154887258110.0,309776089047.0,5407.0,0.7560123042505593
w=256,50,5,10,17,17,256,18,0,0,128.0,7152,4726782.0,32546781.0,12207.0,1.7067953020134228
w=256,50,5,10,18,16,256,18,0,0,128.0,7152,4726782.0,28352476.0,12207.0,1.7067953020134228
w=256,50,10,5,12,17,256,18,0,0,128.0,7152,147710.0,7768540.0,23536.0,3.29082774049217
w=256,50,10,5,18,11,256,18,0,0,128.0,7152,147710.0,1624530.0,23532.0,3.290268456375839
w=256,50,10,5,24,8,256,18,0,0,128.0,7152,147710.0,1501639.0,23527.0,3.289569351230425
w=16,42,3,14,15,19,16,35,0,0,128.0,7168,9371646.0,59572197.0,1492.0,0.20814732142857142
w=16,42,3,14,20,14,16,35,0,0,128.0,7168,9371646.0,29425628.0,1488.0,0.20758928571428573
w=16,42,6,7,13,14,16,35,0,0,128.0,7168,73214.0,1291234.0,2099.0,0.29282924107142855
w=16,42,6,7,15,12,16,35,0,0,128.0,7168,73214.0,685023.0,2098.0,0.29268973214285715
w=16,42,7,6,8,19,16,35,0,0,128.0,7168,36606.0,17033449.0,2305.0,0.32156808035714285
w=16,42,7,6,10,15,16,35,0,0,128.0,7168,36606.0,1566950.0,2304.0,0.32142857142857145
w=16,48,3,16,14,20,16,35,0,0,128.0,7168,37486590.0,171180007.0,1493.0,0.20828683035714285
w=16,48,3,16,21,13,16,35,0,0,128.0,7168,37486590.0,113147866.0,1487.0,0.20744977678571427
w=16,48,6,8,9,20,16,35,0,0,128.0,7168,146430.0,38627305.0,2102.0,0.29324776785714285
w=16,48,6,8,21,8,16,35,0,0,128.0,7168,146430.0,900052.0,2093.0,0.2919921875
w=16,49,7,7,9,16,16,35,0,0,128.0,7168,73214.0,2871783.0,2304.0,0.32142857142857145
w=16,49,7,7,17,8,16,35,0,0,128.0,7168,73214.0,529881.0,2298.0,0.32059151785714285
w=32,42,7,6,11,18,32,28,0,0,128.0,7168,57982.0,11940196.0,3591.0,0.5009765625
w=32,42,7,6,19,10,32,28,0,0,128.0,7168,57982.0,483670.0,3585.0,0.5001395089285714
w=32,45,9,5,10,14,32,28,0,0,128.0,7168,28990.0,916258.0,4364.0,0.6088169642857143
w=32,46,2,23,23,14,32,28,0,0,128.0,7168,7600078846.0,15201664985.0,1652.0,0.23046875
w=32,48,3,16,15,20,32,28,0,0,128.0,7168,59375614.0,241041381.0,2044.0,0.28515625
w=32,48,3,16,21,14,32,28,0,0,128.0,7168,59375614.0,179503066.0,2039.0,0.28445870535714285
w=32,48,6,8,11,20,32,28,0,0,128.0,7168,231934.0,47528934.0,3205.0,0.44712611607142855
w=32,48,6,8,21,10,32,28,0,0,128.0,7168,231934.0,1477588.0,3197.0,0.44601004464285715
w=256,42,14,3,9,16,256,18,0,0,128.0,7168,36926.0,2876249.0,32600.0,4.547991071428571
w=256,45,5,9,24,12,256,18,0,0,128.0,7168,2363390.0,12210129.0,12204.0,1.7025669642857142
w=256,45,9,5,12,19,256,18,0,0,128.0,7168,147710.0,26495198.0,21273.0,2.9677734375
w=256,45,9,5,15,15,256,18,0,0,128.0,7168,147710.0,3295449.0,21271.0,2.967494419642857
w=256,45,9,5,16,14,256,18,0,0,128.0,7168,147710.0,2377943.0,21270.0,2.9673549107142856
w=256,45,9,5,20,11,256,18,0,0,128.0,7168,147710.0,1493200.0,21267.0,2.9669363839285716
w=256,45,9,5,24,9,256,18,0,0,128.0,7168,147710.0,1378505.0,21264.0,2.966517857142857
w=256,48,3,16,23,14,256,18,0,0,128.0,7168,302514174.0,909049815.0,7675.0,1.0707310267857142
w=256,48,8,6,15,16,256,18,0,0,128.0,7168,295422.0,6295515.0,19006.0,2.6515066964285716
w=256,48,8,6,17,14,256,18,0,0,128.0,7168,295422.0,3477463.0,19004.0,2.6512276785714284
w=256,49,7,7,16,16,256,18,0,0,128.0,7168,590846.0,8330203.0,16740.0,2.3353794642857144
w=256,49,7,7,17,15,256,18,0,0,128.0,7168,590846.0,6364121.0,16739.0,2.335239955357143
w=256,50,2,25,19,18,256,18,0,0,128.0,7168,154887258110.0,309794439136.0,5413.0,0.7551618303571429
w=16,42,2,21,16,20,16,35,0,0,128.0,7184,1199570942.0,2466250725.0,1291.0,0.17970489977728285
w=16,42,2,21,21,15,16,35,0,0,128.0,7184,1199570942.0,2401894364.0,1287.0,0.17914810690423164
w=16,42,2,21,24,13,16,35,0,0,128.0,7184,1199570942.0,2399928279.0,1285.0,0.178869710467706
w=16,42,6,7,14,13,16,35,0,0,128.0,7184,73214.0,898017.0,2101.0,0.2924554565701559
w=16,44,4,11,22,11,16,35,0,0,128.0,7184,1171454.0,4866007.0,1691.0,0.23538418708240536
w=16,44,4,11,24,10,16,35,0,0,128.0,7184,1171454.0,4784083.0,1689.0,0.23510579064587972
w=16,45,5,9,12,18,16,35,0,0,128.0,7184,292862.0,14047206.0,1900.0,0.26447661469933187
w=16,45,5,9,19,11,16,35,0,0,128.0,7184,292862.0,1619930.0,1895.0,0.2637806236080178
w=16,48,2,24,22,14,16,35,0,0,128.0,7184,9596567550.0,19194576859.0,1287.0,0.17914810690423164
w=16,48,4,12,13,19,16,35,0,0,128.0,7184,2342910.0,36634598.0,1697.0,0.23621937639198218
w=16,48,4,12,20,12,16,35,0,0,128.0,7184,2342910.0,9699290.0,1692.0,0.23552338530066816
w=16,48,6,8,10,18,16,35,0,0,128.0,7184,146430.0,11364328.0,2104.0,0.29287305122494434
w=16,48,6,8,19,9,16,35,0,0,128.0,7184,146430.0,917464.0,2097.0,0.29189866369710465
w=16,49,7,7,11,13,16,35,0,0,128.0,7184,73214.0,872932.0,2305.0,0.3208518930957684
w=16,49,7,7,14,10,16,35,0,0,128.0,7184,73214.0,569823.0,2303.0,0.3205734966592428
w=32,40,2,20,22,15,32,28,0,0,128.0,7184,950009854.0,1902903259.0,1655.0,0.2303730512249443
w=32,42,3,14,23,13,32,28,0,0,128.0,7184,14843902.0,45285335.0,2040.0,0.28396436525612473
w=32,42,6,7,14,16,32,28,0,0,128.0,7184,115966.0,4365793.0,3205.0,0.446130289532294
w=32,42,6,7,17,13,32,28,0,0,128.0,7184,115966.0,1252827.0,3202.0,0.4457126948775056
w=32,42,7,6,10,20,32,28,0,0,128.0,7184,57982.0,42348902.0,3594.0,0.5002783964365256
w=32,42,7,6,14,14,32,28,0,0,128.0,7184,57982.0,1323359.0,3591.0,0.4998608017817372
w=32,42,7,6,15,13,32,28,0,0,128.0,7184,57982.0,897373.0,3590.0,0.4997216035634744
w=32,42,7,6,21,9,32,28,0,0,128.0,7184,57982.0,448850.0,3585.0,0.4990256124721604
w=32,48,4,12,16,17,32,28,0,0,128.0,7184,3710974.0,23232481.0,2431.0,0.33839086859688194
w=32,48,4,12,18,15,32,28,0,0,128.0,7184,3710974.0,17203166.0,2430.0,0.33825167037861914
w=32,48,4,12,24,11,32,28,0,0,128.0,7184,3710974.0,15040467.0,2425.0,0.3375556792873051
w=32,48,8,6,11,15,32,28,0,0,128.0,7184,57982.0,1905634.0,3979.0,0.5538697104677061
w=32,48,8,6,16,10,32,28,0,0,128.0,7184,57982.0,529369.0,3975.0,0.5533129175946548
w=32,50,2,25,18,18,32,28,0,0,128.0,7184,30400315390.0,60819505122.0,1658.0,0.23079064587973275
w=32,50,2,25,19,17,32,28,0,0,128.0,7184,30400315390.0,60810592224.0,1657.0,0.23065144766146994
w=256,40,4,10,16,20,256,18,0,0,128.0,7184,4726782.0,86015969.0,9947.0,1.3846046770601337
w=256,40,4,10,21,15,256,18,0,0,128.0,7184,4726782.0,21659608.0,9943.0,1.3840478841870825
w=256,40,4,10,24,13,256,18,0,0,128.0,7184,4726782.0,19693523.0,9941.0,1.3837694877505569
w=256,40,8,5,22,11,256,18,0,0,128.0,7184,147710.0,1361871.0,19003.0,2.6451837416481068
w=256,40,8,5,24,10,256,18,0,0,128.0,7184,147710.0,1279947.0,19001.0,2.644905345211581
w=256,40,10,4,12,18,256,18,0,0,128.0,7184,73854.0,13321436.0,23540.0,3.2767260579064588
w=256,40,10,4,19,11,256,18,0,0,128.0,7184,73854.0,894160.0,23535.0,3.276030066815145
w=256,42,3,14,22,15,256,18,0,0,128.0,7184,75628542.0,229769177.0,7678.0,1.0687639198218264
w=256,42,7,6,14,19,256,18,0,0,128.0,7184,295422.0,31428063.0,16744.0,2.3307349665924275
w=256,42,7,6,20,13,256,18,0,0,128.0,7184,295422.0,2723284.0,16739.0,2.3300389755011137
w=256,42,14,3,11,13,256,18,0,0,128.0,7184,36926.0,877398.0,32601.0,4.5380011135857465
w=256,44,2,22,23,15,256,18,0,0,128.0,7184,19360907262.0,38724829145.0,5412.0,0.7533407572383074
w=256,45,15,3,7,18,256,18,0,0,128.0,7184,36926.0,7893915.0,34869.0,4.853702672605791
w=256,48,8,6,16,15,256,18,0,0,128.0,7184,295422.0,4460505.0,19007.0,2.645740534521158
w=256,49,7,7,13,20,256,18,0,0,128.0,7184,590846.0,58661856.0,16744.0,2.3307349665924275
w=256,49,7,7,21,12,256,18,0,0,128.0,7184,590846.0,4479954.0,16738.0,2.3298997772828507
w=256,50,5,10,22,13,256,18,0,0,128.0,7184,4726782.0,24354773.0,12208.0,1.6993318485523385
w=16,40,5,8,13,17,16,35,0,0,128.0,7200,146430.0,7547876.0,1901.0,0.26402777777777775
w=16,40,5,8,18,12,16,35,0,0,128.0,7200,146430.0,1027036.0,1898.0,0.26361111111111113
w=16,42,7,6,9,17,16,35,0,0,128.0,7200,36606.0,4974823.0,2308.0,0.32055555555555554
w=16,45,3,15,23,12,16,35,0,0,128.0,7200,18743294.0,56606679.0,1490.0,0.20694444444444443
w=16,50,5,10,14,15,16,35,0,0,128.0,7200,585726.0,4763619.0,1901.0,0.26402777777777775
w=16,50,5,10,16,13,16,35,0,0,128.0,7200,585726.0,3452895.0,1899.0,0.26375
w=32,42,3,14,17,18,32,28,0,0,128.0,7200,14843902.0,62357473.0,2046.0,0.2841666666666667
w=32,42,3,14,19,16,32,28,0,0,128.0,7200,14843902.0,49512414.0,2045.0,0.28402777777777777
w=32,45,3,15,16,19,32,28,0,0,128.0,7200,29687806.0,122617827.0,2047.0,0.28430555555555553
w=32,45,3,15,20,15,32,28,0,0,128.0,7200,29687806.0,91684828.0,2044.0,0.2838888888888889
w=32,45,5,9,22,11,32,28,0,0,128.0,7200,463870.0,2499541.0,2815.0,0.3909722222222222
w=32,45,5,9,24,10,32,28,0,0,128.0,7200,463870.0,2417617.0,2813.0,0.39069444444444446
w=32,45,9,5,8,18,32,28,0,0,128.0,7200,28990.0,8649509.0,4369.0,0.6068055555555556
w=32,48,2,24,23,14,32,28,0,0,128.0,7200,15200157694.0,30401822681.0,1656.0,0.23
w=32,48,4,12,17,16,32,28,0,0,128.0,7200,3710974.0,19300319.0,2432.0,0.3377777777777778
w=32,49,7,7,12,16,32,28,0,0,128.0,7200,115966.0,3957474.0,3594.0,0.49916666666666665
w=32,49,7,7,17,11,32,28,0,0,128.0,7200,115966.0,951001.0,3590.0,0.4986111111111111
w=256,42,6,7,23,12,256,18,0,0,128.0,7200,590846.0,3921873.0,14474.0,2.0102777777777776
w=256,44,11,4,23,8,256,18,0,0,128.0,7200,73854.0,835911.0,25799.0,3.5831944444444446
w=256,45,9,5,22,10,256,18,0,0,128.0,7200,147710.0,1419469.0,21270.0,2.9541666666666666
w=16,40,2,20,17,19,16,35,0,0,128.0,7216,599785470.0,1235222499.0,1294.0,0.17932372505543237
w=16,40,2,20,20,16,16,35,0,0,128.0,7216,599785470.0,1204813790.0,1292.0,0.17904656319290466
w=16,40,4,10,15,17,16,35,0,0,128.0,7216,585726.0,10207203.0,1700.0,0.23558758314855877
w=16,40,4,10,18,14,16,35,0,0,128.0,7216,585726.0,3522526.0,1698.0,0.23531042128603105
w=16,42,6,7,11,17,16,35,0,0,128.0,7216,73214.0,6206438.0,2107.0,0.291990022172949
w=16,42,6,7,18,10,16,35,0,0,128.0,7216,73214.0,512986.0,2102.0,0.29129711751662973
w=16,42,6,7,22,8,16,35,0,0,128.0,7216,73214.0,461779.0,2099.0,0.29088137472283815
w=16,44,2,22,16,20,16,35,0,0,128.0,7216,2399141886.0,4865392613.0,1295.0,0.17946230598669624
w=16,44,2,22,21,15,16,35,0,0,128.0,7216,2399141886.0,4801036252.0,1291.0,0.17890798226164079
w=16,44,2,22,24,13,16,35,0,0,128.0,7216,2399141886.0,4799070167.0,1289.0,0.17863082039911307
w=16,44,4,11,14,18,16,35,0,0,128.0,7216,1171454.0,19365861.0,1701.0,0.2357261640798226
w=16,44,4,11,19,13,16,35,0,0,128.0,7216,1171454.0,5308380.0,1697.0,0.23517184035476718
w=16,45,3,15,15,19,16,35,0,0,128.0,7216,18743294.0,87687141.0,1498.0,0.2075942350332594
w=16,45,3,15,20,14,16,35,0,0,128.0,7216,18743294.0,57540572.0,1494.0,0.20703991130820398
w=16,45,5,9,23,9,16,35,0,0,128.0,7216,292862.0,1511379.0,1896.0,0.26274944567627495
w=16,48,6,8,12,15,16,35,0,0,128.0,7216,146430.0,2451428.0,2106.0,0.29185144124168516
w=16,48,6,8,16,11,16,35,0,0,128.0,7216,146430.0,1009629.0,2103.0,0.2914356984478936
w=16,49,7,7,12,12,16,35,0,0,128.0,7216,73214.0,709090.0,2308.0,0.31984478935698446
w=16,49,7,7,13,11,16,35,0,0,128.0,7216,73214.0,618976.0,2307.0,0.3197062084257206
w=16,50,2,25,22,14,16,35,0,0,128.0,7216,19193135102.0,38387711963.0,1291.0,0.17890798226164079
w=16,50,5,10,15,14,16,35,0,0,128.0,7216,585726.0,3911649.0,1902.0,0.2635809312638581
w=32,40,5,8,15,17,32,28,0,0,128.0,7216,231934.0,9023969.0,2822.0,0.3910753880266075
w=32,40,5,8,18,14,32,28,0,0,128.0,7216,231934.0,2339292.0,2820.0,0.39079822616407983
w=32,42,2,21,22,15,32,28,0,0,128.0,7216,1900019710.0,3802922971.0,1659.0,0.2299057649667406
w=32,42,3,14,18,17,32,28,0,0,128.0,7216,14843902.0,53968864.0,2048.0,0.2838137472283814
w=32,42,6,7,12,19,32,28,0,0,128.0,7216,115966.0,25861604.0,3210.0,0.44484478935698446
w=32,42,6,7,15,15,32,28,0,0,128.0,7216,115966.0,2661855.0,3208.0,0.4445676274944568
w=32,42,6,7,16,14,32,28,0,0,128.0,7216,115966.0,1744349.0,3207.0,0.44442904656319293
w=32,42,6,7,20,11,32,28,0,0,128.0,7216,115966.0,859606.0,3204.0,0.44401330376940135
w=32,42,6,7,24,9,32,28,0,0,128.0,7216,115966.0,744911.0,3201.0,0.44359756097560976
w=32,44,4,11,14,20,32,28,0,0,128.0,7216,1855486.0,66142181.0,2437.0,0.33772172949002216
w=32,44,4,11,21,13,32,28,0,0,128.0,7216,1855486.0,8110040.0,2431.0,0.33689024390243905
w=32,45,9,5,9,16,32,28,0,0,128.0,7216,28990.0,2620195.0,4370.0,0.6055986696230599
w=32,48,6,8,13,17,32,28,0,0,128.0,7216,231934.0,8207330.0,3209.0,0.4447062084257206
w=32,48,6,8,18,12,32,28,0,0,128.0,7216,231934.0,1686490.0,3206.0,0.44429046563192903
w=32,50,5,10,13,19,32,28,0,0,128.0,7216,927742.0,31901668.0,2823.0,0.3912139689578714
w=32,50,5,10,20,12,32,28,0,0,128.0,7216,927742.0,4966360.0,2818.0,0.3905210643015521
w=256,40,2,20,22,16,256,18,0,0,128.0,7216,4840226814.0,9686220763.0,5417.0,0.7506929046563193
w=256,40,5,8,16,19,256,18,0,0,128.0,7216,1181694.0,39462879.0,12216.0,1.6929046563192904
w=256,40,5,8,20,15,256,18,0,0,128.0,7216,1181694.0,8529880.0,12213.0,1.6924889135254988
w=256,40,8,5,14,18,256,18,0,0,128.0,7216,147710.0,15861725.0,19013.0,2.634839246119734
w=256,40,8,5,19,13,256,18,0,0,128.0,7216,147710.0,1804244.0,19009.0,2.6342849223946785
w=256,40,10,4,23,9,256,18,0,0,128.0,7216,73854.0,785609.0,23536.0,3.261640798226164
w=256,42,6,7,15,19,256,18,0,0,128.0,7216,590846.0,35002335.0,14482.0,2.006929046563193
w=256,42,6,7,20,14,256,18,0,0,128.0,7216,590846.0,4855766.0,14478.0,2.0063747228381374
w=256,42,14,3,12,12,256,18,0,0,128.0,7216,36926.0,713556.0,32604.0,4.5182926829268295
w=256,42,14,3,13,11,256,18,0,0,128.0,7216,36926.0,623442.0,32603.0,4.518154101995566
w=256,44,11,4,13,15,256,18,0,0,128.0,7216,73854.0,2516312.0,25808.0,3.57649667405765
w=256,44,11,4,16,12,256,18,0,0,128.0,7216,73854.0,1074515.0,25806.0,3.576219512195122
w=256,45,5,9,15,20,256,18,0,0,128.0,7216,2363390.0,74731489.0,12217.0,1.6930432372505544
w=256,45,5,9,21,14,256,18,0,0,128.0,7216,2363390.0,13193174.0,12212.0,1.692350332594235
w=256,46,2,23,23,15,256,18,0,0,128.0,7216,38721814526.0,77446643673.0,5416.0,0.7505543237250555
w=256,48,4,12,22,14,256,18,0,0,128.0,7216,18907134.0,77070295.0,9947.0,1.3784645232815964
w=256,48,6,8,14,20,256,18,0,0,128.0,7216,1181694.0,65810401.0,14483.0,2.0070676274944566
w=256,48,6,8,21,13,256,18,0,0,128.0,7216,1181694.0,7778260.0,14477.0,2.0062361419068737
w=256,50,10,5,11,19,256,18,0,0,128.0,7216,147710.0,24545758.0,23545.0,3.2628880266075386
w=256,50,10,5,20,10,256,18,0,0,128.0,7216,147710.0,1558990.0,23538.0,3.2619179600886916
w=256,50,10,5,22,9,256,18,0,0,128.0,7216,147710.0,1522123.0,23537.0,3.261779379157428
w=16,42,3,14,16,18,16,35,0,0,128.0,7232,9371646.0,44892131.0,1499.0,0.20727323008849557
w=16,42,3,14,19,15,16,35,0,0,128.0,7232,9371646.0,30605278.0,1497.0,0.2069966814159292
w=16,45,5,9,11,20,16,35,0,0,128.0,7232,292862.0,47601640.0,1907.0,0.2636891592920354
w=16,45,5,9,21,10,16,35,0,0,128.0,7232,292862.0,1550294.0,1899.0,0.2625829646017699
w=32,40,4,10,23,12,32,28,0,0,128.0,7232,927742.0,4087765.0,2432.0,0.336283185840708
w=32,40,8,5,11,16,32,28,0,0,128.0,7232,28990.0,3115490.0,3985.0,0.5510232300884956
w=32,40,8,5,17,10,32,28,0,0,128.0,7232,28990.0,301527.0,3980.0,0.5503318584070797
w=32,45,3,15,23,13,32,28,0,0,128.0,7232,29687806.0,89817047.0,2046.0,0.2829092920353982
w=32,45,5,9,14,18,32,28,0,0,128.0,7232,463870.0,16999395.0,2825.0,0.390625
w=32,45,5,9,19,13,32,28,0,0,128.0,7232,463870.0,2941914.0,2821.0,0.39007190265486724
w=32,45,9,5,11,13,32,28,0,0,128.0,7232,28990.0,621344.0,4371.0,0.6043971238938053
w=32,45,9,5,14,10,32,28,0,0,128.0,7232,28990.0,318235.0,4369.0,0.604120575221239
w=32,50,2,25,23,14,32,28,0,0,128.0,7232,30400315390.0,60802138073.0,1660.0,0.2295353982300885
w=256,40,10,4,11,20,256,18,0,0,128.0,7232,73854.0,46875870.0,23547.0,3.255945796460177
w=256,40,10,4,21,10,256,18,0,0,128.0,7232,73854.0,824524.0,23539.0,3.2548396017699117
w=256,44,11,4,11,18,256,18,0,0,128.0,7232,73854.0,12346716.0,25812.0,3.569137168141593
w=256,44,11,4,19,10,256,18,0,0,128.0,7232,73854.0,890190.0,25806.0,3.568307522123894
w=256,45,3,15,22,15,256,18,0,0,128.0,7232,151257086.0,456654809.0,7684.0,1.0625
w=256,45,15,3,8,16,256,18,0,0,128.0,7232,36926.0,2651033.0,34874.0,4.822179203539823
w=256,48,12,4,11,16,256,18,0,0,128.0,7232,73854.0,3769818.0,28077.0,3.8823285398230087
w=256,48,12,4,17,10,256,18,0,0,128.0,7232,73854.0,955855.0,28072.0,3.881637168141593
w=256,49,7,7,23,11,256,18,0,0,128.0,7232,590846.0,4324303.0,16743.0,2.3151272123893807
w=256,50,10,5,13,16,256,18,0,0,128.0,7232,147710.0,4884954.0,23545.0,3.2556692477876106
w=256,50,10,5,17,12,256,18,0,0,128.0,7232,147710.0,1755603.0,23542.0,3.255254424778761
w=16,40,2,20,18,18,16,35,0,0,128.0,7248,599785470.0,1218445282.0,1298.0,0.17908388520971302
w=16,40,2,20,19,17,16,35,0,0,128.0,7248,599785470.0,1209532384.0,1297.0,0.1789459161147903
w=16,40,4,10,16,16,16,35,0,0,128.0,7248,585726.0,6537185.0,1703.0,0.23496136865342163
w=16,40,4,10,17,15,16,35,0,0,128.0,7248,585726.0,4571103.0,1702.0,0.2348233995584989
w=16,42,2,21,17,19,16,35,0,0,128.0,7248,1199570942.0,2434793443.0,1298.0,0.17908388520971302
w=16,42,2,21,20,16,16,35,0,0,128.0,7248,1199570942.0,2404384734.0,1296.0,0.17880794701986755
w=16,42,6,7,10,19,16,35,0,0,128.0,7248,73214.0,21410792.0,2112.0,0.2913907284768212
w=16,42,6,7,20,9,16,35,0,0,128.0,7248,73214.0,480214.0,2104.0,0.2902869757174393
w=16,42,7,6,11,14,16,35,0,0,128.0,7248,36606.0,977124.0,2313.0,0.31912251655629137
w=16,42,7,6,15,10,16,35,0,0,128.0,7248,36606.0,317661.0,2310.0,0.31870860927152317
w=16,46,2,23,16,20,16,35,0,0,128.0,7248,4798283774.0,9663676389.0,1299.0,0.17922185430463577
w=16,46,2,23,21,15,16,35,0,0,128.0,7248,4798283774.0,9599320028.0,1295.0,0.17866997792494482
w=16,46,2,23,24,13,16,35,0,0,128.0,7248,4798283774.0,9597353943.0,1293.0,0.17839403973509935
w=16,48,3,16,23,12,16,35,0,0,128.0,7248,37486590.0,112836567.0,1496.0,0.206401766004415
w=16,48,4,12,22,11,16,35,0,0,128.0,7248,2342910.0,9551831.0,1699.0,0.23440949227373067
w=16,48,4,12,24,10,16,35,0,0,128.0,7248,2342910.0,9469907.0,1697.0,0.2341335540838852
w=32,40,4,10,15,19,32,28,0,0,128.0,7248,927742.0,35168227.0,2440.0,0.336644591611479
w=32,40,4,10,20,14,32,28,0,0,128.0,7248,927742.0,5021658.0,2436.0,0.3360927152317881
w=32,40,5,8,16,16,32,28,0,0,128.0,7248,231934.0,5353951.0,2825.0,0.3897626931567329
w=32,40,5,8,17,15,32,28,0,0,128.0,7248,231934.0,3387869.0,2824.0,0.38962472406181015
w=32,42,6,7,22,10,32,28,0,0,128.0,7248,115966.0,785875.0,3207.0,0.44246688741721857
w=32,44,2,22,22,15,32,28,0,0,128.0,7248,3800039422.0,7602962395.0,1663.0,0.22944260485651213
w=32,45,3,15,17,18,32,28,0,0,128.0,7248,29687806.0,106889185.0,2052.0,0.28311258278145696
w=32,45,3,15,19,16,32,28,0,0,128.0,7248,29687806.0,94044126.0,2051.0,0.2829746136865342
w=32,48,3,16,16,19,32,28,0,0,128.0,7248,59375614.0,211681251.0,2053.0,0.2832505518763797
w=32,48,3,16,20,15,32,28,0,0,128.0,7248,59375614.0,180748252.0,2050.0,0.28283664459161145
w=32,48,8,6,9,19,32,28,0,0,128.0,7248,57982.0,19338213.0,3988.0,0.5502207505518764
w=32,48,8,6,10,17,32,28,0,0,128.0,7248,57982.0,5706724.0,3988.0,0.5502207505518764
w=32,48,8,6,12,14,32,28,0,0,128.0,7248,57982.0,1250272.0,3986.0,0.5499448123620309
w=32,48,8,6,15,11,32,28,0,0,128.0,7248,57982.0,586715.0,3984.0,0.5496688741721855
w=32,48,8,6,18,9,32,28,0,0,128.0,7248,57982.0,500694.0,3982.0,0.54939293598234
w=32,48,8,6,20,8,32,28,0,0,128.0,7248,57982.0,484306.0,3980.0,0.5491169977924945
w=32,49,7,7,23,8,32,28,0,0,128.0,7248,115966.0,835279.0,3592.0,0.4955849889624724
w=256,40,4,10,17,19,256,18,0,0,128.0,7248,4726782.0,54558687.0,9954.0,1.3733443708609272
w=256,40,4,10,20,16,256,18,0,0,128.0,7248,4726782.0,24149978.0,9952.0,1.3730684326710816
w=256,40,5,8,23,13,256,18,0,0,128.0,7248,1181694.0,6662099.0,12215.0,1.6852924944812362
w=256,42,2,21,22,16,256,18,0,0,128.0,7248,9680453630.0,19366674395.0,5421.0,0.7479304635761589
w=256,44,4,11,16,20,256,18,0,0,128.0,7248,9453566.0,104923105.0,9955.0,1.3734823399558498
w=256,44,4,11,21,15,256,18,0,0,128.0,7248,9453566.0,40566744.0,9951.0,1.372930463576159
w=256,44,4,11,24,13,256,18,0,0,128.0,7248,9453566.0,38600659.0,9949.0,1.3726545253863134
w=256,44,11,4,10,20,256,18,0,0,128.0,7248,73854.0,42755422.0,25815.0,3.5616721854304636
w=256,44,11,4,14,14,256,18,0,0,128.0,7248,73854.0,1729879.0,25812.0,3.5612582781456954
w=256,44,11,4,15,13,256,18,0,0,128.0,7248,73854.0,1303893.0,25811.0,3.561120309050773
w=256,44,11,4,21,9,256,18,0,0,128.0,7248,73854.0,855370.0,25806.0,3.560430463576159
w=256,48,2,24,23,15,256,18,0,0,128.0,7248,77443629054.0,154890272729.0,5420.0,0.7477924944812362
w=256,48,8,6,13,19,256,18,0,0,128.0,7248,295422.0,29626334.0,19017.0,2.6237582781456954
w=256,48,8,6,20,12,256,18,0,0,128.0,7248,295422.0,2691026.0,19012.0,2.6230684326710816
w=256,50,5,10,24,12,256,18,0,0,128.0,7248,4726782.0,24027089.0,12214.0,1.6851545253863134
w=16,40,4,10,13,20,16,35,0,0,128.0,7264,585726.0,56868838.0,1707.0,0.23499449339207049
w=16,40,4,10,21,12,16,35,0,0,128.0,7264,585726.0,2686936.0,1701.0,0.23416850220264318
w=16,40,5,8,14,16,16,35,0,0,128.0,7264,146430.0,4402147.0,1909.0,0.26280286343612336
w=16,40,5,8,17,13,16,35,0,0,128.0,7264,146430.0,1289181.0,1906.0,0.2623898678414097
w=16,42,3,14,17,17,16,35,0,0,128.0,7264,9371646.0,37027809.0,1502.0,0.20677312775330398
w=16,42,3,14,18,16,16,35,0,0,128.0,7264,9371646.0,32833504.0,1502.0,0.20677312775330398
w=16,48,3,16,15,19,16,35,0,0,128.0,7264,37486590.0,143917029.0,1504.0,0.20704845814977973
w=16,48,3,16,20,14,16,35,0,0,128.0,7264,37486590.0,113770460.0,1500.0,0.2064977973568282
w=16,48,6,8,13,14,16,35,0,0,128.0,7264,146430.0,1730530.0,2111.0,0.2906112334801762
w=16,48,6,8,15,12,16,35,0,0,128.0,7264,146430.0,1124319.0,2110.0,0.2904735682819383
w=16,50,5,10,12,18,16,35,0,0,128.0,7264,585726.0,15511526.0,1910.0,0.26294052863436124
w=16,50,5,10,19,11,16,35,0,0,128.0,7264,585726.0,3084250.0,1905.0,0.2622522026431718
w=32,40,2,20,17,20,32,28,0,0,128.0,7264,950009854.0,1971322851.0,1668.0,0.22962555066079296
w=32,40,2,20,21,16,32,28,0,0,128.0,7264,950009854.0,1905524700.0,1665.0,0.2292125550660793
w=32,40,5,8,13,20,32,28,0,0,128.0,7264,231934.0,55685604.0,2829.0,0.38945484581497797
w=32,40,5,8,21,12,32,28,0,0,128.0,7264,231934.0,1503702.0,2823.0,0.38862885462555063
w=32,40,8,5,9,20,32,28,0,0,128.0,7264,28990.0,37980645.0,3990.0,0.549284140969163
w=32,45,3,15,18,17,32,28,0,0,128.0,7264,29687806.0,98500576.0,2054.0,0.28276431718061673
w=32,45,9,5,12,12,32,28,0,0,128.0,7264,28990.0,457502.0,4374.0,0.602147577092511
w=32,45,9,5,13,11,32,28,0,0,128.0,7264,28990.0,367388.0,4373.0,0.6020099118942731
w=32,49,7,7,13,15,32,28,0,0,128.0,7264,115966.0,2515680.0,3601.0,0.49573237885462557
w=32,49,7,7,16,12,32,28,0,0,128.0,7264,115966.0,1073883.0,3599.0,0.4954570484581498
w=256,40,5,8,17,18,256,18,0,0,128.0,7264,1181694.0,23734237.0,12221.0,1.6824063876651982
w=256,40,5,8,19,16,256,18,0,0,128.0,7264,1181694.0,10889178.0,12220.0,1.6822687224669604
w=256,42,3,14,17,20,256,18,0,0,128.0,7264,75628542.0,298188769.0,7691.0,1.058783039647577
w=256,42,3,14,21,16,256,18,0,0,128.0,7264,75628542.0,232390618.0,7688.0,1.0583700440528634
w=256,42,7,6,15,18,256,18,0,0,128.0,7264,295422.0,17796573.0,16753.0,2.306305066079295
w=256,42,7,6,19,14,256,18,0,0,128.0,7264,295422.0,3313110.0,16750.0,2.3058920704845813
w=256,48,12,4,9,20,256,18,0,0,128.0,7264,73854.0,38634973.0,28082.0,3.8659140969162995
w=256,48,12,4,21,8,256,18,0,0,128.0,7264,73854.0,907720.0,28073.0,3.8646751101321586
w=16,42,2,21,18,18,16,35,0,0,128.0,7280,1199570942.0,2418016226.0,1302.0,0.17884615384615385
w=16,42,2,21,19,17,16,35,0,0,128.0,7280,1199570942.0,2409103328.0,1301.0,0.1787087912087912
w=16,44,2,22,17,19,16,35,0,0,128.0,7280,2399141886.0,4833935331.0,1302.0,0.17884615384615385
w=16,44,2,22,20,16,16,35,0,0,128.0,7280,2399141886.0,4803526622.0,1300.0,0.17857142857142858
w=16,44,4,11,15,17,16,35,0,0,128.0,7280,1171454.0,12550115.0,1708.0,0.23461538461538461
w=16,44,4,11,18,14,16,35,0,0,128.0,7280,1171454.0,5865438.0,1706.0,0.23434065934065934
w=16,45,3,15,16,18,16,35,0,0,128.0,7280,18743294.0,73007075.0,1505.0,0.20673076923076922
w=16,45,3,15,19,15,16,35,0,0,128.0,7280,18743294.0,58720222.0,1503.0,0.20645604395604394
w=16,45,5,9,13,17,16,35,0,0,128.0,7280,292862.0,8280036.0,1911.0,0.2625
w=16,45,5,9,18,12,16,35,0,0,128.0,7280,292862.0,1759196.0,1908.0,0.2620879120879121
w=16,48,2,24,16,20,16,35,0,0,128.0,7280,9596567550.0,19260243941.0,1303.0,0.17898351648351649
w=16,48,2,24,21,15,16,35,0,0,128.0,7280,9596567550.0,19195887580.0,1299.0,0.17843406593406594
w=16,48,2,24,24,13,16,35,0,0,128.0,7280,9596567550.0,19193921495.0,1297.0,0.17815934065934066
w=16,48,4,12,14,18,16,35,0,0,128.0,7280,2342910.0,24051685.0,1709.0,0.23475274725274725
w=16,48,4,12,19,13,16,35,0,0,128.0,7280,2342910.0,9994204.0,1705.0,0.2342032967032967
w=16,48,6,8,14,13,16,35,0,0,128.0,7280,146430.0,1337313.0,2113.0,0.29024725274725277
w=16,49,7,7,8,19,16,35,0,0,128.0,7280,73214.0,17289705.0,2319.0,0.318543956043956
w=16,49,7,7,10,15,16,35,0,0,128.0,7280,73214.0,1823206.0,2318.0,0.3184065934065934
w=16,49,7,7,16,9,16,35,0,0,128.0,7280,73214.0,545243.0,2313.0,0.3177197802197802
w=32,40,8,5,10,18,32,28,0,0,128.0,7280,28990.0,10717668.0,3992.0,0.5483516483516484
w=32,40,8,5,19,9,32,28,0,0,128.0,7280,28990.0,270804.0,3985.0,0.5473901098901099
w=32,42,7,6,12,17,32,28,0,0,128.0,7280,57982.0,6697314.0,3604.0,0.4950549450549451
w=32,42,7,6,18,11,32,28,0,0,128.0,7280,57982.0,553304.0,3600.0,0.4945054945054945
w=32,42,7,6,24,8,32,28,0,0,128.0,7280,57982.0,430413.0,3595.0,0.49381868131868134
w=32,46,2,23,22,15,32,28,0,0,128.0,7280,7600078846.0,15203041243.0,1667.0,0.22898351648351647
w=32,48,3,16,23,13,32,28,0,0,128.0,7280,59375614.0,178880471.0,2052.0,0.28186813186813187
w=32,48,4,12,14,20,32,28,0,0,128.0,7280,3710974.0,73564133.0,2445.0,0.3358516483516483
w=32,48,4,12,21,13,32,28,0,0,128.0,7280,3710974.0,15531992.0,2439.0,0.3350274725274725
w=32,48,6,8,14,16,32,28,0,0,128.0,7280,231934.0,5061601.0,3217.0,0.4418956043956044
w=32,48,6,8,17,13,32,28,0,0,128.0,7280,231934.0,1948635.0,3214.0,0.44148351648351647
w=32,48,8,6,13,13,32,28,0,0,128.0,7280,57982.0,889822.0,3989.0,0.5479395604395605
w=32,48,8,6,14,12,32,28,0,0,128.0,7280,57982.0,693213.0,3989.0,0.5479395604395605
w=32,49,7,7,11,18,32,28,0,0,128.0,7280,115966.0,12346084.0,3605.0,0.4951923076923077
w=32,49,7,7,19,10,32,28,0,0,128.0,7280,115966.0,889558.0,3599.0,0.4943681318681319
w=32,50,5,10,22,11,32,28,0,0,128.0,7280,927742.0,4818901.0,2825.0,0.38804945054945056
w=32,50,5,10,24,10,32,28,0,0,128.0,7280,927742.0,4736977.0,2823.0,0.3877747252747253
w=256,40,2,20,18,20,256,18,0,0,128.0,7280,4840226814.0,9755951074.0,5428.0,0.7456043956043956
w=256,40,2,20,21,17,256,18,0,0,128.0,7280,4840226814.0,9691463644.0,5425.0,0.7451923076923077
w=256,40,4,10,18,18,256,18,0,0,128.0,7280,4726782.0,37781470.0,9958.0,1.3678571428571429
w=256,40,4,10,19,17,256,18,0,0,128.0,7280,4726782.0,28868572.0,9957.0,1.3677197802197802
w=256,40,5,8,18,17,256,18,0,0,128.0,7280,1181694.0,15345628.0,12223.0,1.6789835164835165
w=256,40,8,5,15,17,256,18,0,0,128.0,7280,147710.0,9045979.0,19020.0,2.6126373626373627
w=256,40,8,5,18,14,256,18,0,0,128.0,7280,147710.0,2361302.0,19018.0,2.6123626373626374
w=256,40,10,4,13,17,256,18,0,0,128.0,7280,73854.0,7554266.0,23551.0,3.2350274725274724
w=256,40,10,4,18,12,256,18,0,0,128.0,7280,73854.0,1033426.0,23548.0,3.2346153846153847
w=256,42,6,7,16,18,256,18,0,0,128.0,7280,590846.0,20322269.0,14489.0,1.9902472527472528
w=256,42,6,7,19,15,256,18,0,0,128.0,7280,590846.0,6035416.0,14487.0,1.9899725274725275
w=256,42,7,6,22,12,256,18,0,0,128.0,7280,295422.0,2428369.0,16750.0,2.3008241758241756
w=256,42,14,3,8,19,256,18,0,0,128.0,7280,36926.0,17294171.0,32615.0,4.480082417582418
w=256,42,14,3,10,15,256,18,0,0,128.0,7280,36926.0,1827672.0,32614.0,4.479945054945055
w=256,44,2,22,22,16,256,18,0,0,128.0,7280,19360907262.0,38727581659.0,5425.0,0.7451923076923077
w=256,45,9,5,13,18,256,18,0,0,128.0,7280,147710.0,14960860.0,21286.0,2.9239010989010987
w=256,45,9,5,19,12,256,18,0,0,128.0,7280,147710.0,1640658.0,21282.0,2.923351648351648
w=256,48,3,16,22,15,256,18,0,0,128.0,7280,302514174.0,910426073.0,7690.0,1.0563186813186813
w=256,48,12,4,10,18,256,18,0,0,128.0,7280,73854.0,11371996.0,28084.0,3.8576923076923078
w=256,48,12,4,19,9,256,18,0,0,128.0,7280,73854.0,925132.0,28077.0,3.856730769230769
w=256,50,2,25,23,15,256,18,0,0,128.0,7280,154887258110.0,309777530841.0,5424.0,0.7450549450549451
w=256,50,10,5,14,15,256,18,0,0,128.0,7280,147710.0,3312089.0,23551.0,3.2350274725274724
w=256,50,10,5,16,13,256,18,0,0,128.0,7280,147710.0,2001365.0,23549.0,3.234752747252747
w=16,40,2,20,23,14,16,35,0,0,128.0,7296,599785470.0,1201078233.0,1300.0,0.17817982456140352
w=16,40,5,8,12,19,16,35,0,0,128.0,7296,146430.0,25897958.0,1914.0,0.2623355263157895
w=16,40,5,8,15,15,16,35,0,0,128.0,7296,146430.0,2698209.0,1912.0,0.26206140350877194
w=16,40,5,8,16,14,16,35,0,0,128.0,7296,146430.0,1780703.0,1911.0,0.26192434210526316
w=16,40,5,8,20,11,16,35,0,0,128.0,7296,146430.0,895960.0,1908.0,0.26151315789473684
w=16,40,5,8,24,9,16,35,0,0,128.0,7296,146430.0,781265.0,1905.0,0.2611019736842105
w=16,42,3,14,22,13,16,35,0,0,128.0,7296,9371646.0,28835801.0,1503.0,0.2060032894736842
w=16,42,7,6,8,20,16,35,0,0,128.0,7296,36606.0,33810665.0,2321.0,0.31811951754385964
w=16,42,7,6,12,13,16,35,0,0,128.0,7296,36606.0,649442.0,2318.0,0.3177083333333333
w=16,42,7,6,14,11,16,35,0,0,128.0,7296,36606.0,370911.0,2317.0,0.31757127192982454
w=16,50,5,10,23,9,16,35,0,0,128.0,7296,585726.0,2975699.0,1906.0,0.2612390350877193
w=32,42,2,21,17,20,32,28,0,0,128.0,7296,1900019710.0,3871342563.0,1672.0,0.22916666666666666
w=32,42,2,21,21,16,32,28,0,0,128.0,7296,1900019710.0,3805544412.0,1669.0,0.22875548245614036
w=32,44,4,11,23,12,32,28,0,0,128.0,7296,1855486.0,7798741.0,2440.0,0.3344298245614035
w=32,45,5,9,15,17,32,28,0,0,128.0,7296,463870.0,10183649.0,2832.0,0.3881578947368421
w=32,45,5,9,18,14,32,28,0,0,128.0,7296,463870.0,3498972.0,2830.0,0.38788377192982454
w=32,48,3,16,17,18,32,28,0,0,128.0,7296,59375614.0,195952609.0,2058.0,0.28207236842105265
w=32,48,3,16,19,16,32,28,0,0,128.0,7296,59375614.0,183107550.0,2057.0,0.2819353070175439
w=32,49,7,7,10,20,32,28,0,0,128.0,7296,115966.0,42754790.0,3608.0,0.49451754385964913
w=32,49,7,7,14,14,32,28,0,0,128.0,7296,115966.0,1729247.0,3605.0,0.4941063596491228
w=32,49,7,7,15,13,32,28,0,0,128.0,7296,115966.0,1303261.0,3604.0,0.49396929824561403
w=32,49,7,7,21,9,32,28,0,0,128.0,7296,115966.0,854738.0,3599.0,0.49328399122807015
w=256,45,5,9,16,19,256,18,0,0,128.0,7296,2363390.0,45371359.0,12226.0,1.6757127192982457
w=256,45,5,9,20,15,256,18,0,0,128.0,7296,2363390.0,14438360.0,12223.0,1.6753015350877194
w=256,45,15,3,7,19,256,18,0,0,128.0,7296,36926.0,15233947.0,34883.0,4.7811129385964914
w=256,45,15,3,10,13,256,18,0,0,128.0,7296,36926.0,881558.0,34881.0,4.7808388157894735
w=256,48,6,8,23,12,256,18,0,0,128.0,7296,1181694.0,7466961.0,14486.0,1.9854714912280702
w=256,49,7,7,14,19,256,18,0,0,128.0,7296,590846.0,33496031.0,16758.0,2.296875
w=256,49,7,7,20,13,256,18,0,0,128.0,7296,590846.0,4791252.0,16753.0,2.2961896929824563
w=256,50,5,10,15,20,256,18,0,0,128.0,7296,4726782.0,86548449.0,12227.0,1.6758497807017543
w=256,50,5,10,21,14,256,18,0,0,128.0,7296,4726782.0,25010134.0,12222.0,1.6751644736842106
w=256,50,10,5,15,14,256,18,0,0,128.0,7296,147710.0,2460119.0,23552.0,3.2280701754385963
w=16,40,4,10,23,11,16,35,0,0,128.0,7312,585726.0,2531285.0,1706.0,0.23331509846827134
w=16,42,6,7,12,16,16,35,0,0,128.0,7312,73214.0,3584996.0,2118.0,0.28966083150984684
w=16,42,6,7,17,11,16,35,0,0,128.0,7312,73214.0,578523.0,2114.0,0.2891137855579869
w=16,42,7,6,13,12,16,35,0,0,128.0,7312,36606.0,469216.0,2319.0,0.3171498905908096
w=16,44,2,22,18,18,16,35,0,0,128.0,7312,2399141886.0,4817158114.0,1306.0,0.1786105032822757
w=16,44,2,22,19,17,16,35,0,0,128.0,7312,2399141886.0,4808245216.0,1305.0,0.17847374179431072
w=16,44,4,11,16,16,16,35,0,0,128.0,7312,1171454.0,8880097.0,1711.0,0.23399890590809627
w=16,44,4,11,17,15,16,35,0,0,128.0,7312,1171454.0,6914015.0,1710.0,0.23386214442013128
w=16,45,3,15,17,17,16,35,0,0,128.0,7312,18743294.0,65142753.0,1508.0,0.2062363238512035
w=16,45,3,15,18,16,16,35,0,0,128.0,7312,18743294.0,60948448.0,1508.0,0.2062363238512035
w=16,46,2,23,17,19,16,35,0,0,128.0,7312,4798283774.0,9632219107.0,1306.0,0.1786105032822757
w=16,46,2,23,20,16,16,35,0,0,128.0,7312,4798283774.0,9601810398.0,1304.0,0.17833698030634573
w=16,48,6,8,11,17,16,35,0,0,128.0,7312,146430.0,6645734.0,2119.0,0.2897975929978118
w=16,48,6,8,18,10,16,35,0,0,128.0,7312,146430.0,952282.0,2114.0,0.2891137855579869
w=16,48,6,8,22,8,16,35,0,0,128.0,7312,146430.0,901075.0,2111.0,0.28870350109409193
w=16,49,7,7,9,17,16,35,0,0,128.0,7312,73214.0,5231079.0,2322.0,0.3175601750547046
w=16,49,7,7,18,8,16,35,0,0,128.0,7312,73214.0,530904.0,2316.0,0.31673960612691465
w=16,50,2,25,16,20,16,35,0,0,128.0,7312,19193135102.0,38453379045.0,1307.0,0.1787472647702407
w=16,50,2,25,21,15,16,35,0,0,128.0,7312,19193135102.0,38389022684.0,1303.0,0.17820021881838075
w=16,50,2,25,24,13,16,35,0,0,128.0,7312,19193135102.0,38387056599.0,1301.0,0.17792669584245077
w=16,50,5,10,11,20,16,35,0,0,128.0,7312,585726.0,49065960.0,1917.0,0.262171772428884
w=16,50,5,10,21,10,16,35,0,0,128.0,7312,585726.0,3014614.0,1909.0,0.2610776805251641
w=32,40,2,20,18,19,32,28,0,0,128.0,7312,950009854.0,1937768418.0,1674.0,0.2289387308533917
w=32,40,2,20,20,17,32,28,0,0,128.0,7312,950009854.0,1910505438.0,1672.0,0.2286652078774617
w=32,40,2,20,24,14,32,28,0,0,128.0,7312,950009854.0,1901592535.0,1669.0,0.22825492341356673
w=32,40,4,10,16,18,32,28,0,0,128.0,7312,927742.0,20488161.0,2447.0,0.3346553610503282
w=32,40,4,10,19,15,32,28,0,0,128.0,7312,927742.0,6201308.0,2445.0,0.33438183807439825
w=32,40,5,8,23,11,32,28,0,0,128.0,7312,231934.0,1348051.0,2828.0,0.38676148796498905
w=32,40,8,5,12,15,32,28,0,0,128.0,7312,28990.0,1804768.0,3994.0,0.5462253829321663
w=32,40,8,5,16,11,32,28,0,0,128.0,7312,28990.0,362969.0,3991.0,0.5458150984682714
w=32,42,3,14,22,14,32,28,0,0,128.0,7312,14843902.0,45973465.0,2057.0,0.2813183807439825
w=32,44,4,11,15,19,32,28,0,0,128.0,7312,1855486.0,38879203.0,2448.0,0.3347921225382932
w=32,44,4,11,20,14,32,28,0,0,128.0,7312,1855486.0,8732634.0,2444.0,0.33424507658643327
w=32,48,2,24,22,15,32,28,0,0,128.0,7312,15200157694.0,30403198939.0,1671.0,0.2285284463894967
w=32,48,3,16,18,17,32,28,0,0,128.0,7312,59375614.0,187564000.0,2060.0,0.2817286652078775
w=32,48,6,8,12,19,32,28,0,0,128.0,7312,231934.0,26557412.0,3222.0,0.44064551422319476
w=32,48,6,8,15,15,32,28,0,0,128.0,7312,231934.0,3357663.0,3220.0,0.4403719912472648
w=32,48,6,8,16,14,32,28,0,0,128.0,7312,231934.0,2440157.0,3219.0,0.4402352297592998
w=32,48,6,8,20,11,32,28,0,0,128.0,7312,231934.0,1555414.0,3216.0,0.43982494529540483
w=32,48,6,8,24,9,32,28,0,0,128.0,7312,231934.0,1440719.0,3213.0,0.4394146608315099
w=32,50,5,10,14,18,32,28,0,0,128.0,7312,927742.0,19318755.0,2835.0,0.38771881838074396
w=32,50,5,10,19,13,32,28,0,0,128.0,7312,927742.0,5261274.0,2831.0,0.387171772428884
w=32,50,10,5,6,20,32,28,0,0,128.0,7312,28990.0,25455719.0,4771.0,0.6524890590809628
w=32,50,10,5,7,17,32,28,0,0,128.0,7312,28990.0,3959909.0,4770.0,0.6523522975929978
w=256,40,2,20,19,19,256,18,0,0,128.0,7312,4840226814.0,9720299488.0,5431.0,0.7427516411378556
w=256,40,2,20,20,18,256,18,0,0,128.0,7312,4840226814.0,9701425118.0,5430.0,0.7426148796498906
w=256,40,8,5,16,16,256,18,0,0,128.0,7312,147710.0,5375961.0,19023.0,2.601613785557987
w=256,40,8,5,17,15,256,18,0,0,128.0,7312,147710.0,3409879.0,19022.0,2.601477024070022
w=256,42,2,21,18,20,256,18,0,0,128.0,7312,9680453630.0,19436404706.0,5432.0,0.7428884026258206
w=256,42,2,21,21,17,256,18,0,0,128.0,7312,9680453630.0,19371917276.0,5429.0,0.7424781181619255
w=256,42,3,14,18,19,256,18,0,0,128.0,7312,75628542.0,264634336.0,7697.0,1.0526531728665207
w=256,42,3,14,20,17,256,18,0,0,128.0,7312,75628542.0,237371356.0,7695.0,1.0523796498905909
w=256,42,3,14,24,14,256,18,0,0,128.0,7312,75628542.0,228458453.0,7692.0,1.051969365426696
w=256,42,6,7,17,17,256,18,0,0,128.0,7312,590846.0,12457947.0,14492.0,1.9819474835886215
w=256,42,6,7,18,16,256,18,0,0,128.0,7312,590846.0,8263642.0,14492.0,1.9819474835886215
w=256,42,7,6,16,17,256,18,0,0,128.0,7312,295422.0,10456539.0,16758.0,2.2918490153172866
w=256,42,7,6,18,15,256,18,0,0,128.0,7312,295422.0,4427224.0,16757.0,2.2917122538293215
w=256,42,7,6,24,11,256,18,0,0,128.0,7312,295422.0,2264525.0,16752.0,2.2910284463894968
w=256,42,14,3,9,17,256,18,0,0,128.0,7312,36926.0,5235545.0,32618.0,4.460886214442013
w=256,44,4,11,17,19,256,18,0,0,128.0,7312,9453566.0,73465823.0,9962.0,1.362417943107221
w=256,44,4,11,20,16,256,18,0,0,128.0,7312,9453566.0,43057114.0,9960.0,1.3621444201312911
w=256,45,3,15,17,20,256,18,0,0,128.0,7312,151257086.0,525074401.0,7697.0,1.0526531728665207
w=256,45,3,15,21,16,256,18,0,0,128.0,7312,151257086.0,459276250.0,7694.0,1.0522428884026258
w=256,46,2,23,22,16,256,18,0,0,128.0,7312,38721814526.0,77449396187.0,5429.0,0.7424781181619255
w=256,48,4,12,16,20,256,18,0,0,128.0,7312,18907134.0,142737377.0,9963.0,1.362554704595186
w=256,48,4,12,21,15,256,18,0,0,128.0,7312,18907134.0,78381016.0,9959.0,1.362007658643326
w=256,48,4,12,24,13,256,18,0,0,128.0,7312,18907134.0,76414931.0,9957.0,1.361734135667396
w=256,48,6,8,15,19,256,18,0,0,128.0,7312,1181694.0,38547423.0,14494.0,1.9822210065645514
w=256,48,6,8,20,14,256,18,0,0,128.0,7312,1181694.0,8400854.0,14490.0,1.9816739606126914
w=256,48,8,6,22,11,256,18,0,0,128.0,7312,295422.0,2543567.0,19019.0,2.601066739606127
w=256,48,8,6,24,10,256,18,0,0,128.0,7312,295422.0,2461643.0,19017.0,2.600793216630197
w=256,48,12,4,12,15,256,18,0,0,128.0,7312,73854.0,2459096.0,28086.0,3.841083150984683
w=256,48,12,4,16,11,256,18,0,0,128.0,7312,73854.0,1017297.0,28083.0,3.8406728665207877
w=16,40,5,8,22,10,16,35,0,0,128.0,7328,146430.0,822229.0,1911.0,0.2607805676855895
w=16,42,2,21,23,14,16,35,0,0,128.0,7328,1199570942.0,2400649177.0,1304.0,0.1779475982532751
w=16,42,7,6,10,16,16,35,0,0,128.0,7328,36606.0,2877670.0,2324.0,0.3171397379912664
w=16,42,7,6,17,9,16,35,0,0,128.0,7328,36606.0,291033.0,2318.0,0.31632096069869
w=16,44,4,11,13,20,16,35,0,0,128.0,7328,1171454.0,59211750.0,1715.0,0.23403384279475983
w=16,44,4,11,21,12,16,35,0,0,128.0,7328,1171454.0,5029848.0,1709.0,0.2332150655021834
w=16,48,3,16,16,18,16,35,0,0,128.0,7328,37486590.0,129236963.0,1511.0,0.20619541484716158
w=16,48,3,16,19,15,16,35,0,0,128.0,7328,37486590.0,114950110.0,1509.0,0.20592248908296942
w=32,40,2,20,19,18,32,28,0,0,128.0,7328,950009854.0,1919942624.0,1675.0,0.22857532751091703
w=32,42,6,7,13,18,32,28,0,0,128.0,7328,115966.0,14327266.0,3223.0,0.4398198689956332
w=32,42,6,7,19,12,32,28,0,0,128.0,7328,115966.0,1007064.0,3219.0,0.4392740174672489
w=32,44,2,22,17,20,32,28,0,0,128.0,7328,3800039422.0,7671381987.0,1676.0,0.2287117903930131
w=32,44,2,22,21,16,32,28,0,0,128.0,7328,3800039422.0,7605583836.0,1673.0,0.2283024017467249
w=32,45,5,9,16,16,32,28,0,0,128.0,7328,463870.0,6513631.0,2835.0,0.3868722707423581
w=32,45,5,9,17,15,32,28,0,0,128.0,7328,463870.0,4547549.0,2834.0,0.386735807860262
w=32,45,9,5,8,19,32,28,0,0,128.0,7328,28990.0,17038117.0,4385.0,0.5983897379912664
w=32,45,9,5,10,15,32,28,0,0,128.0,7328,28990.0,1571618.0,4384.0,0.5982532751091703
w=32,45,9,5,16,9,32,28,0,0,128.0,7328,28990.0,293655.0,4379.0,0.59757096069869
w=256,40,4,10,23,14,256,18,0,0,128.0,7328,4726782.0,20414421.0,9960.0,1.3591703056768558
w=256,40,8,5,13,20,256,18,0,0,128.0,7328,147710.0,55707614.0,19027.0,2.5964792576419216
w=256,40,8,5,21,12,256,18,0,0,128.0,7328,147710.0,1525712.0,19021.0,2.595660480349345
w=256,42,3,14,19,18,256,18,0,0,128.0,7328,75628542.0,246808542.0,7698.0,1.050491266375546
w=256,42,7,6,17,16,256,18,0,0,128.0,7328,295422.0,6524377.0,16759.0,2.286981441048035
w=256,45,5,9,23,13,256,18,0,0,128.0,7328,2363390.0,12570579.0,12225.0,1.668258733624454
w=16,42,7,6,9,18,16,35,0,0,128.0,7344,36606.0,9693415.0,2326.0,0.3167211328976035
w=16,45,3,15,22,13,16,35,0,0,128.0,7344,18743294.0,56950745.0,1509.0,0.20547385620915032
w=16,45,5,9,14,16,16,35,0,0,128.0,7344,292862.0,5134307.0,1919.0,0.26130174291938996
w=16,45,5,9,17,13,16,35,0,0,128.0,7344,292862.0,2021341.0,1916.0,0.2608932461873638
w=16,46,2,23,18,18,16,35,0,0,128.0,7344,4798283774.0,9615441890.0,1310.0,0.17837690631808278
w=16,46,2,23,19,17,16,35,0,0,128.0,7344,4798283774.0,9606528992.0,1309.0,0.17824074074074073
w=16,48,2,24,17,19,16,35,0,0,128.0,7344,9596567550.0,19228786659.0,1310.0,0.17837690631808278
w=16,48,2,24,20,16,16,35,0,0,128.0,7344,9596567550.0,19198377950.0,1308.0,0.1781045751633987
w=16,48,4,12,15,17,16,35,0,0,128.0,7344,2342910.0,17235939.0,1716.0,0.23366013071895425
w=16,48,4,12,18,14,16,35,0,0,128.0,7344,2342910.0,10551262.0,1714.0,0.23338779956427017
w=16,48,6,8,10,19,16,35,0,0,128.0,7344,146430.0,21850088.0,2124.0,0.28921568627450983
w=16,48,6,8,20,9,16,35,0,0,128.0,7344,146430.0,919510.0,2116.0,0.28812636165577343
w=32,40,4,10,17,17,32,28,0,0,128.0,7344,927742.0,12623839.0,2450.0,0.33360566448801743
w=32,40,4,10,18,16,32,28,0,0,128.0,7344,927742.0,8429534.0,2450.0,0.33360566448801743
w=32,42,2,21,18,19,32,28,0,0,128.0,7344,1900019710.0,3837788130.0,1678.0,0.22848583877995643
w=32,42,2,21,20,17,32,28,0,0,128.0,7344,1900019710.0,3810525150.0,1676.0,0.22821350762527234
w=32,42,2,21,24,14,32,28,0,0,128.0,7344,1900019710.0,3801612247.0,1673.0,0.22780501089324617
w=32,42,7,6,11,19,32,28,0,0,128.0,7344,57982.0,23474532.0,3613.0,0.4919662309368192
w=32,42,7,6,20,10,32,28,0,0,128.0,7344,57982.0,487764.0,3606.0,0.4910130718954248
w=32,42,7,6,22,9,32,28,0,0,128.0,7344,57982.0,450897.0,3605.0,0.4908769063180828
w=32,45,5,9,13,20,32,28,0,0,128.0,7344,463870.0,56845284.0,2839.0,0.38657407407407407
w=32,45,5,9,21,12,32,28,0,0,128.0,7344,463870.0,2663382.0,2833.0,0.3857570806100218
w=32,48,6,8,22,10,32,28,0,0,128.0,7344,231934.0,1481683.0,3219.0,0.4383169934640523
w=32,50,2,25,22,15,32,28,0,0,128.0,7344,30400315390.0,60803514331.0,1675.0,0.2280773420479303
w=32,50,10,5,8,15,32,28,0,0,128.0,7344,28990.0,1338467.0,4773.0,0.6499183006535948
w=256,40,10,4,14,16,256,18,0,0,128.0,7344,73854.0,4408537.0,23559.0,3.207924836601307
w=256,40,10,4,17,13,256,18,0,0,128.0,7344,73854.0,1295571.0,23556.0,3.207516339869281
w=256,42,2,21,19,19,256,18,0,0,128.0,7344,9680453630.0,19400753120.0,5435.0,0.7400599128540305
w=256,42,2,21,20,18,256,18,0,0,128.0,7344,9680453630.0,19381878750.0,5434.0,0.7399237472766884
w=256,42,6,7,22,13,256,18,0,0,128.0,7344,590846.0,4265939.0,14493.0,1.9734477124183007
w=256,44,2,22,18,20,256,18,0,0,128.0,7344,19360907262.0,38797311970.0,5436.0,0.7401960784313726
w=256,44,2,22,21,17,256,18,0,0,128.0,7344,19360907262.0,38732824540.0,5433.0,0.7397875816993464
w=256,44,4,11,18,18,256,18,0,0,128.0,7344,9453566.0,56688606.0,9966.0,1.3570261437908497
w=256,44,4,11,19,17,256,18,0,0,128.0,7344,9453566.0,47775708.0,9965.0,1.3568899782135075
w=256,44,11,4,12,17,256,18,0,0,128.0,7344,73854.0,7103834.0,25825.0,3.5164760348583877
w=256,44,11,4,18,11,256,18,0,0,128.0,7344,73854.0,959824.0,25821.0,3.5159313725490198
w=256,44,11,4,24,8,256,18,0,0,128.0,7344,73854.0,836933.0,25816.0,3.5152505446623095
w=256,45,5,9,17,18,256,18,0,0,128.0,7344,2363390.0,29642717.0,12231.0,1.6654411764705883
w=256,45,5,9,19,16,256,18,0,0,128.0,7344,2363390.0,16797658.0,12230.0,1.6653050108932461
w=256,45,15,3,11,12,256,18,0,0,128.0,7344,36926.0,734100.0,34886.0,4.750272331154684
w=256,48,2,24,22,16,256,18,0,0,128.0,7344,77443629054.0,154893025243.0,5433.0,0.7397875816993464
w=256,48,8,6,14,18,256,18,0,0,128.0,7344,295422.0,17043421.0,19029.0,2.59109477124183
w=256,48,8,6,19,13,256,18,0,0,128.0,7344,295422.0,2985940.0,19025.0,2.590550108932462
w=256,50,10,5,12,18,256,18,0,0,128.0,7344,147710.0,14059996.0,23560.0,3.208061002178649
w=256,50,10,5,19,11,256,18,0,0,128.0,7344,147710.0,1632720.0,23555.0,3.207380174291939
w=16,42,3,14,24,12,16,35,0,0,128.0,7360,9371646.0,28508117.0,1509.0,0.20502717391304348
w=16,42,6,7,23,8,16,35,0,0,128.0,7360,73214.0,462801.0,2116.0,0.2875
w=16,44,2,22,23,14,16,35,0,0,128.0,7360,2399141886.0,4799791065.0,1308.0,0.17771739130434783
w=16,48,3,16,17,17,16,35,0,0,128.0,7360,37486590.0,121372641.0,1514.0,0.20570652173913043
w=16,48,3,16,18,16,16,35,0,0,128.0,7360,37486590.0,117178336.0,1514.0,0.20570652173913043
w=16,49,7,7,11,14,16,35,0,0,128.0,7360,73214.0,1233380.0,2327.0,0.3161684782608696
w=16,49,7,7,15,10,16,35,0,0,128.0,7360,73214.0,573917.0,2324.0,0.3157608695652174
w=16,50,5,10,13,17,16,35,0,0,128.0,7360,585726.0,9744356.0,1921.0,0.2610054347826087
w=16,50,5,10,18,12,16,35,0,0,128.0,7360,585726.0,3223516.0,1918.0,0.26059782608695653
w=32,40,8,5,13,14,32,28,0,0,128.0,7360,28990.0,1083870.0,3999.0,0.5433423913043478
w=32,40,8,5,15,12,32,28,0,0,128.0,7360,28990.0,477659.0,3998.0,0.5432065217391304
w=32,42,2,21,19,18,32,28,0,0,128.0,7360,1900019710.0,3819962336.0,1679.0,0.228125
w=32,42,7,6,13,16,32,28,0,0,128.0,7360,57982.0,3813728.0,3613.0,0.4908967391304348
w=32,42,7,6,17,12,32,28,0,0,128.0,7360,57982.0,684377.0,3610.0,0.4904891304347826
w=32,45,3,15,22,14,32,28,0,0,128.0,7360,29687806.0,90505177.0,2063.0,0.28029891304347826
w=32,45,9,5,9,17,32,28,0,0,128.0,7360,28990.0,4979491.0,4388.0,0.596195652173913
w=32,45,9,5,18,8,32,28,0,0,128.0,7360,28990.0,279316.0,4382.0,0.5953804347826087
w=32,46,2,23,17,20,32,28,0,0,128.0,7360,7600078846.0,15271460835.0,1680.0,0.22826086956521738
w=32,46,2,23,21,16,32,28,0,0,128.0,7360,7600078846.0,15205662684.0,1677.0,0.22785326086956523
w=32,48,4,12,23,12,32,28,0,0,128.0,7360,3710974.0,15220693.0,2448.0,0.33260869565217394
w=32,48,8,6,11,16,32,28,0,0,128.0,7360,57982.0,3347426.0,4001.0,0.5436141304347826
w=32,48,8,6,17,10,32,28,0,0,128.0,7360,57982.0,533463.0,3996.0,0.5429347826086957
w=256,42,14,3,11,14,256,18,0,0,128.0,7360,36926.0,1237846.0,32623.0,4.432472826086957
w=256,42,14,3,15,10,256,18,0,0,128.0,7360,36926.0,578383.0,32620.0,4.432065217391305
w=256,45,3,15,18,19,256,18,0,0,128.0,7360,151257086.0,491519968.0,7703.0,1.0466032608695652
w=256,45,3,15,20,17,256,18,0,0,128.0,7360,151257086.0,464256988.0,7701.0,1.0463315217391305
w=256,45,3,15,24,14,256,18,0,0,128.0,7360,151257086.0,455344085.0,7698.0,1.0459239130434783
w=256,45,5,9,18,17,256,18,0,0,128.0,7360,2363390.0,21254108.0,12233.0,1.6620923913043477
w=256,45,9,5,12,20,256,18,0,0,128.0,7360,147710.0,51661022.0,21297.0,2.8936141304347824
w=256,45,9,5,14,17,256,18,0,0,128.0,7360,147710.0,8669403.0,21296.0,2.893478260869565
w=256,45,9,5,18,13,256,18,0,0,128.0,7360,147710.0,1919188.0,21293.0,2.893070652173913
w=256,45,9,5,21,11,256,18,0,0,128.0,7360,147710.0,1501390.0,21290.0,2.8926630434782608
w=256,45,15,3,8,17,256,18,0,0,128.0,7360,36926.0,4748185.0,34890.0,4.740489130434782
w=256,45,15,3,9,15,256,18,0,0,128.0,7360,36926.0,1733527.0,34889.0,4.740353260869565
w=256,45,15,3,12,11,256,18,0,0,128.0,7360,36926.0,652178.0,34887.0,4.74008152173913
w=256,48,3,16,17,20,256,18,0,0,128.0,7360,302514174.0,978845665.0,7703.0,1.0466032608695652
w=256,48,3,16,21,16,256,18,0,0,128.0,7360,302514174.0,913047514.0,7700.0,1.046195652173913
w=256,48,12,4,13,14,256,18,0,0,128.0,7360,73854.0,1738198.0,28091.0,3.8167119565217393
w=256,48,12,4,15,12,256,18,0,0,128.0,7360,73854.0,1131987.0,28090.0,3.816576086956522
w=16,40,4,10,14,19,16,35,0,0,128.0,7376,585726.0,31703013.0,1721.0,0.23332429501084598
w=16,40,4,10,20,13,16,35,0,0,128.0,7376,585726.0,2998234.0,1716.0,0.232646420824295
w=16,42,6,7,13,15,16,35,0,0,128.0,7376,73214.0,2143202.0,2125.0,0.28809652928416485
w=16,42,6,7,16,12,16,35,0,0,128.0,7376,73214.0,701405.0,2123.0,0.28782537960954446
w=16,44,4,11,23,11,16,35,0,0,128.0,7376,1171454.0,4874197.0,1714.0,0.23237527114967463
w=16,45,5,9,12,19,16,35,0,0,128.0,7376,292862.0,26630118.0,1924.0,0.2608459869848156
w=16,45,5,9,15,15,16,35,0,0,128.0,7376,292862.0,3430369.0,1922.0,0.2605748373101952
w=16,45,5,9,16,14,16,35,0,0,128.0,7376,292862.0,2512863.0,1921.0,0.260439262472885
w=16,45,5,9,20,11,16,35,0,0,128.0,7376,292862.0,1628120.0,1918.0,0.26003253796095444
w=16,45,5,9,24,9,16,35,0,0,128.0,7376,292862.0,1513425.0,1915.0,0.25962581344902386
w=16,48,2,24,18,18,16,35,0,0,128.0,7376,9596567550.0,19212009442.0,1314.0,0.17814533622559653
w=16,48,2,24,19,17,16,35,0,0,128.0,7376,9596567550.0,19203096544.0,1313.0,0.17800976138828634
w=16,48,4,12,16,16,16,35,0,0,128.0,7376,2342910.0,13565921.0,1719.0,0.2330531453362256
w=16,48,4,12,17,15,16,35,0,0,128.0,7376,2342910.0,11599839.0,1718.0,0.2329175704989154
w=16,50,2,25,17,19,16,35,0,0,128.0,7376,19193135102.0,38421921763.0,1314.0,0.17814533622559653
w=16,50,2,25,20,16,16,35,0,0,128.0,7376,19193135102.0,38391513054.0,1312.0,0.17787418655097614
w=32,40,4,10,22,13,32,28,0,0,128.0,7376,927742.0,4431831.0,2451.0,0.3322939262472885
w=32,40,5,8,14,19,32,28,0,0,128.0,7376,231934.0,30519779.0,2843.0,0.385439262472885
w=32,40,5,8,20,13,32,28,0,0,128.0,7376,231934.0,1815000.0,2838.0,0.38476138828633405
w=32,40,8,5,14,13,32,28,0,0,128.0,7376,28990.0,690653.0,4001.0,0.5424349240780911
w=32,44,2,22,18,19,32,28,0,0,128.0,7376,3800039422.0,7637827554.0,1682.0,0.22803687635574837
w=32,44,2,22,20,17,32,28,0,0,128.0,7376,3800039422.0,7610564574.0,1680.0,0.227765726681128
w=32,44,2,22,24,14,32,28,0,0,128.0,7376,3800039422.0,7601651671.0,1677.0,0.2273590021691974
w=32,44,4,11,16,18,32,28,0,0,128.0,7376,1855486.0,24199137.0,2455.0,0.3328362255965293
w=32,44,4,11,19,15,32,28,0,0,128.0,7376,1855486.0,9912284.0,2453.0,0.33256507592190887
w=32,48,4,12,15,19,32,28,0,0,128.0,7376,3710974.0,46301155.0,2456.0,0.3329718004338395
w=32,48,4,12,20,14,32,28,0,0,128.0,7376,3710974.0,16154586.0,2452.0,0.3324295010845987
w=32,50,5,10,15,17,32,28,0,0,128.0,7376,927742.0,12503009.0,2842.0,0.3853036876355748
w=32,50,5,10,18,14,32,28,0,0,128.0,7376,927742.0,5818332.0,2840.0,0.38503253796095444
w=32,50,10,5,10,12,32,28,0,0,128.0,7376,28990.0,453728.0,4776.0,0.6475054229934925
w=256,40,2,20,24,15,256,18,0,0,128.0,7376,4840226814.0,9683599319.0,5435.0,0.7368492407809111
w=256,40,5,8,22,14,256,18,0,0,128.0,7376,1181694.0,7350229.0,12232.0,1.658351409978308
w=256,40,8,5,23,11,256,18,0,0,128.0,7376,147710.0,1370061.0,19026.0,2.5794468546637743
w=256,40,10,4,12,19,256,18,0,0,128.0,7376,73854.0,25904348.0,23564.0,3.1946854663774404
w=256,40,10,4,15,15,256,18,0,0,128.0,7376,73854.0,2704599.0,23562.0,3.19441431670282
w=256,40,10,4,16,14,256,18,0,0,128.0,7376,73854.0,1787093.0,23561.0,3.1942787418655096
w=256,40,10,4,20,11,256,18,0,0,128.0,7376,73854.0,902350.0,23558.0,3.1938720173535793
w=256,40,10,4,24,9,256,18,0,0,128.0,7376,73854.0,787655.0,23555.0,3.1934652928416485
w=256,44,2,22,19,19,256,18,0,0,128.0,7376,19360907262.0,38761660384.0,5439.0,0.7373915401301518
w=256,44,2,22,20,18,256,18,0,0,128.0,7376,19360907262.0,38742786014.0,5438.0,0.7372559652928417
w=256,45,3,15,19,18,256,18,0,0,128.0,7376,151257086.0,473694174.0,7704.0,1.0444685466377441
w=256,45,9,5,23,10,256,18,0,0,128.0,7376,147710.0,1423563.0,21291.0,2.8865238611713666
w=256,46,2,23,18,20,256,18,0,0,128.0,7376,38721814526.0,77519126498.0,5440.0,0.737527114967462
w=256,46,2,23,21,17,256,18,0,0,128.0,7376,38721814526.0,77454639068.0,5437.0,0.7371203904555315
w=256,48,4,12,17,19,256,18,0,0,128.0,7376,18907134.0,111280095.0,9970.0,1.3516811279826464
w=256,48,4,12,20,16,256,18,0,0,128.0,7376,18907134.0,80871386.0,9968.0,1.351409978308026
w=256,48,6,8,16,18,256,18,0,0,128.0,7376,1181694.0,23867357.0,14501.0,1.965970715835141
w=256,48,6,8,19,15,256,18,0,0,128.0,7376,1181694.0,9580504.0,14499.0,1.9656995661605206
w=256,48,12,4,14,13,256,18,0,0,128.0,7376,73854.0,1344981.0,28093.0,3.8087039045553146
w=256,49,7,7,15,18,256,18,0,0,128.0,7376,590846.0,19864541.0,16767.0,2.273183297180043
w=256,49,7,7,19,14,256,18,0,0,128.0,7376,590846.0,5381078.0,16764.0,2.272776572668113
w=256,50,2,25,22,16,256,18,0,0,128.0,7376,154887258110.0,309780283355.0,5437.0,0.7371203904555315
w=256,50,5,10,16,19,256,18,0,0,128.0,7376,4726782.0,57188319.0,12236.0,1.6588937093275489
w=256,50,5,10,20,15,256,18,0,0,128.0,7376,4726782.0,26255320.0,12233.0,1.6584869848156183
w=256,50,10,5,23,9,256,18,0,0,128.0,7376,147710.0,1524169.0,23556.0,3.193600867678959
w=16,42,6,7,11,18,16,35,0,0,128.0,7392,73214.0,11973606.0,2129.0,0.28801406926406925
w=16,42,6,7,19,10,16,35,0,0,128.0,7392,73214.0,517080.0,2123.0,0.28720238095238093
w=16,46,2,23,23,14,16,35,0,0,128.0,7392,4798283774.0,9598074841.0,1312.0,0.1774891774891775
w=16,48,3,16,22,13,16,35,0,0,128.0,7392,37486590.0,113180633.0,1515.0,0.2049512987012987
w=16,48,4,12,13,20,16,35,0,0,128.0,7392,2342910.0,63897574.0,1723.0,0.23308982683982685
w=16,48,4,12,21,12,16,35,0,0,128.0,7392,2342910.0,9715672.0,1717.0,0.23227813852813853
w=16,48,8,6,7,18,16,35,0,0,128.0,7392,36606.0,7632873.0,2536.0,0.3430735930735931
w=32,44,2,22,19,18,32,28,0,0,128.0,7392,3800039422.0,7620001760.0,1683.0,0.22767857142857142
w=32,45,5,9,23,11,32,28,0,0,128.0,7392,463870.0,2507731.0,2838.0,0.38392857142857145
w=32,48,2,24,17,20,32,28,0,0,128.0,7392,15200157694.0,30471618531.0,1684.0,0.2278138528138528
w=32,48,2,24,21,16,32,28,0,0,128.0,7392,15200157694.0,30405820380.0,1681.0,0.22740800865800867
w=32,48,8,6,9,20,32,28,0,0,128.0,7392,57982.0,38212581.0,4006.0,0.5419372294372294
w=32,48,8,6,21,8,32,28,0,0,128.0,7392,57982.0,485328.0,3997.0,0.540719696969697
w=32,49,7,7,12,17,32,28,0,0,128.0,7392,115966.0,7103202.0,3618.0,0.48944805194805197
w=32,49,7,7,18,11,32,28,0,0,128.0,7392,115966.0,959192.0,3614.0,0.4889069264069264
w=32,49,7,7,24,8,32,28,0,0,128.0,7392,115966.0,836301.0,3609.0,0.4882305194805195
w=256,44,4,11,23,14,256,18,0,0,128.0,7392,9453566.0,39321557.0,9968.0,1.3484848484848484
w=256,49,7,7,22,12,256,18,0,0,128.0,7392,590846.0,4496337.0,16764.0,2.267857142857143
w=256,50,10,5,11,20,256,18,0,0,128.0,7392,147710.0,47614430.0,23567.0,3.188176406926407
w=256,50,10,5,21,10,256,18,0,0,128.0,7392,147710.0,1563084.0,23559.0,3.187094155844156
w=16,40,2,20,22,15,16,35,0,0,128.0,7408,599785470.0,1202454491.0,1315.0,0.17751079913606913
w=16,40,5,8,13,18,16,35,0,0,128.0,7408,146430.0,14363620.0,1927.0,0.2601241900647948
w=16,40,5,8,19,12,16,35,0,0,128.0,7408,146430.0,1043418.0,1923.0,0.2595842332613391
w=16,42,3,14,15,20,16,35,0,0,128.0,7408,9371646.0,91029477.0,1522.0,0.2054535637149028
w=16,42,3,14,21,14,16,35,0,0,128.0,7408,9371646.0,29491162.0,1517.0,0.20477861771058314
w=16,42,6,7,10,20,16,35,0,0,128.0,7408,73214.0,42382312.0,2132.0,0.28779697624190065
w=16,42,6,7,14,14,16,35,0,0,128.0,7408,73214.0,1356769.0,2129.0,0.28739200863930886
w=16,42,6,7,15,13,16,35,0,0,128.0,7408,73214.0,930783.0,2128.0,0.28725701943844495
w=16,42,6,7,21,9,16,35,0,0,128.0,7408,73214.0,482260.0,2123.0,0.2865820734341253
w=16,45,3,15,24,12,16,35,0,0,128.0,7408,18743294.0,56623061.0,1515.0,0.2045086393088553
w=16,45,5,9,22,10,16,35,0,0,128.0,7408,292862.0,1554389.0,1921.0,0.25931425485961124
w=16,48,6,8,12,16,16,35,0,0,128.0,7408,146430.0,4024292.0,2130.0,0.28752699784017277
w=16,48,6,8,17,11,16,35,0,0,128.0,7408,146430.0,1017819.0,2126.0,0.28698704103671707
w=16,49,7,7,8,20,16,35,0,0,128.0,7408,73214.0,34066921.0,2335.0,0.3151997840172786
w=16,49,7,7,12,13,16,35,0,0,128.0,7408,73214.0,905698.0,2332.0,0.3147948164146868
w=16,49,7,7,14,11,16,35,0,0,128.0,7408,73214.0,627167.0,2331.0,0.3146598272138229
w=16,50,2,25,18,18,16,35,0,0,128.0,7408,19193135102.0,38405144546.0,1318.0,0.1779157667386609
w=16,50,2,25,19,17,16,35,0,0,128.0,7408,19193135102.0,38396231648.0,1317.0,0.17778077753779697
w=32,40,8,5,11,17,32,28,0,0,128.0,7408,28990.0,5999074.0,4007.0,0.540901727861771
w=32,40,8,5,18,10,32,28,0,0,128.0,7408,28990.0,305622.0,4002.0,0.5402267818574514
w=32,42,3,14,16,20,32,28,0,0,128.0,7408,14843902.0,111640547.0,2073.0,0.27983261339092874
w=32,42,3,14,21,15,32,28,0,0,128.0,7408,14843902.0,47284186.0,2069.0,0.279292656587473
w=32,42,3,14,24,13,32,28,0,0,128.0,7408,14843902.0,45318101.0,2067.0,0.27902267818574517
w=32,42,6,7,12,20,32,28,0,0,128.0,7408,115966.0,51027428.0,3234.0,0.43655507559395246
w=32,42,6,7,14,17,32,28,0,0,128.0,7408,115966.0,8035809.0,3233.0,0.43642008639308855
w=32,42,6,7,18,13,32,28,0,0,128.0,7408,115966.0,1285594.0,3230.0,0.43601511879049676
w=32,42,6,7,21,11,32,28,0,0,128.0,7408,115966.0,867796.0,3227.0,0.43561015118790497
w=32,42,7,6,14,15,32,28,0,0,128.0,7408,57982.0,2240863.0,3619.0,0.48852591792656586
w=32,42,7,6,16,13,32,28,0,0,128.0,7408,57982.0,930139.0,3617.0,0.48825593952483803
w=32,44,4,11,17,17,32,28,0,0,128.0,7408,1855486.0,16334815.0,2458.0,0.33180345572354214
w=32,44,4,11,18,16,32,28,0,0,128.0,7408,1855486.0,12140510.0,2458.0,0.33180345572354214
w=32,45,9,5,11,14,32,28,0,0,128.0,7408,28990.0,981792.0,4393.0,0.5930075593952484
w=32,45,9,5,15,10,32,28,0,0,128.0,7408,28990.0,322329.0,4390.0,0.5926025917926566
w=32,46,2,23,18,19,32,28,0,0,128.0,7408,7600078846.0,15237906402.0,1686.0,0.22759179265658747
w=32,46,2,23,20,17,32,28,0,0,128.0,7408,7600078846.0,15210643422.0,1684.0,0.22732181425485962
w=32,46,2,23,24,14,32,28,0,0,128.0,7408,7600078846.0,15201730519.0,1681.0,0.22691684665226783
w=32,48,3,16,22,14,32,28,0,0,128.0,7408,59375614.0,179568601.0,2069.0,0.279292656587473
w=32,48,8,6,10,18,32,28,0,0,128.0,7408,57982.0,10949604.0,4008.0,0.541036717062635
w=32,48,8,6,19,9,32,28,0,0,128.0,7408,57982.0,502740.0,4001.0,0.5400917926565875
w=32,50,5,10,16,16,32,28,0,0,128.0,7408,927742.0,8832991.0,2845.0,0.38404427645788336
w=32,50,5,10,17,15,32,28,0,0,128.0,7408,927742.0,6866909.0,2844.0,0.38390928725701945
w=32,50,10,5,11,11,32,28,0,0,128.0,7408,28990.0,379998.0,4779.0,0.6451133909287257
w=32,50,10,5,12,10,32,28,0,0,128.0,7408,28990.0,339036.0,4778.0,0.6449784017278618
w=256,40,10,4,22,10,256,18,0,0,128.0,7408,73854.0,828619.0,23561.0,3.1804805615550755
w=256,42,2,21,24,15,256,18,0,0,128.0,7408,9680453630.0,19364052951.0,5439.0,0.73420626349892
w=256,42,6,7,24,12,256,18,0,0,128.0,7408,590846.0,3938255.0,14499.0,1.957208423326134
w=256,42,7,6,14,20,256,18,0,0,128.0,7408,295422.0,60788191.0,16772.0,2.264038876889849
w=256,42,7,6,21,13,256,18,0,0,128.0,7408,295422.0,2756050.0,16766.0,2.263228941684665
w=256,42,14,3,8,20,256,18,0,0,128.0,7408,36926.0,34071387.0,32631.0,4.404832613390929
w=256,42,14,3,12,13,256,18,0,0,128.0,7408,36926.0,910164.0,32628.0,4.404427645788337
w=256,42,14,3,14,11,256,18,0,0,128.0,7408,36926.0,631633.0,32627.0,4.404292656587473
w=256,44,11,4,11,19,256,18,0,0,128.0,7408,73854.0,23881052.0,25834.0,3.4873110151187907
w=256,44,11,4,20,10,256,18,0,0,128.0,7408,73854.0,894284.0,25827.0,3.486366090712743
w=256,44,11,4,22,9,256,18,0,0,128.0,7408,73854.0,857417.0,25826.0,3.486231101511879
w=256,45,9,5,15,16,256,18,0,0,128.0,7408,147710.0,5261529.0,21301.0,2.875404967602592
w=256,45,9,5,17,14,256,18,0,0,128.0,7408,147710.0,2443477.0,21299.0,2.875134989200864
w=256,45,15,3,7,20,256,18,0,0,128.0,7408,36926.0,29914011.0,34897.0,4.710718142548596
w=256,46,2,23,19,19,256,18,0,0,128.0,7408,38721814526.0,77483474912.0,5443.0,0.7347462203023758
w=256,46,2,23,20,18,256,18,0,0,128.0,7408,38721814526.0,77464600542.0,5442.0,0.7346112311015118
w=256,48,2,24,18,20,256,18,0,0,128.0,7408,77443629054.0,154962755554.0,5444.0,0.7348812095032398
w=256,48,2,24,21,17,256,18,0,0,128.0,7408,77443629054.0,154898268124.0,5441.0,0.734476241900648
w=256,48,3,16,18,19,256,18,0,0,128.0,7408,302514174.0,945291232.0,7709.0,1.0406317494600432
w=256,48,3,16,20,17,256,18,0,0,128.0,7408,302514174.0,918028252.0,7707.0,1.0403617710583153
w=256,48,3,16,24,14,256,18,0,0,128.0,7408,302514174.0,909115349.0,7704.0,1.0399568034557236
w=256,48,4,12,18,18,256,18,0,0,128.0,7408,18907134.0,94502878.0,9974.0,1.3463822894168467
w=256,48,4,12,19,17,256,18,0,0,128.0,7408,18907134.0,85589980.0,9973.0,1.3462473002159827
w=256,48,6,8,17,17,256,18,0,0,128.0,7408,1181694.0,16003035.0,14504.0,1.9578833693304536
w=256,48,6,8,18,16,256,18,0,0,128.0,7408,1181694.0,11808730.0,14504.0,1.9578833693304536
w=256,48,8,6,15,17,256,18,0,0,128.0,7408,295422.0,10227675.0,19036.0,2.5696544276457884
w=256,48,8,6,18,14,256,18,0,0,128.0,7408,295422.0,3542998.0,19034.0,2.5693844492440605
w=256,48,12,4,11,17,256,18,0,0,128.0,7408,73854.0,6653402.0,28099.0,3.793061555075594
w=256,48,12,4,18,10,256,18,0,0,128.0,7408,73854.0,959950.0,28094.0,3.7923866090712743
w=256,48,12,4,22,8,256,18,0,0,128.0,7408,73854.0,908743.0,28091.0,3.7919816414686824
w=256,50,5,10,23,13,256,18,0,0,128.0,7408,4726782.0,24387539.0,12235.0,1.6515928725701945
w=16,42,7,6,11,15,16,35,0,0,128.0,7424,36606.0,1698020.0,2335.0,0.31452047413793105
w=16,42,7,6,16,10,16,35,0,0,128.0,7424,36606.0,321755.0,2331.0,0.31398168103448276
w=16,48,2,24,23,14,16,35,0,0,128.0,7424,9596567550.0,19194642393.0,1316.0,0.17726293103448276
w=16,48,8,6,9,14,16,35,0,0,128.0,7424,36606.0,882661.0,2538.0,0.34186422413793105
w=16,49,7,7,13,12,16,35,0,0,128.0,7424,73214.0,725472.0,2333.0,0.3142510775862069
w=16,50,5,10,14,16,16,35,0,0,128.0,7424,585726.0,6598627.0,1929.0,0.25983297413793105
w=16,50,5,10,17,13,16,35,0,0,128.0,7424,585726.0,3485661.0,1926.0,0.2594288793103448
w=32,42,6,7,23,10,32,28,0,0,128.0,7424,115966.0,789969.0,3228.0,0.4348060344827586
w=32,42,7,6,15,14,32,28,0,0,128.0,7424,57982.0,1388893.0,3620.0,0.48760775862068967
w=32,46,2,23,19,18,32,28,0,0,128.0,7424,7600078846.0,15220080608.0,1687.0,0.22723599137931033
w=32,48,6,8,13,18,32,28,0,0,128.0,7424,231934.0,15023074.0,3235.0,0.4357489224137931
w=32,48,6,8,19,12,32,28,0,0,128.0,7424,231934.0,1702872.0,3231.0,0.4352101293103448
w=32,50,2,25,17,20,32,28,0,0,128.0,7424,30400315390.0,60871933923.0,1688.0,0.2273706896551724
w=32,50,2,25,21,16,32,28,0,0,128.0,7424,30400315390.0,60806135772.0,1685.0,0.22696659482758622
w=32,50,5,10,13,20,32,28,0,0,128.0,7424,927742.0,59164644.0,2849.0,0.3837553879310345
w=32,50,5,10,21,12,32,28,0,0,128.0,7424,927742.0,4982742.0,2843.0,0.38294719827586204
w=32,50,10,5,7,18,32,28,0,0,128.0,7424,28990.0,7629925.0,4784.0,0.6443965517241379
w=256,42,14,3,13,12,256,18,0,0,128.0,7424,36926.0,729938.0,32629.0,4.395070043103448
w=256,44,11,4,13,16,256,18,0,0,128.0,7424,73854.0,4220248.0,25834.0,3.4797952586206895
w=256,44,11,4,17,12,256,18,0,0,128.0,7424,73854.0,1090897.0,25831.0,3.4793911637931036
w=256,45,9,5,16,15,256,18,0,0,128.0,7424,147710.0,3426519.0,21302.0,2.869342672413793
w=256,48,3,16,19,18,256,18,0,0,128.0,7424,302514174.0,927465438.0,7710.0,1.0385237068965518
w=256,49,7,7,16,17,256,18,0,0,128.0,7424,590846.0,12524507.0,16772.0,2.2591594827586206
w=256,49,7,7,18,15,256,18,0,0,128.0,7424,590846.0,6495192.0,16771.0,2.2590247844827585
w=256,49,7,7,24,11,256,18,0,0,128.0,7424,590846.0,4332493.0,16766.0,2.2583512931034484
w=256,50,5,10,17,18,256,18,0,0,128.0,7424,4726782.0,41459677.0,12241.0,1.6488415948275863
w=256,50,5,10,19,16,256,18,0,0,128.0,7424,4726782.0,28614618.0,12240.0,1.6487068965517242
w=16,42,2,21,22,15,16,35,0,0,128.0,7440,1199570942.0,2402025435.0,1319.0,0.17728494623655913
w=16,44,4,11,14,19,16,35,0,0,128.0,7440,1171454.0,34045925.0,1729.0,0.23239247311827957
w=16,44,4,11,20,13,16,35,0,0,128.0,7440,1171454.0,5341146.0,1724.0,0.23172043010752688
w=16,48,4,12,23,11,16,35,0,0,128.0,7440,2342910.0,9560021.0,1722.0,0.2314516129032258
w=16,48,8,6,8,16,16,35,0,0,128.0,7440,36606.0,2389991.0,2541.0,0.34153225806451615
w=16,49,7,7,10,16,16,35,0,0,128.0,7440,73214.0,3133926.0,2338.0,0.314247311827957
w=16,49,7,7,17,9,16,35,0,0,128.0,7440,73214.0,547289.0,2332.0,0.31344086021505374
w=32,40,2,20,23,15,32,28,0,0,128.0,7440,950009854.0,1903034329.0,1686.0,0.22661290322580646
w=32,40,4,10,24,12,32,28,0,0,128.0,7440,927742.0,4104147.0,2457.0,0.330241935483871
w=32,40,8,5,10,19,32,28,0,0,128.0,7440,28990.0,21203428.0,4012.0,0.539247311827957
w=32,40,8,5,20,9,32,28,0,0,128.0,7440,28990.0,272850.0,4004.0,0.5381720430107527
w=32,44,4,11,22,13,32,28,0,0,128.0,7440,1855486.0,8142807.0,2459.0,0.33051075268817204
w=32,48,2,24,18,19,32,28,0,0,128.0,7440,15200157694.0,30438064098.0,1690.0,0.2271505376344086
w=32,48,2,24,20,17,32,28,0,0,128.0,7440,15200157694.0,30410801118.0,1688.0,0.22688172043010751
w=32,48,2,24,24,14,32,28,0,0,128.0,7440,15200157694.0,30401888215.0,1685.0,0.2264784946236559
w=32,48,4,12,16,18,32,28,0,0,128.0,7440,3710974.0,31621089.0,2463.0,0.3310483870967742
w=32,48,4,12,19,15,32,28,0,0,128.0,7440,3710974.0,17334236.0,2461.0,0.3307795698924731
w=32,48,8,6,12,15,32,28,0,0,128.0,7440,57982.0,2036704.0,4010.0,0.5389784946236559
w=32,48,8,6,16,11,32,28,0,0,128.0,7440,57982.0,594905.0,4007.0,0.5385752688172043
w=256,40,4,10,22,15,256,18,0,0,128.0,7440,4726782.0,21790679.0,9975.0,1.340725806451613
w=256,40,8,5,14,19,256,18,0,0,128.0,7440,147710.0,30541789.0,19041.0,2.559274193548387
w=256,40,8,5,20,13,256,18,0,0,128.0,7440,147710.0,1837010.0,19036.0,2.5586021505376344
w=256,42,3,14,23,15,256,18,0,0,128.0,7440,75628542.0,229900247.0,7709.0,1.0361559139784946
w=256,42,14,3,10,16,256,18,0,0,128.0,7440,36926.0,3138392.0,32634.0,4.3862903225806456
w=256,42,14,3,17,9,256,18,0,0,128.0,7440,36926.0,551755.0,32628.0,4.385483870967742
w=256,44,2,22,24,15,256,18,0,0,128.0,7440,19360907262.0,38724960215.0,5443.0,0.7315860215053763
w=256,48,2,24,19,19,256,18,0,0,128.0,7440,77443629054.0,154927103968.0,5447.0,0.7321236559139785
w=256,48,2,24,20,18,256,18,0,0,128.0,7440,77443629054.0,154908229598.0,5446.0,0.7319892473118279
w=256,48,6,8,22,13,256,18,0,0,128.0,7440,1181694.0,7811027.0,14505.0,1.9495967741935485
w=256,48,8,6,16,16,256,18,0,0,128.0,7440,295422.0,6557657.0,19039.0,2.559005376344086
w=256,48,8,6,17,15,256,18,0,0,128.0,7440,295422.0,4591575.0,19038.0,2.5588709677419357
w=256,48,12,4,10,19,256,18,0,0,128.0,7440,73854.0,21857756.0,28104.0,3.7774193548387096
w=256,48,12,4,20,9,256,18,0,0,128.0,7440,73854.0,927178.0,28096.0,3.7763440860215054
w=256,49,7,7,17,16,256,18,0,0,128.0,7440,590846.0,8592345.0,16773.0,2.2544354838709677
w=256,50,2,25,18,20,256,18,0,0,128.0,7440,154887258110.0,309850013666.0,5448.0,0.7322580645161291
w=256,50,2,25,21,17,256,18,0,0,128.0,7440,154887258110.0,309785526236.0,5445.0,0.7318548387096774
w=256,50,5,10,18,17,256,18,0,0,128.0,7440,4726782.0,33071068.0,12243.0,1.6455645161290322
w=256,50,10,5,13,17,256,18,0,0,128.0,7440,147710.0,8292826.0,23571.0,3.1681451612903224
w=256,50,10,5,18,12,256,18,0,0,128.0,7440,147710.0,1771986.0,23568.0,3.167741935483871
w=16,40,4,10,15,18,16,35,0,0,128.0,7456,585726.0,18071523.0,1730.0,0.23202789699570817
w=16,40,4,10,19,14,16,35,0,0,128.0,7456,585726.0,3588060.0,1727.0,0.2316255364806867
w=16,45,3,15,15,20,16,35,0,0,128.0,7456,18743294.0,119144421.0,1528.0,0.20493562231759657
w=16,45,3,15,21,14,16,35,0,0,128.0,7456,18743294.0,57606106.0,1523.0,0.20426502145922748
w=16,48,3,16,24,12,16,35,0,0,128.0,7456,37486590.0,112852949.0,1521.0,0.20399678111587982
w=16,48,6,8,23,8,16,35,0,0,128.0,7456,146430.0,902097.0,2128.0,0.2854077253218884
w=16,49,7,7,9,18,16,35,0,0,128.0,7456,73214.0,9949671.0,2340.0,0.3138412017167382
w=16,49,7,7,19,8,16,35,0,0,128.0,7456,73214.0,531926.0,2333.0,0.31290236051502146
w=16,50,2,25,23,14,16,35,0,0,128.0,7456,19193135102.0,38387777497.0,1320.0,0.17703862660944206
w=16,50,5,10,12,19,16,35,0,0,128.0,7456,585726.0,28094438.0,1934.0,0.2593884120171674
w=16,50,5,10,15,15,16,35,0,0,128.0,7456,585726.0,4894689.0,1932.0,0.25912017167381973
w=16,50,5,10,16,14,16,35,0,0,128.0,7456,585726.0,3977183.0,1931.0,0.25898605150214593
w=16,50,5,10,20,11,16,35,0,0,128.0,7456,585726.0,3092440.0,1928.0,0.25858369098712447
w=16,50,5,10,24,9,16,35,0,0,128.0,7456,585726.0,2977745.0,1925.0,0.258181330472103
w=32,40,5,8,15,18,32,28,0,0,128.0,7456,231934.0,16888289.0,2852.0,0.3825107296137339
w=32,40,5,8,19,14,32,28,0,0,128.0,7456,231934.0,2404826.0,2849.0,0.38210836909871243
w=32,42,6,7,15,16,32,28,0,0,128.0,7456,115966.0,4627935.0,3238.0,0.4342811158798283
w=32,42,6,7,17,14,32,28,0,0,128.0,7456,115966.0,1809883.0,3236.0,0.4340128755364807
w=32,45,3,15,16,20,32,28,0,0,128.0,7456,29687806.0,156172259.0,2079.0,0.27883583690987124
w=32,45,3,15,21,15,32,28,0,0,128.0,7456,29687806.0,91815898.0,2075.0,0.278299356223176
w=32,45,3,15,24,13,32,28,0,0,128.0,7456,29687806.0,89849813.0,2073.0,0.2780311158798283
w=32,45,5,9,14,19,32,28,0,0,128.0,7456,463870.0,31679459.0,2853.0,0.38264484978540775
w=32,45,5,9,20,13,32,28,0,0,128.0,7456,463870.0,2974680.0,2848.0,0.38197424892703863
w=32,45,9,5,8,20,32,28,0,0,128.0,7456,28990.0,33815333.0,4401.0,0.5902628755364807
w=32,45,9,5,12,13,32,28,0,0,128.0,7456,28990.0,654110.0,4398.0,0.5898605150214592
w=32,45,9,5,14,11,32,28,0,0,128.0,7456,28990.0,375579.0,4397.0,0.5897263948497854
w=32,48,2,24,19,18,32,28,0,0,128.0,7456,15200157694.0,30420238304.0,1691.0,0.22679721030042918
w=32,49,7,7,11,19,32,28,0,0,128.0,7456,115966.0,23880420.0,3627.0,0.4864538626609442
w=32,49,7,7,20,10,32,28,0,0,128.0,7456,115966.0,893652.0,3620.0,0.4855150214592275
w=32,49,7,7,22,9,32,28,0,0,128.0,7456,115966.0,856785.0,3619.0,0.4853809012875536
w=32,50,10,5,9,14,32,28,0,0,128.0,7456,28990.0,879713.0,4786.0,0.6418991416309013
w=256,42,6,7,15,20,256,18,0,0,128.0,7456,590846.0,66459615.0,14512.0,1.946351931330472
w=256,42,6,7,21,14,256,18,0,0,128.0,7456,590846.0,4921300.0,14507.0,1.945681330472103
w=256,42,14,3,9,18,256,18,0,0,128.0,7456,36926.0,9954137.0,32636.0,4.377145922746781
w=256,45,5,9,22,14,256,18,0,0,128.0,7456,2363390.0,13258709.0,12242.0,1.6418991416309012
w=256,45,15,3,10,14,256,18,0,0,128.0,7456,36926.0,1209238.0,34901.0,4.680928111587983
w=256,48,4,12,23,14,256,18,0,0,128.0,7456,18907134.0,77135829.0,9976.0,1.3379828326180256
w=256,48,8,6,13,20,256,18,0,0,128.0,7456,295422.0,56889310.0,19043.0,2.5540504291845494
w=256,48,8,6,21,12,256,18,0,0,128.0,7456,295422.0,2707408.0,19037.0,2.5532457081545066
w=16,40,4,10,22,12,16,35,0,0,128.0,7472,585726.0,2703319.0,1727.0,0.23112955032119914
w=16,44,2,22,22,15,16,35,0,0,128.0,7472,2399141886.0,4801167323.0,1323.0,0.1770610278372591
w=16,48,6,8,13,15,16,35,0,0,128.0,7472,146430.0,2582498.0,2137.0,0.2860010706638116
w=16,48,6,8,16,12,16,35,0,0,128.0,7472,146430.0,1140701.0,2135.0,0.2857334047109208
w=32,40,5,8,22,12,32,28,0,0,128.0,7472,231934.0,1520085.0,2849.0,0.38129014989293364
w=32,42,2,21,23,15,32,28,0,0,128.0,7472,1900019710.0,3803054041.0,1690.0,0.22617773019271947
w=32,42,3,14,17,19,32,28,0,0,128.0,7472,14843902.0,80183265.0,2080.0,0.278372591006424
w=32,42,3,14,20,16,32,28,0,0,128.0,7472,14843902.0,49774556.0,2078.0,0.2781049250535332
w=32,42,6,7,16,15,32,28,0,0,128.0,7472,115966.0,2792925.0,3239.0,0.43348501070663814
w=32,42,7,6,12,18,32,28,0,0,128.0,7472,57982.0,12988770.0,3628.0,0.4855460385438972
w=32,42,7,6,19,11,32,28,0,0,128.0,7472,57982.0,561494.0,3623.0,0.48487687366167026
w=32,45,9,5,13,12,32,28,0,0,128.0,7472,28990.0,473884.0,4399.0,0.5887312633832976
w=32,48,4,12,17,17,32,28,0,0,128.0,7472,3710974.0,23756767.0,2466.0,0.3300321199143469
w=32,48,4,12,18,16,32,28,0,0,128.0,7472,3710974.0,19562462.0,2466.0,0.3300321199143469
w=32,49,7,7,13,16,32,28,0,0,128.0,7472,115966.0,4219616.0,3627.0,0.4854122055674518
w=32,49,7,7,17,12,32,28,0,0,128.0,7472,115966.0,1090265.0,3624.0,0.48501070663811563
w=32,50,2,25,18,19,32,28,0,0,128.0,7472,30400315390.0,60838379490.0,1694.0,0.22671306209850106
w=32,50,2,25,20,17,32,28,0,0,128.0,7472,30400315390.0,60811116510.0,1692.0,0.22644539614561027
w=32,50,2,25,24,14,32,28,0,0,128.0,7472,30400315390.0,60802203607.0,1689.0,0.2260438972162741
w=32,50,5,10,23,11,32,28,0,0,128.0,7472,927742.0,4827091.0,2848.0,0.3811563169164882
w=32,50,10,5,8,16,32,28,0,0,128.0,7472,28990.0,2387043.0,4789.0,0.6409261241970021
w=256,40,5,8,16,20,256,18,0,0,128.0,7472,1181694.0,73017311.0,12248.0,1.639186295503212
w=256,40,5,8,21,15,256,18,0,0,128.0,7472,1181694.0,8660950.0,12244.0,1.6386509635974305
w=256,40,5,8,24,13,256,18,0,0,128.0,7472,1181694.0,6694865.0,12242.0,1.6383832976445396
w=256,44,11,4,14,15,256,18,0,0,128.0,7472,73854.0,2647383.0,25840.0,3.4582441113490363
w=256,44,11,4,16,13,256,18,0,0,128.0,7472,73854.0,1336659.0,25838.0,3.4579764453961457
w=256,46,2,23,24,15,256,18,0,0,128.0,7472,38721814526.0,77446774743.0,5447.0,0.7289882226980728
w=256,50,2,25,19,19,256,18,0,0,128.0,7472,154887258110.0,309814362080.0,5451.0,0.7295235546038544
w=256,50,2,25,20,18,256,18,0,0,128.0,7472,154887258110.0,309795487710.0,5450.0,0.729389721627409
w=16,40,2,20,17,20,16,35,0,0,128.0,7488,599785470.0,1270874083.0,1328.0,0.17735042735042736
w=16,40,2,20,21,16,16,35,0,0,128.0,7488,599785470.0,1205075932.0,1325.0,0.17694978632478633
w=16,40,5,8,12,20,16,35,0,0,128.0,7488,146430.0,51063782.0,1938.0,0.2588141025641026
w=16,40,5,8,14,17,16,35,0,0,128.0,7488,146430.0,8072163.0,1937.0,0.2586805555555556
w=16,40,5,8,18,13,16,35,0,0,128.0,7488,146430.0,1321948.0,1934.0,0.25827991452991456
w=16,40,5,8,21,11,16,35,0,0,128.0,7488,146430.0,904150.0,1931.0,0.25787927350427353
w=16,40,8,5,7,20,16,35,0,0,128.0,7488,18302.0,29506537.0,2548.0,0.3402777777777778
w=16,42,3,14,16,19,16,35,0,0,128.0,7488,9371646.0,61669347.0,1531.0,0.20446047008547008
w=16,42,3,14,20,15,16,35,0,0,128.0,7488,9371646.0,30736348.0,1528.0,0.20405982905982906
w=16,42,7,6,9,19,16,35,0,0,128.0,7488,36606.0,19130599.0,2344.0,0.31303418803418803
w=16,42,7,6,10,17,16,35,0,0,128.0,7488,36606.0,5499110.0,2344.0,0.31303418803418803
w=16,42,7,6,12,14,16,35,0,0,128.0,7488,36606.0,1042658.0,2342.0,0.312767094017094
w=16,42,7,6,15,11,16,35,0,0,128.0,7488,36606.0,379101.0,2340.0,0.3125
w=16,42,7,6,18,9,16,35,0,0,128.0,7488,36606.0,293080.0,2338.0,0.312232905982906
w=16,42,7,6,20,8,16,35,0,0,128.0,7488,36606.0,276692.0,2336.0,0.31196581196581197
w=16,45,5,9,13,18,16,35,0,0,128.0,7488,292862.0,15095780.0,1937.0,0.2586805555555556
w=16,45,5,9,19,12,16,35,0,0,128.0,7488,292862.0,1775578.0,1933.0,0.25814636752136755
w=16,48,6,8,11,18,16,35,0,0,128.0,7488,146430.0,12412902.0,2141.0,0.2859241452991453
w=16,48,6,8,19,10,16,35,0,0,128.0,7488,146430.0,956376.0,2135.0,0.28512286324786323
w=16,50,5,10,22,10,16,35,0,0,128.0,7488,585726.0,3018709.0,1931.0,0.25787927350427353
w=32,40,4,10,15,20,32,28,0,0,128.0,7488,927742.0,66625507.0,2470.0,0.3298611111111111
w=32,40,4,10,21,14,32,28,0,0,128.0,7488,927742.0,5087192.0,2465.0,0.32919337606837606
w=32,40,10,4,7,20,32,28,0,0,128.0,7488,14494.0,29505061.0,4792.0,0.6399572649572649
w=32,45,9,5,10,16,32,28,0,0,128.0,7488,28990.0,2882338.0,4404.0,0.5881410256410257
w=32,45,9,5,17,9,32,28,0,0,128.0,7488,28990.0,295701.0,4398.0,0.5873397435897436
w=32,48,8,6,13,14,32,28,0,0,128.0,7488,57982.0,1315806.0,4015.0,0.5361912393162394
w=32,48,8,6,15,12,32,28,0,0,128.0,7488,57982.0,709595.0,4014.0,0.5360576923076923
w=32,50,2,25,19,18,32,28,0,0,128.0,7488,30400315390.0,60820553696.0,1695.0,0.2263621794871795
w=256,40,2,20,23,16,256,18,0,0,128.0,7488,4840226814.0,9686482905.0,5450.0,0.7278311965811965
w=256,40,10,4,13,18,256,18,0,0,128.0,7488,73854.0,14370010.0,23577.0,3.1486378205128207
w=256,40,10,4,19,12,256,18,0,0,128.0,7488,73854.0,1049808.0,23573.0,3.1481036324786325
w=256,42,7,6,23,12,256,18,0,0,128.0,7488,295422.0,2444751.0,16775.0,2.2402510683760686
w=256,44,11,4,15,14,256,18,0,0,128.0,7488,73854.0,1795413.0,25841.0,3.450988247863248
w=256,45,3,15,23,15,256,18,0,0,128.0,7488,151257086.0,456785879.0,7715.0,1.030315170940171
w=256,45,9,5,13,19,256,18,0,0,128.0,7488,147710.0,28592348.0,21312.0,2.8461538461538463
w=256,45,9,5,20,12,256,18,0,0,128.0,7488,147710.0,1657040.0,21307.0,2.845486111111111
w=256,45,15,3,8,18,256,18,0,0,128.0,7488,36926.0,8942489.0,34906.0,4.661591880341881
w=16,40,4,10,16,17,16,35,0,0,128.0,7504,585726.0,10731489.0,1735.0,0.2312100213219616
w=16,40,4,10,18,15,16,35,0,0,128.0,7504,585726.0,4702174.0,1734.0,0.2310767590618337
w=16,40,4,10,24,11,16,35,0,0,128.0,7504,585726.0,2539475.0,1729.0,0.23041044776119404
w=16,40,5,8,23,10,16,35,0,0,128.0,7504,146430.0,826323.0,1932.0,0.2574626865671642
w=16,42,6,7,12,17,16,35,0,0,128.0,7504,73214.0,6730724.0,2142.0,0.28544776119402987
w=16,42,6,7,18,11,16,35,0,0,128.0,7504,73214.0,586714.0,2138.0,0.2849147121535181
w=16,42,6,7,24,8,16,35,0,0,128.0,7504,73214.0,463823.0,2133.0,0.28424840085287845
w=16,46,2,23,22,15,16,35,0,0,128.0,7504,4798283774.0,9599451099.0,1327.0,0.17683901918976547
w=16,48,3,16,15,20,16,35,0,0,128.0,7504,37486590.0,175374309.0,1534.0,0.20442430703624734
w=16,48,3,16,21,14,16,35,0,0,128.0,7504,37486590.0,113835994.0,1529.0,0.20375799573560768
w=16,48,4,12,14,19,16,35,0,0,128.0,7504,2342910.0,38731749.0,1737.0,0.2314765458422175
w=16,48,4,12,20,13,16,35,0,0,128.0,7504,2342910.0,10026970.0,1732.0,0.2308102345415778
w=16,48,6,8,10,20,16,35,0,0,128.0,7504,146430.0,42821608.0,2144.0,0.2857142857142857
w=16,48,6,8,14,14,16,35,0,0,128.0,7504,146430.0,1796065.0,2141.0,0.2853144989339019
w=16,48,6,8,15,13,16,35,0,0,128.0,7504,146430.0,1370079.0,2140.0,0.285181236673774
w=16,48,6,8,21,9,16,35,0,0,128.0,7504,146430.0,921556.0,2135.0,0.28451492537313433
w=16,48,8,6,7,19,16,35,0,0,128.0,7504,36606.0,14972905.0,2550.0,0.339818763326226
w=16,48,8,6,10,13,16,35,0,0,128.0,7504,36606.0,620516.0,2548.0,0.33955223880597013
w=16,48,8,6,14,9,16,35,0,0,128.0,7504,36606.0,321501.0,2545.0,0.33915245202558636
w=32,40,5,8,16,17,32,28,0,0,128.0,7504,231934.0,9548255.0,2857.0,0.38073027718550106
w=32,40,5,8,18,15,32,28,0,0,128.0,7504,231934.0,3518940.0,2856.0,0.3805970149253731
w=32,40,5,8,24,11,32,28,0,0,128.0,7504,231934.0,1356241.0,2851.0,0.37993070362473347
w=32,40,8,5,12,16,32,28,0,0,128.0,7504,28990.0,3377632.0,4018.0,0.5354477611940298
w=32,40,8,5,17,11,32,28,0,0,128.0,7504,28990.0,371159.0,4014.0,0.5349147121535182
w=32,42,3,14,18,18,32,28,0,0,128.0,7504,14843902.0,63406048.0,2084.0,0.2777185501066098
w=32,42,3,14,19,17,32,28,0,0,128.0,7504,14843902.0,54493150.0,2083.0,0.2775852878464819
w=32,42,7,6,23,9,32,28,0,0,128.0,7504,57982.0,452943.0,3624.0,0.48294243070362475
w=32,44,2,22,23,15,32,28,0,0,128.0,7504,3800039422.0,7603093465.0,1694.0,0.22574626865671643
w=32,44,4,11,24,12,32,28,0,0,128.0,7504,1855486.0,7815123.0,2465.0,0.3284914712153518
w=32,45,9,5,9,18,32,28,0,0,128.0,7504,28990.0,9698083.0,4406.0,0.5871535181236673
w=32,45,9,5,19,8,32,28,0,0,128.0,7504,28990.0,280338.0,4399.0,0.5862206823027718
w=32,48,3,16,16,20,32,28,0,0,128.0,7504,59375614.0,245235683.0,2085.0,0.2778518123667377
w=32,48,3,16,21,15,32,28,0,0,128.0,7504,59375614.0,180879322.0,2081.0,0.277318763326226
w=32,48,3,16,24,13,32,28,0,0,128.0,7504,59375614.0,178913237.0,2079.0,0.27705223880597013
w=32,48,4,12,22,13,32,28,0,0,128.0,7504,3710974.0,15564759.0,2467.0,0.32875799573560766
w=32,48,6,8,12,20,32,28,0,0,128.0,7504,231934.0,51723236.0,3246.0,0.43256929637526653
w=32,48,6,8,14,17,32,28,0,0,128.0,7504,231934.0,8731617.0,3245.0,0.4324360341151386
w=32,48,6,8,18,13,32,28,0,0,128.0,7504,231934.0,1981402.0,3242.0,0.4320362473347548
w=32,48,6,8,21,11,32,28,0,0,128.0,7504,231934.0,1563604.0,3239.0,0.431636460554371
w=32,48,8,6,14,13,32,28,0,0,128.0,7504,57982.0,922589.0,4017.0,0.5353144989339019
w=256,42,7,6,15,19,256,18,0,0,128.0,7504,295422.0,33525213.0,16783.0,2.2365405117270787
w=256,42,7,6,20,14,256,18,0,0,128.0,7504,295422.0,3378644.0,16779.0,2.236007462686567
w=256,44,4,11,22,15,256,18,0,0,128.0,7504,9453566.0,40697815.0,9983.0,1.3303571428571428
w=256,45,15,3,9,16,256,18,0,0,128.0,7504,36926.0,2913175.0,34907.0,4.651785714285714
w=256,48,2,24,24,15,256,18,0,0,128.0,7504,77443629054.0,154890403799.0,5451.0,0.7264125799573561
w=256,48,6,8,24,12,256,18,0,0,128.0,7504,1181694.0,7483343.0,14511.0,1.9337686567164178
w=256,48,8,6,23,11,256,18,0,0,128.0,7504,295422.0,2551757.0,19042.0,2.5375799573560767
w=256,48,12,4,12,16,256,18,0,0,128.0,7504,73854.0,4031960.0,28110.0,3.746002132196162
w=256,48,12,4,17,11,256,18,0,0,128.0,7504,73854.0,1025487.0,28106.0,3.7454690831556503
w=256,50,10,5,14,16,256,18,0,0,128.0,7504,147710.0,5147097.0,23579.0,3.142190831556503
w=256,50,10,5,17,13,256,18,0,0,128.0,7504,147710.0,2034131.0,23576.0,3.1417910447761193
w=16,40,4,10,17,16,16,35,0,0,128.0,7520,585726.0,6799327.0,1736.0,0.23085106382978723
w=16,42,2,21,17,20,16,35,0,0,128.0,7520,1199570942.0,2470445027.0,1332.0,0.17712765957446808
w=16,42,2,21,21,16,16,35,0,0,128.0,7520,1199570942.0,2404646876.0,1329.0,0.17672872340425533
w=16,42,3,14,23,13,16,35,0,0,128.0,7520,9371646.0,28868567.0,1530.0,0.20345744680851063
w=16,42,7,6,13,13,16,35,0,0,128.0,7520,36606.0,682208.0,2345.0,0.31183510638297873
w=16,42,7,6,14,12,16,35,0,0,128.0,7520,36606.0,485599.0,2345.0,0.31183510638297873
w=16,44,4,11,15,18,16,35,0,0,128.0,7520,1171454.0,20414435.0,1738.0,0.23111702127659575
w=16,44,4,11,19,14,16,35,0,0,128.0,7520,1171454.0,5930972.0,1735.0,0.23071808510638298
w=32,40,5,8,17,16,32,28,0,0,128.0,7520,231934.0,5616093.0,2858.0,0.3800531914893617
w=32,42,7,6,11,20,32,28,0,0,128.0,7520,57982.0,46543204.0,3635.0,0.4833776595744681
w=32,42,7,6,21,10,32,28,0,0,128.0,7520,57982.0,491858.0,3627.0,0.482313829787234
w=32,45,3,15,17,19,32,28,0,0,128.0,7520,29687806.0,124714977.0,2086.0,0.2773936170212766
w=32,45,3,15,20,16,32,28,0,0,128.0,7520,29687806.0,94306268.0,2084.0,0.2771276595744681
w=32,48,6,8,23,10,32,28,0,0,128.0,7520,231934.0,1485777.0,3240.0,0.4308510638297872
w=32,49,7,7,14,15,32,28,0,0,128.0,7520,115966.0,2646751.0,3633.0,0.4831117021276596
w=32,49,7,7,16,13,32,28,0,0,128.0,7520,115966.0,1336027.0,3631.0,0.48284574468085106
w=256,40,4,10,17,20,256,18,0,0,128.0,7520,4726782.0,90210271.0,9988.0,1.3281914893617022
w=256,40,4,10,21,16,256,18,0,0,128.0,7520,4726782.0,24412120.0,9985.0,1.3277925531914894
w=256,40,8,5,15,18,256,18,0,0,128.0,7520,147710.0,16910299.0,19050.0,2.533244680851064
w=256,40,8,5,19,14,256,18,0,0,128.0,7520,147710.0,2426836.0,19047.0,2.532845744680851
w=256,42,2,21,23,16,256,18,0,0,128.0,7520,9680453630.0,19366936537.0,5454.0,0.7252659574468086
w=256,45,15,3,11,13,256,18,0,0,128.0,7520,36926.0,914324.0,34908.0,4.642021276595744
w=256,45,15,3,14,10,256,18,0,0,128.0,7520,36926.0,611215.0,34906.0,4.6417553191489365
w=256,48,16,3,7,18,256,18,0,0,128.0,7520,36926.0,7930841.0,37176.0,4.943617021276595
w=256,49,7,7,14,20,256,18,0,0,128.0,7520,590846.0,62856159.0,16786.0,2.2321808510638297
w=256,49,7,7,21,13,256,18,0,0,128.0,7520,590846.0,4824018.0,16780.0,2.231382978723404
w=16,40,2,20,18,19,16,35,0,0,128.0,7536,599785470.0,1237319650.0,1334.0,0.17701698513800423
w=16,40,2,20,20,17,16,35,0,0,128.0,7536,599785470.0,1210056670.0,1332.0,0.1767515923566879
w=16,40,2,20,24,14,16,35,0,0,128.0,7536,599785470.0,1201143767.0,1329.0,0.17635350318471338
w=16,40,5,8,15,16,16,35,0,0,128.0,7536,146430.0,4664289.0,1942.0,0.2576963906581741
w=16,40,5,8,17,14,16,35,0,0,128.0,7536,146430.0,1846237.0,1940.0,0.25743099787685775
w=16,42,3,14,17,18,16,35,0,0,128.0,7536,9371646.0,45940705.0,1536.0,0.20382165605095542
w=16,42,3,14,19,16,16,35,0,0,128.0,7536,9371646.0,33095646.0,1535.0,0.20368895966029724
w=16,44,4,11,22,12,16,35,0,0,128.0,7536,1171454.0,5046231.0,1735.0,0.23022823779193205
w=16,45,3,15,16,19,16,35,0,0,128.0,7536,18743294.0,89784291.0,1537.0,0.20395435244161358
w=16,45,3,15,20,15,16,35,0,0,128.0,7536,18743294.0,58851292.0,1534.0,0.20355626326963908
w=16,48,2,24,22,15,16,35,0,0,128.0,7536,9596567550.0,19196018651.0,1331.0,0.17661889596602973
w=16,49,7,7,11,15,16,35,0,0,128.0,7536,73214.0,1954276.0,2349.0,0.31170382165605093
w=16,49,7,7,16,10,16,35,0,0,128.0,7536,73214.0,578011.0,2345.0,0.31117303609341823
w=32,40,2,20,22,16,32,28,0,0,128.0,7536,950009854.0,1905786843.0,1699.0,0.22545116772823778
w=32,42,6,7,13,19,32,28,0,0,128.0,7536,115966.0,27958754.0,3249.0,0.43113057324840764
w=32,42,6,7,20,12,32,28,0,0,128.0,7536,115966.0,1023446.0,3244.0,0.4304670912951168
w=32,45,5,9,15,18,32,28,0,0,128.0,7536,463870.0,18047969.0,2862.0,0.37977707006369427
w=32,45,5,9,19,14,32,28,0,0,128.0,7536,463870.0,3564506.0,2859.0,0.37937898089171973
w=32,46,2,23,23,15,32,28,0,0,128.0,7536,7600078846.0,15203172313.0,1698.0,0.22531847133757962
w=32,48,8,6,11,17,32,28,0,0,128.0,7536,57982.0,6231010.0,4023.0,0.5338375796178344
w=32,48,8,6,18,10,32,28,0,0,128.0,7536,57982.0,537558.0,4018.0,0.5331740976645435
w=32,48,8,6,22,8,32,28,0,0,128.0,7536,57982.0,486351.0,4015.0,0.532776008492569
w=32,49,7,7,15,14,32,28,0,0,128.0,7536,115966.0,1794781.0,3634.0,0.48221868365180465
w=32,50,5,10,14,19,32,28,0,0,128.0,7536,927742.0,33998819.0,2863.0,0.3799097664543524
w=32,50,5,10,20,13,32,28,0,0,128.0,7536,927742.0,5294040.0,2858.0,0.37924628450106157
w=32,50,10,5,7,19,32,28,0,0,128.0,7536,28990.0,14969957.0,4798.0,0.6366772823779193
w=32,50,10,5,10,13,32,28,0,0,128.0,7536,28990.0,617568.0,4796.0,0.636411889596603
w=32,50,10,5,14,9,32,28,0,0,128.0,7536,28990.0,318553.0,4793.0,0.6360138004246284
w=256,40,5,8,17,19,256,18,0,0,128.0,7536,1181694.0,41560029.0,12255.0,1.6261942675159236
w=256,40,5,8,20,16,256,18,0,0,128.0,7536,1181694.0,11151320.0,12253.0,1.6259288747346072
w=256,40,8,5,22,12,256,18,0,0,128.0,7536,147710.0,1542095.0,19047.0,2.527468152866242
w=256,42,3,14,22,16,256,18,0,0,128.0,7536,75628542.0,232652761.0,7722.0,1.0246815286624205
w=256,42,6,7,16,19,256,18,0,0,128.0,7536,590846.0,37099485.0,14521.0,1.926884288747346
w=256,42,6,7,20,15,256,18,0,0,128.0,7536,590846.0,6166486.0,14518.0,1.9264861995753715
w=256,42,14,3,11,15,256,18,0,0,128.0,7536,36926.0,1958742.0,32645.0,4.331873673036093
w=256,42,14,3,16,10,256,18,0,0,128.0,7536,36926.0,582477.0,32641.0,4.33134288747346
w=256,44,11,4,12,18,256,18,0,0,128.0,7536,73854.0,13395290.0,25849.0,3.430069002123142
w=256,44,11,4,19,11,256,18,0,0,128.0,7536,73854.0,968014.0,25844.0,3.4294055201698512
w=256,48,3,16,23,15,256,18,0,0,128.0,7536,302514174.0,910557143.0,7721.0,1.0245488322717622
w=256,50,2,25,24,15,256,18,0,0,128.0,7536,154887258110.0,309777661911.0,5455.0,0.7238588110403397
w=256,50,5,10,22,14,256,18,0,0,128.0,7536,4726782.0,25075669.0,12252.0,1.625796178343949
w=256,50,10,5,12,19,256,18,0,0,128.0,7536,147710.0,26642908.0,23584.0,3.129511677282378
w=256,50,10,5,15,15,256,18,0,0,128.0,7536,147710.0,3443159.0,23582.0,3.1292462845010616
w=256,50,10,5,16,14,256,18,0,0,128.0,7536,147710.0,2525653.0,23581.0,3.1291135881104033
w=256,50,10,5,20,11,256,18,0,0,128.0,7536,147710.0,1640910.0,23578.0,3.128715498938429
w=256,50,10,5,24,9,256,18,0,0,128.0,7536,147710.0,1526215.0,23575.0,3.1283174097664546
w=16,40,2,20,19,18,16,35,0,0,128.0,7552,599785470.0,1219493856.0,1335.0,0.17677436440677965
w=16,40,5,8,16,15,16,35,0,0,128.0,7552,146430.0,2829279.0,1943.0,0.2572828389830508
w=16,42,3,14,18,17,16,35,0,0,128.0,7552,9371646.0,37552096.0,1538.0,0.20365466101694915
w=16,44,2,22,17,20,16,35,0,0,128.0,7552,2399141886.0,4869586915.0,1336.0,0.17690677966101695
w=16,44,2,22,21,16,16,35,0,0,128.0,7552,2399141886.0,4803788764.0,1333.0,0.1765095338983051
w=16,48,8,6,11,12,16,35,0,0,128.0,7552,36606.0,473058.0,2553.0,0.3380561440677966
w=16,48,8,6,13,10,16,35,0,0,128.0,7552,36606.0,346078.0,2551.0,0.337791313559322
w=32,40,8,5,23,8,32,28,0,0,128.0,7552,28990.0,255437.0,4016.0,0.5317796610169492
w=32,42,3,14,23,14,32,28,0,0,128.0,7552,14843902.0,46038999.0,2086.0,0.2762182203389831
w=32,44,4,11,15,20,32,28,0,0,128.0,7552,1855486.0,70336483.0,2478.0,0.328125
w=32,44,4,11,21,14,32,28,0,0,128.0,7552,1855486.0,8798168.0,2473.0,0.3274629237288136
w=32,45,3,15,18,18,32,28,0,0,128.0,7552,29687806.0,107937760.0,2090.0,0.2767478813559322
w=32,45,3,15,19,17,32,28,0,0,128.0,7552,29687806.0,99024862.0,2089.0,0.2766154661016949
w=32,45,5,9,22,12,32,28,0,0,128.0,7552,463870.0,2679765.0,2859.0,0.3785752118644068
w=32,48,6,8,15,16,32,28,0,0,128.0,7552,231934.0,5323743.0,3250.0,0.4303495762711864
w=32,48,6,8,17,14,32,28,0,0,128.0,7552,231934.0,2505691.0,3248.0,0.4300847457627119
w=256,44,2,22,23,16,256,18,0,0,128.0,7552,19360907262.0,38727843801.0,5458.0,0.7227224576271186
w=256,45,5,9,16,20,256,18,0,0,128.0,7552,2363390.0,78925791.0,12258.0,1.623146186440678
w=256,45,5,9,21,15,256,18,0,0,128.0,7552,2363390.0,14569430.0,12254.0,1.6226165254237288
w=256,45,5,9,24,13,256,18,0,0,128.0,7552,2363390.0,12603345.0,12252.0,1.6223516949152543
w=256,45,9,5,22,11,256,18,0,0,128.0,7552,147710.0,1509581.0,21314.0,2.8222987288135593
w=256,45,9,5,24,10,256,18,0,0,128.0,7552,147710.0,1427657.0,21312.0,2.8220338983050848
w=256,45,15,3,12,12,256,18,0,0,128.0,7552,36926.0,750482.0,34911.0,4.622748940677966
w=256,45,15,3,13,11,256,18,0,0,128.0,7552,36926.0,660368.0,34910.0,4.622616525423729
w=256,48,6,8,15,20,256,18,0,0,128.0,7552,1181694.0,70004703.0,14524.0,1.9231991525423728
w=256,48,6,8,21,14,256,18,0,0,128.0,7552,1181694.0,8466388.0,14519.0,1.9225370762711864
w=256,48,12,4,23,8,256,18,0,0,128.0,7552,73854.0,909765.0,28108.0,3.721927966101695
w=256,48,16,3,9,14,256,18,0,0,128.0,7552,36926.0,1180629.0,37178.0,4.922934322033898
w=16,40,8,5,8,18,16,35,0,0,128.0,7568,18302.0,8535015.0,2557.0,0.33786997885835096
w=16,42,2,21,18,19,16,35,0,0,128.0,7568,1199570942.0,2436890594.0,1338.0,0.1767970401691332
w=16,42,2,21,20,17,16,35,0,0,128.0,7568,1199570942.0,2409627614.0,1336.0,0.17653276955602537
w=16,42,2,21,24,14,16,35,0,0,128.0,7568,1199570942.0,2400714711.0,1333.0,0.17613636363636365
w=16,42,6,7,11,19,16,35,0,0,128.0,7568,73214.0,23507942.0,2151.0,0.284223044397463
w=16,42,6,7,20,10,16,35,0,0,128.0,7568,73214.0,521174.0,2144.0,0.2832980972515856
w=16,42,6,7,22,9,16,35,0,0,128.0,7568,73214.0,484307.0,2143.0,0.2831659619450317
w=16,44,4,11,16,17,16,35,0,0,128.0,7568,1171454.0,13074401.0,1743.0,0.23031183932346724
w=16,44,4,11,18,15,16,35,0,0,128.0,7568,1171454.0,7045086.0,1742.0,0.23017970401691332
w=16,44,4,11,24,11,16,35,0,0,128.0,7568,1171454.0,4882387.0,1737.0,0.22951902748414377
w=16,45,3,15,23,13,16,35,0,0,128.0,7568,18743294.0,56983511.0,1536.0,0.2029598308668076
w=16,45,5,9,12,20,16,35,0,0,128.0,7568,292862.0,51795942.0,1948.0,0.257399577167019
w=16,45,5,9,14,17,16,35,0,0,128.0,7568,292862.0,8804323.0,1947.0,0.25726744186046513
w=16,45,5,9,18,13,16,35,0,0,128.0,7568,292862.0,2054108.0,1944.0,0.2568710359408034
w=16,45,5,9,21,11,16,35,0,0,128.0,7568,292862.0,1636310.0,1941.0,0.2564746300211416
w=16,48,8,6,8,17,16,35,0,0,128.0,7568,36606.0,4487143.0,2557.0,0.33786997885835096
w=16,48,8,6,9,15,16,35,0,0,128.0,7568,36606.0,1472485.0,2556.0,0.33773784355179703
w=16,48,8,6,12,11,16,35,0,0,128.0,7568,36606.0,391136.0,2554.0,0.33747357293868924
w=16,48,8,6,16,8,16,35,0,0,128.0,7568,36606.0,309209.0,2551.0,0.33707716701902746
w=16,50,2,25,22,15,16,35,0,0,128.0,7568,19193135102.0,38389153755.0,1335.0,0.17640063424947147
w=16,50,5,10,13,18,16,35,0,0,128.0,7568,585726.0,16560100.0,1947.0,0.25726744186046513
w=16,50,5,10,19,12,16,35,0,0,128.0,7568,585726.0,3239898.0,1943.0,0.2567389006342495
w=32,40,4,10,16,19,32,28,0,0,128.0,7568,927742.0,37265377.0,2479.0,0.32756342494714585
w=32,40,4,10,20,15,32,28,0,0,128.0,7568,927742.0,6332378.0,2476.0,0.32716701902748413
w=32,40,8,5,13,15,32,28,0,0,128.0,7568,28990.0,1935838.0,4025.0,0.5318446088794926
w=32,40,8,5,16,12,32,28,0,0,128.0,7568,28990.0,494041.0,4023.0,0.5315803382663847
w=32,40,10,4,8,18,32,28,0,0,128.0,7568,14494.0,8533539.0,4801.0,0.6343816067653277
w=32,42,2,21,22,16,32,28,0,0,128.0,7568,1900019710.0,3805806555.0,1703.0,0.2250264270613108
w=32,42,7,6,13,17,32,28,0,0,128.0,7568,57982.0,7221600.0,3639.0,0.48084038054968287
w=32,42,7,6,18,12,32,28,0,0,128.0,7568,57982.0,700760.0,3636.0,0.48044397463002114
w=32,48,2,24,23,15,32,28,0,0,128.0,7568,15200157694.0,30403330009.0,1702.0,0.22489429175475686
w=32,48,3,16,17,19,32,28,0,0,128.0,7568,59375614.0,213778401.0,2092.0,0.27642706131078226
w=32,48,3,16,20,16,32,28,0,0,128.0,7568,59375614.0,183369692.0,2090.0,0.2761627906976744
w=32,48,4,12,24,12,32,28,0,0,128.0,7568,3710974.0,15237075.0,2473.0,0.3267706131078224
w=32,48,6,8,16,15,32,28,0,0,128.0,7568,231934.0,3488733.0,3251.0,0.42957188160676535
w=32,48,8,6,10,19,32,28,0,0,128.0,7568,57982.0,21435364.0,4028.0,0.5322410147991543
w=32,48,8,6,20,9,32,28,0,0,128.0,7568,57982.0,504786.0,4020.0,0.531183932346723
w=256,40,2,20,22,17,256,18,0,0,128.0,7568,4840226814.0,9691987931.0,5461.0,0.7215909090909091
w=256,40,4,10,18,19,256,18,0,0,128.0,7568,4726782.0,56655838.0,9994.0,1.3205602536997887
w=256,40,4,10,20,17,256,18,0,0,128.0,7568,4726782.0,29392858.0,9992.0,1.3202959830866807
w=256,40,4,10,24,14,256,18,0,0,128.0,7568,4726782.0,20479955.0,9989.0,1.319899577167019
w=256,40,5,8,18,18,256,18,0,0,128.0,7568,1181694.0,24782812.0,12259.0,1.6198467230443974
w=256,40,5,8,19,17,256,18,0,0,128.0,7568,1181694.0,15869914.0,12258.0,1.6197145877378436
w=256,40,8,5,16,17,256,18,0,0,128.0,7568,147710.0,9570265.0,19055.0,2.517838266384778
w=256,40,8,5,18,15,256,18,0,0,128.0,7568,147710.0,3540950.0,19054.0,2.5177061310782243
w=256,40,8,5,24,11,256,18,0,0,128.0,7568,147710.0,1378251.0,19049.0,2.5170454545454546
w=256,40,10,4,12,20,256,18,0,0,128.0,7568,73854.0,51070172.0,23588.0,3.1168076109936576
w=256,40,10,4,14,17,256,18,0,0,128.0,7568,73854.0,8078553.0,23587.0,3.116675475687104
w=256,40,10,4,18,13,256,18,0,0,128.0,7568,73854.0,1328338.0,23584.0,3.116279069767442
w=256,40,10,4,21,11,256,18,0,0,128.0,7568,73854.0,910540.0,23581.0,3.1158826638477803
w=256,42,6,7,23,13,256,18,0,0,128.0,7568,590846.0,4298705.0,14520.0,1.9186046511627908
w=256,42,7,6,16,18,256,18,0,0,128.0,7568,295422.0,18845147.0,16790.0,2.218551797040169
w=256,42,7,6,19,15,256,18,0,0,128.0,7568,295422.0,4558294.0,16788.0,2.218287526427061
w=256,44,11,4,23,9,256,18,0,0,128.0,7568,73854.0,859463.0,25845.0,3.415036997885835
w=256,48,4,12,22,15,256,18,0,0,128.0,7568,18907134.0,78512087.0,9991.0,1.3201638477801267
w=256,48,8,6,14,19,256,18,0,0,128.0,7568,295422.0,31723485.0,19057.0,2.518102536997886
w=256,48,8,6,20,13,256,18,0,0,128.0,7568,295422.0,3018706.0,19052.0,2.5174418604651163
w=256,48,12,4,13,15,256,18,0,0,128.0,7568,73854.0,2590166.0,28117.0,3.715248414376321
w=256,48,12,4,16,12,256,18,0,0,128.0,7568,73854.0,1148369.0,28115.0,3.7149841437632136
w=256,48,16,3,8,16,256,18,0,0,128.0,7568,36926.0,2687959.0,37181.0,4.912922832980972
w=256,50,10,5,22,10,256,18,0,0,128.0,7568,147710.0,1567179.0,23581.0,3.1158826638477803
w=16,40,8,5,9,16,16,35,0,0,128.0,7584,18302.0,2505701.0,2558.0,0.337289029535865
w=16,42,2,21,19,18,16,35,0,0,128.0,7584,1199570942.0,2419064800.0,1339.0,0.17655590717299577
w=16,42,6,7,13,16,16,35,0,0,128.0,7584,73214.0,3847138.0,2151.0,0.283623417721519
w=16,42,6,7,17,12,16,35,0,0,128.0,7584,73214.0,717787.0,2148.0,0.28322784810126583
w=16,44,4,11,17,16,16,35,0,0,128.0,7584,1171454.0,9142239.0,1744.0,0.229957805907173
w=16,45,3,15,17,18,16,35,0,0,128.0,7584,18743294.0,74055649.0,1542.0,0.20332278481012658
w=16,45,3,15,19,16,16,35,0,0,128.0,7584,18743294.0,61210590.0,1541.0,0.2031909282700422
w=16,45,5,9,23,10,16,35,0,0,128.0,7584,292862.0,1558483.0,1942.0,0.25606540084388185
w=16,46,2,23,17,20,16,35,0,0,128.0,7584,4798283774.0,9667870691.0,1340.0,0.17668776371308018
w=16,46,2,23,21,16,16,35,0,0,128.0,7584,4798283774.0,9602072540.0,1337.0,0.176292194092827
w=16,48,3,16,16,19,16,35,0,0,128.0,7584,37486590.0,146014179.0,1543.0,0.20345464135021096
w=16,48,3,16,20,15,16,35,0,0,128.0,7584,37486590.0,115081180.0,1540.0,0.2030590717299578
w=16,48,4,12,15,18,16,35,0,0,128.0,7584,2342910.0,25100259.0,1746.0,0.23022151898734178
w=16,48,4,12,19,14,16,35,0,0,128.0,7584,2342910.0,10616796.0,1743.0,0.2298259493670886
w=32,40,8,5,11,18,32,28,0,0,128.0,7584,28990.0,11766242.0,4029.0,0.53125
w=32,40,8,5,19,10,32,28,0,0,128.0,7584,28990.0,309716.0,4023.0,0.5304588607594937
w=32,40,10,4,9,16,32,28,0,0,128.0,7584,14494.0,2504225.0,4802.0,0.633175105485232
w=32,45,5,9,16,17,32,28,0,0,128.0,7584,463870.0,10707935.0,2867.0,0.3780327004219409
w=32,45,5,9,18,15,32,28,0,0,128.0,7584,463870.0,4678620.0,2866.0,0.3779008438818565
w=32,45,5,9,24,11,32,28,0,0,128.0,7584,463870.0,2515921.0,2861.0,0.3772415611814346
w=32,45,9,5,11,15,32,28,0,0,128.0,7584,28990.0,1702688.0,4415.0,0.5821466244725738
w=32,45,9,5,16,10,32,28,0,0,128.0,7584,28990.0,326423.0,4411.0,0.5816191983122363
w=32,49,7,7,12,18,32,28,0,0,128.0,7584,115966.0,13394658.0,3642.0,0.4802215189873418
w=32,49,7,7,19,11,32,28,0,0,128.0,7584,115966.0,967382.0,3637.0,0.47956223628691985
w=32,50,10,5,11,12,32,28,0,0,128.0,7584,28990.0,470110.0,4801.0,0.6330432489451476
w=32,50,10,5,13,10,32,28,0,0,128.0,7584,28990.0,343130.0,4799.0,0.6327795358649789
w=256,40,4,10,19,18,256,18,0,0,128.0,7584,4726782.0,38830044.0,9995.0,1.31790611814346
w=256,40,8,5,17,16,256,18,0,0,128.0,7584,147710.0,5638103.0,19056.0,2.5126582278481013
w=256,40,10,4,23,10,256,18,0,0,128.0,7584,73854.0,832713.0,23582.0,3.1094409282700424
w=256,42,6,7,17,18,256,18,0,0,128.0,7584,590846.0,21370843.0,14526.0,1.9153481012658229
w=256,42,6,7,19,16,256,18,0,0,128.0,7584,590846.0,8525784.0,14525.0,1.9152162447257384
w=256,44,4,11,17,20,256,18,0,0,128.0,7584,9453566.0,109117407.0,9996.0,1.3180379746835442
w=256,44,4,11,21,16,256,18,0,0,128.0,7584,9453566.0,43319256.0,9993.0,1.3176424050632911
w=256,44,11,4,11,20,256,18,0,0,128.0,7584,73854.0,46949724.0,25856.0,3.409282700421941
w=256,44,11,4,21,10,256,18,0,0,128.0,7584,73854.0,898378.0,25848.0,3.4082278481012658
w=256,45,3,15,22,16,256,18,0,0,128.0,7584,151257086.0,459538393.0,7728.0,1.018987341772152
w=256,45,9,5,14,18,256,18,0,0,128.0,7584,147710.0,16009435.0,21324.0,2.8117088607594938
w=256,45,9,5,19,13,256,18,0,0,128.0,7584,147710.0,1951954.0,21320.0,2.811181434599156
w=256,46,2,23,23,16,256,18,0,0,128.0,7584,38721814526.0,77449658329.0,5462.0,0.7202004219409283
w=256,48,12,4,11,18,256,18,0,0,128.0,7584,73854.0,12420570.0,28121.0,3.70793776371308
w=256,48,12,4,19,10,256,18,0,0,128.0,7584,73854.0,964044.0,28115.0,3.707146624472574
w=16,40,4,10,14,20,16,35,0,0,128.0,7600,585726.0,61063141.0,1749.0,0.2301315789473684
w=16,40,4,10,21,13,16,35,0,0,128.0,7600,585726.0,3031000.0,1743.0,0.2293421052631579
w=16,42,7,6,11,16,16,35,0,0,128.0,7600,36606.0,3139812.0,2357.0,0.3101315789473684
w=16,42,7,6,17,10,16,35,0,0,128.0,7600,36606.0,325849.0,2352.0,0.3094736842105263
w=16,44,2,22,18,19,16,35,0,0,128.0,7600,2399141886.0,4836032482.0,1342.0,0.17657894736842106
w=16,44,2,22,20,17,16,35,0,0,128.0,7600,2399141886.0,4808769502.0,1340.0,0.1763157894736842
w=16,44,2,22,24,14,16,35,0,0,128.0,7600,2399141886.0,4799856599.0,1337.0,0.17592105263157895
w=16,45,3,15,18,17,16,35,0,0,128.0,7600,18743294.0,65667040.0,1544.0,0.2031578947368421
w=16,48,4,12,22,12,16,35,0,0,128.0,7600,2342910.0,9732055.0,1743.0,0.2293421052631579
w=16,48,6,8,12,17,16,35,0,0,128.0,7600,146430.0,7170020.0,2154.0,0.28342105263157896
w=16,48,6,8,18,11,16,35,0,0,128.0,7600,146430.0,1026010.0,2150.0,0.28289473684210525
w=16,48,6,8,24,8,16,35,0,0,128.0,7600,146430.0,903119.0,2145.0,0.2822368421052632
w=16,49,7,7,9,19,16,35,0,0,128.0,7600,73214.0,19386855.0,2358.0,0.31026315789473685
w=16,49,7,7,10,17,16,35,0,0,128.0,7600,73214.0,5755366.0,2358.0,0.31026315789473685
w=16,49,7,7,12,14,16,35,0,0,128.0,7600,73214.0,1298914.0,2356.0,0.31
w=16,49,7,7,15,11,16,35,0,0,128.0,7600,73214.0,635357.0,2354.0,0.30973684210526314
w=16,49,7,7,18,9,16,35,0,0,128.0,7600,73214.0,549336.0,2352.0,0.3094736842105263
w=16,49,7,7,20,8,16,35,0,0,128.0,7600,73214.0,532948.0,2350.0,0.3092105263157895
w=32,40,2,20,18,20,32,28,0,0,128.0,7600,950009854.0,1975517154.0,1710.0,0.225
w=32,40,2,20,21,17,32,28,0,0,128.0,7600,950009854.0,1911029724.0,1707.0,0.22460526315789472
w=32,40,4,10,23,13,32,28,0,0,128.0,7600,927742.0,4464597.0,2478.0,0.32605263157894737
w=32,40,5,8,14,20,32,28,0,0,128.0,7600,231934.0,59879907.0,2871.0,0.37776315789473686
w=32,40,5,8,21,13,32,28,0,0,128.0,7600,231934.0,1847766.0,2865.0,0.3769736842105263
w=32,40,8,5,10,20,32,28,0,0,128.0,7600,28990.0,42174948.0,4032.0,0.5305263157894737
w=32,40,8,5,14,14,32,28,0,0,128.0,7600,28990.0,1149405.0,4029.0,0.5301315789473684
w=32,40,8,5,15,13,32,28,0,0,128.0,7600,28990.0,723419.0,4028.0,0.53
w=32,40,8,5,21,9,32,28,0,0,128.0,7600,28990.0,274896.0,4023.0,0.529342105263158
w=32,42,6,7,22,11,32,28,0,0,128.0,7600,115966.0,875987.0,3251.0,0.42776315789473685
w=32,42,6,7,24,10,32,28,0,0,128.0,7600,115966.0,794063.0,3249.0,0.4275
w=32,44,2,22,22,16,32,28,0,0,128.0,7600,3800039422.0,7605845979.0,1707.0,0.22460526315789472
w=32,45,3,15,23,14,32,28,0,0,128.0,7600,29687806.0,90570711.0,2092.0,0.2752631578947368
w=32,45,5,9,17,16,32,28,0,0,128.0,7600,463870.0,6775773.0,2868.0,0.3773684210526316
w=32,48,3,16,18,18,32,28,0,0,128.0,7600,59375614.0,197001184.0,2096.0,0.27578947368421053
w=32,48,3,16,19,17,32,28,0,0,128.0,7600,59375614.0,188088286.0,2095.0,0.2756578947368421
w=32,50,2,25,23,15,32,28,0,0,128.0,7600,30400315390.0,60803645401.0,1706.0,0.22447368421052633
w=32,50,10,5,8,17,32,28,0,0,128.0,7600,28990.0,4484195.0,4805.0,0.6322368421052632
w=32,50,10,5,9,15,32,28,0,0,128.0,7600,28990.0,1469537.0,4804.0,0.6321052631578947
w=32,50,10,5,12,11,32,28,0,0,128.0,7600,28990.0,388188.0,4802.0,0.6318421052631579
w=32,50,10,5,16,8,32,28,0,0,128.0,7600,28990.0,306261.0,4799.0,0.6314473684210526
w=256,42,2,21,22,17,256,18,0,0,128.0,7600,9680453630.0,19372441563.0,5465.0,0.719078947368421
w=256,42,3,14,18,20,256,18,0,0,128.0,7600,75628542.0,302383072.0,7733.0,1.0175
w=256,42,3,14,21,17,256,18,0,0,128.0,7600,75628542.0,237895642.0,7730.0,1.0171052631578947
w=256,42,6,7,18,17,256,18,0,0,128.0,7600,590846.0,12982234.0,14528.0,1.911578947368421
w=256,42,7,6,17,17,256,18,0,0,128.0,7600,295422.0,10980825.0,16793.0,2.209605263157895
w=256,42,7,6,18,16,256,18,0,0,128.0,7600,295422.0,6786520.0,16793.0,2.209605263157895
w=256,42,14,3,9,19,256,18,0,0,128.0,7600,36926.0,19391321.0,32654.0,4.296578947368421
w=256,42,14,3,10,17,256,18,0,0,128.0,7600,36926.0,5759832.0,32654.0,4.296578947368421
w=256,42,14,3,12,14,256,18,0,0,128.0,7600,36926.0,1303380.0,32652.0,4.2963157894736845
w=256,42,14,3,15,11,256,18,0,0,128.0,7600,36926.0,639823.0,32650.0,4.296052631578948
w=256,42,14,3,18,9,256,18,0,0,128.0,7600,36926.0,553802.0,32648.0,4.29578947368421
w=256,42,14,3,20,8,256,18,0,0,128.0,7600,36926.0,537414.0,32646.0,4.295526315789473
w=256,48,12,4,10,20,256,18,0,0,128.0,7600,73854.0,42829276.0,28124.0,3.7005263157894737
w=256,48,12,4,14,14,256,18,0,0,128.0,7600,73854.0,1803733.0,28121.0,3.7001315789473685
w=256,48,12,4,15,13,256,18,0,0,128.0,7600,73854.0,1377747.0,28120.0,3.7
w=256,48,12,4,21,9,256,18,0,0,128.0,7600,73854.0,929224.0,28115.0,3.699342105263158
w=256,49,7,7,23,12,256,18,0,0,128.0,7600,590846.0,4512719.0,16789.0,2.209078947368421
w=16,40,5,8,13,19,16,35,0,0,128.0,7616,146430.0,27995108.0,1953.0,0.25643382352941174
w=16,40,5,8,20,12,16,35,0,0,128.0,7616,146430.0,1059800.0,1948.0,0.2557773109243697
w=16,44,2,22,19,18,16,35,0,0,128.0,7616,2399141886.0,4818206688.0,1343.0,0.17633928571428573
w=16,45,5,9,15,16,16,35,0,0,128.0,7616,292862.0,5396449.0,1952.0,0.25630252100840334
w=16,45,5,9,17,14,16,35,0,0,128.0,7616,292862.0,2578397.0,1950.0,0.25603991596638653
w=16,48,2,24,17,20,16,35,0,0,128.0,7616,9596567550.0,19264438243.0,1344.0,0.17647058823529413
w=16,48,2,24,21,16,16,35,0,0,128.0,7616,9596567550.0,19198640092.0,1341.0,0.17607668067226892
w=16,48,3,16,23,13,16,35,0,0,128.0,7616,37486590.0,113213399.0,1542.0,0.20246848739495799
w=16,48,8,6,7,20,16,35,0,0,128.0,7616,36606.0,29652969.0,2564.0,0.33665966386554624
w=32,40,4,10,17,18,32,28,0,0,128.0,7616,927742.0,21536735.0,2484.0,0.32615546218487396
w=32,40,4,10,19,16,32,28,0,0,128.0,7616,927742.0,8691676.0,2483.0,0.32602415966386555
w=32,48,4,12,15,20,32,28,0,0,128.0,7616,3710974.0,77758435.0,2486.0,0.32641806722689076
w=32,48,4,12,21,14,32,28,0,0,128.0,7616,3710974.0,16220120.0,2481.0,0.32576155462184875
w=32,49,7,7,23,9,32,28,0,0,128.0,7616,115966.0,858831.0,3638.0,0.47767857142857145
w=32,50,5,10,15,18,32,28,0,0,128.0,7616,927742.0,20367329.0,2872.0,0.37710084033613445
w=32,50,5,10,19,14,32,28,0,0,128.0,7616,927742.0,5883866.0,2869.0,0.37670693277310924
w=256,40,2,20,19,20,256,18,0,0,128.0,7616,4840226814.0,9760145376.0,5469.0,0.7180934873949579
w=256,40,2,20,21,18,256,18,0,0,128.0,7616,4840226814.0,9702473692.0,5467.0,0.7178308823529411
w=256,40,5,8,23,14,256,18,0,0,128.0,7616,1181694.0,7415763.0,12261.0,1.6099002100840336
w=256,40,10,4,15,16,256,18,0,0,128.0,7616,73854.0,4670679.0,23592.0,3.097689075630252
w=256,40,10,4,17,14,256,18,0,0,128.0,7616,73854.0,1852627.0,23590.0,3.0974264705882355
w=256,45,5,9,17,19,256,18,0,0,128.0,7616,2363390.0,47468509.0,12265.0,1.6104254201680672
w=256,45,5,9,20,16,256,18,0,0,128.0,7616,2363390.0,17059800.0,12263.0,1.6101628151260505
w=256,45,15,3,8,19,256,18,0,0,128.0,7616,36926.0,17331097.0,34922.0,4.585346638655462
w=256,45,15,3,10,15,256,18,0,0,128.0,7616,36926.0,1864598.0,34921.0,4.585215336134453
w=256,45,15,3,16,9,256,18,0,0,128.0,7616,36926.0,586635.0,34916.0,4.584558823529412
w=256,48,2,24,23,16,256,18,0,0,128.0,7616,77443629054.0,154893287385.0,5466.0,0.7176995798319328
w=256,49,7,7,15,19,256,18,0,0,128.0,7616,590846.0,35593181.0,16797.0,2.205488445378151
w=256,49,7,7,20,14,256,18,0,0,128.0,7616,590846.0,5446612.0,16793.0,2.2049632352941178
w=16,42,6,7,14,15,16,35,0,0,128.0,7632,73214.0,2274273.0,2157.0,0.282625786163522
w=16,42,6,7,16,13,16,35,0,0,128.0,7632,73214.0,963549.0,2155.0,0.2823637316561845
w=16,42,7,6,9,20,16,35,0,0,128.0,7632,36606.0,38004967.0,2362.0,0.30948637316561844
w=16,42,7,6,21,8,16,35,0,0,128.0,7632,36606.0,277714.0,2353.0,0.30830712788259956
w=16,45,5,9,16,15,16,35,0,0,128.0,7632,292862.0,3561439.0,1953.0,0.25589622641509435
w=16,46,2,23,18,19,16,35,0,0,128.0,7632,4798283774.0,9634316258.0,1346.0,0.17636268343815514
w=16,46,2,23,20,17,16,35,0,0,128.0,7632,4798283774.0,9607053278.0,1344.0,0.1761006289308176
w=16,46,2,23,24,14,16,35,0,0,128.0,7632,4798283774.0,9598140375.0,1341.0,0.17570754716981132
w=16,48,3,16,17,18,16,35,0,0,128.0,7632,37486590.0,130285537.0,1548.0,0.2028301886792453
w=16,48,3,16,19,16,16,35,0,0,128.0,7632,37486590.0,117440478.0,1547.0,0.2026991614255765
w=16,48,4,12,16,17,16,35,0,0,128.0,7632,2342910.0,17760225.0,1751.0,0.2294287211740042
w=16,48,4,12,18,15,16,35,0,0,128.0,7632,2342910.0,11730910.0,1750.0,0.22929769392033544
w=16,48,4,12,24,11,16,35,0,0,128.0,7632,2342910.0,9568211.0,1745.0,0.22864255765199162
w=16,49,7,7,13,13,16,35,0,0,128.0,7632,73214.0,938464.0,2359.0,0.30909329140461217
w=16,49,7,7,14,12,16,35,0,0,128.0,7632,73214.0,741855.0,2359.0,0.30909329140461217
w=32,40,2,20,19,19,32,28,0,0,128.0,7632,950009854.0,1939865568.0,1713.0,0.2244496855345912
w=32,40,2,20,20,18,32,28,0,0,128.0,7632,950009854.0,1920991198.0,1712.0,0.22431865828092243
w=32,40,4,10,18,17,32,28,0,0,128.0,7632,927742.0,13148126.0,2486.0,0.32573375262054505
w=32,42,2,21,18,20,32,28,0,0,128.0,7632,1900019710.0,3875536866.0,1714.0,0.22458071278825995
w=32,42,2,21,21,17,32,28,0,0,128.0,7632,1900019710.0,3811049436.0,1711.0,0.22418763102725367
w=32,42,6,7,14,18,32,28,0,0,128.0,7632,115966.0,15375841.0,3261.0,0.42727987421383645
w=32,42,6,7,19,13,32,28,0,0,128.0,7632,115966.0,1318360.0,3257.0,0.4267557651991614
w=32,42,7,6,14,16,32,28,0,0,128.0,7632,57982.0,4075871.0,3647.0,0.47785639412997905
w=32,42,7,6,17,13,32,28,0,0,128.0,7632,57982.0,962905.0,3644.0,0.47746331236897277
w=32,44,4,11,16,19,32,28,0,0,128.0,7632,1855486.0,40976353.0,2487.0,0.32586477987421386
w=32,44,4,11,20,15,32,28,0,0,128.0,7632,1855486.0,10043354.0,2484.0,0.32547169811320753
w=32,46,2,23,22,16,32,28,0,0,128.0,7632,7600078846.0,15205924827.0,1711.0,0.22418763102725367
w=32,48,6,8,13,19,32,28,0,0,128.0,7632,231934.0,28654562.0,3261.0,0.42727987421383645
w=32,48,6,8,20,12,32,28,0,0,128.0,7632,231934.0,1719254.0,3256.0,0.42662473794549266
w=32,48,8,6,12,16,32,28,0,0,128.0,7632,57982.0,3609568.0,4034.0,0.5285639412997903
w=32,48,8,6,17,11,32,28,0,0,128.0,7632,57982.0,603095.0,4030.0,0.5280398322851153
w=32,49,7,7,11,20,32,28,0,0,128.0,7632,115966.0,46949092.0,3649.0,0.47811844863731656
w=32,49,7,7,21,10,32,28,0,0,128.0,7632,115966.0,897746.0,3641.0,0.47707023060796644
w=32,50,5,10,22,12,32,28,0,0,128.0,7632,927742.0,4999125.0,2869.0,0.37591719077568136
w=256,40,2,20,20,19,256,18,0,0,128.0,7632,4840226814.0,9722396638.0,5470.0,0.7167190775681341
w=256,40,10,4,16,15,256,18,0,0,128.0,7632,73854.0,2835669.0,23593.0,3.0913259958071277
w=256,42,3,14,19,19,256,18,0,0,128.0,7632,75628542.0,266731486.0,7736.0,1.0136268343815513
w=256,42,3,14,20,18,256,18,0,0,128.0,7632,75628542.0,247857116.0,7735.0,1.0134958071278826
w=256,42,7,6,22,13,256,18,0,0,128.0,7632,295422.0,2788817.0,16794.0,2.2004716981132075
w=256,42,14,3,13,13,256,18,0,0,128.0,7632,36926.0,942930.0,32655.0,4.278694968553459
w=256,42,14,3,14,12,256,18,0,0,128.0,7632,36926.0,746321.0,32655.0,4.278694968553459
w=256,44,2,22,22,17,256,18,0,0,128.0,7632,19360907262.0,38733348827.0,5469.0,0.7165880503144654
w=256,44,4,11,18,19,256,18,0,0,128.0,7632,9453566.0,75562974.0,10002.0,1.3105345911949686
w=256,44,4,11,20,17,256,18,0,0,128.0,7632,9453566.0,48299994.0,10000.0,1.310272536687631
w=256,44,4,11,24,14,256,18,0,0,128.0,7632,9453566.0,39387091.0,9997.0,1.3098794549266248
w=256,44,11,4,13,17,256,18,0,0,128.0,7632,73854.0,7628120.0,25860.0,3.388364779874214
w=256,44,11,4,18,12,256,18,0,0,128.0,7632,73854.0,1107280.0,25857.0,3.3879716981132075
w=256,48,3,16,22,16,256,18,0,0,128.0,7632,302514174.0,913309657.0,7734.0,1.0133647798742138
w=256,48,6,8,16,19,256,18,0,0,128.0,7632,1181694.0,40644573.0,14533.0,1.9042190775681342
w=256,48,6,8,20,15,256,18,0,0,128.0,7632,1181694.0,9711574.0,14530.0,1.903825995807128
w=256,48,16,3,7,19,256,18,0,0,128.0,7632,36926.0,15270873.0,37190.0,4.8729035639413
w=256,48,16,3,10,13,256,18,0,0,128.0,7632,36926.0,918484.0,37188.0,4.872641509433962
w=256,48,16,3,14,9,256,18,0,0,128.0,7632,36926.0,619469.0,37185.0,4.872248427672956
w=256,50,5,10,16,20,256,18,0,0,128.0,7632,4726782.0,90742751.0,12268.0,1.6074423480083857
w=256,50,5,10,21,15,256,18,0,0,128.0,7632,4726782.0,26386390.0,12264.0,1.6069182389937107
w=256,50,5,10,24,13,256,18,0,0,128.0,7632,4726782.0,24420305.0,12262.0,1.6066561844863732
w=16,42,3,14,22,14,16,35,0,0,128.0,7648,9371646.0,29556697.0,1547.0,0.20227510460251047
w=16,42,6,7,15,14,16,35,0,0,128.0,7648,73214.0,1422303.0,2158.0,0.2821652719665272
w=16,42,7,6,10,18,16,35,0,0,128.0,7648,36606.0,10741990.0,2364.0,0.3091004184100418
w=16,42,7,6,19,9,16,35,0,0,128.0,7648,36606.0,295126.0,2357.0,0.30818514644351463
w=16,46,2,23,19,18,16,35,0,0,128.0,7648,4798283774.0,9616490464.0,1347.0,0.1761244769874477
w=16,48,3,16,18,17,16,35,0,0,128.0,7648,37486590.0,121896928.0,1550.0,0.2026673640167364
w=16,48,4,12,17,16,16,35,0,0,128.0,7648,2342910.0,13828063.0,1752.0,0.2290794979079498
w=16,50,2,25,17,20,16,35,0,0,128.0,7648,19193135102.0,38457573347.0,1348.0,0.17625523012552302
w=16,50,2,25,21,16,16,35,0,0,128.0,7648,19193135102.0,38391775196.0,1345.0,0.17586297071129708
w=16,50,5,10,12,20,16,35,0,0,128.0,7648,585726.0,53260262.0,1958.0,0.2560146443514644
w=16,50,5,10,14,17,16,35,0,0,128.0,7648,585726.0,10268643.0,1957.0,0.2558838912133891
w=16,50,5,10,18,13,16,35,0,0,128.0,7648,585726.0,3518428.0,1954.0,0.2554916317991632
w=16,50,5,10,21,11,16,35,0,0,128.0,7648,585726.0,3100630.0,1951.0,0.25509937238493724
w=32,45,9,5,9,19,32,28,0,0,128.0,7648,28990.0,19135267.0,4424.0,0.5784518828451883
w=32,45,9,5,10,17,32,28,0,0,128.0,7648,28990.0,5503778.0,4424.0,0.5784518828451883
w=32,45,9,5,12,14,32,28,0,0,128.0,7648,28990.0,1047326.0,4422.0,0.5781903765690377
w=32,45,9,5,15,11,32,28,0,0,128.0,7648,28990.0,383769.0,4420.0,0.577928870292887
w=32,45,9,5,18,9,32,28,0,0,128.0,7648,28990.0,297748.0,4418.0,0.5776673640167364
w=32,45,9,5,20,8,32,28,0,0,128.0,7648,28990.0,281360.0,4416.0,0.5774058577405857
w=32,48,3,16,23,14,32,28,0,0,128.0,7648,59375614.0,179634135.0,2098.0,0.2743200836820084
w=32,50,10,5,7,20,32,28,0,0,128.0,7648,28990.0,29650021.0,4812.0,0.62918410041841
w=256,42,2,21,19,20,256,18,0,0,128.0,7648,9680453630.0,19440599008.0,5473.0,0.7156119246861925
w=256,42,2,21,21,18,256,18,0,0,128.0,7648,9680453630.0,19382927324.0,5471.0,0.7153504184100419
w=256,44,4,11,19,18,256,18,0,0,128.0,7648,9453566.0,57737180.0,10003.0,1.307923640167364
w=256,45,3,15,18,20,256,18,0,0,128.0,7648,151257086.0,529268704.0,7739.0,1.0118985355648535
w=256,45,3,15,21,17,256,18,0,0,128.0,7648,151257086.0,464781274.0,7736.0,1.0115062761506277
w=256,45,5,9,18,18,256,18,0,0,128.0,7648,2363390.0,30691292.0,12269.0,1.6042102510460252
w=256,45,5,9,19,17,256,18,0,0,128.0,7648,2363390.0,21778394.0,12268.0,1.6040794979079498
w=256,45,9,5,15,17,256,18,0,0,128.0,7648,147710.0,9193689.0,21331.0,2.7890951882845187
w=256,45,9,5,18,14,256,18,0,0,128.0,7648,147710.0,2509012.0,21329.0,2.7888336820083683
w=256,45,15,3,9,17,256,18,0,0,128.0,7648,36926.0,5272471.0,34925.0,4.566553347280335
w=256,45,15,3,18,8,256,18,0,0,128.0,7648,36926.0,572296.0,34919.0,4.5657688284518825
w=256,48,4,12,17,20,256,18,0,0,128.0,7648,18907134.0,146931679.0,10004.0,1.3080543933054394
w=256,48,4,12,21,16,256,18,0,0,128.0,7648,18907134.0,81133528.0,10001.0,1.3076621338912133
w=256,48,8,6,15,18,256,18,0,0,128.0,7648,295422.0,18091995.0,19066.0,2.492939330543933
w=256,48,8,6,19,14,256,18,0,0,128.0,7648,295422.0,3608532.0,19063.0,2.492547071129707
w=256,50,2,25,23,16,256,18,0,0,128.0,7648,154887258110.0,309780545497.0,5470.0,0.7152196652719666
w=256,50,10,5,13,18,256,18,0,0,128.0,7648,147710.0,15108570.0,23597.0,3.08538179916318
w=256,50,10,5,19,12,256,18,0,0,128.0,7648,147710.0,1788368.0,23593.0,3.0848587866108788
w=16,40,2,20,23,15,16,35,0,0,128.0,7664,599785470.0,1202585561.0,1346.0,0.17562630480167016
w=16,44,4,11,14,20,16,35,0,0,128.0,7664,1171454.0,63406053.0,1757.0,0.2292536534446764
w=16,44,4,11,21,13,16,35,0,0,128.0,7664,1171454.0,5373912.0,1751.0,0.22847077244258873
w=16,48,2,24,18,19,16,35,0,0,128.0,7664,9596567550.0,19230883810.0,1350.0,0.1761482254697286
w=16,48,2,24,20,17,16,35,0,0,128.0,7664,9596567550.0,19203620830.0,1348.0,0.17588726513569938
w=16,48,2,24,24,14,16,35,0,0,128.0,7664,9596567550.0,19194707927.0,1345.0,0.17549582463465555
w=16,48,6,8,11,19,16,35,0,0,128.0,7664,146430.0,23947238.0,2163.0,0.2822286012526096
w=16,48,6,8,20,10,16,35,0,0,128.0,7664,146430.0,960470.0,2156.0,0.28131524008350733
w=16,48,6,8,22,9,16,35,0,0,128.0,7664,146430.0,923603.0,2155.0,0.28118475991649267
w=16,48,8,6,10,14,16,35,0,0,128.0,7664,36606.0,948196.0,2568.0,0.33507306889352817
w=16,48,8,6,15,9,16,35,0,0,128.0,7664,36606.0,323547.0,2564.0,0.3345511482254697
w=16,50,5,10,23,10,16,35,0,0,128.0,7664,585726.0,3022803.0,1952.0,0.2546972860125261
w=32,42,2,21,19,19,32,28,0,0,128.0,7664,1900019710.0,3839885280.0,1717.0,0.22403444676409187
w=32,42,2,21,20,18,32,28,0,0,128.0,7664,1900019710.0,3821010910.0,1716.0,0.22390396659707723
w=32,42,3,14,22,15,32,28,0,0,128.0,7664,14843902.0,47415257.0,2101.0,0.2741388308977035
w=32,42,7,6,12,19,32,28,0,0,128.0,7664,57982.0,25571682.0,3652.0,0.47651356993736954
w=32,42,7,6,15,15,32,28,0,0,128.0,7664,57982.0,2371933.0,3650.0,0.4762526096033403
w=32,42,7,6,16,14,32,28,0,0,128.0,7664,57982.0,1454427.0,3649.0,0.4761221294363257
w=32,42,7,6,20,11,32,28,0,0,128.0,7664,57982.0,569684.0,3646.0,0.47573068893528186
w=32,42,7,6,24,9,32,28,0,0,128.0,7664,57982.0,454989.0,3643.0,0.47533924843423797
w=32,44,2,22,18,20,32,28,0,0,128.0,7664,3800039422.0,7675576290.0,1718.0,0.22416492693110648
w=32,44,2,22,21,17,32,28,0,0,128.0,7664,3800039422.0,7611088860.0,1715.0,0.22377348643006262
w=32,44,4,11,23,13,32,28,0,0,128.0,7664,1855486.0,8175573.0,2486.0,0.32437369519832987
w=32,48,2,24,22,16,32,28,0,0,128.0,7664,15200157694.0,30406082523.0,1715.0,0.22377348643006262
w=32,50,5,10,16,17,32,28,0,0,128.0,7664,927742.0,13027295.0,2877.0,0.37539144050104384
w=32,50,5,10,18,15,32,28,0,0,128.0,7664,927742.0,6997980.0,2876.0,0.3752609603340292
w=32,50,5,10,24,11,32,28,0,0,128.0,7664,927742.0,4835281.0,2871.0,0.37460855949895616
w=256,40,8,5,14,20,256,18,0,0,128.0,7664,147710.0,59901917.0,19069.0,2.48812630480167
w=256,40,8,5,21,13,256,18,0,0,128.0,7664,147710.0,1869776.0,19063.0,2.4873434237995826
w=256,42,2,21,20,19,256,18,0,0,128.0,7664,9680453630.0,19402850270.0,5474.0,0.7142484342379958
w=256,46,2,23,22,17,256,18,0,0,128.0,7664,38721814526.0,77455163355.0,5473.0,0.7141179540709812
w=256,48,6,8,23,13,256,18,0,0,128.0,7664,1181694.0,7843793.0,14532.0,1.8961377870563674
w=256,48,8,6,22,12,256,18,0,0,128.0,7664,295422.0,2723791.0,19063.0,2.4873434237995826
w=16,40,4,10,23,12,16,35,0,0,128.0,7680,585726.0,2719701.0,1752.0,0.228125
w=16,40,5,8,22,11,16,35,0,0,128.0,7680,146430.0,912341.0,1955.0,0.2545572916666667
w=16,40,5,8,24,10,16,35,0,0,128.0,7680,146430.0,830417.0,1953.0,0.254296875
w=16,42,7,6,12,15,16,35,0,0,128.0,7680,36606.0,1829090.0,2366.0,0.30807291666666664
w=16,42,7,6,16,11,16,35,0,0,128.0,7680,36606.0,387291.0,2363.0,0.30768229166666666
w=16,48,2,24,19,18,16,35,0,0,128.0,7680,9596567550.0,19213058016.0,1351.0,0.17591145833333333
w=16,48,6,8,13,16,16,35,0,0,128.0,7680,146430.0,4286434.0,2163.0,0.281640625
w=16,48,6,8,17,12,16,35,0,0,128.0,7680,146430.0,1157083.0,2160.0,0.28125
w=32,40,5,8,23,12,32,28,0,0,128.0,7680,231934.0,1536467.0,2874.0,0.37421875
w=32,44,4,11,17,18,32,28,0,0,128.0,7680,1855486.0,25247711.0,2492.0,0.32447916666666665
w=32,44,4,11,19,16,32,28,0,0,128.0,7680,1855486.0,12402652.0,2491.0,0.3243489583333333
w=32,45,5,9,14,20,32,28,0,0,128.0,7680,463870.0,61039587.0,2881.0,0.3751302083333333
w=32,45,5,9,21,13,32,28,0,0,128.0,7680,463870.0,3007446.0,2875.0,0.3743489583333333
w=32,45,9,5,13,13,32,28,0,0,128.0,7680,28990.0,686876.0,4425.0,0.576171875
w=32,45,9,5,14,12,32,28,0,0,128.0,7680,28990.0,490267.0,4425.0,0.576171875
w=32,48,8,6,23,8,32,28,0,0,128.0,7680,57982.0,487373.0,4032.0,0.525
w=32,49,7,7,13,17,32,28,0,0,128.0,7680,115966.0,7627488.0,3653.0,0.47565104166666666
w=32,49,7,7,18,12,32,28,0,0,128.0,7680,115966.0,1106648.0,3650.0,0.4752604166666667
w=32,50,5,10,17,16,32,28,0,0,128.0,7680,927742.0,9095133.0,2878.0,0.37473958333333335
w=256,44,2,22,19,20,256,18,0,0,128.0,7680,19360907262.0,38801506272.0,5477.0,0.7131510416666667
w=256,44,2,22,21,18,256,18,0,0,128.0,7680,19360907262.0,38743834588.0,5475.0,0.712890625
w=256,45,3,15,19,19,256,18,0,0,128.0,7680,151257086.0,493617118.0,7742.0,1.0080729166666667
w=256,45,3,15,20,18,256,18,0,0,128.0,7680,151257086.0,474742748.0,7741.0,1.0079427083333334
w=256,45,9,5,16,16,256,18,0,0,128.0,7680,147710.0,5523671.0,21334.0,2.7778645833333333
w=256,45,9,5,17,15,256,18,0,0,128.0,7680,147710.0,3557589.0,21333.0,2.777734375
w=256,48,6,8,17,18,256,18,0,0,128.0,7680,1181694.0,24915931.0,14538.0,1.89296875
w=256,48,6,8,19,16,256,18,0,0,128.0,7680,1181694.0,12070872.0,14537.0,1.8928385416666667
w=256,48,16,3,11,12,256,18,0,0,128.0,7680,36926.0,771026.0,37193.0,4.842838541666667
w=256,48,16,3,13,10,256,18,0,0,128.0,7680,36926.0,644046.0,37191.0,4.842578125
w=256,49,7,7,16,18,256,18,0,0,128.0,7680,590846.0,20913115.0,16804.0,2.1880208333333333
w=256,49,7,7,19,15,256,18,0,0,128.0,7680,590846.0,6626262.0,16802.0,2.187760416666667
w=16,40,4,10,15,19,16,35,0,0,128.0,7696,585726.0,33800163.0,1760.0,0.2286902286902287
w=16,40,4,10,20,14,16,35,0,0,128.0,7696,585726.0,3653594.0,1756.0,0.22817047817047817
w=16,40,8,5,8,19,16,35,0,0,128.0,7696,18302.0,16923623.0,2573.0,0.3343295218295218
w=16,40,8,5,10,15,16,35,0,0,128.0,7696,18302.0,1457124.0,2572.0,0.3341995841995842
w=16,42,2,21,23,15,16,35,0,0,128.0,7696,1199570942.0,2402156505.0,1350.0,0.1754158004158004
w=16,42,6,7,12,18,16,35,0,0,128.0,7696,73214.0,13022180.0,2166.0,0.28144490644490644
w=16,42,6,7,19,11,16,35,0,0,128.0,7696,73214.0,594904.0,2161.0,0.2807952182952183
w=16,45,3,15,22,14,16,35,0,0,128.0,7696,18743294.0,57671641.0,1553.0,0.2017931392931393
w=16,45,5,9,13,19,16,35,0,0,128.0,7696,292862.0,28727268.0,1963.0,0.25506756756756754
w=16,45,5,9,20,12,16,35,0,0,128.0,7696,292862.0,1791960.0,1958.0,0.2544178794178794
w=16,48,8,6,8,18,16,35,0,0,128.0,7696,36606.0,8681447.0,2573.0,0.3343295218295218
w=16,50,2,25,18,19,16,35,0,0,128.0,7696,19193135102.0,38424018914.0,1354.0,0.17593555093555094
w=16,50,2,25,20,17,16,35,0,0,128.0,7696,19193135102.0,38396755934.0,1352.0,0.17567567567567569
w=16,50,2,25,24,14,16,35,0,0,128.0,7696,19193135102.0,38387843031.0,1349.0,0.17528586278586278
w=16,50,5,10,15,16,16,35,0,0,128.0,7696,585726.0,6860769.0,1962.0,0.2549376299376299
w=16,50,5,10,17,14,16,35,0,0,128.0,7696,585726.0,4042717.0,1960.0,0.25467775467775466
w=32,40,2,20,24,15,32,28,0,0,128.0,7696,950009854.0,1903165399.0,1717.0,0.2231029106029106
w=32,40,5,8,15,19,32,28,0,0,128.0,7696,231934.0,32616929.0,2882.0,0.3744802494802495
w=32,40,5,8,20,14,32,28,0,0,128.0,7696,231934.0,2470360.0,2878.0,0.373960498960499
w=32,40,8,5,12,17,32,28,0,0,128.0,7696,28990.0,6523360.0,4042.0,0.5252079002079002
w=32,40,8,5,18,11,32,28,0,0,128.0,7696,28990.0,379350.0,4038.0,0.5246881496881497
w=32,40,8,5,24,8,32,28,0,0,128.0,7696,28990.0,256459.0,4033.0,0.5240384615384616
w=32,40,10,4,8,19,32,28,0,0,128.0,7696,14494.0,16922147.0,4817.0,0.6259095634095634
w=32,40,10,4,10,15,32,28,0,0,128.0,7696,14494.0,1455648.0,4816.0,0.6257796257796258
w=32,42,6,7,15,17,32,28,0,0,128.0,7696,115966.0,8560095.0,3268.0,0.42463617463617465
w=32,42,6,7,18,14,32,28,0,0,128.0,7696,115966.0,1875418.0,3266.0,0.4243762993762994
w=32,42,7,6,22,10,32,28,0,0,128.0,7696,57982.0,495953.0,3649.0,0.47414241164241167
w=32,44,2,22,19,19,32,28,0,0,128.0,7696,3800039422.0,7639924704.0,1721.0,0.22362266112266113
w=32,44,2,22,20,18,32,28,0,0,128.0,7696,3800039422.0,7621050334.0,1720.0,0.2234927234927235
w=32,44,4,11,18,17,32,28,0,0,128.0,7696,1855486.0,16859102.0,2494.0,0.3240644490644491
w=32,46,2,23,18,20,32,28,0,0,128.0,7696,7600078846.0,15275655138.0,1722.0,0.22375259875259876
w=32,46,2,23,21,17,32,28,0,0,128.0,7696,7600078846.0,15211167708.0,1719.0,0.22336278586278585
w=32,48,4,12,16,19,32,28,0,0,128.0,7696,3710974.0,48398305.0,2495.0,0.3241943866943867
w=32,48,4,12,20,15,32,28,0,0,128.0,7696,3710974.0,17465306.0,2492.0,0.3238045738045738
w=32,48,6,8,22,11,32,28,0,0,128.0,7696,231934.0,1571795.0,3263.0,0.4239864864864865
w=32,48,6,8,24,10,32,28,0,0,128.0,7696,231934.0,1489871.0,3261.0,0.4237266112266112
w=32,48,8,6,13,15,32,28,0,0,128.0,7696,57982.0,2167774.0,4041.0,0.5250779625779626
w=32,48,8,6,16,12,32,28,0,0,128.0,7696,57982.0,725977.0,4039.0,0.5248180873180873
w=32,50,2,25,22,16,32,28,0,0,128.0,7696,30400315390.0,60806397915.0,1719.0,0.22336278586278585
w=32,50,10,5,10,14,32,28,0,0,128.0,7696,28990.0,945248.0,4816.0,0.6257796257796258
w=32,50,10,5,15,9,32,28,0,0,128.0,7696,28990.0,320599.0,4812.0,0.6252598752598753
w=256,40,4,10,23,15,256,18,0,0,128.0,7696,4726782.0,21921749.0,10006.0,1.3001559251559252
w=256,40,10,4,13,19,256,18,0,0,128.0,7696,73854.0,28001498.0,23603.0,3.0669178794178795
w=256,40,10,4,20,12,256,18,0,0,128.0,7696,73854.0,1066190.0,23598.0,3.066268191268191
w=256,42,3,14,24,15,256,18,0,0,128.0,7696,75628542.0,230031317.0,7740.0,1.0057172557172558
w=256,42,6,7,22,14,256,18,0,0,128.0,7696,590846.0,4986835.0,14537.0,1.8889033264033264
w=256,42,7,6,24,12,256,18,0,0,128.0,7696,295422.0,2461133.0,16800.0,2.182952182952183
w=256,44,2,22,20,19,256,18,0,0,128.0,7696,19360907262.0,38763757534.0,5478.0,0.7117983367983368
w=256,44,11,4,14,16,256,18,0,0,128.0,7696,73854.0,4482391.0,25868.0,3.3612266112266114
w=256,44,11,4,17,13,256,18,0,0,128.0,7696,73854.0,1369425.0,25865.0,3.3608367983367984
w=256,45,5,9,23,14,256,18,0,0,128.0,7696,2363390.0,13324243.0,12271.0,1.594464656964657
w=256,45,9,5,13,20,256,18,0,0,128.0,7696,147710.0,55855324.0,21338.0,2.7726091476091477
w=256,45,9,5,21,12,256,18,0,0,128.0,7696,147710.0,1673422.0,21332.0,2.7718295218295217
w=256,45,15,3,11,14,256,18,0,0,128.0,7696,36926.0,1274772.0,34930.0,4.538721413721413
w=256,45,15,3,15,10,256,18,0,0,128.0,7696,36926.0,615309.0,34927.0,4.538331600831601
w=256,48,2,24,22,17,256,18,0,0,128.0,7696,77443629054.0,154898792411.0,5477.0,0.7116683991683992
w=256,48,3,16,18,20,256,18,0,0,128.0,7696,302514174.0,983039968.0,7745.0,1.0063669438669438
w=256,48,3,16,21,17,256,18,0,0,128.0,7696,302514174.0,918552538.0,7742.0,1.005977130977131
w=256,48,4,12,18,19,256,18,0,0,128.0,7696,18907134.0,113377246.0,10010.0,1.3006756756756757
w=256,48,4,12,20,17,256,18,0,0,128.0,7696,18907134.0,86114266.0,10008.0,1.3004158004158004
w=256,48,4,12,24,14,256,18,0,0,128.0,7696,18907134.0,77201363.0,10005.0,1.3000259875259876
w=256,48,6,8,18,17,256,18,0,0,128.0,7696,1181694.0,16527322.0,14540.0,1.8892931392931394
w=256,48,8,6,16,17,256,18,0,0,128.0,7696,295422.0,10751961.0,19071.0,2.4780405405405403
w=256,48,8,6,18,15,256,18,0,0,128.0,7696,295422.0,4722646.0,19070.0,2.477910602910603
w=256,48,8,6,24,11,256,18,0,0,128.0,7696,295422.0,2559947.0,19065.0,2.477260914760915
w=256,48,12,4,12,17,256,18,0,0,128.0,7696,73854.0,7177688.0,28134.0,3.6556652806652807
w=256,48,12,4,18,11,256,18,0,0,128.0,7696,73854.0,1033678.0,28130.0,3.6551455301455302
w=256,48,12,4,24,8,256,18,0,0,128.0,7696,73854.0,910787.0,28125.0,3.654495841995842
w=256,48,16,3,8,17,256,18,0,0,128.0,7696,36926.0,4785111.0,37197.0,4.833290020790021
w=256,48,16,3,9,15,256,18,0,0,128.0,7696,36926.0,1770453.0,37196.0,4.833160083160083
w=256,48,16,3,12,11,256,18,0,0,128.0,7696,36926.0,689104.0,37194.0,4.832900207900208
w=256,48,16,3,16,8,256,18,0,0,128.0,7696,36926.0,607177.0,37191.0,4.832510395010395
w=256,50,5,10,17,19,256,18,0,0,128.0,7696,4726782.0,59285469.0,12275.0,1.5949844074844075
w=256,50,5,10,20,16,256,18,0,0,128.0,7696,4726782.0,28876760.0,12273.0,1.5947245322245323
w=16,40,5,8,14,18,16,35,0,0,128.0,7712,146430.0,15412195.0,1965.0,0.25479771784232363
w=16,40,5,8,19,13,16,35,0,0,128.0,7712,146430.0,1354714.0,1961.0,0.2542790456431535
w=16,48,8,6,9,16,16,35,0,0,128.0,7712,36606.0,2652133.0,2574.0,0.3337655601659751
w=16,48,8,6,17,8,16,35,0,0,128.0,7712,36606.0,310231.0,2568.0,0.3329875518672199
w=16,49,7,7,11,16,16,35,0,0,128.0,7712,73214.0,3396068.0,2371.0,0.3074429460580913
w=16,49,7,7,17,10,16,35,0,0,128.0,7712,73214.0,582105.0,2366.0,0.30679460580912865
w=16,50,2,25,19,18,16,35,0,0,128.0,7712,19193135102.0,38406193120.0,1355.0,0.17570020746887965
w=16,50,5,10,16,15,16,35,0,0,128.0,7712,585726.0,5025759.0,1963.0,0.2545383817427386
w=32,45,3,15,22,15,32,28,0,0,128.0,7712,29687806.0,91946969.0,2107.0,0.27321058091286304
w=32,48,8,6,11,18,32,28,0,0,128.0,7712,57982.0,11998178.0,4045.0,0.5245072614107884
w=32,48,8,6,19,10,32,28,0,0,128.0,7712,57982.0,541652.0,4039.0,0.5237292531120332
w=256,42,14,3,11,16,256,18,0,0,128.0,7712,36926.0,3400534.0,32667.0,4.2358661825726145
w=256,42,14,3,17,10,256,18,0,0,128.0,7712,36926.0,586571.0,32662.0,4.235217842323651
w=256,46,2,23,19,20,256,18,0,0,128.0,7712,38721814526.0,77523320800.0,5481.0,0.7107105809128631
w=256,46,2,23,21,18,256,18,0,0,128.0,7712,38721814526.0,77465649116.0,5479.0,0.710451244813278
w=256,48,4,12,19,18,256,18,0,0,128.0,7712,18907134.0,95551452.0,10011.0,1.298106846473029
w=256,48,8,6,17,16,256,18,0,0,128.0,7712,295422.0,6819799.0,19072.0,2.4730290456431536
w=256,49,7,7,17,17,256,18,0,0,128.0,7712,590846.0,13048793.0,16807.0,2.1793309128630707
w=256,49,7,7,18,16,256,18,0,0,128.0,7712,590846.0,8854488.0,16807.0,2.1793309128630707
w=16,40,8,5,9,17,16,35,0,0,128.0,7728,18302.0,4864997.0,2576.0,0.3333333333333333
w=16,42,6,7,23,9,16,35,0,0,128.0,7728,73214.0,486353.0,2162.0,0.27976190476190477
w=16,42,7,6,13,14,16,35,0,0,128.0,7728,36606.0,1108192.0,2371.0,0.3068064182194617
w=16,42,7,6,15,12,16,35,0,0,128.0,7728,36606.0,501981.0,2370.0,0.30667701863354035
w=16,44,2,22,23,15,16,35,0,0,128.0,7728,2399141886.0,4801298393.0,1354.0,0.1752070393374741
w=16,48,4,12,14,20,16,35,0,0,128.0,7728,2342910.0,68091877.0,1765.0,0.22839026915113872
w=16,48,4,12,21,13,16,35,0,0,128.0,7728,2342910.0,10059736.0,1759.0,0.22761387163561075
w=16,48,6,8,14,15,16,35,0,0,128.0,7728,146430.0,2713569.0,2169.0,0.28066770186335405
w=16,48,6,8,16,13,16,35,0,0,128.0,7728,146430.0,1402845.0,2167.0,0.28040890269151136
w=16,48,8,6,11,13,16,35,0,0,128.0,7728,36606.0,653282.0,2575.0,0.33320393374741203
w=16,48,8,6,14,10,16,35,0,0,128.0,7728,36606.0,350173.0,2573.0,0.33294513457556935
w=32,40,4,10,22,14,32,28,0,0,128.0,7728,927742.0,5152727.0,2495.0,0.322851966873706
w=32,40,10,4,9,17,32,28,0,0,128.0,7728,14494.0,4863521.0,4820.0,0.6237060041407867
w=32,42,2,21,24,15,32,28,0,0,128.0,7728,1900019710.0,3803185111.0,1721.0,0.22269668737060042
w=32,42,6,7,16,16,32,28,0,0,128.0,7728,115966.0,4890077.0,3271.0,0.42326604554865427
w=32,42,6,7,17,15,32,28,0,0,128.0,7728,115966.0,2923995.0,3270.0,0.4231366459627329
w=32,46,2,23,19,19,32,28,0,0,128.0,7728,7600078846.0,15240003552.0,1725.0,0.22321428571428573
w=32,46,2,23,20,18,32,28,0,0,128.0,7728,7600078846.0,15221129182.0,1724.0,0.22308488612836438
w=32,48,2,24,18,20,32,28,0,0,128.0,7728,15200157694.0,30475812834.0,1726.0,0.22334368530020704
w=32,48,2,24,21,17,32,28,0,0,128.0,7728,15200157694.0,30411325404.0,1723.0,0.22295548654244307
w=32,48,4,12,23,13,32,28,0,0,128.0,7728,3710974.0,15597525.0,2494.0,0.3227225672877847
w=32,48,6,8,14,18,32,28,0,0,128.0,7728,231934.0,16071649.0,3273.0,0.4235248447204969
w=32,48,6,8,19,13,32,28,0,0,128.0,7728,231934.0,2014168.0,3269.0,0.4230072463768116
w=32,48,8,6,10,20,32,28,0,0,128.0,7728,57982.0,42406884.0,4048.0,0.5238095238095238
w=32,48,8,6,14,14,32,28,0,0,128.0,7728,57982.0,1381341.0,4045.0,0.5234213250517599
w=32,48,8,6,15,13,32,28,0,0,128.0,7728,57982.0,955355.0,4044.0,0.5232919254658385
w=32,48,8,6,21,9,32,28,0,0,128.0,7728,57982.0,506832.0,4039.0,0.5226449275362319
w=32,50,10,5,8,18,32,28,0,0,128.0,7728,28990.0,8678499.0,4821.0,0.6238354037267081
w=256,40,5,8,22,15,256,18,0,0,128.0,7728,1181694.0,8792021.0,12276.0,1.5885093167701863
w=256,44,11,4,12,19,256,18,0,0,128.0,7728,73854.0,25978202.0,25873.0,3.347955486542443
w=256,44,11,4,15,15,256,18,0,0,128.0,7728,73854.0,2778453.0,25871.0,3.3476966873706004
w=256,44,11,4,16,14,256,18,0,0,128.0,7728,73854.0,1860947.0,25870.0,3.347567287784679
w=256,44,11,4,20,11,256,18,0,0,128.0,7728,73854.0,976204.0,25867.0,3.3471790890269153
w=256,44,11,4,24,9,256,18,0,0,128.0,7728,73854.0,861509.0,25864.0,3.346790890269151
w=256,46,2,23,20,19,256,18,0,0,128.0,7728,38721814526.0,77485572062.0,5482.0,0.7093685300207039
w=256,48,3,16,19,19,256,18,0,0,128.0,7728,302514174.0,947388382.0,7748.0,1.0025879917184266
w=256,48,3,16,20,18,256,18,0,0,128.0,7728,302514174.0,928514012.0,7747.0,1.002458592132505
w=256,50,2,25,22,17,256,18,0,0,128.0,7728,154887258110.0,309786050523.0,5481.0,0.7092391304347826
w=256,50,5,10,18,18,256,18,0,0,128.0,7728,4726782.0,42508252.0,12279.0,1.5888975155279503
w=256,50,5,10,19,17,256,18,0,0,128.0,7728,4726782.0,33595354.0,12278.0,1.588768115942029
w=256,50,10,5,12,20,256,18,0,0,128.0,7728,147710.0,51808732.0,23608.0,3.0548654244306417
w=256,50,10,5,14,17,256,18,0,0,128.0,7728,147710.0,8817113.0,23607.0,3.0547360248447206
w=256,50,10,5,18,13,256,18,0,0,128.0,7728,147710.0,2066898.0,23604.0,3.0543478260869565
w=256,50,10,5,21,11,256,18,0,0,128.0,7728,147710.0,1649100.0,23601.0,3.0539596273291925
w=16,42,3,14,16,20,16,35,0,0,128.0,7744,9371646.0,95223779.0,1563.0,0.20183367768595042
w=16,42,3,14,21,15,16,35,0,0,128.0,7744,9371646.0,30867418.0,1559.0,0.20131714876033058
w=16,42,3,14,24,13,16,35,0,0,128.0,7744,9371646.0,28901333.0,1557.0,0.20105888429752067
w=16,42,6,7,11,20,16,35,0,0,128.0,7744,73214.0,46576614.0,2173.0,0.2806043388429752
w=16,42,6,7,21,10,16,35,0,0,128.0,7744,73214.0,525268.0,2165.0,0.27957128099173556
w=16,42,7,6,14,13,16,35,0,0,128.0,7744,36606.0,714975.0,2373.0,0.30643078512396693
w=16,44,4,11,23,12,16,35,0,0,128.0,7744,1171454.0,5062613.0,1760.0,0.22727272727272727
w=16,48,3,16,22,14,16,35,0,0,128.0,7744,37486590.0,113901529.0,1559.0,0.20131714876033058
w=16,48,6,8,15,14,16,35,0,0,128.0,7744,146430.0,1861599.0,2170.0,0.2802169421487603
w=16,49,7,7,9,20,16,35,0,0,128.0,7744,73214.0,38261223.0,2376.0,0.3068181818181818
w=16,49,7,7,21,8,16,35,0,0,128.0,7744,73214.0,533970.0,2367.0,0.3056559917355372
w=32,42,3,14,17,20,32,28,0,0,128.0,7744,14843902.0,115834849.0,2114.0,0.27298553719008267
w=32,42,3,14,21,16,32,28,0,0,128.0,7744,14843902.0,50036698.0,2111.0,0.2725981404958678
w=32,42,6,7,13,20,32,28,0,0,128.0,7744,115966.0,55221730.0,3275.0,0.4229080578512397
w=32,42,6,7,21,12,32,28,0,0,128.0,7744,115966.0,1039828.0,3269.0,0.4221332644628099
w=32,48,4,12,17,18,32,28,0,0,128.0,7744,3710974.0,32669663.0,2500.0,0.3228305785123967
w=32,48,4,12,19,16,32,28,0,0,128.0,7744,3710974.0,19824604.0,2499.0,0.32270144628099173
w=32,49,7,7,14,16,32,28,0,0,128.0,7744,115966.0,4481759.0,3661.0,0.47275309917355374
w=32,49,7,7,17,13,32,28,0,0,128.0,7744,115966.0,1368793.0,3658.0,0.47236570247933884
w=32,50,10,5,9,16,32,28,0,0,128.0,7744,28990.0,2649185.0,4822.0,0.6226756198347108
w=32,50,10,5,17,8,32,28,0,0,128.0,7744,28990.0,307283.0,4816.0,0.621900826446281
w=256,40,8,5,23,12,256,18,0,0,128.0,7744,147710.0,1558477.0,19072.0,2.4628099173553717
w=256,42,7,6,15,20,256,18,0,0,128.0,7744,295422.0,64982493.0,16813.0,2.17110020661157
w=256,42,7,6,21,14,256,18,0,0,128.0,7744,295422.0,3444178.0,16808.0,2.1704545454545454
w=256,42,14,3,9,20,256,18,0,0,128.0,7744,36926.0,38265689.0,32672.0,4.2190082644628095
w=256,42,14,3,21,8,256,18,0,0,128.0,7744,36926.0,538436.0,32663.0,4.217846074380165
w=256,45,3,15,24,15,256,18,0,0,128.0,7744,151257086.0,456916949.0,7746.0,1.00025826446281
w=256,45,9,5,23,11,256,18,0,0,128.0,7744,147710.0,1517771.0,21337.0,2.755294421487603
w=256,45,15,3,8,20,256,18,0,0,128.0,7744,36926.0,34108313.0,34938.0,4.511621900826446
w=256,45,15,3,12,13,256,18,0,0,128.0,7744,36926.0,947090.0,34935.0,4.511234504132231
w=256,45,15,3,14,11,256,18,0,0,128.0,7744,36926.0,668559.0,34934.0,4.511105371900826
w=256,48,2,24,19,20,256,18,0,0,128.0,7744,77443629054.0,154966949856.0,5485.0,0.7082902892561983
w=256,48,2,24,21,18,256,18,0,0,128.0,7744,77443629054.0,154909278172.0,5483.0,0.7080320247933884
w=256,48,16,3,7,20,256,18,0,0,128.0,7744,36926.0,29950937.0,37204.0,4.804235537190083
w=256,49,7,7,22,13,256,18,0,0,128.0,7744,590846.0,4856785.0,16808.0,2.1704545454545454
w=256,50,10,5,23,10,256,18,0,0,128.0,7744,147710.0,1571273.0,23602.0,3.0477789256198347
w=16,40,2,20,22,16,16,35,0,0,128.0,7760,599785470.0,1205338075.0,1359.0,0.17512886597938143
w=16,40,4,10,16,18,16,35,0,0,128.0,7760,585726.0,19120097.0,1767.0,0.2277061855670103
w=16,40,4,10,19,15,16,35,0,0,128.0,7760,585726.0,4833244.0,1765.0,0.22744845360824742
w=16,44,4,11,15,19,16,35,0,0,128.0,7760,1171454.0,36143075.0,1768.0,0.22783505154639175
w=16,44,4,11,20,14,16,35,0,0,128.0,7760,1171454.0,5996506.0,1764.0,0.22731958762886598
w=16,45,5,9,22,11,16,35,0,0,128.0,7760,292862.0,1644501.0,1965.0,0.25322164948453607
w=16,45,5,9,24,10,16,35,0,0,128.0,7760,292862.0,1562577.0,1963.0,0.2529639175257732
w=16,46,2,23,23,15,16,35,0,0,128.0,7760,4798283774.0,9599582169.0,1358.0,0.175
w=16,48,8,6,12,12,16,35,0,0,128.0,7760,36606.0,489440.0,2578.0,0.3322164948453608
w=16,48,8,6,13,11,16,35,0,0,128.0,7760,36606.0,399326.0,2577.0,0.33208762886597937
w=16,49,7,7,10,18,16,35,0,0,128.0,7760,73214.0,10998246.0,2378.0,0.3064432989690722
w=16,49,7,7,19,9,16,35,0,0,128.0,7760,73214.0,551382.0,2371.0,0.3055412371134021
w=32,40,5,8,16,18,32,28,0,0,128.0,7760,231934.0,17936863.0,2889.0,0.3722938144329897
w=32,40,5,8,19,15,32,28,0,0,128.0,7760,231934.0,3650010.0,2887.0,0.3720360824742268
w=32,40,8,5,11,19,32,28,0,0,128.0,7760,28990.0,23300578.0,4051.0,0.5220360824742268
w=32,40,8,5,20,10,32,28,0,0,128.0,7760,28990.0,313810.0,4044.0,0.5211340206185567
w=32,40,8,5,22,9,32,28,0,0,128.0,7760,28990.0,276943.0,4043.0,0.5210051546391753
w=32,44,2,22,24,15,32,28,0,0,128.0,7760,3800039422.0,7603224535.0,1725.0,0.22229381443298968
w=32,45,5,9,23,12,32,28,0,0,128.0,7760,463870.0,2696147.0,2884.0,0.3716494845360825
w=32,45,9,5,11,16,32,28,0,0,128.0,7760,28990.0,3144480.0,4437.0,0.5717783505154639
w=32,45,9,5,17,10,32,28,0,0,128.0,7760,28990.0,330517.0,4432.0,0.5711340206185567
w=32,48,2,24,19,19,32,28,0,0,128.0,7760,15200157694.0,30440161248.0,1729.0,0.22280927835051548
w=32,48,2,24,20,18,32,28,0,0,128.0,7760,15200157694.0,30421286878.0,1728.0,0.22268041237113403
w=32,48,3,16,22,15,32,28,0,0,128.0,7760,59375614.0,181010393.0,2113.0,0.27229381443298967
w=32,48,4,12,18,17,32,28,0,0,128.0,7760,3710974.0,24281054.0,2502.0,0.32242268041237115
w=32,50,2,25,18,20,32,28,0,0,128.0,7760,30400315390.0,60876128226.0,1730.0,0.22293814432989692
w=32,50,2,25,21,17,32,28,0,0,128.0,7760,30400315390.0,60811640796.0,1727.0,0.22255154639175256
w=32,50,5,10,14,20,32,28,0,0,128.0,7760,927742.0,63358947.0,2891.0,0.3725515463917526
w=32,50,5,10,21,13,32,28,0,0,128.0,7760,927742.0,5326806.0,2885.0,0.37177835051546393
w=32,50,10,5,11,13,32,28,0,0,128.0,7760,28990.0,650334.0,4823.0,0.621520618556701
w=32,50,10,5,14,10,32,28,0,0,128.0,7760,28990.0,347225.0,4821.0,0.6212628865979382
w=256,40,2,20,24,16,256,18,0,0,128.0,7760,4840226814.0,9686745047.0,5483.0,0.7065721649484537
w=256,40,8,5,15,19,256,18,0,0,128.0,7760,147710.0,32638939.0,19080.0,2.4587628865979383
w=256,40,8,5,20,14,256,18,0,0,128.0,7760,147710.0,2492370.0,19076.0,2.4582474226804125
w=256,40,10,4,22,11,256,18,0,0,128.0,7760,73854.0,918731.0,23605.0,3.041881443298969
w=256,40,10,4,24,10,256,18,0,0,128.0,7760,73854.0,836807.0,23603.0,3.0416237113402063
w=256,42,14,3,10,18,256,18,0,0,128.0,7760,36926.0,11002712.0,32674.0,4.210567010309278
w=256,42,14,3,19,9,256,18,0,0,128.0,7760,36926.0,555848.0,32667.0,4.209664948453608
w=256,44,4,11,23,15,256,18,0,0,128.0,7760,9453566.0,40828885.0,10014.0,1.2904639175257733
w=256,44,11,4,22,10,256,18,0,0,128.0,7760,73854.0,902473.0,25870.0,3.3337628865979383
w=256,45,15,3,13,12,256,18,0,0,128.0,7760,36926.0,766864.0,34936.0,4.502061855670103
w=256,48,2,24,20,19,256,18,0,0,128.0,7760,77443629054.0,154929201118.0,5486.0,0.706958762886598
w=256,48,12,4,11,19,256,18,0,0,128.0,7760,73854.0,23954906.0,28143.0,3.626675257731959
w=256,48,12,4,20,10,256,18,0,0,128.0,7760,73854.0,968138.0,28136.0,3.6257731958762887
w=256,48,12,4,22,9,256,18,0,0,128.0,7760,73854.0,931271.0,28135.0,3.6256443298969074
w=16,40,5,8,15,17,16,35,0,0,128.0,7776,146430.0,8596449.0,1972.0,0.2536008230452675
w=16,40,5,8,18,14,16,35,0,0,128.0,7776,146430.0,1911772.0,1970.0,0.25334362139917693
w=16,40,8,5,11,14,16,35,0,0,128.0,7776,18302.0,867298.0,2581.0,0.3319187242798354
w=16,42,7,6,11,17,16,35,0,0,128.0,7776,36606.0,6023396.0,2379.0,0.30594135802469136
w=16,42,7,6,18,10,16,35,0,0,128.0,7776,36606.0,329944.0,2374.0,0.305298353909465
w=16,42,7,6,22,8,16,35,0,0,128.0,7776,36606.0,278737.0,2371.0,0.3049125514403292
w=16,50,5,10,13,19,16,35,0,0,128.0,7776,585726.0,30191588.0,1973.0,0.25372942386831276
w=16,50,5,10,20,12,16,35,0,0,128.0,7776,585726.0,3256280.0,1968.0,0.25308641975308643
w=32,40,8,5,13,16,32,28,0,0,128.0,7776,28990.0,3639774.0,4051.0,0.5209619341563786
w=32,40,8,5,17,12,32,28,0,0,128.0,7776,28990.0,510423.0,4048.0,0.5205761316872428
w=32,40,10,4,11,14,32,28,0,0,128.0,7776,14494.0,865822.0,4825.0,0.6204989711934157
w=32,42,7,6,13,18,32,28,0,0,128.0,7776,57982.0,14037344.0,3665.0,0.4713220164609053
w=32,42,7,6,19,12,32,28,0,0,128.0,7776,57982.0,717142.0,3661.0,0.47080761316872427
w=32,45,5,9,15,19,32,28,0,0,128.0,7776,463870.0,33776609.0,2892.0,0.37191358024691357
w=32,45,5,9,20,14,32,28,0,0,128.0,7776,463870.0,3630040.0,2888.0,0.3713991769547325
w=32,49,7,7,12,19,32,28,0,0,128.0,7776,115966.0,25977570.0,3666.0,0.4714506172839506
w=32,49,7,7,15,15,32,28,0,0,128.0,7776,115966.0,2777821.0,3664.0,0.4711934156378601
w=32,49,7,7,16,14,32,28,0,0,128.0,7776,115966.0,1860315.0,3663.0,0.4710648148148148
w=32,49,7,7,20,11,32,28,0,0,128.0,7776,115966.0,975572.0,3660.0,0.470679012345679
w=32,49,7,7,24,9,32,28,0,0,128.0,7776,115966.0,860877.0,3657.0,0.4702932098765432
w=256,45,15,3,10,16,256,18,0,0,128.0,7776,36926.0,3175318.0,34941.0,4.4934413580246915
w=256,45,15,3,17,9,256,18,0,0,128.0,7776,36926.0,588681.0,34935.0,4.49266975308642
w=256,48,12,4,13,16,256,18,0,0,128.0,7776,73854.0,4294102.0,28143.0,3.619212962962963
w=256,48,12,4,17,12,256,18,0,0,128.0,7776,73854.0,1164751.0,28140.0,3.618827160493827
w=256,50,2,25,19,20,256,18,0,0,128.0,7776,154887258110.0,309854207968.0,5489.0,0.7058899176954733
w=256,50,2,25,21,18,256,18,0,0,128.0,7776,154887258110.0,309796536284.0,5487.0,0.7056327160493827
w=256,50,5,10,23,14,256,18,0,0,128.0,7776,4726782.0,25141203.0,12281.0,1.57934670781893
w=256,50,10,5,15,16,256,18,0,0,128.0,7776,147710.0,5409239.0,23612.0,3.036522633744856
w=256,50,10,5,17,14,256,18,0,0,128.0,7776,147710.0,2591187.0,23610.0,3.0362654320987654
w=16,40,4,10,17,17,16,35,0,0,128.0,7792,585726.0,11255775.0,1770.0,0.22715605749486653
w=16,40,4,10,18,16,16,35,0,0,128.0,7792,585726.0,7061470.0,1770.0,0.22715605749486653
w=16,42,2,21,22,16,16,35,0,0,128.0,7792,1199570942.0,2404909019.0,1363.0,0.1749229979466119
w=16,42,6,7,13,17,16,35,0,0,128.0,7792,73214.0,7255010.0,2177.0,0.27938911704312114
w=16,42,6,7,18,12,16,35,0,0,128.0,7792,73214.0,734170.0,2174.0,0.2790041067761807
w=16,45,3,15,16,20,16,35,0,0,128.0,7792,18743294.0,123338723.0,1569.0,0.20136036960985626
w=16,45,3,15,21,15,16,35,0,0,128.0,7792,18743294.0,58982362.0,1565.0,0.200847022587269
w=16,45,3,15,24,13,16,35,0,0,128.0,7792,18743294.0,57016277.0,1563.0,0.20059034907597537
w=16,45,5,9,14,18,16,35,0,0,128.0,7792,292862.0,16144355.0,1975.0,0.25346509240246407
w=16,45,5,9,19,13,16,35,0,0,128.0,7792,292862.0,2086874.0,1971.0,0.2529517453798768
w=16,48,2,24,23,15,16,35,0,0,128.0,7792,9596567550.0,19196149721.0,1362.0,0.1747946611909651
w=16,48,6,8,12,18,16,35,0,0,128.0,7792,146430.0,13461476.0,2178.0,0.27951745379876797
w=16,48,6,8,19,11,16,35,0,0,128.0,7792,146430.0,1034200.0,2173.0,0.2788757700205339
w=16,49,7,7,12,15,16,35,0,0,128.0,7792,73214.0,2085346.0,2380.0,0.30544147843942504
w=16,49,7,7,16,11,16,35,0,0,128.0,7792,73214.0,643547.0,2377.0,0.3050564681724846
w=32,40,5,8,17,17,32,28,0,0,128.0,7792,231934.0,10072541.0,2892.0,0.3711498973305955
w=32,40,5,8,18,16,32,28,0,0,128.0,7792,231934.0,5878236.0,2892.0,0.3711498973305955
w=32,42,3,14,18,19,32,28,0,0,128.0,7792,14843902.0,82280416.0,2120.0,0.2720739219712526
w=32,42,3,14,20,17,32,28,0,0,128.0,7792,14843902.0,55017436.0,2118.0,0.2718172484599589
w=32,42,3,14,24,14,32,28,0,0,128.0,7792,14843902.0,46104533.0,2115.0,0.2714322381930185
w=32,42,6,7,23,11,32,28,0,0,128.0,7792,115966.0,884177.0,3274.0,0.4201745379876797
w=32,44,4,11,22,14,32,28,0,0,128.0,7792,1855486.0,8863703.0,2503.0,0.3212268993839836
w=32,45,3,15,17,20,32,28,0,0,128.0,7792,29687806.0,160366561.0,2120.0,0.2720739219712526
w=32,45,3,15,21,16,32,28,0,0,128.0,7792,29687806.0,94568410.0,2117.0,0.27168891170431214
w=32,45,9,5,9,20,32,28,0,0,128.0,7792,28990.0,38009635.0,4442.0,0.5700718685831622
w=32,45,9,5,21,8,32,28,0,0,128.0,7792,28990.0,282382.0,4433.0,0.5689168377823408
w=32,46,2,23,24,15,32,28,0,0,128.0,7792,7600078846.0,15203303383.0,1729.0,0.22189425051334702
w=32,48,6,8,15,17,32,28,0,0,128.0,7792,231934.0,9255903.0,3280.0,0.4209445585215606
w=32,48,6,8,18,14,32,28,0,0,128.0,7792,231934.0,2571226.0,3278.0,0.42068788501026694
w=32,50,2,25,19,19,32,28,0,0,128.0,7792,30400315390.0,60840476640.0,1733.0,0.22240759753593428
w=32,50,2,25,20,18,32,28,0,0,128.0,7792,30400315390.0,60821602270.0,1732.0,0.22227926078028748
w=32,50,10,5,12,12,32,28,0,0,128.0,7792,28990.0,486492.0,4826.0,0.61935318275154
w=32,50,10,5,13,11,32,28,0,0,128.0,7792,28990.0,396378.0,4825.0,0.6192248459958932
w=256,40,4,10,22,16,256,18,0,0,128.0,7792,4726782.0,24674263.0,10019.0,1.2858059548254621
w=256,40,10,4,14,18,256,18,0,0,128.0,7792,73854.0,15418585.0,23615.0,3.0306724845995894
w=256,40,10,4,19,13,256,18,0,0,128.0,7792,73854.0,1361104.0,23611.0,3.030159137577002
w=256,42,2,21,24,16,256,18,0,0,128.0,7792,9680453630.0,19367198679.0,5487.0,0.7041837782340863
w=256,42,6,7,16,20,256,18,0,0,128.0,7792,590846.0,70653917.0,14553.0,1.8676848049281314
w=256,42,6,7,21,15,256,18,0,0,128.0,7792,590846.0,6297556.0,14549.0,1.867171457905544
w=256,42,6,7,24,13,256,18,0,0,128.0,7792,590846.0,4331471.0,14547.0,1.8669147843942504
w=256,42,14,3,12,15,256,18,0,0,128.0,7792,36926.0,2089812.0,32676.0,4.1935318275154
w=256,42,14,3,16,11,256,18,0,0,128.0,7792,36926.0,648013.0,32673.0,4.19314681724846
w=256,45,15,3,9,18,256,18,0,0,128.0,7792,36926.0,9991063.0,34943.0,4.484471252566735
w=256,45,15,3,19,8,256,18,0,0,128.0,7792,36926.0,573318.0,34936.0,4.483572895277208
w=256,48,3,16,24,15,256,18,0,0,128.0,7792,302514174.0,910688213.0,7752.0,0.9948665297741273
w=256,48,6,8,22,14,256,18,0,0,128.0,7792,1181694.0,8531923.0,14549.0,1.867171457905544
w=256,48,8,6,14,20,256,18,0,0,128.0,7792,295422.0,61083613.0,19085.0,2.449306981519507
w=256,48,8,6,21,13,256,18,0,0,128.0,7792,295422.0,3051472.0,19079.0,2.4485369609856265
w=256,48,16,3,10,14,256,18,0,0,128.0,7792,36926.0,1246164.0,37208.0,4.775154004106776
w=256,48,16,3,15,9,256,18,0,0,128.0,7792,36926.0,621515.0,37204.0,4.774640657084189
w=256,50,2,25,20,19,256,18,0,0,128.0,7792,154887258110.0,309816459230.0,5490.0,0.7045687885010267
w=256,50,10,5,16,15,256,18,0,0,128.0,7792,147710.0,3574229.0,23613.0,3.0304158110882957
w=16,40,5,8,16,16,16,35,0,0,128.0,7808,146430.0,4926431.0,1975.0,0.25294569672131145
w=16,40,5,8,17,15,16,35,0,0,128.0,7808,146430.0,2960349.0,1974.0,0.25281762295081966
w=16,42,3,14,17,19,16,35,0,0,128.0,7808,9371646.0,63766497.0,1570.0,0.20107581967213115
w=16,42,3,14,20,16,16,35,0,0,128.0,7808,9371646.0,33357788.0,1568.0,0.20081967213114754
w=16,42,7,6,10,19,16,35,0,0,128.0,7808,36606.0,21227750.0,2384.0,0.305327868852459
w=16,42,7,6,20,9,16,35,0,0,128.0,7808,36606.0,297172.0,2376.0,0.3043032786885246
w=16,48,4,12,23,12,16,35,0,0,128.0,7808,2342910.0,9748437.0,1768.0,0.22643442622950818
w=32,40,2,20,23,16,32,28,0,0,128.0,7808,950009854.0,1906048985.0,1732.0,0.22182377049180327
w=32,42,3,14,19,18,32,28,0,0,128.0,7808,14843902.0,64454622.0,2121.0,0.27164446721311475
w=32,45,9,5,10,18,32,28,0,0,128.0,7808,28990.0,10746658.0,4444.0,0.5691598360655737
w=32,45,9,5,19,9,32,28,0,0,128.0,7808,28990.0,299794.0,4437.0,0.5682633196721312
w=32,49,7,7,22,10,32,28,0,0,128.0,7808,115966.0,901841.0,3663.0,0.4691342213114754
w=256,40,5,8,17,20,256,18,0,0,128.0,7808,1181694.0,77211613.0,12289.0,1.5738985655737705
w=256,40,5,8,21,16,256,18,0,0,128.0,7808,1181694.0,11413462.0,12286.0,1.573514344262295
w=256,42,3,14,23,16,256,18,0,0,128.0,7808,75628542.0,232914903.0,7755.0,0.9932120901639344
w=256,45,5,9,22,15,256,18,0,0,128.0,7808,2363390.0,14700501.0,12286.0,1.573514344262295
w=256,45,9,5,14,19,256,18,0,0,128.0,7808,147710.0,30689499.0,21352.0,2.7346311475409837
w=256,45,9,5,20,13,256,18,0,0,128.0,7808,147710.0,1984720.0,21347.0,2.7339907786885247
w=256,49,7,7,24,12,256,18,0,0,128.0,7808,590846.0,4529101.0,16814.0,2.1534323770491803
w=16,40,2,20,18,20,16,35,0,0,128.0,7824,599785470.0,1275068386.0,1370.0,0.17510224948875255
w=16,40,2,20,21,17,16,35,0,0,128.0,7824,599785470.0,1210580956.0,1367.0,0.17471881390593047
w=16,40,4,10,22,13,16,35,0,0,128.0,7824,585726.0,3063767.0,1771.0,0.22635480572597136
w=16,40,5,8,13,20,16,35,0,0,128.0,7824,146430.0,55258084.0,1979.0,0.252939672801636
w=16,40,5,8,21,12,16,35,0,0,128.0,7824,146430.0,1076182.0,1973.0,0.2521728016359918
w=16,40,8,5,8,20,16,35,0,0,128.0,7824,18302.0,33700839.0,2589.0,0.3309049079754601
w=16,40,8,5,12,13,16,35,0,0,128.0,7824,18302.0,539616.0,2586.0,0.330521472392638
w=16,44,2,22,22,16,16,35,0,0,128.0,7824,2399141886.0,4804050907.0,1367.0,0.17471881390593047
w=16,44,4,11,16,18,16,35,0,0,128.0,7824,1171454.0,21463009.0,1775.0,0.22686605316973416
w=16,44,4,11,19,15,16,35,0,0,128.0,7824,1171454.0,7176156.0,1773.0,0.22661042944785276
w=16,48,4,12,15,19,16,35,0,0,128.0,7824,2342910.0,40828899.0,1776.0,0.22699386503067484
w=16,48,4,12,20,14,16,35,0,0,128.0,7824,2342910.0,10682330.0,1772.0,0.22648261758691207
w=16,48,6,8,23,9,16,35,0,0,128.0,7824,146430.0,925649.0,2174.0,0.27786298568507156
w=16,48,8,6,8,19,16,35,0,0,128.0,7824,36606.0,17070055.0,2589.0,0.3309049079754601
w=16,48,8,6,10,15,16,35,0,0,128.0,7824,36606.0,1603556.0,2588.0,0.33077709611451944
w=16,48,8,6,16,9,16,35,0,0,128.0,7824,36606.0,325593.0,2583.0,0.33013803680981596
w=16,50,2,25,23,15,16,35,0,0,128.0,7824,19193135102.0,38389284825.0,1366.0,0.17459100204498978
w=32,40,4,10,16,20,32,28,0,0,128.0,7824,927742.0,70819809.0,2511.0,0.3209355828220859
w=32,40,4,10,21,15,32,28,0,0,128.0,7824,927742.0,6463448.0,2507.0,0.3204243353783231
w=32,40,4,10,24,13,32,28,0,0,128.0,7824,927742.0,4497363.0,2505.0,0.32016871165644173
w=32,40,5,8,22,13,32,28,0,0,128.0,7824,231934.0,1880533.0,2893.0,0.3697597137014315
w=32,40,8,5,14,15,32,28,0,0,128.0,7824,28990.0,2066909.0,4057.0,0.5185327198364008
w=32,40,8,5,16,13,32,28,0,0,128.0,7824,28990.0,756185.0,4055.0,0.5182770961145194
w=32,40,10,4,8,20,32,28,0,0,128.0,7824,14494.0,33699363.0,4833.0,0.6177147239263804
w=32,40,10,4,12,13,32,28,0,0,128.0,7824,14494.0,538140.0,4830.0,0.6173312883435583
w=32,44,11,4,8,16,32,28,0,0,128.0,7824,14494.0,2256577.0,5219.0,0.6670501022494888
w=32,48,2,24,24,15,32,28,0,0,128.0,7824,15200157694.0,30403461079.0,1733.0,0.22149795501022496
w=32,48,6,8,16,16,32,28,0,0,128.0,7824,231934.0,5585885.0,3283.0,0.41960633946830267
w=32,48,6,8,17,15,32,28,0,0,128.0,7824,231934.0,3619803.0,3282.0,0.419478527607362
w=32,48,8,6,12,17,32,28,0,0,128.0,7824,57982.0,6755296.0,4058.0,0.5186605316973415
w=32,48,8,6,18,11,32,28,0,0,128.0,7824,57982.0,611286.0,4054.0,0.5181492842535788
w=32,48,8,6,24,8,32,28,0,0,128.0,7824,57982.0,488395.0,4049.0,0.5175102249488752
w=256,40,8,5,16,18,256,18,0,0,128.0,7824,147710.0,17958873.0,19087.0,2.439544989775051
w=256,40,8,5,19,15,256,18,0,0,128.0,7824,147710.0,3672020.0,19085.0,2.4392893660531696
w=256,42,7,6,16,19,256,18,0,0,128.0,7824,295422.0,35622363.0,16822.0,2.150051124744376
w=256,42,7,6,20,15,256,18,0,0,128.0,7824,295422.0,4689364.0,16819.0,2.149667689161554
w=256,44,2,22,24,16,256,18,0,0,128.0,7824,19360907262.0,38728105943.0,5491.0,0.7018149284253579
w=256,48,4,12,23,15,256,18,0,0,128.0,7824,18907134.0,78643157.0,10022.0,1.2809304703476483
w=256,48,12,4,14,15,256,18,0,0,128.0,7824,73854.0,2721237.0,28149.0,3.597776073619632
w=256,48,12,4,16,13,256,18,0,0,128.0,7824,73854.0,1410513.0,28147.0,3.5975204498977504
w=256,48,16,3,8,18,256,18,0,0,128.0,7824,36926.0,8979415.0,37213.0,4.756262781186094
w=16,40,8,5,13,12,16,35,0,0,128.0,7840,18302.0,359390.0,2587.0,0.32997448979591837
w=16,42,3,14,18,18,16,35,0,0,128.0,7840,9371646.0,46989280.0,1574.0,0.20076530612244897
w=16,42,3,14,19,17,16,35,0,0,128.0,7840,9371646.0,38076382.0,1573.0,0.20063775510204082
w=16,48,3,16,16,20,16,35,0,0,128.0,7840,37486590.0,179568611.0,1575.0,0.20089285714285715
w=16,48,3,16,21,15,16,35,0,0,128.0,7840,37486590.0,115212250.0,1571.0,0.2003826530612245
w=16,48,3,16,24,13,16,35,0,0,128.0,7840,37486590.0,113246165.0,1569.0,0.20012755102040816
w=16,48,6,8,11,20,16,35,0,0,128.0,7840,146430.0,47015910.0,2185.0,0.27869897959183676
w=16,48,6,8,21,10,16,35,0,0,128.0,7840,146430.0,964564.0,2177.0,0.27767857142857144
w=16,49,7,7,13,14,16,35,0,0,128.0,7840,73214.0,1364448.0,2385.0,0.3042091836734694
w=16,49,7,7,15,12,16,35,0,0,128.0,7840,73214.0,758237.0,2384.0,0.3040816326530612
w=16,50,5,10,22,11,16,35,0,0,128.0,7840,585726.0,3108821.0,1975.0,0.25191326530612246
w=16,50,5,10,24,10,16,35,0,0,128.0,7840,585726.0,3026897.0,1973.0,0.2516581632653061
w=32,40,8,5,15,14,32,28,0,0,128.0,7840,28990.0,1214939.0,4058.0,0.5176020408163265
w=32,40,10,4,13,12,32,28,0,0,128.0,7840,14494.0,357914.0,4831.0,0.6161989795918368
w=32,42,2,21,23,16,32,28,0,0,128.0,7840,1900019710.0,3806068697.0,1736.0,0.22142857142857142
w=32,45,3,15,18,19,32,28,0,0,128.0,7840,29687806.0,126812128.0,2126.0,0.2711734693877551
w=32,45,3,15,20,17,32,28,0,0,128.0,7840,29687806.0,99549148.0,2124.0,0.27091836734693875
w=32,45,3,15,24,14,32,28,0,0,128.0,7840,29687806.0,90636245.0,2121.0,0.27053571428571427
w=32,45,5,9,16,18,32,28,0,0,128.0,7840,463870.0,19096543.0,2899.0,0.3697704081632653
w=32,45,5,9,19,15,32,28,0,0,128.0,7840,463870.0,4809690.0,2897.0,0.369515306122449
w=32,45,9,5,12,15,32,28,0,0,128.0,7840,28990.0,1833758.0,4446.0,0.5670918367346939
w=32,45,9,5,16,11,32,28,0,0,128.0,7840,28990.0,391959.0,4443.0,0.5667091836734693
w=32,48,3,16,17,20,32,28,0,0,128.0,7840,59375614.0,249429985.0,2126.0,0.2711734693877551
w=32,48,3,16,21,16,32,28,0,0,128.0,7840,59375614.0,183631834.0,2123.0,0.2707908163265306
w=32,48,6,8,13,20,32,28,0,0,128.0,7840,231934.0,55917538.0,3287.0,0.41926020408163267
w=32,48,6,8,21,12,32,28,0,0,128.0,7840,231934.0,1735636.0,3281.0,0.41849489795918365
w=32,50,5,10,23,12,32,28,0,0,128.0,7840,927742.0,5015507.0,2894.0,0.3691326530612245
w=256,42,14,3,13,14,256,18,0,0,128.0,7840,36926.0,1368914.0,32681.0,4.168494897959183
w=256,42,14,3,15,12,256,18,0,0,128.0,7840,36926.0,762703.0,32680.0,4.168367346938775
w=256,44,11,4,13,18,256,18,0,0,128.0,7840,73854.0,14443864.0,25886.0,3.3017857142857143
w=256,44,11,4,19,12,256,18,0,0,128.0,7840,73854.0,1123662.0,25882.0,3.3012755102040816
w=256,48,12,4,15,14,256,18,0,0,128.0,7840,73854.0,1869267.0,28150.0,3.5905612244897958
w=256,48,16,3,9,16,256,18,0,0,128.0,7840,36926.0,2950101.0,37214.0,4.746683673469388
w=256,48,16,3,17,8,256,18,0,0,128.0,7840,36926.0,608199.0,37208.0,4.745918367346939
STANDARD,63,7,9,14,12,16,35,0,0,128.0,7856,292862.0,2279391.0,2387.0,0.30384419551934827
