cumulative_total,required_global_X,bottleneck_metric,h,d,k,a,w,size_bytes,size_X,keygen_X,sign_X,verify_X,cpb_X
1,0.8669,c_per_byte,40,5,19,10,16,6800,0.8656,0.5,0.3558,0.7503,0.8669
2,0.8676,size,40,5,14,14,16,6816,0.8676,0.5,0.6396,0.7499,0.8643
3,0.8676,size,40,5,15,13,16,6816,0.8676,0.5,0.4956,0.7503,0.8648
4,0.8676,size,40,5,21,9,16,6816,0.8676,0.5,0.344,0.7508,0.8654
5,0.8678,c_per_byte,40,5,16,12,16,6784,0.8635,0.5,0.4181,0.7494,0.8678
6,0.8704,c_per_byte,40,5,23,8,16,6768,0.8615,0.5,0.3374,0.7499,0.8704
7,0.8739,c_per_byte,40,5,17,11,16,6720,0.8554,0.5,0.3765,0.7476,0.8739
8,0.8798,size,40,5,18,11,16,6912,0.8798,0.5,0.3793,0.7531,0.856
9,0.8798,size,40,5,24,8,16,6912,0.8798,0.5,0.3378,0.7541,0.857
10,0.8807,c_per_byte,40,5,20,9,16,6656,0.8473,0.5,0.3433,0.7462,0.8807
11,0.8833,c_per_byte,40,5,18,10,16,6624,0.8432,0.5,0.3544,0.7448,0.8833
12,0.8859,c_per_byte,40,5,14,13,16,6592,0.8391,0.5,0.4845,0.7434,0.8859
13,0.8875,c_per_byte,40,5,13,14,16,6576,0.8371,0.5,0.6175,0.7429,0.8875
14,0.888,size,40,5,20,10,16,6976,0.888,0.5,0.3571,0.7555,0.8508
15,0.888,size,40,5,22,9,16,6976,0.888,0.5,0.3447,0.7555,0.8508
16,0.8881,c_per_byte,40,5,15,12,16,6576,0.8371,0.5,0.4125,0.7434,0.8881
17,0.89,size,40,5,17,12,16,6992,0.89,0.5,0.4236,0.7555,0.8488
18,0.8924,c_per_byte,40,5,12,15,16,6528,0.831,0.5,0.8612,0.7415,0.8924
19,0.8929,c_per_byte,40,5,16,11,16,6528,0.831,0.5,0.3738,0.742,0.8929
20,0.8961,size,40,5,16,13,16,7040,0.8961,0.5,0.5067,0.7568,0.8446
21,0.8968,c_per_byte,40,5,19,9,16,6496,0.8269,0.5,0.3426,0.7415,0.8968
22,0.8982,size,40,5,15,14,16,7056,0.8982,0.5,0.6618,0.7573,0.8432
23,0.9012,c_per_byte,40,5,17,10,16,6448,0.8208,0.5,0.353,0.7397,0.9012
24,0.9043,size,40,5,19,11,16,7104,0.9043,0.5,0.3821,0.7592,0.8395
25,0.9055,sign_C,40,5,13,15,16,6784,0.8635,0.5,0.9055,0.749,0.8673
26,0.9084,size,40,5,23,9,16,7136,0.9084,0.5,0.3454,0.7606,0.8373
27,0.9091,c_per_byte,40,5,14,12,16,6368,0.8106,0.5,0.407,0.7369,0.9091
28,0.9091,c_per_byte,40,5,13,13,16,6368,0.8106,0.5,0.4735,0.7369,0.9091
29,0.9104,size,40,5,21,10,16,7152,0.9104,0.5,0.3585,0.7606,0.8354
30,0.9125,c_per_byte,40,5,12,14,16,6336,0.8065,0.5,0.5953,0.736,0.9125
31,0.9131,c_per_byte,40,5,15,11,16,6336,0.8065,0.5,0.371,0.7364,0.9131
32,0.9165,size,40,5,18,12,16,7200,0.9165,0.5,0.4291,0.7615,0.8309
33,0.9195,c_per_byte,40,5,11,15,16,6272,0.7984,0.5,0.8169,0.7341,0.9195
34,0.9246,size,40,5,17,13,16,7264,0.9246,0.5,0.5178,0.7633,0.8256
35,0.9287,size,40,5,20,11,16,7296,0.9287,0.5,0.3848,0.7647,0.8234
36,0.9287,size,40,5,24,9,16,7296,0.9287,0.5,0.3461,0.7652,0.8239
37,0.9287,size,40,5,16,14,16,7296,0.9287,0.5,0.6839,0.7643,0.8229
38,0.9321,c_per_byte,40,5,13,12,16,6160,0.7841,0.5,0.4015,0.7309,0.9321
39,0.9328,size,40,5,22,10,16,7328,0.9328,0.5,0.3599,0.7657,0.8208
40,0.9339,c_per_byte,40,5,12,13,16,6144,0.7821,0.5,0.4624,0.7304,0.9339
41,0.9369,size,42,6,23,8,16,7360,0.9369,0.25,0.2056,0.877,0.9361
42,0.9372,c_per_byte,48,6,20,9,16,7344,0.9348,0.5,0.4092,0.8761,0.9372
43,0.9389,size,42,6,13,15,16,7376,0.9389,0.25,0.7737,0.8761,0.9331
44,0.9389,size,42,6,16,12,16,7376,0.9389,0.25,0.2863,0.8766,0.9336
45,0.9395,c_per_byte,40,5,11,14,16,6096,0.776,0.5,0.5732,0.729,0.9395
46,0.9398,c_per_byte,48,6,18,10,16,7312,0.9308,0.5,0.4203,0.8747,0.9398
47,0.9398,c_per_byte,42,6,17,11,16,7312,0.9308,0.25,0.2447,0.8747,0.9398
48,0.9403,c_per_byte,48,6,22,8,16,7312,0.9308,0.5,0.4029,0.8752,0.9403
49,0.9409,size,42,6,19,10,16,7392,0.9409,0.25,0.224,0.8775,0.9326
50,0.9424,c_per_byte,48,6,14,13,16,7280,0.9267,0.5,0.5504,0.8733,0.9424
51,0.943,size,42,6,21,9,16,7408,0.943,0.25,0.2122,0.878,0.9311
52,0.943,size,42,6,15,13,16,7408,0.943,0.25,0.3638,0.8775,0.9306
53,0.943,size,48,6,17,11,16,7408,0.943,0.5,0.4424,0.8775,0.9306
54,0.943,size,42,6,14,14,16,7408,0.943,0.25,0.5078,0.877,0.9301
55,0.943,size,40,5,19,12,16,7408,0.943,0.5,0.4347,0.768,0.8144
56,0.944,c_per_byte,48,6,13,14,16,7264,0.9246,0.5,0.6834,0.8729,0.944
57,0.9445,c_per_byte,48,6,15,12,16,7264,0.9246,0.5,0.4784,0.8733,0.9445
58,0.9466,c_per_byte,42,6,20,9,16,7248,0.9226,0.25,0.2115,0.8733,0.9466
59,0.9483,c_per_byte,40,5,10,15,16,6016,0.7658,0.5,0.7726,0.7262,0.9483
60,0.9488,c_per_byte,48,6,12,15,16,7216,0.9185,0.5,0.9271,0.8715,0.9488
61,0.9491,size,48,6,23,8,16,7456,0.9491,0.5,0.4033,0.8798,0.927
62,0.9493,c_per_byte,42,6,18,10,16,7216,0.9185,0.25,0.2226,0.8719,0.9493
63,0.9493,c_per_byte,48,6,16,11,16,7216,0.9185,0.5,0.4396,0.8719,0.9493
64,0.9498,c_per_byte,42,6,22,8,16,7216,0.9185,0.25,0.2053,0.8724,0.9498
65,0.9498,sign_C,40,5,14,15,16,7040,0.8961,0.5,0.9498,0.7564,0.8441
66,0.9511,size,48,6,16,12,16,7472,0.9511,0.5,0.484,0.8794,0.9245
67,0.952,c_per_byte,42,6,14,13,16,7184,0.9145,0.25,0.3528,0.8705,0.952
68,0.953,c_per_byte,48,6,19,9,16,7184,0.9145,0.5,0.4085,0.8715,0.953
69,0.9532,size,40,5,18,13,16,7488,0.9532,0.5,0.5288,0.7698,0.8077
70,0.9532,size,40,5,21,11,16,7488,0.9532,0.5,0.3876,0.7703,0.8082
71,0.9532,size,48,6,19,10,16,7488,0.9532,0.5,0.4216,0.8803,0.9235
72,0.9536,c_per_byte,42,6,13,14,16,7168,0.9124,0.25,0.4857,0.8701,0.9536
73,0.9541,c_per_byte,42,6,15,12,16,7168,0.9124,0.25,0.2807,0.8705,0.9541
74,0.9546,c_per_byte,48,6,21,8,16,7168,0.9124,0.5,0.4026,0.871,0.9546
75,0.9552,size,48,6,21,9,16,7504,0.9552,0.5,0.4099,0.8807,0.9221
76,0.9552,size,48,6,15,13,16,7504,0.9552,0.5,0.5615,0.8803,0.9216
77,0.9552,size,42,6,24,8,16,7504,0.9552,0.25,0.206,0.8812,0.9225
78,0.9552,size,48,6,14,14,16,7504,0.9552,0.5,0.7055,0.8798,0.9211
79,0.9552,size,40,5,23,10,16,7504,0.9552,0.5,0.3613,0.7712,0.8074
80,0.9552,size,42,6,18,11,16,7504,0.9552,0.25,0.2475,0.8803,0.9216
81,0.9573,c_per_byte,48,6,17,10,16,7136,0.9084,0.5,0.4189,0.8696,0.9573
82,0.9585,c_per_byte,42,6,12,15,16,7120,0.9063,0.25,0.7294,0.8687,0.9585
83,0.959,c_per_byte,42,6,16,11,16,7120,0.9063,0.25,0.242,0.8691,0.959
84,0.9593,size,40,5,17,14,16,7536,0.9593,0.5,0.7061,0.7712,0.804
85,0.9628,c_per_byte,42,6,19,9,16,7088,0.9022,0.25,0.2108,0.8687,0.9628
86,0.9633,size,42,6,20,10,16,7568,0.9633,0.25,0.2254,0.8826,0.9162
87,0.9633,size,42,6,22,9,16,7568,0.9633,0.25,0.2129,0.8826,0.9162
88,0.9645,c_per_byte,42,6,21,8,16,7072,0.9002,0.25,0.2049,0.8682,0.9645
89,0.9651,c_per_byte,48,6,13,13,16,7056,0.8982,0.5,0.5393,0.8668,0.9651
90,0.9651,c_per_byte,48,6,14,12,16,7056,0.8982,0.5,0.4729,0.8668,0.9651
91,0.9654,size,42,6,17,12,16,7584,0.9654,0.25,0.2918,0.8826,0.9143
92,0.9673,c_per_byte,42,6,17,10,16,7040,0.8961,0.25,0.2212,0.8668,0.9673
93,0.9674,size,48,6,24,8,16,7600,0.9674,0.5,0.4036,0.884,0.9138
94,0.9674,size,48,6,18,11,16,7600,0.9674,0.5,0.4452,0.8831,0.9128
95,0.9685,c_per_byte,48,6,12,14,16,7024,0.8941,0.5,0.6612,0.8659,0.9685
96,0.969,c_per_byte,48,6,15,11,16,7024,0.8941,0.5,0.4369,0.8664,0.969
97,0.969,c_per_byte,48,6,18,9,16,7024,0.8941,0.5,0.4078,0.8664,0.969
98,0.9695,size,40,5,20,12,16,7616,0.9695,0.5,0.4402,0.774,0.7984
99,0.9695,c_per_byte,48,6,20,8,16,7024,0.8941,0.5,0.4023,0.8668,0.9695
100,0.9714,sign_C,48,6,13,15,16,7472,0.9511,0.5,0.9714,0.8789,0.9241
101,0.9715,size,42,6,16,13,16,7632,0.9715,0.25,0.3749,0.884,0.9099
102,0.9715,size,42,6,14,15,16,7632,0.9715,0.25,0.818,0.8835,0.9095
103,0.9735,size,42,6,15,14,16,7648,0.9735,0.25,0.53,0.8845,0.9085
104,0.9753,c_per_byte,42,6,14,12,16,6960,0.8859,0.25,0.2752,0.864,0.9753
105,0.9753,c_per_byte,42,6,13,13,16,6960,0.8859,0.25,0.3417,0.864,0.9753
106,0.9753,c_per_byte,48,6,11,15,16,6960,0.8859,0.5,0.8828,0.864,0.9753
107,0.9756,size,48,6,22,9,16,7664,0.9756,0.5,0.4106,0.8854,0.9076
108,0.9756,size,48,6,20,10,16,7664,0.9756,0.5,0.423,0.8854,0.9076
109,0.9758,c_per_byte,48,6,16,10,16,6960,0.8859,0.5,0.4175,0.8645,0.9758
110,0.9776,size,40,5,24,10,16,7680,0.9776,0.5,0.3627,0.7763,0.7941
111,0.9776,size,40,5,22,11,16,7680,0.9776,0.5,0.3904,0.7759,0.7937
112,0.9776,size,48,6,17,12,16,7680,0.9776,0.5,0.4895,0.8854,0.9057
113,0.9787,c_per_byte,42,6,12,14,16,6928,0.8819,0.25,0.4635,0.8631,0.9787
114,0.9792,c_per_byte,42,6,15,11,16,6928,0.8819,0.25,0.2392,0.8636,0.9792
115,0.9792,c_per_byte,42,6,18,9,16,6928,0.8819,0.25,0.2101,0.8636,0.9792
116,0.9796,size,42,6,19,11,16,7696,0.9796,0.25,0.2503,0.8863,0.9047
117,0.9798,c_per_byte,42,6,20,8,16,6928,0.8819,0.25,0.2046,0.864,0.9798
118,0.9817,size,40,5,19,13,16,7712,0.9817,0.5,0.5399,0.7768,0.7913
119,0.9837,size,42,6,23,9,16,7728,0.9837,0.25,0.2136,0.8877,0.9024
120,0.9837,size,48,6,16,13,16,7728,0.9837,0.5,0.5726,0.8868,0.9015
121,0.985,c_per_byte,48,6,19,8,16,6880,0.8758,0.5,0.4019,0.8626,0.985
122,0.9857,c_per_byte,42,6,11,15,16,6864,0.8737,0.25,0.6851,0.8613,0.9857
123,0.9857,size,42,6,21,10,16,7744,0.9857,0.25,0.2267,0.8877,0.9005
124,0.9857,size,48,6,15,14,16,7744,0.9857,0.5,0.7277,0.8872,0.9001
125,0.9863,c_per_byte,48,6,17,9,16,6864,0.8737,0.5,0.4071,0.8617,0.9863
126,0.9863,c_per_byte,42,6,16,10,16,6864,0.8737,0.25,0.2198,0.8617,0.9863
127,0.9875,c_per_byte,48,6,13,12,16,6848,0.8717,0.5,0.4673,0.8608,0.9875
128,0.9893,c_per_byte,48,6,12,13,16,6832,0.8697,0.5,0.5283,0.8603,0.9893
129,0.9893,c_per_byte,48,6,14,11,16,6832,0.8697,0.5,0.4341,0.8603,0.9893
130,0.9898,size,40,5,18,14,16,7776,0.9898,0.5,0.7282,0.7782,0.7862
131,0.9919,size,42,6,18,12,16,7792,0.9919,0.25,0.2974,0.8886,0.8959
132,0.9919,size,48,6,19,11,16,7792,0.9919,0.5,0.448,0.8891,0.8964
133,0.9941,sign_C,40,5,15,15,16,7296,0.9287,0.5,0.9941,0.7643,0.8229
134,0.9947,c_per_byte,48,6,11,14,16,6784,0.8635,0.5,0.639,0.8589,0.9947
135,0.9952,c_per_byte,48,6,15,10,16,6784,0.8635,0.5,0.4161,0.8594,0.9952
136,0.9959,size,40,5,21,12,16,7824,0.9959,0.5,0.4458,0.78,0.7832
137,0.9959,size,48,6,23,9,16,7824,0.9959,0.5,0.4113,0.8905,0.8941
138,0.997,c_per_byte,42,6,17,9,16,6768,0.8615,0.25,0.2094,0.8589,0.997
139,0.998,size,48,6,21,10,16,7840,0.998,0.5,0.4244,0.8905,0.8923
140,0.9983,c_per_byte,42,6,13,12,16,6752,0.8595,0.25,0.2697,0.858,0.9983
141,1.0,keygen_C,45,5,17,9,16,6256,0.7963,1.0,0.6707,0.7341,0.9219
142,1.0,keygen_C,45,5,20,9,16,6736,0.8574,1.0,0.6727,0.7485,0.8729
143,1.0,keygen_C,45,5,14,11,16,6224,0.7923,1.0,0.6977,0.7327,0.9248
144,1.0,keygen_C,45,5,19,9,16,6576,0.8371,1.0,0.672,0.7439,0.8886
145,1.0,keygen_C,45,5,12,13,16,6224,0.7923,1.0,0.7918,0.7327,0.9248
146,1.0,keygen_C,45,5,11,13,16,6000,0.7637,1.0,0.7808,0.7262,0.9509
147,1.0,keygen_C,45,5,13,12,16,6240,0.7943,1.0,0.7309,0.7332,0.9231
148,1.0,keygen_C,45,5,14,10,16,6000,0.7637,1.0,0.6783,0.7262,0.9509
149,1.0,keygen_C,45,5,22,11,16,7760,0.9878,1.0,0.7198,0.7782,0.7878
150,1.0,keygen_C,45,5,17,13,16,7344,0.9348,1.0,0.8472,0.7657,0.819
151,1.0,keygen_C,45,5,23,10,16,7584,0.9654,1.0,0.6907,0.7735,0.8013
152,1.0,keygen_C,45,5,12,14,16,6416,0.8167,1.0,0.9248,0.7383,0.904
153,1.0,keygen_C,45,5,19,10,16,6880,0.8758,1.0,0.6852,0.7527,0.8594
154,1.0,keygen_C,45,5,18,11,16,6992,0.89,1.0,0.7087,0.7555,0.8488
155,1.0,keygen_C,45,5,18,9,16,6416,0.8167,1.0,0.6714,0.7387,0.9046
156,1.0,keygen_C,45,5,24,8,16,6992,0.89,1.0,0.6672,0.7564,0.8498
157,1.0,keygen_C,45,5,21,11,16,7568,0.9633,1.0,0.7171,0.7726,0.802
158,1.0,keygen_C,45,5,18,13,16,7568,0.9633,1.0,0.8583,0.7722,0.8015
159,1.0,keygen_C,45,5,20,8,16,6416,0.8167,1.0,0.6658,0.7392,0.9051
160,1.0,keygen_C,45,5,13,13,16,6448,0.8208,1.0,0.8029,0.7392,0.9006
161,1.0,keygen_C,45,5,14,12,16,6448,0.8208,1.0,0.7364,0.7392,0.9006
162,1.0,keygen_C,45,5,21,8,16,6560,0.835,1.0,0.6662,0.7434,0.8903
163,1.0,keygen_C,45,5,16,12,16,6864,0.8737,1.0,0.7475,0.7517,0.8604
164,1.0,keygen_C,45,5,16,10,16,6352,0.8086,1.0,0.6811,0.7369,0.9114
165,1.0,keygen_C,45,5,19,12,16,7488,0.9532,1.0,0.7641,0.7703,0.8082
166,1.0,keygen_C,45,5,17,11,16,6800,0.8656,1.0,0.706,0.7499,0.8663
167,1.0,keygen_C,45,5,10,13,16,5776,0.7352,1.0,0.7697,0.7193,0.9783
168,1.0,keygen_C,45,5,24,10,16,7760,0.9878,1.0,0.6921,0.7787,0.7883
169,1.0,keygen_C,45,5,16,11,16,6608,0.8411,1.0,0.7032,0.7443,0.8849
170,1.0,keygen_C,45,5,10,14,16,5936,0.7556,1.0,0.8805,0.7239,0.958
171,1.0,keygen_C,45,5,15,11,16,6416,0.8167,1.0,0.7004,0.7387,0.9046
172,1.0,keygen_C,45,5,12,11,16,5840,0.7434,1.0,0.6921,0.7216,0.9707
173,1.0,keygen_C,45,5,20,10,16,7056,0.8982,1.0,0.6866,0.7578,0.8437
174,1.0,keygen_C,45,5,22,9,16,7056,0.8982,1.0,0.6741,0.7578,0.8437
175,1.0,keygen_C,45,5,23,8,16,6848,0.8717,1.0,0.6669,0.7522,0.8629
176,1.0,keygen_C,45,5,20,12,16,7696,0.9796,1.0,0.7697,0.7763,0.7925
177,1.0,keygen_C,45,5,22,10,16,7408,0.943,1.0,0.6894,0.768,0.8144
178,1.0,keygen_C,45,5,17,12,16,7072,0.9002,1.0,0.7531,0.7578,0.8418
179,1.0,keygen_C,45,5,19,8,16,6272,0.7984,1.0,0.6655,0.735,0.9207
180,1.0,keygen_C,45,5,11,12,16,5824,0.7413,1.0,0.7198,0.7211,0.9727
181,1.0,keygen_C,45,5,20,11,16,7376,0.9389,1.0,0.7143,0.7671,0.817
182,1.0,keygen_C,45,5,16,13,16,7120,0.9063,1.0,0.8361,0.7592,0.8376
183,1.0,keygen_C,45,5,24,9,16,7376,0.9389,1.0,0.6755,0.7675,0.8175
184,1.0,keygen_C,45,5,23,9,16,7216,0.9185,1.0,0.6748,0.7629,0.8305
185,1.0,keygen_C,45,5,17,10,16,6528,0.831,1.0,0.6824,0.742,0.8929
186,1.0,keygen_C,45,5,15,10,16,6176,0.7862,1.0,0.6797,0.7318,0.9308
187,1.0,keygen_C,45,5,15,12,16,6656,0.8473,1.0,0.742,0.7457,0.8802
188,1.0,keygen_C,45,5,14,14,16,6896,0.8778,1.0,0.9691,0.7522,0.8569
189,1.0,keygen_C,45,5,13,14,16,6656,0.8473,1.0,0.9469,0.7452,0.8796
190,1.0,keygen_C,45,5,12,12,16,6032,0.7678,1.0,0.7254,0.7271,0.947
191,1.0,keygen_C,45,5,15,13,16,6896,0.8778,1.0,0.8251,0.7527,0.8574
192,1.0,keygen_C,45,5,19,11,16,7184,0.9145,1.0,0.7115,0.7615,0.8327
193,1.0,keygen_C,45,5,18,8,16,6128,0.78,1.0,0.6651,0.7304,0.9364
194,1.0,keygen_C,45,5,21,10,16,7232,0.9206,1.0,0.688,0.7629,0.8287
195,1.0,keygen_C,45,5,22,8,16,6704,0.8534,1.0,0.6665,0.7476,0.876
196,1.0,keygen_C,45,5,18,10,16,6704,0.8534,1.0,0.6838,0.7471,0.8755
197,1.0,keygen_C,45,5,13,11,16,6032,0.7678,1.0,0.6949,0.7271,0.947
198,1.0,keygen_C,45,5,19,13,16,7792,0.9919,1.0,0.8694,0.7791,0.7855
199,1.0,keygen_C,45,5,21,9,16,6896,0.8778,1.0,0.6734,0.7531,0.858
200,1.0,keygen_C,45,5,14,13,16,6672,0.8493,1.0,0.814,0.7457,0.878
201,1.0,keygen_C,45,5,18,12,16,7280,0.9267,1.0,0.7586,0.7638,0.8242
202,1.0,keygen_C,45,5,15,14,16,7136,0.9084,1.0,0.9912,0.7596,0.8363
203,1.0,keygen_C,45,5,16,9,16,6096,0.776,1.0,0.67,0.7295,0.9401
204,1.0,keygen_C,45,5,11,14,16,6176,0.7862,1.0,0.9026,0.7313,0.9303
205,1.0001,c_per_byte,42,6,14,11,16,6736,0.8574,0.25,0.2364,0.8575,1.0001
206,1.0001,c_per_byte,42,6,12,13,16,6736,0.8574,0.25,0.3306,0.8575,1.0001
207,1.0007,c_per_byte,48,6,18,8,16,6736,0.8574,0.5,0.4016,0.858,1.0007
208,1.0016,c_per_byte,49,7,13,14,16,7840,0.998,0.25,0.5186,0.9995,1.0016
209,1.002,c_per_byte,49,7,15,12,16,7840,0.998,0.25,0.3137,1.0,1.002
210,1.0033,c_per_byte,48,6,10,15,16,6704,0.8534,0.5,0.8384,0.8561,1.0033
211,1.0044,c_per_byte,48,6,16,9,16,6704,0.8534,0.5,0.4064,0.8571,1.0044
212,1.0057,c_per_byte,42,6,11,14,16,6688,0.8513,0.25,0.4414,0.8561,1.0057
213,1.0057,c_per_byte,42,7,20,9,16,7808,0.9939,0.125,0.1291,0.9995,1.0057
214,1.0062,c_per_byte,42,6,15,10,16,6688,0.8513,0.25,0.2184,0.8566,1.0062
215,1.0063,c_per_byte,49,7,12,15,16,7792,0.9919,0.25,0.7623,0.9981,1.0063
216,1.0068,c_per_byte,49,7,16,11,16,7792,0.9919,0.25,0.2749,0.9986,1.0068
217,1.0084,c_per_byte,42,7,18,10,16,7776,0.9898,0.125,0.1402,0.9981,1.0084
218,1.0089,c_per_byte,42,7,22,8,16,7776,0.9898,0.125,0.1229,0.9986,1.0089
219,1.0105,c_per_byte,49,7,19,9,16,7760,0.9878,0.25,0.2438,0.9981,1.0105
220,1.0112,c_per_byte,42,7,14,13,16,7744,0.9857,0.125,0.2704,0.9968,1.0112
221,1.0113,c_per_byte,48,6,12,12,16,6640,0.8452,0.5,0.4618,0.8548,1.0113
222,1.0113,c_per_byte,48,6,13,11,16,6640,0.8452,0.5,0.4313,0.8548,1.0113
223,1.0121,c_per_byte,49,7,21,8,16,7744,0.9857,0.25,0.2379,0.9977,1.0121
224,1.0128,c_per_byte,42,7,13,14,16,7728,0.9837,0.125,0.4033,0.9963,1.0128
225,1.0133,c_per_byte,42,7,15,12,16,7728,0.9837,0.125,0.1984,0.9968,1.0133
226,1.0134,sign_C,45,5,16,14,16,7376,0.9389,1.0,1.0134,0.7666,0.8165
227,1.0145,c_per_byte,42,6,10,15,16,6608,0.8411,0.25,0.6408,0.8534,1.0145
228,1.0149,c_per_byte,49,7,17,10,16,7712,0.9817,0.25,0.2541,0.9963,1.0149
229,1.0151,c_per_byte,48,6,14,10,16,6608,0.8411,0.5,0.4147,0.8538,1.0151
230,1.0151,c_per_byte,48,6,11,13,16,6608,0.8411,0.5,0.5172,0.8538,1.0151
231,1.0157,sign_C,48,6,14,15,16,7728,0.9837,0.5,1.0157,0.8863,0.901
232,1.0175,c_per_byte,48,6,17,8,16,6592,0.8391,0.5,0.4012,0.8538,1.0175
233,1.0177,c_per_byte,42,7,12,15,16,7680,0.9776,0.125,0.647,0.9949,1.0177
234,1.0182,c_per_byte,42,7,16,11,16,7680,0.9776,0.125,0.1596,0.9954,1.0182
235,1.022,c_per_byte,42,7,19,9,16,7648,0.9735,0.125,0.1285,0.9949,1.022
236,1.0222,c_per_byte,48,6,10,14,16,6544,0.833,0.5,0.6169,0.8515,1.0222
237,1.0227,c_per_byte,49,7,13,13,16,7632,0.9715,0.25,0.3746,0.9935,1.0227
238,1.0227,c_per_byte,49,7,14,12,16,7632,0.9715,0.25,0.3082,0.9935,1.0227
239,1.0228,c_per_byte,42,6,12,12,16,6544,0.833,0.25,0.2641,0.852,1.0228
240,1.0228,c_per_byte,42,6,13,11,16,6544,0.833,0.25,0.2337,0.852,1.0228
241,1.0233,c_per_byte,48,6,15,9,16,6544,0.833,0.5,0.4057,0.8524,1.0233
242,1.0236,c_per_byte,42,7,21,8,16,7632,0.9715,0.125,0.1226,0.9944,1.0236
243,1.026,c_per_byte,49,7,12,14,16,7600,0.9674,0.25,0.4965,0.9926,1.026
244,1.0265,c_per_byte,49,7,15,11,16,7600,0.9674,0.25,0.2722,0.993,1.0265
245,1.0265,c_per_byte,49,7,18,9,16,7600,0.9674,0.25,0.2431,0.993,1.0265
246,1.0265,c_per_byte,42,7,17,10,16,7600,0.9674,0.125,0.1388,0.993,1.0265
247,1.0267,c_per_byte,42,6,11,13,16,6512,0.8289,0.25,0.3195,0.851,1.0267
248,1.027,c_per_byte,49,7,20,8,16,7600,0.9674,0.25,0.2375,0.9935,1.027
249,1.0281,c_per_byte,42,6,9,16,16,6496,0.8269,0.25,0.9953,0.8501,1.0281
250,1.0328,c_per_byte,49,7,11,15,16,7536,0.9593,0.25,0.718,0.9907,1.0328
251,1.0333,c_per_byte,49,7,16,10,16,7536,0.9593,0.25,0.2528,0.9912,1.0333
252,1.0341,c_per_byte,42,6,10,14,16,6448,0.8208,0.25,0.4192,0.8487,1.0341
253,1.0341,c_per_byte,48,6,9,15,16,6448,0.8208,0.5,0.7941,0.8487,1.0341
254,1.0345,c_per_byte,42,7,14,12,16,7520,0.9572,0.125,0.1928,0.9903,1.0345
255,1.0345,c_per_byte,42,7,13,13,16,7520,0.9572,0.125,0.2593,0.9903,1.0345
256,1.0346,c_per_byte,48,6,12,11,16,6448,0.8208,0.5,0.4286,0.8492,1.0346
257,1.0352,c_per_byte,48,6,16,8,16,6448,0.8208,0.5,0.4009,0.8497,1.0352
258,1.0355,sign_C,45,5,17,14,16,7616,0.9695,1.0,1.0355,0.7735,0.7979
259,1.0366,c_per_byte,48,6,11,12,16,6432,0.8187,0.5,0.4563,0.8487,1.0366
260,1.0366,c_per_byte,48,6,13,10,16,6432,0.8187,0.5,0.4133,0.8487,1.0366
261,1.0379,c_per_byte,42,7,12,14,16,7488,0.9532,0.125,0.3812,0.9893,1.0379
262,1.0384,sign_C,40,5,16,15,16,7552,0.9613,0.5,1.0384,0.7717,0.8028
263,1.0384,c_per_byte,42,7,15,11,16,7488,0.9532,0.125,0.1568,0.9898,1.0384
264,1.0384,c_per_byte,42,7,18,9,16,7488,0.9532,0.125,0.1278,0.9898,1.0384
265,1.0389,c_per_byte,42,7,20,8,16,7488,0.9532,0.125,0.1222,0.9903,1.0389
266,1.0421,c_per_byte,48,6,10,13,16,6384,0.8126,0.5,0.5061,0.8469,1.0421
267,1.0424,c_per_byte,49,7,19,8,16,7456,0.9491,0.25,0.2372,0.9893,1.0424
268,1.0427,c_per_byte,48,6,14,9,16,6384,0.8126,0.5,0.405,0.8473,1.0427
269,1.0437,c_per_byte,49,7,17,9,16,7440,0.947,0.25,0.2424,0.9884,1.0437
270,1.0449,c_per_byte,49,7,13,12,16,7424,0.945,0.25,0.3026,0.9875,1.0449
271,1.0449,c_per_byte,42,7,11,15,16,7424,0.945,0.125,0.6027,0.9875,1.0449
272,1.0454,c_per_byte,42,7,16,10,16,7424,0.945,0.125,0.1375,0.9879,1.0454
273,1.0462,c_per_byte,42,6,9,15,16,6352,0.8086,0.25,0.5965,0.8459,1.0462
274,1.0467,c_per_byte,49,7,14,11,16,7408,0.943,0.25,0.2694,0.987,1.0467
275,1.0467,c_per_byte,49,7,12,13,16,7408,0.943,0.25,0.3635,0.987,1.0467
276,1.052,c_per_byte,49,7,11,14,16,7360,0.9369,0.25,0.4743,0.9856,1.052
277,1.0525,c_per_byte,48,6,9,14,16,6304,0.8024,0.5,0.5947,0.8445,1.0525
278,1.0525,c_per_byte,49,7,15,10,16,7360,0.9369,0.25,0.2514,0.9861,1.0525
279,1.0551,c_per_byte,42,7,10,16,16,7328,0.9328,0.125,1.0015,0.9842,1.0551
280,1.0561,c_per_byte,42,7,17,9,16,7328,0.9328,0.125,0.1271,0.9852,1.0561
281,1.0574,c_per_byte,42,7,13,12,16,7312,0.9308,0.125,0.1873,0.9842,1.0574
282,1.0577,sign_C,45,5,9,15,16,5840,0.7434,1.0,1.0577,0.7211,0.97
283,1.0579,c_per_byte,49,7,18,8,16,7312,0.9308,0.25,0.2368,0.9847,1.0579
284,1.0593,c_per_byte,42,7,12,13,16,7296,0.9287,0.125,0.2482,0.9838,1.0593
285,1.0593,c_per_byte,42,7,14,11,16,7296,0.9287,0.125,0.1541,0.9838,1.0593
286,1.0606,c_per_byte,49,7,10,15,16,7280,0.9267,0.25,0.6737,0.9828,1.0606
287,1.0616,c_per_byte,49,7,16,9,16,7280,0.9267,0.25,0.2417,0.9838,1.0616
288,1.0648,c_per_byte,42,7,11,14,16,7248,0.9226,0.125,0.359,0.9824,1.0648
289,1.0653,c_per_byte,42,7,15,10,16,7248,0.9226,0.125,0.1361,0.9828,1.0653
290,1.0685,c_per_byte,49,7,13,11,16,7216,0.9185,0.25,0.2666,0.9814,1.0685
291,1.0685,c_per_byte,49,7,12,12,16,7216,0.9185,0.25,0.2971,0.9814,1.0685
292,1.0722,c_per_byte,49,7,11,13,16,7184,0.9145,0.25,0.3525,0.9805,1.0722
293,1.0722,c_per_byte,49,7,14,10,16,7184,0.9145,0.25,0.25,0.9805,1.0722
294,1.0736,c_per_byte,49,7,9,16,16,7168,0.9124,0.25,1.0282,0.9796,1.0736
295,1.0736,c_per_byte,42,7,10,15,16,7168,0.9124,0.125,0.5584,0.9796,1.0736
296,1.0746,c_per_byte,49,7,17,8,16,7168,0.9124,0.25,0.2365,0.9805,1.0746
297,1.0793,c_per_byte,49,7,10,14,16,7120,0.9063,0.25,0.4522,0.9782,1.0793
298,1.0803,c_per_byte,49,7,15,9,16,7120,0.9063,0.25,0.241,0.9791,1.0803
299,1.0817,c_per_byte,42,7,13,11,16,7104,0.9043,0.125,0.1513,0.9782,1.0817
300,1.0817,c_per_byte,42,7,12,12,16,7104,0.9043,0.125,0.1818,0.9782,1.0817
301,1.0827,sign_C,40,5,17,15,16,7808,0.9939,0.5,1.0827,0.7791,0.7839
302,1.0839,sign_C,42,6,10,16,16,6768,0.8615,0.25,1.0839,0.858,0.9959
303,1.0856,c_per_byte,42,7,11,13,16,7072,0.9002,0.125,0.2372,0.9773,1.0856
304,1.087,c_per_byte,42,7,9,16,16,7056,0.8982,0.125,0.9129,0.9763,1.087
305,1.0902,sign_C,42,7,11,16,16,7600,0.9674,0.125,1.0902,0.9926,1.026
306,1.0909,c_per_byte,49,7,9,15,16,7024,0.8941,0.25,0.6294,0.9754,1.0909
307,1.0915,c_per_byte,49,7,12,11,16,7024,0.8941,0.25,0.2638,0.9759,1.0915
308,1.092,c_per_byte,49,7,16,8,16,7024,0.8941,0.25,0.2361,0.9763,1.092
309,1.0929,c_per_byte,42,7,10,14,16,7008,0.8921,0.125,0.3369,0.9749,1.0929
310,1.0934,c_per_byte,49,7,11,12,16,7008,0.8921,0.25,0.2915,0.9754,1.0934
311,1.0934,c_per_byte,49,7,13,10,16,7008,0.8921,0.25,0.2486,0.9754,1.0934
312,1.0989,c_per_byte,49,7,10,13,16,6960,0.8859,0.25,0.3414,0.9735,1.0989
313,1.0994,c_per_byte,49,7,14,9,16,6960,0.8859,0.25,0.2403,0.974,1.0994
314,1.102,sign_C,45,5,10,15,16,6096,0.776,1.0,1.102,0.7285,0.9389
315,1.1043,sign_C,48,6,8,16,16,6320,0.8045,0.5,1.1043,0.845,1.0504
316,1.1049,c_per_byte,42,7,9,15,16,6912,0.8798,0.125,0.5141,0.9722,1.1049
317,1.107,c_per_byte,49,7,8,16,16,6896,0.8778,0.25,0.9396,0.9717,1.107
318,1.109,c_per_byte,49,7,9,14,16,6880,0.8758,0.25,0.43,0.9712,1.109
319,1.1118,c_per_byte,40,8,13,12,16,7840,0.998,0.0625,0.1379,1.1095,1.1118
320,1.1131,c_per_byte,48,8,10,15,16,7824,0.9959,0.125,0.5749,1.1086,1.1131
321,1.1136,c_per_byte,40,8,12,13,16,7824,0.9959,0.0625,0.1988,1.109,1.1136
322,1.1141,c_per_byte,48,8,16,9,16,7824,0.9959,0.125,0.1429,1.1095,1.1141
323,1.1157,c_per_byte,49,7,11,11,16,6832,0.8697,0.25,0.2611,0.9703,1.1157
324,1.1168,sign_C,49,7,10,16,16,7440,0.947,0.25,1.1168,0.9875,1.0427
325,1.1191,c_per_byte,40,8,11,14,16,7776,0.9898,0.0625,0.3096,1.1077,1.1191
326,1.1209,c_per_byte,48,8,12,12,16,7760,0.9878,0.125,0.1982,1.1072,1.1209
327,1.1209,c_per_byte,48,8,13,11,16,7760,0.9878,0.125,0.1678,1.1072,1.1209
328,1.1236,c_per_byte,49,7,8,15,16,6768,0.8615,0.25,0.5851,0.968,1.1236
329,1.1246,c_per_byte,48,8,14,10,16,7728,0.9837,0.125,0.1512,1.1063,1.1246
330,1.1246,c_per_byte,48,8,11,13,16,7728,0.9837,0.125,0.2536,1.1063,1.1246
331,1.126,c_per_byte,48,8,9,16,16,7712,0.9817,0.125,0.9294,1.1053,1.126
332,1.1269,c_per_byte,48,8,17,8,16,7712,0.9817,0.125,0.1377,1.1063,1.1269
333,1.1271,sign_C,40,5,9,16,16,5904,0.7515,0.5,1.1271,0.723,0.962
334,1.1278,c_per_byte,40,8,10,15,16,7696,0.9796,0.0625,0.509,1.1049,1.1278
335,1.1316,c_per_byte,48,8,10,14,16,7664,0.9756,0.125,0.3533,1.1039,1.1316
336,1.1326,c_per_byte,48,8,15,9,16,7664,0.9756,0.125,0.1422,1.1049,1.1326
337,1.1411,c_per_byte,40,8,9,16,16,7584,0.9654,0.0625,0.8635,1.1016,1.1411
338,1.1431,c_per_byte,48,8,9,15,16,7568,0.9633,0.125,0.5306,1.1012,1.1431
339,1.1435,c_per_byte,48,8,12,11,16,7568,0.9633,0.125,0.165,1.1016,1.1435
340,1.144,c_per_byte,48,8,16,8,16,7568,0.9633,0.125,0.1373,1.1021,1.144
341,1.1455,c_per_byte,48,8,11,12,16,7552,0.9613,0.125,0.1927,1.1012,1.1455
342,1.1455,c_per_byte,48,8,13,10,16,7552,0.9613,0.125,0.1498,1.1012,1.1455
343,1.1463,sign_C,45,5,11,15,16,6352,0.8086,1.0,1.1463,0.7364,0.9108
344,1.1509,c_per_byte,48,8,10,13,16,7504,0.9552,0.125,0.2426,1.0993,1.1509
345,1.1514,c_per_byte,48,8,14,9,16,7504,0.9552,0.125,0.1415,1.0998,1.1514
346,1.1588,c_per_byte,48,8,8,16,16,7440,0.947,0.125,0.8408,1.0974,1.1588
347,1.1608,c_per_byte,48,8,9,14,16,7424,0.945,0.125,0.3312,1.097,1.1608
348,1.1725,sign_C,42,6,11,16,16,7040,0.8961,0.25,1.1725,0.8664,0.9668
349,1.1906,sign_C,45,5,12,15,16,6608,0.8411,1.0,1.1906,0.7439,0.8843
350,1.1929,sign_C,48,6,9,16,16,6592,0.8391,0.5,1.1929,0.8529,1.0164
351,1.1956,c_per_byte,40,5,22,13,32,7824,0.9959,0.7925,0.7659,1.1907,1.1956
352,1.2055,sign_C,49,7,11,16,16,7712,0.9817,0.25,1.2055,0.9958,1.0144
353,1.2117,c_per_byte,40,5,20,14,32,7696,0.9796,0.7925,0.9653,1.187,1.2117
354,1.2142,c_per_byte,40,5,23,12,32,7680,0.9776,0.7925,0.6495,1.187,1.2142
355,1.2157,sign_C,40,5,10,16,16,6176,0.7862,0.5,1.2157,0.7309,0.9297
356,1.2241,c_per_byte,40,5,21,13,32,7600,0.9674,0.7925,0.7548,1.1842,1.2241
357,1.2349,sign_C,45,5,13,15,16,6864,0.8737,1.0,1.2349,0.7513,0.8599
358,1.2373,c_per_byte,40,5,24,11,32,7504,0.9552,0.7925,0.5886,1.1819,1.2373
359,1.2412,c_per_byte,40,5,22,12,32,7472,0.9511,0.7925,0.644,1.1805,1.2412
360,1.2434,c_per_byte,40,5,19,14,32,7456,0.9491,0.7925,0.9431,1.18,1.2434
361,1.2544,c_per_byte,40,5,20,13,32,7376,0.9389,0.7925,0.7437,1.1777,1.2544
362,1.2611,sign_C,42,6,12,16,16,7312,0.9308,0.25,1.2611,0.8742,0.9393
363,1.2639,c_per_byte,40,5,23,11,32,7312,0.9308,0.7925,0.5858,1.1763,1.2639
364,1.2702,c_per_byte,40,5,21,12,32,7264,0.9246,0.7925,0.6385,1.1745,1.2702
365,1.2754,sign_C,40,5,17,15,32,7248,0.9226,0.7925,1.2754,1.1735,1.272
366,1.2766,c_per_byte,40,5,18,14,32,7216,0.9185,0.7925,0.921,1.1726,1.2766
367,1.2793,sign_C,45,5,14,15,16,7120,0.9063,1.0,1.2793,0.7587,0.8371
368,1.2816,sign_C,48,6,10,16,16,6864,0.8737,0.5,1.2816,0.8608,0.9852
369,1.2865,c_per_byte,40,5,19,13,32,7152,0.9104,0.7925,0.7326,1.1712,1.2865
370,1.2913,c_per_byte,40,5,22,11,32,7120,0.9063,0.7925,0.5831,1.1703,1.2913
371,1.2918,c_per_byte,40,5,24,10,32,7120,0.9063,0.7925,0.5554,1.1708,1.2918
372,1.3009,c_per_byte,40,5,20,12,32,7056,0.8982,0.7925,0.6329,1.1684,1.3009
373,1.3043,sign_C,40,5,11,16,16,6448,0.8208,0.5,1.3043,0.7392,0.9006
374,1.3102,c_per_byte,40,5,16,15,32,6992,0.89,0.7925,1.2311,1.1661,1.3102
375,1.3127,c_per_byte,40,5,17,14,32,6976,0.888,0.7925,0.8988,1.1657,1.3127
376,1.3188,c_per_byte,40,5,23,10,32,6944,0.8839,0.7925,0.554,1.1657,1.3188
377,1.3198,sign_C,40,5,18,15,32,7504,0.9552,0.7925,1.3198,1.181,1.2364
378,1.3202,c_per_byte,40,5,18,13,32,6928,0.8819,0.7925,0.7216,1.1643,1.3202
379,1.3207,c_per_byte,40,5,21,11,32,6928,0.8819,0.7925,0.5803,1.1647,1.3207
380,1.3236,sign_C,45,5,15,15,16,7376,0.9389,1.0,1.3236,0.7666,0.8165
381,1.3335,c_per_byte,40,5,19,12,32,6848,0.8717,0.7925,0.6274,1.1624,1.3335
382,1.3466,c_per_byte,40,5,22,10,32,6768,0.8615,0.7925,0.5526,1.1601,1.3466
383,1.3498,sign_C,42,6,13,16,16,7584,0.9654,0.25,1.3498,0.8821,0.9138
384,1.3514,c_per_byte,40,5,15,15,32,6736,0.8574,0.7925,1.1868,1.1587,1.3514
385,1.3514,c_per_byte,40,5,16,14,32,6736,0.8574,0.7925,0.8766,1.1587,1.3514
386,1.3519,c_per_byte,40,5,20,11,32,6736,0.8574,0.7925,0.5775,1.1592,1.3519
387,1.3524,c_per_byte,40,5,24,9,32,6736,0.8574,0.7925,0.5388,1.1596,1.3524
388,1.3567,c_per_byte,40,5,17,13,32,6704,0.8534,0.7925,0.7105,1.1578,1.3567
389,1.3641,sign_C,40,5,19,15,32,7760,0.9878,0.7925,1.3641,1.1889,1.2036
390,1.3676,c_per_byte,40,5,18,12,32,6640,0.8452,0.7925,0.6219,1.1559,1.3676
391,1.3679,sign_C,45,5,16,15,16,7632,0.9715,1.0,1.3679,0.774,0.7967
392,1.3679,sign_C,45,5,8,16,16,5712,0.7271,1.0,1.3679,0.7174,0.9867
393,1.3702,sign_C,48,6,11,16,16,7136,0.9084,0.5,1.3702,0.8691,0.9568
394,1.3765,c_per_byte,40,5,21,10,32,6592,0.8391,0.7925,0.5512,1.155,1.3765
395,1.3798,c_per_byte,40,5,23,9,32,6576,0.8371,0.7925,0.5381,1.155,1.3798
396,1.3849,c_per_byte,40,5,19,11,32,6544,0.833,0.7925,0.5748,1.1536,1.3849
397,1.3861,c_per_byte,48,6,21,12,32,7840,0.998,0.7925,0.7429,1.3833,1.3861
398,1.388,c_per_byte,48,6,17,15,32,7824,0.9959,0.7925,1.3799,1.3824,1.388
399,1.3928,c_per_byte,48,6,18,14,32,7792,0.9919,0.7925,1.0254,1.3814,1.3928
400,1.3929,c_per_byte,40,5,15,14,32,6496,0.8269,0.7925,0.8545,1.1517,1.3929
401,1.3929,sign_C,40,5,12,16,16,6720,0.8554,0.5,1.3929,0.7471,0.8734
402,1.3937,c_per_byte,42,6,23,11,32,7792,0.9919,0.3962,0.377,1.3824,1.3937
403,1.3952,c_per_byte,40,5,14,15,32,6480,0.8248,0.7925,1.1425,1.1508,1.3952
404,1.3957,c_per_byte,40,5,16,13,32,6480,0.8248,0.7925,0.6994,1.1513,1.3957
405,1.4005,c_per_byte,42,6,21,12,32,7744,0.9857,0.3962,0.4296,1.3805,1.4005
406,1.4024,c_per_byte,42,6,17,15,32,7728,0.9837,0.3962,1.0666,1.3796,1.4024
407,1.4029,c_per_byte,48,6,19,13,32,7728,0.9837,0.7925,0.8371,1.38,1.4029
408,1.4045,c_per_byte,40,5,17,12,32,6432,0.8187,0.7925,0.6163,1.1499,1.4045
409,1.4073,c_per_byte,42,6,18,14,32,7696,0.9796,0.3962,0.7121,1.3787,1.4073
410,1.4078,c_per_byte,48,6,22,11,32,7696,0.9796,0.7925,0.6875,1.3791,1.4078
411,1.408,c_per_byte,40,5,22,9,32,6416,0.8167,0.7925,0.5374,1.1499,1.408
412,1.408,c_per_byte,40,5,20,10,32,6416,0.8167,0.7925,0.5498,1.1499,1.408
413,1.4083,c_per_byte,48,6,24,10,32,7696,0.9796,0.7925,0.6598,1.3796,1.4083
414,1.4177,c_per_byte,42,6,19,13,32,7632,0.9715,0.3962,0.5238,1.3773,1.4177
415,1.4177,c_per_byte,48,6,20,12,32,7632,0.9715,0.7925,0.7374,1.3773,1.4177
416,1.4193,c_per_byte,40,5,18,11,32,6352,0.8086,0.7925,0.572,1.1476,1.4193
417,1.4204,c_per_byte,40,5,24,8,32,6352,0.8086,0.7925,0.5305,1.1485,1.4204
418,1.4227,c_per_byte,42,6,22,11,32,7600,0.9674,0.3962,0.3742,1.3763,1.4227
419,1.4232,c_per_byte,42,6,24,10,32,7600,0.9674,0.3962,0.3465,1.3768,1.4232
420,1.4273,c_per_byte,48,6,16,15,32,7568,0.9633,0.7925,1.3356,1.3749,1.4273
421,1.4298,c_per_byte,48,6,17,14,32,7552,0.9613,0.7925,1.0032,1.3745,1.4298
422,1.4328,c_per_byte,42,6,20,12,32,7536,0.9593,0.3962,0.4241,1.3745,1.4328
423,1.4359,c_per_byte,48,6,23,10,32,7520,0.9572,0.7925,0.6584,1.3745,1.4359
424,1.437,c_per_byte,40,5,14,14,32,6256,0.7963,0.7925,0.8323,1.1443,1.437
425,1.4375,c_per_byte,48,6,18,13,32,7504,0.9552,0.7925,0.826,1.3731,1.4375
426,1.4376,c_per_byte,40,5,15,13,32,6256,0.7963,0.7925,0.6883,1.1448,1.4376
427,1.438,c_per_byte,48,6,21,11,32,7504,0.9552,0.7925,0.6847,1.3735,1.438
428,1.4381,c_per_byte,40,5,21,9,32,6256,0.7963,0.7925,0.5367,1.1452,1.4381
429,1.4412,c_per_byte,40,5,19,10,32,6240,0.7943,0.7925,0.5485,1.1448,1.4412
430,1.4427,c_per_byte,42,6,16,15,32,7472,0.9511,0.3962,1.0223,1.3722,1.4427
431,1.4432,c_per_byte,40,5,13,15,32,6224,0.7923,0.7925,1.0982,1.1434,1.4432
432,1.4438,c_per_byte,40,5,16,12,32,6224,0.7923,0.7925,0.6108,1.1439,1.4438
433,1.4453,c_per_byte,42,6,17,14,32,7456,0.9491,0.3962,0.6899,1.3717,1.4453
434,1.4481,c_per_byte,40,5,23,8,32,6208,0.7902,0.7925,0.5301,1.1443,1.4481
435,1.451,c_per_byte,48,6,19,12,32,7424,0.945,0.7925,0.7318,1.3712,1.451
436,1.4515,c_per_byte,42,6,23,10,32,7424,0.945,0.3962,0.3451,1.3717,1.4515
437,1.4532,c_per_byte,42,6,18,13,32,7408,0.943,0.3962,0.5127,1.3703,1.4532
438,1.4537,c_per_byte,42,6,21,11,32,7408,0.943,0.3962,0.3714,1.3708,1.4537
439,1.4564,c_per_byte,40,5,17,11,32,6160,0.7841,0.7925,0.5692,1.142,1.4564
440,1.4565,sign_C,45,5,9,16,16,5984,0.7617,1.0,1.4565,0.7253,0.9522
441,1.4588,sign_C,48,6,12,16,16,7408,0.943,0.5,1.4588,0.877,0.9301
442,1.4643,c_per_byte,48,6,22,10,32,7344,0.9348,0.7925,0.657,1.3689,1.4643
443,1.467,c_per_byte,42,6,19,12,32,7328,0.9328,0.3962,0.4185,1.3684,1.467
444,1.4693,c_per_byte,48,6,16,14,32,7312,0.9308,0.7925,0.9811,1.3675,1.4693
445,1.4693,c_per_byte,48,6,15,15,32,7312,0.9308,0.7925,1.2913,1.3675,1.4693
446,1.4698,c_per_byte,48,6,20,11,32,7312,0.9308,0.7925,0.682,1.368,1.4698
447,1.4699,c_per_byte,40,5,20,9,32,6096,0.776,0.7925,0.536,1.1406,1.4699
448,1.4703,c_per_byte,48,6,24,9,32,7312,0.9308,0.7925,0.6432,1.3684,1.4703
449,1.4747,c_per_byte,48,6,17,13,32,7280,0.9267,0.7925,0.8149,1.3666,1.4747
450,1.4759,c_per_byte,40,5,18,10,32,6064,0.7719,0.7925,0.5471,1.1392,1.4759
451,1.4807,c_per_byte,42,6,22,10,32,7248,0.9226,0.3962,0.3438,1.3661,1.4807
452,1.4815,sign_C,40,5,13,16,16,6992,0.89,0.5,1.4815,0.755,0.8483
453,1.4819,c_per_byte,40,5,14,13,32,6032,0.7678,0.7925,0.6772,1.1378,1.4819
454,1.4852,c_per_byte,40,5,13,14,32,6016,0.7658,0.7925,0.8102,1.1374,1.4852
455,1.4858,c_per_byte,48,6,18,12,32,7216,0.9185,0.7925,0.7263,1.3647,1.4858
456,1.4858,c_per_byte,42,6,16,14,32,7216,0.9185,0.3962,0.6678,1.3647,1.4858
457,1.4858,c_per_byte,42,6,15,15,32,7216,0.9185,0.3962,0.978,1.3647,1.4858
458,1.4858,c_per_byte,40,5,15,12,32,6016,0.7658,0.7925,0.6052,1.1378,1.4858
459,1.4863,c_per_byte,42,6,20,11,32,7216,0.9185,0.3962,0.3687,1.3652,1.4863
460,1.4868,c_per_byte,42,6,24,9,32,7216,0.9185,0.3962,0.3299,1.3657,1.4868
461,1.4914,c_per_byte,42,6,17,13,32,7184,0.9145,0.3962,0.5016,1.3638,1.4914
462,1.4947,c_per_byte,48,6,21,10,32,7168,0.9124,0.7925,0.6557,1.3638,1.4947
463,1.4953,c_per_byte,40,5,12,15,32,5968,0.7597,0.7925,1.0539,1.136,1.4953
464,1.4959,c_per_byte,40,5,16,11,32,5968,0.7597,0.7925,0.5665,1.1364,1.4959
465,1.498,c_per_byte,48,6,23,9,32,7152,0.9104,0.7925,0.6425,1.3638,1.498
466,1.5027,c_per_byte,42,6,18,12,32,7120,0.9063,0.3962,0.413,1.3619,1.5027
467,1.5032,c_per_byte,48,6,19,11,32,7120,0.9063,0.7925,0.6792,1.3624,1.5032
468,1.5034,c_per_byte,40,5,19,9,32,5936,0.7556,0.7925,0.5353,1.136,1.5034
469,1.5114,c_per_byte,48,6,15,14,32,7072,0.9002,0.7925,0.9589,1.3606,1.5114
470,1.5119,c_per_byte,42,6,21,10,32,7072,0.9002,0.3962,0.3424,1.361,1.5119
471,1.5126,c_per_byte,40,5,11,16,32,5888,0.7495,0.7925,1.497,1.1336,1.5126
472,1.5132,c_per_byte,40,5,17,10,32,5888,0.7495,0.7925,0.5457,1.1341,1.5132
473,1.5138,c_per_byte,48,6,14,15,32,7056,0.8982,0.7925,1.2469,1.3596,1.5138
474,1.5143,c_per_byte,48,6,16,13,32,7056,0.8982,0.7925,0.8038,1.3601,1.5143
475,1.5153,c_per_byte,42,6,23,9,32,7056,0.8982,0.3962,0.3292,1.361,1.5153
476,1.5207,c_per_byte,42,6,19,11,32,7024,0.8941,0.3962,0.3659,1.3596,1.5207
477,1.5231,c_per_byte,48,6,17,12,32,7008,0.8921,0.7925,0.7207,1.3587,1.5231
478,1.5266,c_per_byte,48,6,22,9,32,6992,0.89,0.7925,0.6418,1.3587,1.5266
479,1.5266,c_per_byte,48,6,20,10,32,6992,0.89,0.7925,0.6543,1.3587,1.5266
480,1.5291,c_per_byte,42,6,15,14,32,6976,0.888,0.3962,0.6456,1.3578,1.5291
481,1.5302,c_per_byte,40,5,13,13,32,5808,0.7393,0.7925,0.6662,1.1313,1.5302
482,1.5302,c_per_byte,40,5,14,12,32,5808,0.7393,0.7925,0.5997,1.1313,1.5302
483,1.5315,c_per_byte,42,6,14,15,32,6960,0.8859,0.3962,0.9336,1.3568,1.5315
484,1.532,c_per_byte,42,6,16,13,32,6960,0.8859,0.3962,0.4905,1.3573,1.532
485,1.5333,sign_C,42,7,8,17,16,6912,0.8798,0.125,1.5333,0.9722,1.1049
486,1.5375,c_per_byte,40,5,12,14,32,5776,0.7352,0.7925,0.788,1.1304,1.5375
487,1.5381,c_per_byte,48,6,18,11,32,6928,0.8819,0.7925,0.6764,1.3564,1.5381
488,1.5381,c_per_byte,40,5,15,11,32,5776,0.7352,0.7925,0.5637,1.1309,1.5381
489,1.5391,c_per_byte,48,6,24,8,32,6928,0.8819,0.7925,0.6349,1.3573,1.5391
490,1.5406,c_per_byte,42,6,13,16,32,6912,0.8798,0.3962,1.4654,1.3555,1.5406
491,1.5411,c_per_byte,42,6,17,12,32,6912,0.8798,0.3962,0.4075,1.3559,1.5411
492,1.5447,c_per_byte,42,6,20,10,32,6896,0.8778,0.3962,0.341,1.3559,1.5447
493,1.5447,c_per_byte,42,6,22,9,32,6896,0.8778,0.3962,0.3285,1.3559,1.5447
494,1.5451,sign_C,45,5,10,16,16,6256,0.7963,1.0,1.5451,0.7332,0.9207
495,1.5474,sign_C,48,6,13,16,16,7680,0.9776,0.5,1.5474,0.8849,0.9052
496,1.5497,sign_C,48,8,8,17,16,7568,0.9633,0.125,1.5497,1.1012,1.1431
497,1.5521,c_per_byte,40,5,11,15,32,5712,0.7271,0.7925,1.0096,1.1285,1.5521
498,1.554,sign_C,42,6,14,16,32,7184,0.9145,0.3962,1.554,1.3633,1.4909
499,1.5559,c_per_byte,48,6,14,14,32,6832,0.8697,0.7925,0.9368,1.3531,1.5559
500,1.5565,c_per_byte,42,6,18,11,32,6832,0.8697,0.3962,0.3631,1.3536,1.5565
501,1.5565,c_per_byte,48,6,15,13,32,6832,0.8697,0.7925,0.7928,1.3536,1.5565
502,1.557,c_per_byte,48,6,21,9,32,6832,0.8697,0.7925,0.6411,1.3541,1.557
503,1.5575,c_per_byte,42,6,24,8,32,6832,0.8697,0.3962,0.3216,1.3545,1.5575
504,1.5601,c_per_byte,48,6,19,10,32,6816,0.8676,0.7925,0.6529,1.3536,1.5601
505,1.5622,c_per_byte,48,6,13,15,32,6800,0.8656,0.7925,1.2026,1.3522,1.5622
506,1.5627,c_per_byte,48,6,16,12,32,6800,0.8656,0.7925,0.7152,1.3527,1.5627
507,1.567,c_per_byte,48,6,23,8,32,6784,0.8635,0.7925,0.6345,1.3531,1.567
508,1.5702,sign_C,40,5,14,16,16,7264,0.9246,0.5,1.5702,0.7629,0.825
509,1.5741,c_per_byte,40,5,10,16,32,5616,0.7149,0.7925,1.4084,1.1253,1.5741
510,1.5749,c_per_byte,42,6,14,14,32,6736,0.8574,0.3962,0.6235,1.3503,1.5749
511,1.5754,c_per_byte,48,6,17,11,32,6736,0.8574,0.7925,0.6737,1.3508,1.5754
512,1.5754,c_per_byte,42,6,15,13,32,6736,0.8574,0.3962,0.4795,1.3508,1.5754
513,1.576,c_per_byte,42,6,21,9,32,6736,0.8574,0.3962,0.3278,1.3513,1.576
514,1.5786,c_per_byte,40,5,13,12,32,5600,0.7128,0.7925,0.5942,1.1253,1.5786
515,1.5792,c_per_byte,42,6,19,10,32,6720,0.8554,0.3962,0.3396,1.3508,1.5792
516,1.5813,c_per_byte,42,6,13,15,32,6704,0.8534,0.3962,0.8893,1.3494,1.5813
517,1.5818,c_per_byte,42,6,16,12,32,6704,0.8534,0.3962,0.4019,1.3499,1.5818
518,1.5825,c_per_byte,40,5,12,13,32,5584,0.7108,0.7925,0.6551,1.1248,1.5825
519,1.5842,c_per_byte,49,7,22,10,32,7808,0.9939,0.3962,0.396,1.5745,1.5842
520,1.5849,keygen_C,45,5,20,12,32,7136,0.9084,1.5849,1.1551,1.1708,1.2889
521,1.5849,keygen_C,45,5,23,11,32,7392,0.9409,1.5849,1.108,1.1787,1.2526
522,1.5849,keygen_C,45,5,23,10,32,7024,0.8941,1.5849,1.0762,1.168,1.3063
523,1.5849,keygen_C,45,5,19,11,32,6624,0.8432,1.5849,1.0969,1.1559,1.3709
524,1.5849,keygen_C,45,5,17,10,32,5968,0.7597,1.5849,1.0679,1.1364,1.4959
525,1.5849,keygen_C,45,5,20,9,32,6176,0.7862,1.5849,1.0582,1.1429,1.4538
526,1.5849,keygen_C,45,5,24,11,32,7584,0.9654,1.5849,1.1108,1.1842,1.2267
527,1.5849,keygen_C,45,5,19,9,32,6016,0.7658,1.5849,1.0575,1.1383,1.4864
528,1.5849,keygen_C,45,5,21,8,32,6000,0.7637,1.5849,1.0516,1.1378,1.4898
529,1.5849,keygen_C,45,5,19,14,32,7536,0.9593,1.5849,1.4653,1.1824,1.2326
530,1.5849,keygen_C,45,5,14,13,32,6112,0.778,1.5849,1.1994,1.1401,1.4655
531,1.5849,keygen_C,45,5,14,12,32,5888,0.7495,1.5849,1.1219,1.1336,1.5126
532,1.5849,keygen_C,45,5,13,13,32,5888,0.7495,1.5849,1.1883,1.1336,1.5126
533,1.5849,keygen_C,45,5,18,14,32,7296,0.9287,1.5849,1.4431,1.1749,1.2651
534,1.5849,keygen_C,45,5,17,11,32,6240,0.7943,1.5849,1.0914,1.1443,1.4407
535,1.5849,keygen_C,45,5,23,9,32,6656,0.8473,1.5849,1.0602,1.1573,1.366
536,1.5849,keygen_C,45,5,21,12,32,7344,0.9348,1.5849,1.1606,1.1768,1.2588
537,1.5849,keygen_C,45,5,18,12,32,6720,0.8554,1.5849,1.144,1.1582,1.354
538,1.5849,keygen_C,45,5,19,13,32,7232,0.9206,1.5849,1.2548,1.1735,1.2748
539,1.5849,keygen_C,45,5,15,13,32,6336,0.8065,1.5849,1.2105,1.1471,1.4223
540,1.5849,keygen_C,45,5,14,14,32,6336,0.8065,1.5849,1.3545,1.1466,1.4217
541,1.5849,keygen_C,45,5,21,9,32,6336,0.8065,1.5849,1.0588,1.1476,1.4229
542,1.5849,keygen_C,45,5,24,10,32,7200,0.9165,1.5849,1.0775,1.1731,1.28
543,1.5849,keygen_C,45,5,18,10,32,6144,0.7821,1.5849,1.0692,1.1415,1.4596
544,1.5849,keygen_C,45,5,22,8,32,6144,0.7821,1.5849,1.0519,1.142,1.4602
545,1.5849,keygen_C,45,5,22,10,32,6848,0.8717,1.5849,1.0748,1.1624,1.3335
546,1.5849,keygen_C,45,5,20,13,32,7456,0.9491,1.5849,1.2659,1.18,1.2434
547,1.5849,keygen_C,45,5,16,11,32,6048,0.7699,1.5849,1.0886,1.1387,1.4792
548,1.5849,keygen_C,45,5,12,15,32,6048,0.7699,1.5849,1.576,1.1383,1.4786
549,1.5849,keygen_C,45,5,21,10,32,6672,0.8493,1.5849,1.0734,1.1573,1.3627
550,1.5849,keygen_C,45,5,19,10,32,6320,0.8045,1.5849,1.0706,1.1471,1.4259
551,1.5849,keygen_C,45,5,15,14,32,6576,0.8371,1.5849,1.3766,1.1541,1.3787
552,1.5849,keygen_C,45,5,22,12,32,7552,0.9613,1.5849,1.1662,1.1828,1.2304
553,1.5849,keygen_C,45,5,15,10,32,5616,0.7149,1.5849,1.0651,1.1262,1.5754
554,1.5849,keygen_C,45,5,14,11,32,5664,0.721,1.5849,1.0831,1.1271,1.5634
555,1.5849,keygen_C,45,5,11,14,32,5616,0.7149,1.5849,1.288,1.1258,1.5748
556,1.5849,keygen_C,45,5,12,13,32,5664,0.721,1.5849,1.1772,1.1271,1.5634
557,1.5849,keygen_C,45,5,19,8,32,5712,0.7271,1.5849,1.0509,1.1295,1.5534
558,1.5849,keygen_C,45,5,15,12,32,6096,0.776,1.5849,1.1274,1.1401,1.4693
559,1.5849,keygen_C,45,5,21,11,32,7008,0.8921,1.5849,1.1025,1.1671,1.3083
560,1.5849,keygen_C,45,5,17,14,32,7056,0.8982,1.5849,1.421,1.168,1.3004
561,1.5849,keygen_C,45,5,13,14,32,6096,0.776,1.5849,1.3323,1.1397,1.4687
562,1.5849,keygen_C,45,5,23,8,32,6288,0.8004,1.5849,1.0523,1.1466,1.4326
563,1.5849,keygen_C,45,5,13,12,32,5680,0.723,1.5849,1.1163,1.1276,1.5596
564,1.5849,keygen_C,45,5,18,13,32,7008,0.8921,1.5849,1.2437,1.1666,1.3078
565,1.5849,keygen_C,45,5,16,12,32,6304,0.8024,1.5849,1.1329,1.1462,1.4284
566,1.5849,keygen_C,45,5,22,11,32,7200,0.9165,1.5849,1.1052,1.1726,1.2795
567,1.5849,keygen_C,45,5,12,14,32,5856,0.7454,1.5849,1.3102,1.1327,1.5196
568,1.5849,keygen_C,45,5,17,13,32,6784,0.8635,1.5849,1.2326,1.1601,1.3434
569,1.5849,keygen_C,45,5,24,8,32,6432,0.8187,1.5849,1.0526,1.1508,1.4056
570,1.5849,keygen_C,45,5,20,8,32,5856,0.7454,1.5849,1.0512,1.1336,1.5208
571,1.5849,keygen_C,45,5,18,9,32,5856,0.7454,1.5849,1.0568,1.1332,1.5202
572,1.5849,keygen_C,45,5,16,14,32,6816,0.8676,1.5849,1.3988,1.161,1.3382
573,1.5849,keygen_C,45,5,18,11,32,6432,0.8187,1.5849,1.0942,1.1499,1.4045
574,1.5849,keygen_C,45,5,15,11,32,5856,0.7454,1.5849,1.0859,1.1332,1.5202
575,1.5849,keygen_C,45,5,20,11,32,6816,0.8676,1.5849,1.0997,1.1615,1.3387
576,1.5849,keygen_C,45,5,17,12,32,6512,0.8289,1.5849,1.1385,1.1522,1.39
577,1.5849,keygen_C,45,5,16,13,32,6560,0.835,1.5849,1.2216,1.1536,1.3815
578,1.5849,keygen_C,45,5,17,9,32,5696,0.7251,1.5849,1.0561,1.1285,1.5565
579,1.5849,keygen_C,45,5,24,9,32,6816,0.8676,1.5849,1.0609,1.1619,1.3392
580,1.5849,keygen_C,45,5,21,13,32,7680,0.9776,1.5849,1.2769,1.1865,1.2137
581,1.5849,keygen_C,45,5,20,10,32,6496,0.8269,1.5849,1.072,1.1522,1.3934
582,1.5849,keygen_C,45,5,23,12,32,7760,0.9878,1.5849,1.1717,1.1893,1.204
583,1.5849,keygen_C,45,5,11,15,32,5792,0.7373,1.5849,1.5317,1.1309,1.5338
584,1.5849,keygen_C,45,5,22,9,32,6496,0.8269,1.5849,1.0595,1.1522,1.3934
585,1.5849,keygen_C,45,5,16,10,32,5792,0.7373,1.5849,1.0665,1.1313,1.5345
586,1.5849,keygen_C,45,5,20,14,32,7776,0.9898,1.5849,1.4874,1.1893,1.2016
587,1.5849,keygen_C,45,5,19,12,32,6928,0.8819,1.5849,1.1496,1.1647,1.3207
588,1.5856,sign_C,40,5,12,16,32,6160,0.7841,0.7925,1.5856,1.1415,1.4558
589,1.5862,c_per_byte,42,6,23,8,32,6688,0.8513,0.3962,0.3212,1.3503,1.5862
590,1.587,c_per_byte,45,5,18,8,32,5568,0.7088,1.5849,1.0505,1.1248,1.587
591,1.5889,c_per_byte,48,6,20,9,32,6672,0.8493,0.7925,0.6404,1.3494,1.5889
592,1.5893,c_per_byte,49,7,15,15,32,7776,0.9898,0.3962,1.0302,1.5731,1.5893
593,1.5893,c_per_byte,49,7,16,14,32,7776,0.9898,0.3962,0.72,1.5731,1.5893
594,1.5897,c_per_byte,42,7,19,12,32,7776,0.9898,0.1981,0.288,1.5735,1.5897
595,1.5897,c_per_byte,49,7,20,11,32,7776,0.9898,0.3962,0.4209,1.5735,1.5897
596,1.5902,c_per_byte,49,7,24,9,32,7776,0.9898,0.3962,0.3821,1.574,1.5902
597,1.5936,c_per_byte,45,5,10,15,32,5536,0.7047,1.5849,1.4874,1.123,1.5936
598,1.5942,c_per_byte,40,5,11,14,32,5536,0.7047,0.7925,0.7659,1.1234,1.5942
599,1.5943,c_per_byte,42,6,12,16,32,6640,0.8452,0.3962,1.3768,1.3476,1.5943
600,1.5949,c_per_byte,45,5,16,9,32,5536,0.7047,1.5849,1.0554,1.1239,1.5949
601,1.5949,c_per_byte,49,7,17,13,32,7744,0.9857,0.3962,0.5538,1.5722,1.5949
602,1.5949,c_per_byte,48,6,18,10,32,6640,0.8452,0.7925,0.6515,1.348,1.5949
603,1.5949,c_per_byte,42,6,17,11,32,6640,0.8452,0.3962,0.3604,1.348,1.5949
604,1.5954,c_per_byte,48,6,22,8,32,6640,0.8452,0.7925,0.6342,1.3485,1.5954
605,1.601,c_per_byte,48,6,14,13,32,6608,0.8411,0.7925,0.7817,1.3466,1.601
606,1.6039,c_per_byte,42,7,22,10,32,7696,0.9796,0.1981,0.2132,1.5712,1.6039
607,1.6043,c_per_byte,48,6,13,14,32,6592,0.8391,0.7925,0.9146,1.3462,1.6043
608,1.6048,c_per_byte,48,6,15,12,32,6592,0.8391,0.7925,0.7097,1.3466,1.6048
609,1.6062,sign_C,49,7,14,16,32,7744,0.9857,0.3962,1.6062,1.5717,1.5944
610,1.6063,c_per_byte,49,7,18,12,32,7680,0.9776,0.3962,0.4652,1.5703,1.6063
611,1.6088,c_per_byte,42,6,20,9,32,6576,0.8371,0.3962,0.3271,1.3466,1.6088
612,1.6092,c_per_byte,42,7,15,15,32,7664,0.9756,0.1981,0.8474,1.5698,1.6092
613,1.6092,c_per_byte,42,7,16,14,32,7664,0.9756,0.1981,0.5372,1.5698,1.6092
614,1.6096,c_per_byte,42,7,20,11,32,7664,0.9756,0.1981,0.2381,1.5703,1.6096
615,1.6101,c_per_byte,42,7,24,9,32,7664,0.9756,0.1981,0.1994,1.5708,1.6101
616,1.6102,c_per_byte,45,5,13,11,32,5472,0.6965,1.5849,1.0803,1.1216,1.6102
617,1.6102,c_per_byte,45,5,12,12,32,5472,0.6965,1.5849,1.1108,1.1216,1.6102
618,1.6136,c_per_byte,40,5,10,15,32,5456,0.6945,0.7925,0.9653,1.1206,1.6136
619,1.6144,c_per_byte,48,6,12,15,32,6544,0.833,0.7925,1.1583,1.3448,1.6144
620,1.6145,c_per_byte,42,7,14,16,32,7632,0.9715,0.1981,1.4235,1.5684,1.6145
621,1.615,c_per_byte,48,6,16,11,32,6544,0.833,0.7925,0.6709,1.3452,1.615
622,1.615,c_per_byte,42,6,18,10,32,6544,0.833,0.3962,0.3382,1.3452,1.615
623,1.615,c_per_byte,42,7,17,13,32,7632,0.9715,0.1981,0.3711,1.5689,1.615
624,1.6154,c_per_byte,49,7,21,10,32,7632,0.9715,0.3962,0.3946,1.5694,1.6154
625,1.6155,c_per_byte,42,6,22,8,32,6544,0.833,0.3962,0.3209,1.3457,1.6155
626,1.6156,sign_C,42,6,8,17,16,6352,0.8086,0.25,1.6156,0.8459,1.0462
627,1.6183,c_per_byte,45,5,11,13,32,5440,0.6925,1.5849,1.1662,1.1206,1.6183
628,1.6183,c_per_byte,45,5,14,10,32,5440,0.6925,1.5849,1.0637,1.1206,1.6183
629,1.6188,c_per_byte,49,7,23,9,32,7616,0.9695,0.3962,0.3814,1.5694,1.6188
630,1.6204,sign_C,45,5,13,15,32,6304,0.8024,1.5849,1.6204,1.1457,1.4278
631,1.6212,c_per_byte,42,6,14,13,32,6512,0.8289,0.3962,0.4684,1.3439,1.6212
632,1.6223,c_per_byte,48,6,19,9,32,6512,0.8289,0.7925,0.6397,1.3448,1.6223
633,1.6242,c_per_byte,49,7,19,11,32,7584,0.9654,0.3962,0.4181,1.568,1.6242
634,1.6246,c_per_byte,42,6,13,14,32,6496,0.8269,0.3962,0.6013,1.3434,1.6246
635,1.6252,c_per_byte,42,6,15,12,32,6496,0.8269,0.3962,0.3964,1.3439,1.6252
636,1.6258,c_per_byte,48,6,21,8,32,6496,0.8269,0.7925,0.6339,1.3443,1.6258
637,1.6267,c_per_byte,42,7,18,12,32,7568,0.9633,0.1981,0.2824,1.5671,1.6267
638,1.6316,c_per_byte,48,6,11,16,32,6464,0.8228,0.7925,1.6014,1.3425,1.6316
639,1.6321,c_per_byte,48,6,17,10,32,6464,0.8228,0.7925,0.6501,1.3429,1.6321
640,1.6326,c_per_byte,49,7,15,14,32,7536,0.9593,0.3962,0.6978,1.5661,1.6326
641,1.6337,sign_C,45,5,11,16,16,6528,0.831,1.0,1.6337,0.7415,0.8924
642,1.6342,c_per_byte,45,5,10,14,32,5376,0.6843,1.5849,1.2659,1.1183,1.6342
643,1.635,c_per_byte,42,6,12,15,32,6448,0.8208,0.3962,0.845,1.342,1.635
644,1.6351,c_per_byte,49,7,14,15,32,7520,0.9572,0.3962,0.9859,1.5652,1.6351
645,1.6356,c_per_byte,42,6,16,11,32,6448,0.8208,0.3962,0.3576,1.3425,1.6356
646,1.6356,c_per_byte,49,7,16,13,32,7520,0.9572,0.3962,0.5428,1.5657,1.6356
647,1.6361,c_per_byte,42,7,21,10,32,7520,0.9572,0.1981,0.2118,1.5661,1.6361
648,1.6396,c_per_byte,42,7,23,9,32,7504,0.9552,0.1981,0.1987,1.5661,1.6396
649,1.6426,sign_C,42,6,15,16,32,7456,0.9491,0.3962,1.6426,1.3717,1.4453
650,1.6426,c_per_byte,40,5,9,16,32,5344,0.6802,0.7925,1.3198,1.1174,1.6426
651,1.6432,c_per_byte,42,6,19,9,32,6416,0.8167,0.3962,0.3264,1.342,1.6432
652,1.6442,c_per_byte,49,7,13,16,32,7472,0.9511,0.3962,1.5176,1.5638,1.6442
653,1.6447,c_per_byte,49,7,17,12,32,7472,0.9511,0.3962,0.4597,1.5643,1.6447
654,1.6451,c_per_byte,42,7,19,11,32,7472,0.9511,0.1981,0.2354,1.5647,1.6451
655,1.6467,c_per_byte,42,6,21,8,32,6400,0.8147,0.3962,0.3206,1.3415,1.6467
656,1.6482,c_per_byte,49,7,20,10,32,7456,0.9491,0.3962,0.3932,1.5643,1.6482
657,1.6482,c_per_byte,49,7,22,9,32,7456,0.9491,0.3962,0.3807,1.5643,1.6482
658,1.6486,sign_C,49,7,8,17,16,7024,0.8941,0.25,1.6486,0.9754,1.0909
659,1.6491,c_per_byte,48,6,14,12,32,6384,0.8126,0.7925,0.7041,1.3401,1.6491
660,1.6491,c_per_byte,48,6,13,13,32,6384,0.8126,0.7925,0.7706,1.3401,1.6491
661,1.6527,c_per_byte,42,6,11,16,32,6368,0.8106,0.3962,1.2881,1.3397,1.6527
662,1.6533,c_per_byte,42,6,17,10,32,6368,0.8106,0.3962,0.3368,1.3401,1.6533
663,1.6538,c_per_byte,42,7,15,14,32,7424,0.945,0.1981,0.5151,1.5629,1.6538
664,1.6563,c_per_byte,48,6,12,14,32,6352,0.8086,0.7925,0.8925,1.3392,1.6563
665,1.6564,c_per_byte,42,7,14,15,32,7408,0.943,0.1981,0.8031,1.5619,1.6564
666,1.6569,c_per_byte,48,6,18,9,32,6352,0.8086,0.7925,0.639,1.3397,1.6569
667,1.6569,c_per_byte,48,6,15,11,32,6352,0.8086,0.7925,0.6681,1.3397,1.6569
668,1.6569,c_per_byte,42,7,16,13,32,7408,0.943,0.1981,0.36,1.5624,1.6569
669,1.6575,c_per_byte,48,6,20,8,32,6352,0.8086,0.7925,0.6335,1.3401,1.6575
670,1.6588,sign_C,40,5,15,16,16,7536,0.9593,0.5,1.6588,0.7712,0.804
671,1.6598,c_per_byte,45,5,9,15,32,5280,0.6721,1.5849,1.4431,1.1155,1.6598
672,1.66,c_per_byte,49,7,18,11,32,7392,0.9409,0.3962,0.4154,1.5619,1.66
673,1.6605,c_per_byte,45,5,12,11,32,5280,0.6721,1.5849,1.0775,1.116,1.6605
674,1.661,c_per_byte,49,7,24,8,32,7392,0.9409,0.3962,0.3738,1.5629,1.661
675,1.6611,sign_C,40,8,9,17,16,7728,0.9837,0.0625,1.6611,1.1058,1.1241
676,1.6647,sign_C,45,5,14,15,32,6560,0.835,1.5849,1.6647,1.1531,1.3809
677,1.6648,c_per_byte,45,5,11,12,32,5264,0.6701,1.5849,1.1052,1.1155,1.6648
678,1.6657,c_per_byte,42,7,13,16,32,7360,0.9369,0.1981,1.3348,1.5606,1.6657
679,1.6662,c_per_byte,42,7,17,12,32,7360,0.9369,0.1981,0.2769,1.561,1.6662
680,1.6699,c_per_byte,42,7,20,10,32,7344,0.9348,0.1981,0.2104,1.561,1.6699
681,1.6699,c_per_byte,42,7,22,9,32,7344,0.9348,0.1981,0.198,1.561,1.6699
682,1.6708,c_per_byte,48,6,11,15,32,6288,0.8004,0.7925,1.114,1.3374,1.6708
683,1.6708,c_per_byte,42,6,13,13,32,6288,0.8004,0.3962,0.4573,1.3374,1.6708
684,1.6708,c_per_byte,42,6,14,12,32,6288,0.8004,0.3962,0.3908,1.3374,1.6708
685,1.6714,c_per_byte,48,6,16,10,32,6288,0.8004,0.7925,0.6487,1.3378,1.6714
686,1.6742,sign_C,40,5,13,16,32,6432,0.8187,0.7925,1.6742,1.1494,1.4039
687,1.6774,c_per_byte,45,5,10,13,32,5216,0.664,1.5849,1.1551,1.1137,1.6774
688,1.6782,c_per_byte,42,6,12,14,32,6256,0.7963,0.3962,0.5792,1.3364,1.6782
689,1.6783,c_per_byte,49,7,14,14,32,7296,0.9287,0.3962,0.6757,1.5587,1.6783
690,1.6788,c_per_byte,42,6,15,11,32,6256,0.7963,0.3962,0.3548,1.3369,1.6788
691,1.6788,c_per_byte,42,6,18,9,32,6256,0.7963,0.3962,0.3258,1.3369,1.6788
692,1.6788,c_per_byte,49,7,15,13,32,7296,0.9287,0.3962,0.5317,1.5592,1.6788
693,1.6793,c_per_byte,49,7,21,9,32,7296,0.9287,0.3962,0.38,1.5596,1.6793
694,1.6794,c_per_byte,42,6,20,8,32,6256,0.7963,0.3962,0.3202,1.3374,1.6794
695,1.682,c_per_byte,42,7,18,11,32,7280,0.9267,0.1981,0.2326,1.5587,1.682
696,1.6825,c_per_byte,49,7,19,10,32,7280,0.9267,0.3962,0.3918,1.5592,1.6825
697,1.683,c_per_byte,42,7,24,8,32,7280,0.9267,0.1981,0.1911,1.5596,1.683
698,1.6847,c_per_byte,49,7,13,15,32,7264,0.9246,0.3962,0.9416,1.5578,1.6847
699,1.6852,c_per_byte,49,7,16,12,32,7264,0.9246,0.3962,0.4541,1.5582,1.6852
700,1.6895,c_per_byte,49,7,23,8,32,7248,0.9226,0.3962,0.3735,1.5587,1.6895
701,1.6901,sign_C,48,6,12,16,32,6736,0.8574,0.7925,1.6901,1.3503,1.5749
702,1.6906,c_per_byte,48,6,19,8,32,6208,0.7902,0.7925,0.6332,1.336,1.6906
703,1.6926,c_per_byte,48,6,10,16,32,6192,0.7882,0.7925,1.5128,1.3341,1.6926
704,1.6932,c_per_byte,42,6,11,15,32,6192,0.7882,0.3962,0.8007,1.3346,1.6932
705,1.6938,c_per_byte,48,6,17,9,32,6192,0.7882,0.7925,0.6384,1.335,1.6938
706,1.6938,c_per_byte,42,6,16,10,32,6192,0.7882,0.3962,0.3354,1.335,1.6938
707,1.697,c_per_byte,48,6,13,12,32,6176,0.7862,0.7925,0.6986,1.3341,1.697
708,1.6977,c_per_byte,49,7,12,16,32,7200,0.9165,0.3962,1.429,1.5559,1.6977
709,1.6982,c_per_byte,49,7,17,11,32,7200,0.9165,0.3962,0.4126,1.5564,1.6982
710,1.7008,c_per_byte,48,6,12,13,32,6160,0.7841,0.7925,0.7595,1.3336,1.7008
711,1.7008,c_per_byte,48,6,14,11,32,6160,0.7841,0.7925,0.6654,1.3336,1.7008
712,1.701,c_per_byte,42,7,14,14,32,7184,0.9145,0.1981,0.4929,1.5555,1.701
713,1.7015,c_per_byte,42,7,15,13,32,7184,0.9145,0.1981,0.3489,1.5559,1.7015
714,1.702,c_per_byte,42,7,21,9,32,7184,0.9145,0.1981,0.1973,1.5564,1.702
715,1.7053,c_per_byte,42,7,19,10,32,7168,0.9124,0.1981,0.2091,1.5559,1.7053
716,1.7075,c_per_byte,42,7,13,15,32,7152,0.9104,0.1981,0.7588,1.5545,1.7075
717,1.7081,c_per_byte,42,7,16,12,32,7152,0.9104,0.1981,0.2714,1.555,1.7081
718,1.709,sign_C,45,5,15,15,32,6816,0.8676,1.5849,1.709,1.161,1.3382
719,1.7105,sign_C,42,7,9,17,16,7200,0.9165,0.125,1.7105,0.9805,1.0698
720,1.7119,c_per_byte,49,7,20,9,32,7136,0.9084,0.3962,0.3794,1.555,1.7119
721,1.7124,c_per_byte,42,7,23,8,32,7136,0.9084,0.1981,0.1907,1.5555,1.7124
722,1.7124,c_per_byte,48,6,11,14,32,6112,0.778,0.7925,0.8703,1.3323,1.7124
723,1.713,c_per_byte,48,6,15,10,32,6112,0.778,0.7925,0.6474,1.3327,1.713
724,1.7157,c_per_byte,42,6,10,16,32,6096,0.776,0.3962,1.1995,1.3313,1.7157
725,1.7169,c_per_byte,42,6,17,9,32,6096,0.776,0.3962,0.3251,1.3323,1.7169
726,1.7181,c_per_byte,49,7,18,10,32,7104,0.9043,0.3962,0.3904,1.5536,1.7181
727,1.7186,c_per_byte,49,7,22,8,32,7104,0.9043,0.3962,0.3731,1.5541,1.7186
728,1.7202,c_per_byte,42,6,13,12,32,6080,0.7739,0.3962,0.3853,1.3313,1.7202
729,1.7209,c_per_byte,42,7,12,16,32,7088,0.9022,0.1981,1.2462,1.5527,1.7209
730,1.7214,c_per_byte,42,7,17,11,32,7088,0.9022,0.1981,0.2298,1.5531,1.7214
731,1.7224,sign_C,45,5,12,16,16,6800,0.8656,1.0,1.7224,0.7494,0.8658
732,1.7241,c_per_byte,42,6,12,13,32,6064,0.7719,0.3962,0.4462,1.3309,1.7241
733,1.7241,c_per_byte,42,6,14,11,32,6064,0.7719,0.3962,0.3521,1.3309,1.7241
734,1.7243,c_per_byte,49,7,14,13,32,7072,0.9002,0.3962,0.5206,1.5522,1.7243
735,1.7247,c_per_byte,48,6,18,8,32,6064,0.7719,0.7925,0.6328,1.3313,1.7247
736,1.7277,c_per_byte,49,7,13,14,32,7056,0.8982,0.3962,0.6535,1.5517,1.7277
737,1.7282,c_per_byte,49,7,15,12,32,7056,0.8982,0.3962,0.4486,1.5522,1.7282
738,1.7313,sign_C,42,6,16,16,32,7728,0.9837,0.3962,1.7313,1.3796,1.4024
739,1.7315,c_per_byte,48,6,10,15,32,6032,0.7678,0.7925,1.0697,1.3295,1.7315
740,1.7327,c_per_byte,48,6,16,9,32,6032,0.7678,0.7925,0.6377,1.3304,1.7327
741,1.7355,c_per_byte,42,7,20,9,32,7024,0.8941,0.1981,0.1966,1.5517,1.7355
742,1.7361,c_per_byte,42,6,11,14,32,6016,0.7658,0.3962,0.557,1.3295,1.7361
743,1.7367,c_per_byte,42,6,15,10,32,6016,0.7658,0.3962,0.3341,1.3299,1.7367
744,1.7379,c_per_byte,49,7,12,15,32,7008,0.8921,0.3962,0.8972,1.5503,1.7379
745,1.7385,c_per_byte,49,7,16,11,32,7008,0.8921,0.3962,0.4098,1.5508,1.7385
746,1.7419,c_per_byte,42,7,18,10,32,6992,0.89,0.1981,0.2077,1.5503,1.7419
747,1.7424,c_per_byte,42,7,22,8,32,6992,0.89,0.1981,0.1904,1.5508,1.7424
748,1.7459,c_per_byte,49,7,19,9,32,6976,0.888,0.3962,0.3787,1.5503,1.7459
749,1.7474,sign_C,40,5,16,16,16,7808,0.9939,0.5,1.7474,0.7791,0.7839
750,1.7482,c_per_byte,48,6,13,11,32,5968,0.7597,0.7925,0.6626,1.3281,1.7482
751,1.7482,c_per_byte,48,6,12,12,32,5968,0.7597,0.7925,0.6931,1.3281,1.7482
752,1.7484,c_per_byte,42,7,14,13,32,6960,0.8859,0.1981,0.3378,1.549,1.7484
753,1.7494,c_per_byte,49,7,21,8,32,6960,0.8859,0.3962,0.3728,1.5499,1.7494
754,1.7519,c_per_byte,42,7,13,14,32,6944,0.8839,0.1981,0.4708,1.5485,1.7519
755,1.7524,c_per_byte,42,7,15,12,32,6944,0.8839,0.1981,0.2658,1.549,1.7524
756,1.7533,sign_C,45,5,16,15,32,7072,0.9002,1.5849,1.7533,1.1684,1.298
757,1.7533,sign_C,45,5,8,16,32,5152,0.6558,1.5849,1.7533,1.1118,1.6954
758,1.7554,c_per_byte,49,7,11,16,32,6928,0.8819,0.3962,1.3404,1.548,1.7554
759,1.7558,c_per_byte,42,6,10,15,32,5936,0.7556,0.3962,0.7564,1.3267,1.7558
760,1.7559,c_per_byte,49,7,17,10,32,6928,0.8819,0.3962,0.389,1.5485,1.7559
761,1.7564,c_per_byte,48,6,11,13,32,5936,0.7556,0.7925,0.7484,1.3271,1.7564
762,1.7564,c_per_byte,48,6,14,10,32,5936,0.7556,0.7925,0.646,1.3271,1.7564
763,1.7599,c_per_byte,48,6,9,16,32,5920,0.7536,0.7925,1.4242,1.3262,1.7599
764,1.7612,c_per_byte,48,6,17,8,32,5920,0.7536,0.7925,0.6325,1.3271,1.7612
765,1.7625,c_per_byte,42,7,12,15,32,6896,0.8778,0.1981,0.7145,1.5471,1.7625
766,1.7629,sign_C,40,5,14,16,32,6704,0.8534,0.7925,1.7629,1.1573,1.3562
767,1.763,c_per_byte,42,7,16,11,32,6896,0.8778,0.1981,0.2271,1.5476,1.763
768,1.7707,c_per_byte,40,8,15,14,32,7840,0.998,0.0991,0.4368,1.7671,1.7707
769,1.7707,c_per_byte,42,7,19,9,32,6864,0.8737,0.1981,0.1959,1.5471,1.7707
770,1.7725,c_per_byte,48,6,10,14,32,5872,0.7475,0.7925,0.8481,1.3248,1.7725
771,1.7731,c_per_byte,42,6,13,11,32,5872,0.7475,0.3962,0.3493,1.3253,1.7731
772,1.7731,c_per_byte,42,6,12,12,32,5872,0.7475,0.3962,0.3798,1.3253,1.7731
773,1.7732,c_per_byte,49,7,13,13,32,6848,0.8717,0.3962,0.5095,1.5457,1.7732
774,1.7732,c_per_byte,49,7,14,12,32,6848,0.8717,0.3962,0.4431,1.5457,1.7732
775,1.7733,c_per_byte,40,8,14,15,32,7824,0.9959,0.0991,0.7248,1.7661,1.7733
776,1.7737,c_per_byte,48,6,15,9,32,5872,0.7475,0.7925,0.637,1.3258,1.7737
777,1.7738,c_per_byte,40,8,16,13,32,7824,0.9959,0.0991,0.2817,1.7666,1.7738
778,1.7738,c_per_byte,48,8,18,11,32,7824,0.9959,0.1981,0.2587,1.7666,1.7738
779,1.7743,c_per_byte,42,7,21,8,32,6848,0.8717,0.1981,0.19,1.5466,1.7743
780,1.7747,c_per_byte,48,8,24,8,32,7824,0.9959,0.1981,0.2172,1.7675,1.7747
781,1.7787,sign_C,48,6,13,16,32,7008,0.8921,0.7925,1.7787,1.3582,1.5226
782,1.7805,c_per_byte,49,7,12,14,32,6816,0.8676,0.3962,0.6314,1.5448,1.7805
783,1.7805,c_per_byte,42,7,11,16,32,6816,0.8676,0.1981,1.1576,1.5448,1.7805
784,1.781,c_per_byte,49,7,15,11,32,6816,0.8676,0.3962,0.407,1.5452,1.781
785,1.781,c_per_byte,42,7,17,10,32,6816,0.8676,0.1981,0.2063,1.5452,1.781
786,1.781,c_per_byte,49,7,18,9,32,6816,0.8676,0.3962,0.378,1.5452,1.781
787,1.7815,c_per_byte,42,6,11,13,32,5840,0.7434,0.3962,0.4351,1.3244,1.7815
788,1.7816,c_per_byte,49,7,20,8,32,6816,0.8676,0.3962,0.3724,1.5457,1.7816
789,1.7829,c_per_byte,40,8,13,16,32,7776,0.9898,0.0991,1.2565,1.7647,1.7829
790,1.7834,c_per_byte,40,8,17,12,32,7776,0.9898,0.0991,0.1986,1.7652,1.7834
791,1.7852,c_per_byte,42,6,9,16,32,5824,0.7413,0.3962,1.1109,1.3234,1.7852
792,1.787,c_per_byte,40,8,22,9,32,7760,0.9878,0.0991,0.1197,1.7652,1.787
793,1.787,c_per_byte,40,8,20,10,32,7760,0.9878,0.0991,0.1321,1.7652,1.787
794,1.7925,c_per_byte,48,8,14,14,32,7728,0.9837,0.1981,0.519,1.7633,1.7925
795,1.7929,sign_C,42,6,9,17,16,6640,0.8452,0.25,1.7929,0.8543,1.0107
796,1.793,c_per_byte,48,8,15,13,32,7728,0.9837,0.1981,0.375,1.7638,1.793
797,1.7935,c_per_byte,48,8,21,9,32,7728,0.9837,0.1981,0.2234,1.7643,1.7935
798,1.7952,c_per_byte,49,7,11,15,32,6752,0.8595,0.3962,0.8529,1.5429,1.7952
799,1.7957,c_per_byte,49,7,16,10,32,6752,0.8595,0.3962,0.3877,1.5434,1.7957
800,1.7967,c_per_byte,48,8,19,10,32,7712,0.9817,0.1981,0.2352,1.7638,1.7967
801,1.7976,sign_C,45,5,17,15,32,7328,0.9328,1.5849,1.7976,1.1759,1.2606
802,1.7981,c_per_byte,48,6,9,15,32,5776,0.7352,0.7925,1.0254,1.322,1.7981
803,1.7981,c_per_byte,42,6,10,14,32,5776,0.7352,0.3962,0.5348,1.322,1.7981
804,1.7988,c_per_byte,48,6,12,11,32,5776,0.7352,0.7925,0.6598,1.3225,1.7988
805,1.7989,c_per_byte,42,7,13,13,32,6736,0.8574,0.1981,0.3268,1.5425,1.7989
806,1.7989,c_per_byte,42,7,14,12,32,6736,0.8574,0.1981,0.2603,1.5425,1.7989
807,1.7991,c_per_byte,48,8,13,15,32,7696,0.9796,0.1981,0.7849,1.7624,1.7991
808,1.7994,c_per_byte,48,6,16,8,32,5776,0.7352,0.7925,0.6321,1.323,1.7994
809,1.7995,c_per_byte,48,8,16,12,32,7696,0.9796,0.1981,0.2975,1.7629,1.7995
810,1.7995,c_per_byte,40,8,18,11,32,7696,0.9796,0.0991,0.1543,1.7629,1.7995
811,1.8005,c_per_byte,40,8,24,8,32,7696,0.9796,0.0991,0.1127,1.7638,1.8005
812,1.8031,c_per_byte,48,6,13,10,32,5760,0.7332,0.7925,0.6446,1.322,1.8031
813,1.8031,c_per_byte,48,6,11,12,32,5760,0.7332,0.7925,0.6875,1.322,1.8031
814,1.8038,c_per_byte,48,8,23,8,32,7680,0.9776,0.1981,0.2168,1.7633,1.8038
815,1.8064,c_per_byte,42,7,12,14,32,6704,0.8534,0.1981,0.4486,1.5415,1.8064
816,1.807,c_per_byte,42,7,18,9,32,6704,0.8534,0.1981,0.1952,1.542,1.807
817,1.807,c_per_byte,42,7,15,11,32,6704,0.8534,0.1981,0.2243,1.542,1.807
818,1.8075,c_per_byte,42,7,20,8,32,6704,0.8534,0.1981,0.1897,1.5425,1.8075
819,1.811,sign_C,45,5,13,16,16,7072,0.9002,1.0,1.811,0.7573,0.8413
820,1.8122,c_per_byte,48,8,12,16,32,7632,0.9715,0.1981,1.2723,1.7606,1.8122
821,1.8127,c_per_byte,48,8,17,11,32,7632,0.9715,0.1981,0.2559,1.761,1.8127
822,1.8133,sign_C,48,6,8,17,16,6448,0.8208,0.5,1.8133,0.8487,1.0341
823,1.8151,c_per_byte,49,7,19,8,32,6672,0.8493,0.3962,0.3721,1.5415,1.8151
824,1.8157,c_per_byte,48,6,10,13,32,5712,0.7271,0.7925,0.7374,1.3202,1.8157
825,1.8164,c_per_byte,48,6,14,9,32,5712,0.7271,0.7925,0.6363,1.3206,1.8164
826,1.8173,c_per_byte,49,7,10,16,32,6656,0.8473,0.3962,1.2517,1.5397,1.8173
827,1.8184,c_per_byte,49,7,17,9,32,6656,0.8473,0.3962,0.3773,1.5406,1.8184
828,1.8189,c_per_byte,40,8,14,14,32,7600,0.9674,0.0991,0.4146,1.7596,1.8189
829,1.8194,c_per_byte,40,8,15,13,32,7600,0.9674,0.0991,0.2706,1.7601,1.8194
830,1.8199,c_per_byte,40,8,21,9,32,7600,0.9674,0.0991,0.119,1.7606,1.8199
831,1.8216,c_per_byte,49,7,13,12,32,6640,0.8452,0.3962,0.4375,1.5397,1.8216
832,1.8216,c_per_byte,42,7,11,15,32,6640,0.8452,0.1981,0.6702,1.5397,1.8216
833,1.8222,c_per_byte,42,7,16,10,32,6640,0.8452,0.1981,0.2049,1.5401,1.8222
834,1.8232,c_per_byte,40,8,19,10,32,7584,0.9654,0.0991,0.1307,1.7601,1.8232
835,1.8247,c_per_byte,42,6,8,17,32,5680,0.723,0.3962,1.7313,1.3193,1.8247
836,1.8247,c_per_byte,42,6,9,15,32,5680,0.723,0.3962,0.7121,1.3193,1.8247
837,1.8255,c_per_byte,49,7,14,11,32,6624,0.8432,0.3962,0.4043,1.5392,1.8255
838,1.8255,c_per_byte,49,7,12,13,32,6624,0.8432,0.3962,0.4984,1.5392,1.8255
839,1.8256,c_per_byte,40,8,13,15,32,7568,0.9633,0.0991,0.6805,1.7587,1.8256
840,1.8258,sign_C,49,7,9,17,16,7312,0.9308,0.25,1.8258,0.9838,1.0569
841,1.8261,c_per_byte,40,8,16,12,32,7568,0.9633,0.0991,0.193,1.7592,1.8261
842,1.8266,c_per_byte,48,8,20,9,32,7568,0.9633,0.1981,0.2227,1.7596,1.8266
843,1.8305,c_per_byte,40,8,23,8,32,7552,0.9613,0.0991,0.1124,1.7596,1.8305
844,1.8329,c_per_byte,48,8,18,10,32,7536,0.9593,0.1981,0.2338,1.7582,1.8329
845,1.8334,c_per_byte,48,8,22,8,32,7536,0.9593,0.1981,0.2165,1.7587,1.8334
846,1.8337,c_per_byte,48,6,8,16,32,5648,0.7189,0.7925,1.3356,1.3183,1.8337
847,1.8372,c_per_byte,49,7,11,14,32,6576,0.8371,0.3962,0.6092,1.5378,1.8372
848,1.8377,c_per_byte,49,7,15,10,32,6576,0.8371,0.3962,0.3863,1.5383,1.8377
849,1.8383,c_per_byte,48,6,9,14,32,5632,0.7169,0.7925,0.826,1.3179,1.8383
850,1.8393,c_per_byte,40,8,12,16,32,7504,0.9552,0.0991,1.1679,1.7568,1.8393
851,1.8393,c_per_byte,48,8,14,13,32,7504,0.9552,0.1981,0.3639,1.7568,1.8393
852,1.8397,c_per_byte,40,8,17,11,32,7504,0.9552,0.0991,0.1515,1.7573,1.8397
853,1.8419,sign_C,45,5,18,15,32,7584,0.9654,1.5849,1.8419,1.1833,1.2257
854,1.8419,sign_C,45,5,9,16,32,5424,0.6904,1.5849,1.8419,1.1197,1.6218
855,1.8427,c_per_byte,48,8,13,14,32,7488,0.9532,0.1981,0.4969,1.7564,1.8427
856,1.8432,c_per_byte,48,8,15,12,32,7488,0.9532,0.1981,0.2919,1.7568,1.8432
857,1.8445,c_per_byte,42,7,10,16,32,6544,0.833,0.1981,1.069,1.5364,1.8445
858,1.8456,c_per_byte,42,7,17,9,32,6544,0.833,0.1981,0.1945,1.5374,1.8456
859,1.849,c_per_byte,42,7,13,12,32,6528,0.831,0.1981,0.2548,1.5364,1.849
860,1.8495,c_per_byte,49,7,18,8,32,6528,0.831,0.3962,0.3717,1.5369,1.8495
861,1.8515,sign_C,40,5,15,16,32,6976,0.888,0.7925,1.8515,1.1657,1.3127
862,1.853,c_per_byte,42,7,14,11,32,6512,0.8289,0.1981,0.2215,1.536,1.853
863,1.853,c_per_byte,42,7,12,13,32,6512,0.8289,0.1981,0.3157,1.536,1.853
864,1.8531,c_per_byte,48,8,12,15,32,7440,0.947,0.1981,0.7406,1.755,1.8531
865,1.8536,c_per_byte,48,8,16,11,32,7440,0.947,0.1981,0.2532,1.7555,1.8536
866,1.8541,c_per_byte,40,8,20,9,32,7440,0.947,0.0991,0.1183,1.7559,1.8541
867,1.8564,c_per_byte,49,7,10,15,32,6496,0.8269,0.3962,0.8086,1.535,1.8564
868,1.8575,c_per_byte,49,7,16,9,32,6496,0.8269,0.3962,0.3766,1.536,1.8575
869,1.8606,c_per_byte,40,8,18,10,32,7408,0.943,0.0991,0.1293,1.7545,1.8606
870,1.8611,c_per_byte,48,8,19,9,32,7408,0.943,0.1981,0.222,1.755,1.8611
871,1.8647,c_per_byte,48,8,21,8,32,7392,0.9409,0.1981,0.2161,1.7545,1.8647
872,1.865,c_per_byte,42,7,11,14,32,6464,0.8228,0.1981,0.4265,1.5346,1.865
873,1.8656,c_per_byte,42,7,15,10,32,6464,0.8228,0.1981,0.2035,1.535,1.8656
874,1.8672,c_per_byte,40,8,14,13,32,7376,0.9389,0.0991,0.2595,1.7531,1.8672
875,1.8673,sign_C,48,6,14,16,32,7280,0.9267,0.7925,1.8673,1.3661,1.4742
876,1.8708,c_per_byte,40,8,13,14,32,7360,0.9369,0.0991,0.3924,1.7527,1.8708
877,1.8708,c_per_byte,48,8,11,16,32,7360,0.9369,0.1981,1.1837,1.7527,1.8708
878,1.8713,c_per_byte,48,8,17,10,32,7360,0.9369,0.1981,0.2324,1.7531,1.8713
879,1.8713,c_per_byte,40,8,15,12,32,7360,0.9369,0.0991,0.1875,1.7531,1.8713
880,1.8732,c_per_byte,49,7,12,12,32,6432,0.8187,0.3962,0.432,1.5336,1.8732
881,1.8732,c_per_byte,49,7,13,11,32,6432,0.8187,0.3962,0.4015,1.5336,1.8732
882,1.8767,c_per_byte,42,7,9,17,32,6416,0.8167,0.1981,1.778,1.5327,1.8767
883,1.8814,c_per_byte,49,7,14,10,32,6400,0.8147,0.3962,0.3849,1.5327,1.8814
884,1.8814,c_per_byte,49,7,11,13,32,6400,0.8147,0.3962,0.4874,1.5327,1.8814
885,1.8816,c_per_byte,40,8,12,15,32,7312,0.9308,0.0991,0.6362,1.7513,1.8816
886,1.8821,c_per_byte,40,8,16,11,32,7312,0.9308,0.0991,0.1487,1.7517,1.8821
887,1.885,c_per_byte,49,7,9,16,32,6384,0.8126,0.3962,1.1631,1.5318,1.885
888,1.885,c_per_byte,42,7,10,15,32,6384,0.8126,0.1981,0.6259,1.5318,1.885
889,1.8861,c_per_byte,49,7,17,8,32,6384,0.8126,0.3962,0.3714,1.5327,1.8861
890,1.8862,sign_C,45,5,19,15,32,7840,0.998,1.5849,1.8862,1.1912,1.1936
891,1.8878,sign_C,42,7,10,17,16,7488,0.9532,0.125,1.8878,0.9889,1.0375
892,1.8888,c_per_byte,48,8,13,13,32,7280,0.9267,0.1981,0.3529,1.7503,1.8888
893,1.8888,c_per_byte,48,8,14,12,32,7280,0.9267,0.1981,0.2864,1.7503,1.8888
894,1.8898,c_per_byte,40,8,19,9,32,7280,0.9267,0.0991,0.1176,1.7513,1.8898
895,1.8962,c_per_byte,48,8,12,14,32,7248,0.9226,0.1981,0.4747,1.7494,1.8962
896,1.8967,c_per_byte,48,8,18,9,32,7248,0.9226,0.1981,0.2213,1.7499,1.8967
897,1.8967,c_per_byte,48,8,15,11,32,7248,0.9226,0.1981,0.2504,1.7499,1.8967
898,1.8972,c_per_byte,48,8,20,8,32,7248,0.9226,0.1981,0.2158,1.7503,1.8972
899,1.8975,c_per_byte,49,7,10,14,32,6336,0.8065,0.3962,0.5871,1.5304,1.8975
900,1.8987,c_per_byte,49,7,15,9,32,6336,0.8065,0.3962,0.3759,1.5313,1.8987
901,1.8996,sign_C,45,5,14,16,16,7344,0.9348,1.0,1.8996,0.7652,0.8185
902,1.8999,c_per_byte,40,8,11,16,32,7232,0.9206,0.0991,1.0793,1.749,1.8999
903,1.9004,c_per_byte,40,8,17,10,32,7232,0.9206,0.0991,0.128,1.7494,1.9004
904,1.9023,c_per_byte,42,7,13,11,32,6320,0.8045,0.1981,0.2188,1.5304,1.9023
905,1.9023,c_per_byte,42,7,12,12,32,6320,0.8045,0.1981,0.2492,1.5304,1.9023
906,1.9085,sign_C,42,6,9,17,32,5968,0.7597,0.3962,1.9085,1.3276,1.7476
907,1.9109,c_per_byte,42,7,11,13,32,6288,0.8004,0.1981,0.3046,1.5295,1.9109
908,1.911,c_per_byte,48,8,11,15,32,7184,0.9145,0.1981,0.6963,1.7476,1.911
909,1.9115,c_per_byte,48,8,16,10,32,7184,0.9145,0.1981,0.231,1.748,1.9115
910,1.9146,c_per_byte,42,7,9,16,32,6272,0.7984,0.1981,0.9804,1.5285,1.9146
911,1.9186,c_per_byte,40,8,14,12,32,7152,0.9104,0.0991,0.182,1.7466,1.9186
912,1.9186,c_per_byte,40,8,13,13,32,7152,0.9104,0.0991,0.2484,1.7466,1.9186
913,1.9232,c_per_byte,49,7,9,15,32,6240,0.7943,0.3962,0.7643,1.5276,1.9232
914,1.9232,c_per_byte,49,7,8,17,32,6240,0.7943,0.3962,1.7835,1.5276,1.9232
915,1.9238,c_per_byte,49,7,12,11,32,6240,0.7943,0.3962,0.3987,1.5281,1.9238
916,1.9244,c_per_byte,49,7,16,8,32,6240,0.7943,0.3962,0.371,1.5285,1.9244
917,1.9247,sign_C,40,5,9,17,16,6048,0.7699,0.5,1.9247,0.7271,0.9445
918,1.9257,c_per_byte,40,8,10,17,32,7120,0.9063,0.0991,1.8769,1.7452,1.9257
919,1.9262,c_per_byte,40,8,12,14,32,7120,0.9063,0.0991,0.3703,1.7457,1.9262
920,1.9267,c_per_byte,40,8,15,11,32,7120,0.9063,0.0991,0.146,1.7462,1.9267
921,1.9276,c_per_byte,42,7,10,14,32,6224,0.7923,0.1981,0.4043,1.5271,1.9276
922,1.9282,c_per_byte,49,7,13,10,32,6224,0.7923,0.3962,0.3835,1.5276,1.9282
923,1.9282,c_per_byte,49,7,11,12,32,6224,0.7923,0.3962,0.4264,1.5276,1.9282
924,1.9305,sign_C,45,5,10,16,32,5696,0.7251,1.5849,1.9305,1.1276,1.5552
925,1.931,c_per_byte,48,8,19,8,32,7104,0.9043,0.1981,0.2154,1.7462,1.931
926,1.9333,c_per_byte,48,8,10,16,32,7088,0.9022,0.1981,1.0951,1.7443,1.9333
927,1.9343,c_per_byte,48,8,17,9,32,7088,0.9022,0.1981,0.2206,1.7452,1.9343
928,1.9377,c_per_byte,48,8,13,12,32,7072,0.9002,0.1981,0.2809,1.7443,1.9377
929,1.9401,sign_C,40,5,16,16,32,7248,0.9226,0.7925,1.9401,1.1735,1.272
930,1.9408,c_per_byte,49,7,10,13,32,6176,0.7862,0.3962,0.4763,1.5258,1.9408
931,1.9414,c_per_byte,49,7,14,9,32,6176,0.7862,0.3962,0.3752,1.5262,1.9414
932,1.9416,c_per_byte,40,8,11,15,32,7056,0.8982,0.0991,0.5919,1.7439,1.9416
933,1.9416,c_per_byte,48,8,12,13,32,7056,0.8982,0.1981,0.3418,1.7439,1.9416
934,1.9416,c_per_byte,48,8,14,11,32,7056,0.8982,0.1981,0.2476,1.7439,1.9416
935,1.9533,c_per_byte,48,8,11,14,32,7008,0.8921,0.1981,0.4526,1.7425,1.9533
936,1.9538,c_per_byte,48,8,15,10,32,7008,0.8921,0.1981,0.2296,1.7429,1.9538
937,1.9542,c_per_byte,42,7,9,15,32,6128,0.78,0.1981,0.5816,1.5244,1.9542
938,1.9542,c_per_byte,42,7,8,17,32,6128,0.78,0.1981,1.6007,1.5244,1.9542
939,1.9552,sign_C,42,7,10,17,32,6704,0.8534,0.1981,1.9552,1.5411,1.8059
940,1.9559,sign_C,48,6,15,16,32,7552,0.9613,0.7925,1.9559,1.3745,1.4298
941,1.9587,c_per_byte,49,7,8,16,32,6112,0.778,0.3962,1.0745,1.5239,1.9587
942,1.9607,sign_C,49,7,9,17,32,6528,0.831,0.3962,1.9607,1.536,1.8484
943,1.9627,c_per_byte,45,9,12,15,32,7840,0.998,0.0991,0.6492,1.9587,1.9627
944,1.9632,c_per_byte,45,9,16,11,32,7840,0.998,0.0991,0.1618,1.9592,1.9632
945,1.9633,c_per_byte,49,7,9,14,32,6096,0.776,0.3962,0.5649,1.5234,1.9633
946,1.9647,c_per_byte,48,8,9,17,32,6960,0.8859,0.1981,1.8041,1.7406,1.9647
947,1.9647,c_per_byte,40,8,10,16,32,6960,0.8859,0.0991,0.9907,1.7406,1.9647
948,1.9657,c_per_byte,48,8,18,8,32,6960,0.8859,0.1981,0.2151,1.7415,1.9657
949,1.9692,c_per_byte,40,8,13,12,32,6944,0.8839,0.0991,0.1764,1.7406,1.9692
950,1.9701,sign_C,42,6,10,17,16,6928,0.8819,0.25,1.9701,0.8626,0.9782
951,1.9707,c_per_byte,45,9,19,9,32,7808,0.9939,0.0991,0.1306,1.9587,1.9707
952,1.9727,c_per_byte,48,8,10,15,32,6928,0.8819,0.1981,0.652,1.7397,1.9727
953,1.9732,c_per_byte,40,8,12,13,32,6928,0.8819,0.0991,0.2374,1.7401,1.9732
954,1.9738,c_per_byte,48,8,16,9,32,6928,0.8819,0.1981,0.2199,1.7406,1.9738
955,1.9743,c_per_byte,45,9,21,8,32,7792,0.9919,0.0991,0.1247,1.9582,1.9743
956,1.9776,c_per_byte,49,7,11,11,32,6048,0.7699,0.3962,0.396,1.5225,1.9776
957,1.9806,c_per_byte,45,9,11,16,32,7760,0.9878,0.0991,1.0923,1.9564,1.9806
958,1.9811,c_per_byte,45,9,17,10,32,7760,0.9878,0.0991,0.141,1.9568,1.9811
959,1.9813,sign_C,48,8,10,17,32,7248,0.9226,0.1981,1.9813,1.749,1.8957
960,1.9854,c_per_byte,40,8,11,14,32,6880,0.8758,0.0991,0.3481,1.7387,1.9854
961,1.9882,sign_C,45,5,15,16,16,7616,0.9695,1.0,1.9882,0.7735,0.7979
962,1.9895,c_per_byte,48,8,13,11,32,6864,0.8737,0.1981,0.2449,1.7383,1.9895
963,1.9895,c_per_byte,48,8,12,12,32,6864,0.8737,0.1981,0.2753,1.7383,1.9895
964,1.9905,sign_C,48,6,9,17,16,6736,0.8574,0.5,1.9905,0.8571,0.9996
965,1.9958,c_per_byte,49,7,8,15,32,5984,0.7617,0.3962,0.72,1.5202,1.9958
966,1.9972,c_per_byte,40,8,9,17,32,6832,0.8697,0.0991,1.6996,1.7369,1.9972
967,1.9978,c_per_byte,48,8,14,10,32,6832,0.8697,0.1981,0.2282,1.7374,1.9978
968,1.9978,c_per_byte,48,8,11,13,32,6832,0.8697,0.1981,0.3307,1.7374,1.9978
969,1.9988,c_per_byte,45,9,13,13,32,7680,0.9776,0.0991,0.2615,1.9541,1.9988
970,1.9988,c_per_byte,45,9,14,12,32,7680,0.9776,0.0991,0.195,1.9541,1.9988
971,2.0,keygen_C,50,5,16,10,16,6432,0.8187,2.0,1.34,0.7392,0.9029
972,2.0,keygen_C,50,5,18,10,16,6784,0.8635,2.0,1.3427,0.7494,0.8678
973,2.0,keygen_C,50,5,24,10,16,7840,0.998,2.0,1.351,0.781,0.7826
974,2.0,keygen_C,50,5,22,8,16,6784,0.8635,2.0,1.3254,0.7499,0.8684
975,2.0,keygen_C,40,4,13,12,16,5600,0.7128,2.0,1.1262,0.6046,0.8482
976,2.0,keygen_C,50,5,17,14,16,7696,0.9796,2.0,1.6944,0.7759,0.792
977,2.0,keygen_C,50,5,13,14,16,6736,0.8574,2.0,1.6058,0.7476,0.8719
978,2.0,keygen_C,50,5,15,14,16,7216,0.9185,2.0,1.6501,0.7619,0.8295
979,2.0,keygen_C,40,4,23,9,16,6576,0.8371,2.0,1.0702,0.6343,0.7578
980,2.0,keygen_C,40,4,20,13,16,7376,0.9389,2.0,1.2758,0.6571,0.6998
981,2.0,keygen_C,40,4,21,13,16,7600,0.9674,2.0,1.2869,0.6636,0.6859
982,2.0,keygen_C,50,5,19,10,16,6960,0.8859,2.0,1.3441,0.755,0.8522
983,2.0,keygen_C,50,5,13,13,16,6528,0.831,2.0,1.4618,0.7415,0.8924
984,2.0,keygen_C,50,5,18,11,16,7072,0.9002,2.0,1.3676,0.7578,0.8418
985,2.0,keygen_C,40,4,12,14,16,5776,0.7352,2.0,1.3201,0.6097,0.8293
986,2.0,keygen_C,40,4,18,10,16,6064,0.7719,2.0,1.0792,0.6186,0.8014
987,2.0,keygen_C,50,5,16,13,16,7200,0.9165,2.0,1.495,0.7615,0.8309
988,2.0,keygen_C,40,4,20,9,16,6096,0.776,2.0,1.0681,0.62,0.7989
989,2.0,keygen_C,40,4,17,13,16,6704,0.8534,2.0,1.2426,0.6371,0.7466
990,2.0,keygen_C,50,5,14,15,16,7200,0.9165,2.0,1.9382,0.761,0.8304
991,2.0,keygen_C,40,4,18,14,16,7216,0.9185,2.0,1.453,0.652,0.7098
992,2.0,keygen_C,50,5,17,13,16,7424,0.945,2.0,1.5061,0.768,0.8127
993,2.0,keygen_C,50,5,22,11,16,7840,0.998,2.0,1.3787,0.7805,0.7821
994,2.0,keygen_C,50,5,15,11,16,6496,0.8269,2.0,1.3593,0.7411,0.8962
995,2.0,keygen_C,40,4,20,14,16,7696,0.9796,2.0,1.4973,0.6664,0.6802
996,2.0,keygen_C,50,5,12,14,16,6496,0.8269,2.0,1.5837,0.7406,0.8957
997,2.0,keygen_C,50,5,14,12,16,6528,0.831,2.0,1.3953,0.7415,0.8924
998,2.0,keygen_C,50,5,24,8,16,7072,0.9002,2.0,1.3261,0.7587,0.8428
999,2.0,keygen_C,40,4,14,15,16,6480,0.8248,2.0,1.6746,0.6302,0.764
1000,2.0,keygen_C,40,4,21,10,16,6592,0.8391,2.0,1.0833,0.6343,0.756
1001,2.0,keygen_C,40,4,19,12,16,6848,0.8717,2.0,1.1595,0.6418,0.7362
1002,2.0,keygen_C,40,4,17,10,16,5888,0.7495,2.0,1.0778,0.6135,0.8185
1003,2.0,keygen_C,50,5,15,12,16,6736,0.8574,2.0,1.4009,0.748,0.8724
1004,2.0,keygen_C,50,5,8,15,16,5664,0.721,2.0,1.6723,0.716,0.9931
1005,2.0,keygen_C,50,5,11,15,16,6432,0.8187,2.0,1.8052,0.7387,0.9023
1006,2.0,keygen_C,50,5,12,15,16,6688,0.8513,2.0,1.8495,0.7462,0.8765
1007,2.0,keygen_C,50,5,18,12,16,7360,0.9369,2.0,1.4175,0.7661,0.8178
1008,2.0,keygen_C,40,4,22,13,16,7824,0.9959,2.0,1.2979,0.6701,0.6728
1009,2.0,keygen_C,50,5,16,11,16,6688,0.8513,2.0,1.3621,0.7466,0.877
1010,2.0,keygen_C,40,4,17,12,16,6432,0.8187,2.0,1.1484,0.6292,0.7685
1011,2.0,keygen_C,50,5,9,14,16,5776,0.7352,2.0,1.5172,0.7193,0.9783
1012,2.0,keygen_C,40,4,14,14,16,6256,0.7963,2.0,1.3644,0.6237,0.7832
1013,2.0,keygen_C,50,5,10,12,16,5696,0.7251,2.0,1.3732,0.7169,0.9888
1014,2.0,keygen_C,40,4,15,13,16,6256,0.7963,2.0,1.2204,0.6241,0.7838
1015,2.0,keygen_C,40,4,16,13,16,6480,0.8248,2.0,1.2315,0.6306,0.7645
1016,2.0,keygen_C,40,4,21,9,16,6256,0.7963,2.0,1.0688,0.6246,0.7843
1017,2.0,keygen_C,40,4,15,14,16,6496,0.8269,2.0,1.3866,0.6311,0.7632
1018,2.0,keygen_C,40,4,20,10,16,6416,0.8167,2.0,1.0819,0.6292,0.7705
1019,2.0,keygen_C,40,4,18,12,16,6640,0.8452,2.0,1.1539,0.6353,0.7516
1020,2.0,keygen_C,40,4,12,15,16,5968,0.7597,2.0,1.586,0.6153,0.81
1021,2.0,keygen_C,50,5,17,8,16,6064,0.7719,2.0,1.3237,0.7285,0.9438
1022,2.0,keygen_C,50,5,21,8,16,6640,0.8452,2.0,1.3251,0.7457,0.8823
1023,2.0,keygen_C,50,5,11,14,16,6256,0.7963,2.0,1.5615,0.7336,0.9213
1024,2.0,keygen_C,40,4,19,10,16,6240,0.7943,2.0,1.0805,0.6241,0.7858
1025,2.0,keygen_C,50,5,16,12,16,6944,0.8839,2.0,1.4064,0.7541,0.8531
1026,2.0,keygen_C,40,4,12,13,16,5584,0.7108,2.0,1.1872,0.6042,0.85
1027,2.0,keygen_C,40,4,17,15,16,7248,0.9226,2.0,1.8075,0.6529,0.7077
1028,2.0,keygen_C,50,5,15,10,16,6256,0.7963,2.0,1.3386,0.7341,0.9219
1029,2.0,keygen_C,50,5,14,10,16,6080,0.7739,2.0,1.3372,0.7285,0.9413
1030,2.0,keygen_C,50,5,11,13,16,6080,0.7739,2.0,1.4397,0.7285,0.9413
1031,2.0,keygen_C,50,5,13,11,16,6112,0.778,2.0,1.3538,0.7295,0.9376
1032,2.0,keygen_C,40,4,22,9,16,6416,0.8167,2.0,1.0695,0.6292,0.7705
1033,2.0,keygen_C,50,5,19,12,16,7568,0.9633,2.0,1.423,0.7726,0.802
1034,2.0,keygen_C,40,4,16,15,16,6992,0.89,2.0,1.7632,0.6455,0.7252
1035,2.0,keygen_C,40,4,16,11,16,5968,0.7597,2.0,1.0985,0.6158,0.8106
1036,2.0,keygen_C,50,5,12,12,16,6112,0.778,2.0,1.3843,0.7295,0.9376
1037,2.0,keygen_C,50,5,16,8,16,5920,0.7536,2.0,1.3233,0.7244,0.9612
1038,2.0,keygen_C,50,5,21,11,16,7648,0.9735,2.0,1.376,0.7749,0.796
1039,2.0,keygen_C,40,4,15,15,16,6736,0.8574,2.0,1.7189,0.6381,0.7441
1040,2.0,keygen_C,50,5,17,12,16,7152,0.9104,2.0,1.412,0.7601,0.8349
1041,2.0,keygen_C,50,5,18,8,16,6208,0.7902,2.0,1.324,0.7327,0.9272
1042,2.0,keygen_C,50,5,21,10,16,7312,0.9308,2.0,1.3469,0.7652,0.8221
1043,2.0,keygen_C,50,5,16,14,16,7456,0.9491,2.0,1.6723,0.7689,0.8102
1044,2.0,keygen_C,50,5,15,15,16,7456,0.9491,2.0,1.9825,0.7689,0.8102
1045,2.0,keygen_C,50,5,10,14,16,6016,0.7658,2.0,1.5394,0.7262,0.9483
1046,2.0,keygen_C,40,4,22,12,16,7472,0.9511,2.0,1.1761,0.6599,0.6938
1047,2.0,keygen_C,50,5,15,13,16,6976,0.888,2.0,1.484,0.755,0.8502
1048,2.0,keygen_C,50,5,20,11,16,7456,0.9491,2.0,1.3732,0.7694,0.8106
1049,2.0,keygen_C,50,5,22,9,16,7136,0.9084,2.0,1.333,0.7601,0.8368
1050,2.0,keygen_C,50,5,21,9,16,6976,0.888,2.0,1.3323,0.7555,0.8508
1051,2.0,keygen_C,40,4,10,15,16,5456,0.6945,2.0,1.4974,0.6,0.8639
1052,2.0,keygen_C,40,4,22,10,16,6768,0.8615,2.0,1.0847,0.6394,0.7422
1053,2.0,keygen_C,50,5,17,9,16,6336,0.8065,2.0,1.3296,0.7364,0.9131
1054,2.0,keygen_C,40,4,13,13,16,5808,0.7393,2.0,1.1982,0.6107,0.826
1055,2.0,keygen_C,40,4,16,14,16,6736,0.8574,2.0,1.4087,0.6381,0.7441
1056,2.0,keygen_C,40,4,19,14,16,7456,0.9491,2.0,1.4752,0.6594,0.6948
1057,2.0,keygen_C,40,4,20,11,16,6736,0.8574,2.0,1.1096,0.6385,0.7447
1058,2.0,keygen_C,50,5,20,10,16,7136,0.9084,2.0,1.3455,0.7601,0.8368
1059,2.0,keygen_C,40,4,18,15,16,7504,0.9552,2.0,1.8518,0.6603,0.6913
1060,2.0,keygen_C,50,5,19,8,16,6352,0.8086,2.0,1.3244,0.7374,0.9119
1061,2.0,keygen_C,40,4,19,13,16,7152,0.9104,2.0,1.2647,0.6506,0.7146
1062,2.0,keygen_C,40,4,23,11,16,7312,0.9308,2.0,1.1179,0.6557,0.7045
1063,2.0,keygen_C,50,5,11,11,16,5728,0.7291,2.0,1.3483,0.7183,0.9852
1064,2.0,keygen_C,40,4,24,11,16,7504,0.9552,2.0,1.1207,0.6613,0.6923
1065,2.0,keygen_C,50,5,20,9,16,6816,0.8676,2.0,1.3316,0.7508,0.8654
1066,2.0,keygen_C,50,5,23,8,16,6928,0.8819,2.0,1.3258,0.7545,0.8556
1067,2.0,keygen_C,50,5,14,14,16,6976,0.888,2.0,1.628,0.7545,0.8497
1068,2.0,keygen_C,50,5,19,9,16,6656,0.8473,2.0,1.331,0.7462,0.8807
1069,2.0,keygen_C,50,5,23,10,16,7664,0.9756,2.0,1.3496,0.7759,0.7953
1070,2.0,keygen_C,50,5,24,9,16,7456,0.9491,2.0,1.3344,0.7698,0.8111
1071,2.0,keygen_C,40,4,13,14,16,6016,0.7658,2.0,1.3423,0.6167,0.8053
1072,2.0,keygen_C,40,4,11,15,16,5712,0.7271,2.0,1.5417,0.6079,0.8361
1073,2.0,keygen_C,40,4,23,10,16,6944,0.8839,2.0,1.0861,0.645,0.7297
1074,2.0,keygen_C,40,4,15,12,16,6016,0.7658,2.0,1.1373,0.6172,0.8059
1075,2.0,keygen_C,40,4,23,8,16,6208,0.7902,2.0,1.0622,0.6237,0.7892
1076,2.0,keygen_C,50,5,12,10,16,5728,0.7291,2.0,1.3344,0.7183,0.9852
1077,2.0,keygen_C,50,5,10,15,16,6176,0.7862,2.0,1.7609,0.7309,0.9297
1078,2.0,keygen_C,50,5,16,9,16,6176,0.7862,2.0,1.3289,0.7318,0.9308
1079,2.0,keygen_C,40,4,18,13,16,6928,0.8819,2.0,1.2536,0.6436,0.7298
1080,2.0,keygen_C,40,4,10,16,16,5616,0.7149,2.0,1.9405,0.6046,0.8458
1081,2.0,keygen_C,40,4,24,9,16,6736,0.8574,2.0,1.0709,0.639,0.7452
1082,2.0,keygen_C,40,4,19,9,16,5936,0.7556,2.0,1.0674,0.6153,0.8143
1083,2.0,keygen_C,50,5,18,13,16,7648,0.9735,2.0,1.5172,0.7745,0.7955
1084,2.0,keygen_C,40,4,24,10,16,7120,0.9063,2.0,1.0875,0.6501,0.7173
1085,2.0,keygen_C,50,5,10,13,16,5856,0.7454,2.0,1.4286,0.7216,0.968
1086,2.0,keygen_C,40,4,22,11,16,7120,0.9063,2.0,1.1152,0.6497,0.7168
1087,2.0,keygen_C,40,4,13,15,16,6224,0.7923,2.0,1.6303,0.6227,0.786
1088,2.0,keygen_C,40,4,15,11,16,5776,0.7352,2.0,1.0958,0.6102,0.83
1089,2.0,keygen_C,40,4,16,12,16,6224,0.7923,2.0,1.1429,0.6232,0.7866
1090,2.0,keygen_C,50,5,17,11,16,6880,0.8758,2.0,1.3649,0.7522,0.8589
1091,2.0,keygen_C,50,5,20,8,16,6496,0.8269,2.0,1.3247,0.7415,0.8968
1092,2.0,keygen_C,40,4,18,11,16,6352,0.8086,2.0,1.1041,0.6269,0.7754
1093,2.0,keygen_C,40,4,14,13,16,6032,0.7678,2.0,1.2093,0.6172,0.8038
1094,2.0,keygen_C,50,5,14,11,16,6304,0.8024,2.0,1.3566,0.735,0.916
1095,2.0,keygen_C,50,5,9,15,16,5920,0.7536,2.0,1.7166,0.7234,0.96
1096,2.0,keygen_C,40,4,14,12,16,5808,0.7393,2.0,1.1318,0.6107,0.826
1097,2.0,keygen_C,50,5,14,9,16,5856,0.7454,2.0,1.3275,0.722,0.9686
1098,2.0,keygen_C,40,4,17,11,16,6160,0.7841,2.0,1.1013,0.6213,0.7924
1099,2.0,keygen_C,50,5,12,11,16,5920,0.7536,2.0,1.351,0.7239,0.9606
1100,2.0,keygen_C,50,5,12,13,16,6304,0.8024,2.0,1.4507,0.735,0.916
1101,2.0,keygen_C,50,5,18,9,16,6496,0.8269,2.0,1.3303,0.7411,0.8962
1102,2.0,keygen_C,40,4,21,11,16,6928,0.8819,2.0,1.1124,0.6441,0.7304
1103,2.0,keygen_C,40,4,24,8,16,6352,0.8086,2.0,1.0625,0.6278,0.7765
1104,2.0,keygen_C,50,5,15,9,16,6016,0.7658,2.0,1.3282,0.7271,0.9495
1105,2.0,keygen_C,40,4,9,16,16,5344,0.6802,2.0,1.8518,0.5968,0.8773
1106,2.0,keygen_C,50,5,22,10,16,7488,0.9532,2.0,1.3483,0.7703,0.8082
1107,2.0,keygen_C,50,5,19,11,16,7264,0.9246,2.0,1.3704,0.7638,0.8261
1108,2.0,keygen_C,50,5,20,12,16,7776,0.9898,2.0,1.4286,0.7787,0.7867
1109,2.0,keygen_C,40,4,17,14,16,6976,0.888,2.0,1.4309,0.645,0.7264
1110,2.0,keygen_C,40,4,20,12,16,7056,0.8982,2.0,1.165,0.6478,0.7212
1111,2.0,keygen_C,50,5,14,13,16,6752,0.8595,2.0,1.4729,0.748,0.8703
1112,2.0,keygen_C,50,5,23,9,16,7296,0.9287,2.0,1.3337,0.7652,0.8239
1113,2.0,keygen_C,40,4,11,14,16,5536,0.7047,2.0,1.298,0.6028,0.8554
1114,2.0,keygen_C,40,4,23,12,16,7680,0.9776,2.0,1.1816,0.6664,0.6816
1115,2.0,keygen_C,50,5,13,10,16,5904,0.7515,2.0,1.3358,0.7234,0.9626
1116,2.0,keygen_C,50,5,11,12,16,5904,0.7515,2.0,1.3787,0.7234,0.9626
1117,2.0,keygen_C,50,5,17,10,16,6608,0.8411,2.0,1.3413,0.7443,0.8849
1118,2.0,keygen_C,40,4,19,11,16,6544,0.833,2.0,1.1069,0.6329,0.7598
1119,2.0,keygen_C,40,4,19,15,16,7760,0.9878,2.0,1.8962,0.6682,0.6765
1120,2.0,keygen_C,50,5,13,15,16,6944,0.8839,2.0,1.8938,0.7536,0.8526
1121,2.0,keygen_C,40,4,21,12,16,7264,0.9246,2.0,1.1706,0.6538,0.7071
1122,2.0,keygen_C,50,5,13,12,16,6320,0.8045,2.0,1.3898,0.7355,0.9143
1123,2.0014,c_per_byte,48,8,9,16,32,6816,0.8676,0.1981,1.0065,1.7364,2.0014
1124,2.0024,c_per_byte,48,8,17,8,32,6816,0.8676,0.1981,0.2147,1.7374,2.0024
1125,2.0031,sign_C,49,7,10,17,16,7600,0.9674,0.25,2.0031,0.9921,1.0255
1126,2.0055,c_per_byte,40,8,10,15,32,6800,0.8656,0.0991,0.5475,1.736,2.0055
1127,2.0058,c_per_byte,45,9,10,17,32,7648,0.9735,0.0991,1.8899,1.9527,2.0058
1128,2.0063,c_per_byte,45,9,12,14,32,7648,0.9735,0.0991,0.3833,1.9531,2.0063
1129,2.0067,c_per_byte,45,9,15,11,32,7648,0.9735,0.0991,0.159,1.9536,2.0067
1130,2.0067,c_per_byte,45,9,18,9,32,7648,0.9735,0.0991,0.1299,1.9536,2.0067
1131,2.0072,c_per_byte,45,9,20,8,32,7648,0.9735,0.0991,0.1244,1.9541,2.0072
1132,2.014,c_per_byte,48,8,10,14,32,6768,0.8615,0.1981,0.4304,1.735,2.014
1133,2.015,c_per_byte,48,8,15,9,32,6768,0.8615,0.1981,0.2192,1.736,2.015
1134,2.0192,sign_C,45,5,11,16,32,5968,0.7597,1.5849,2.0192,1.136,1.4953
1135,2.0213,c_per_byte,45,9,11,15,32,7584,0.9654,0.0991,0.6049,1.9513,2.0213
1136,2.0217,c_per_byte,45,9,16,10,32,7584,0.9654,0.0991,0.1396,1.9517,2.0217
1137,2.0268,sign_C,50,5,16,15,16,7712,0.9817,2.0,2.0268,0.7763,0.7908
1138,2.0268,sign_C,50,5,8,16,16,5792,0.7373,2.0,2.0268,0.7197,0.9762
1139,2.0287,sign_C,40,5,17,16,32,7520,0.9572,0.7925,2.0287,1.1814,1.2342
1140,2.0291,sign_C,40,4,11,16,16,5888,0.7495,2.0,2.0291,0.613,0.8179
1141,2.0353,c_per_byte,40,8,9,16,32,6688,0.8513,0.0991,0.902,1.7327,2.0353
1142,2.0397,c_per_byte,48,8,8,17,32,6672,0.8493,0.1981,1.6268,1.7323,2.0397
1143,2.0397,c_per_byte,48,8,9,15,32,6672,0.8493,0.1981,0.6077,1.7323,2.0397
1144,2.0402,c_per_byte,48,8,12,11,32,6672,0.8493,0.1981,0.2421,1.7327,2.0402
1145,2.0407,c_per_byte,48,8,16,8,32,6672,0.8493,0.1981,0.2144,1.7332,2.0407
1146,2.0413,c_per_byte,45,9,19,8,32,7504,0.9552,0.0991,0.1241,1.9499,2.0413
1147,2.0438,c_per_byte,45,9,10,16,32,7488,0.9532,0.0991,1.0037,1.948,2.0438
1148,2.0445,sign_C,48,6,16,16,32,7824,0.9959,0.7925,2.0445,1.3824,1.388
1149,2.0446,sign_C,48,6,8,17,32,5776,0.7352,0.7925,2.0446,1.322,1.7981
1150,2.0446,c_per_byte,48,8,13,10,32,6656,0.8473,0.1981,0.2269,1.7323,2.0446
1151,2.0446,c_per_byte,48,8,11,12,32,6656,0.8473,0.1981,0.2698,1.7323,2.0446
1152,2.0447,c_per_byte,45,9,17,9,32,7488,0.9532,0.0991,0.1292,1.949,2.0447
1153,2.0481,c_per_byte,45,9,13,12,32,7472,0.9511,0.0991,0.1895,1.948,2.0481
1154,2.052,c_per_byte,45,9,12,13,32,7456,0.9491,0.0991,0.2504,1.9476,2.052
1155,2.052,c_per_byte,45,9,14,11,32,7456,0.9491,0.0991,0.1563,1.9476,2.052
1156,2.0541,sign_C,40,8,11,17,32,7408,0.943,0.0991,2.0541,1.7541,1.8601
1157,2.0572,c_per_byte,48,8,10,13,32,6608,0.8411,0.1981,0.3196,1.7304,2.0572
1158,2.0578,c_per_byte,48,8,14,9,32,6608,0.8411,0.1981,0.2186,1.7309,2.0578
1159,2.0639,c_per_byte,45,9,11,14,32,7408,0.943,0.0991,0.3612,1.9462,2.0639
1160,2.0644,c_per_byte,45,9,15,10,32,7408,0.943,0.0991,0.1382,1.9466,2.0644
1161,2.065,sign_C,42,7,11,17,16,7776,0.9898,0.125,2.065,0.9977,1.0079
1162,2.0751,c_per_byte,48,8,8,16,32,6544,0.833,0.1981,0.9178,1.7285,2.0751
1163,2.0753,c_per_byte,45,9,9,17,32,7360,0.9369,0.0991,1.7127,1.9443,2.0753
1164,2.0763,c_per_byte,45,9,18,8,32,7360,0.9369,0.0991,0.1237,1.9452,2.0763
1165,2.0769,sign_C,45,5,8,17,16,5840,0.7434,1.0,2.0769,0.7211,0.97
1166,2.0796,c_per_byte,48,8,9,14,32,6528,0.831,0.1981,0.4083,1.7281,2.0796
1167,2.0834,c_per_byte,45,9,10,15,32,7328,0.9328,0.0991,0.5606,1.9434,2.0834
1168,2.0844,c_per_byte,45,9,16,9,32,7328,0.9328,0.0991,0.1286,1.9443,2.0844
1169,2.0857,sign_C,42,6,10,17,32,6256,0.7963,0.3962,2.0857,1.336,1.6776
1170,2.1003,c_per_byte,45,9,12,12,32,7264,0.9246,0.0991,0.1839,1.942,2.1003
1171,2.1003,c_per_byte,45,9,13,11,32,7264,0.9246,0.0991,0.1535,1.942,2.1003
1172,2.1019,sign_C,40,5,10,17,16,6336,0.8065,0.5,2.1019,0.7355,0.9119
1173,2.1078,sign_C,45,5,12,16,32,6240,0.7943,1.5849,2.1078,1.1439,1.4401
1174,2.1085,c_per_byte,45,9,11,13,32,7232,0.9206,0.0991,0.2393,1.9411,2.1085
1175,2.1085,c_per_byte,45,9,14,10,32,7232,0.9206,0.0991,0.1369,1.9411,2.1085
1176,2.1122,c_per_byte,45,9,9,16,32,7216,0.9185,0.0991,0.9151,1.9401,2.1122
1177,2.1154,sign_C,50,5,9,16,16,6064,0.7719,2.0,2.1154,0.7276,0.9426
1178,2.1174,sign_C,40,5,18,16,32,7792,0.9919,0.7925,2.1174,1.1893,1.1991
1179,2.1174,sign_C,40,5,9,17,32,5488,0.6986,0.7925,2.1174,1.1216,1.6055
1180,2.1177,sign_C,40,4,12,16,16,6160,0.7841,2.0,2.1177,0.6209,0.7918
1181,2.1248,c_per_byte,45,9,10,14,32,7168,0.9124,0.0991,0.339,1.9387,2.1248
1182,2.1325,sign_C,42,7,11,17,32,6992,0.89,0.1981,2.1325,1.5499,1.7414
1183,2.138,sign_C,49,7,10,17,32,6816,0.8676,0.3962,2.138,1.5443,1.78
1184,2.1474,sign_C,42,6,11,17,16,7216,0.9185,0.25,2.1474,0.8715,0.9488
1185,2.1506,c_per_byte,45,9,8,17,32,7072,0.9002,0.0991,1.5354,1.936,2.1506
1186,2.1506,c_per_byte,45,9,9,15,32,7072,0.9002,0.0991,0.5163,1.936,2.1506
1187,2.1511,c_per_byte,45,9,12,11,32,7072,0.9002,0.0991,0.1507,1.9364,2.1511
1188,2.1552,c_per_byte,40,10,13,12,32,7840,0.998,0.0495,0.1373,2.1508,2.1552
1189,2.1555,c_per_byte,45,9,11,12,32,7056,0.8982,0.0991,0.1784,1.936,2.1555
1190,2.1586,sign_C,48,8,11,17,32,7536,0.9593,0.1981,2.1586,1.7578,1.8324
1191,2.1591,c_per_byte,40,10,12,13,32,7824,0.9959,0.0495,0.1982,2.1503,2.1591
1192,2.1671,c_per_byte,50,10,13,11,32,7792,0.9919,0.0991,0.1665,2.1494,2.1671
1193,2.1671,c_per_byte,50,10,12,12,32,7792,0.9919,0.0991,0.197,2.1494,2.1671
1194,2.1678,sign_C,48,6,10,17,16,7024,0.8941,0.5,2.1678,0.8654,0.9679
1195,2.1681,c_per_byte,45,9,10,13,32,7008,0.8921,0.0991,0.2283,1.9341,2.1681
1196,2.1711,c_per_byte,40,10,11,14,32,7776,0.9898,0.0495,0.309,2.149,2.1711
1197,2.1751,c_per_byte,50,10,14,10,32,7760,0.9878,0.0991,0.1499,2.1485,2.1751
1198,2.1751,c_per_byte,50,10,11,13,32,7760,0.9878,0.0991,0.2524,2.1485,2.1751
1199,2.1786,c_per_byte,50,10,9,16,32,7744,0.9857,0.0991,0.9281,2.1476,2.1786
1200,2.1796,c_per_byte,50,10,17,8,32,7744,0.9857,0.0991,0.1364,2.1485,2.1796
1201,2.1827,c_per_byte,40,10,9,17,32,7728,0.9837,0.0495,1.6605,2.1471,2.1827
1202,2.186,c_per_byte,45,9,8,16,32,6944,0.8839,0.0991,0.8265,1.9323,2.186
1203,2.1908,c_per_byte,40,10,10,15,32,7696,0.9796,0.0495,0.5084,2.1462,2.1908
1204,2.1908,c_per_byte,50,10,10,14,32,7696,0.9796,0.0991,0.3521,2.1462,2.1908
1205,2.1917,c_per_byte,50,10,15,9,32,7696,0.9796,0.0991,0.1409,2.1471,2.1917
1206,2.1964,sign_C,45,5,13,16,32,6512,0.8289,1.5849,2.1964,1.1517,1.3894
1207,2.204,sign_C,50,5,10,16,16,6336,0.8065,2.0,2.204,0.7355,0.9119
1208,2.2063,sign_C,40,4,13,16,16,6432,0.8187,2.0,2.2063,0.6288,0.768
1209,2.2156,c_per_byte,50,10,9,15,32,7600,0.9674,0.0991,0.5293,2.1434,2.2156
1210,2.2156,c_per_byte,50,10,8,17,32,7600,0.9674,0.0991,1.5485,2.1434,2.2156
1211,2.2161,c_per_byte,50,10,12,11,32,7600,0.9674,0.0991,0.1638,2.1439,2.2161
1212,2.2165,c_per_byte,50,10,16,8,32,7600,0.9674,0.0991,0.1361,2.1443,2.2165
1213,2.2198,c_per_byte,40,10,9,16,32,7584,0.9654,0.0495,0.8629,2.1429,2.2198
1214,2.2203,c_per_byte,50,10,13,10,32,7584,0.9654,0.0991,0.1485,2.1434,2.2203
1215,2.2203,c_per_byte,50,10,11,12,32,7584,0.9654,0.0991,0.1915,2.1434,2.2203
1216,2.2218,sign_C,48,6,9,17,32,6064,0.7719,0.7925,2.2218,1.3304,1.7235
1217,2.2314,sign_C,40,8,12,17,32,7696,0.9796,0.0991,2.2314,1.7624,1.7991
1218,2.2325,c_per_byte,50,10,10,13,32,7536,0.9593,0.0991,0.2413,2.1415,2.2325
1219,2.233,c_per_byte,50,10,14,9,32,7536,0.9593,0.0991,0.1402,2.142,2.233
1220,2.2496,c_per_byte,50,10,8,16,32,7472,0.9511,0.0991,0.8395,2.1397,2.2496
1221,2.254,c_per_byte,50,10,9,14,32,7456,0.9491,0.0991,0.3299,2.1392,2.254
1222,2.2541,sign_C,45,5,9,17,16,6128,0.78,1.0,2.2541,0.7295,0.9352
1223,2.263,sign_C,42,6,11,17,32,6544,0.833,0.3962,2.263,1.3448,1.6144
1224,2.2676,c_per_byte,50,10,12,10,32,7408,0.943,0.0991,0.1472,2.1383,2.2676
1225,2.2676,c_per_byte,50,10,11,11,32,7408,0.943,0.0991,0.161,2.1383,2.2676
1226,2.276,c_per_byte,50,10,10,12,32,7376,0.9389,0.0991,0.1859,2.1369,2.276
1227,2.2791,sign_C,40,5,11,17,16,6624,0.8432,0.5,2.2791,0.7443,0.8828
1228,2.2849,c_per_byte,50,10,8,15,32,7344,0.9348,0.0991,0.485,2.136,2.2849
1229,2.285,sign_C,45,5,14,16,32,6784,0.8635,1.5849,2.285,1.1596,1.3429
1230,2.2926,sign_C,50,5,11,16,16,6608,0.8411,2.0,2.2926,0.7439,0.8843
1231,2.2939,c_per_byte,50,10,7,17,32,7312,0.9308,0.0991,1.3713,2.135,2.2939
1232,2.2946,sign_C,40,5,10,17,32,5776,0.7352,0.7925,2.2946,1.1299,1.5368
1233,2.295,sign_C,40,4,14,16,16,6704,0.8534,2.0,2.295,0.6367,0.7461
1234,2.3097,sign_C,42,7,12,17,32,7280,0.9267,0.1981,2.3097,1.5582,1.6815
1235,2.3152,sign_C,49,7,11,17,32,7104,0.9043,0.3962,2.3152,1.5531,1.7175
1236,2.3246,sign_C,42,6,12,17,16,7504,0.9552,0.25,2.3246,0.8798,0.9211
1237,2.3358,sign_C,48,8,12,17,32,7824,0.9959,0.1981,2.3358,1.7661,1.7733
1238,2.345,sign_C,48,6,11,17,16,7312,0.9308,0.5,2.345,0.8742,0.9393
1239,2.3516,c_per_byte,44,11,8,16,32,7824,0.9959,0.0495,0.7808,2.342,2.3516
1240,2.3737,sign_C,45,5,15,16,32,7056,0.8982,1.5849,2.3737,1.168,1.3004
1241,2.3813,sign_C,50,5,12,16,16,6880,0.8758,2.0,2.3813,0.7517,0.8584
1242,2.3836,sign_C,40,4,15,16,16,6976,0.888,2.0,2.3836,0.645,0.7264
1243,2.399,sign_C,48,6,10,17,32,6352,0.8086,0.7925,2.399,1.3387,1.6557
1244,2.4314,sign_C,45,5,10,17,16,6416,0.8167,1.0,2.4314,0.7378,0.9034
1245,2.4402,sign_C,42,6,12,17,32,6832,0.8697,0.3962,2.4402,1.3531,1.5559
1246,2.4564,sign_C,40,5,12,17,16,6912,0.8798,0.5,2.4564,0.7527,0.8555
1247,2.4623,sign_C,45,5,16,16,32,7328,0.9328,1.5849,2.4623,1.1759,1.2606
1248,2.4623,sign_C,45,5,8,17,32,5280,0.6721,1.5849,2.4623,1.1155,1.6598
1249,2.4699,sign_C,50,5,13,16,16,7152,0.9104,2.0,2.4699,0.7596,0.8344
1250,2.4719,sign_C,40,5,11,17,32,6064,0.7719,0.7925,2.4719,1.1387,1.4753
1251,2.4722,sign_C,40,4,16,16,16,7248,0.9226,2.0,2.4722,0.6529,0.7077
1252,2.4869,sign_C,42,7,13,17,32,7568,0.9633,0.1981,2.4869,1.5666,1.6262
1253,2.4925,sign_C,49,7,12,17,32,7392,0.9409,0.3962,2.4925,1.5615,1.6595
1254,2.5019,sign_C,42,6,13,17,16,7792,0.9919,0.25,2.5019,0.8882,0.8955
1255,2.5223,sign_C,48,6,12,17,16,7600,0.9674,0.5,2.5223,0.8826,0.9123
1256,2.5509,sign_C,45,5,17,16,32,7600,0.9674,1.5849,2.5509,1.1838,1.2236
1257,2.5585,sign_C,50,5,14,16,16,7424,0.945,2.0,2.5585,0.7675,0.8122
1258,2.5585,sign_C,50,5,7,17,16,5632,0.7169,2.0,2.5585,0.7151,0.9975
1259,2.5608,sign_C,40,4,17,16,16,7520,0.9572,2.0,2.5608,0.6608,0.6903
1260,2.5763,sign_C,48,6,11,17,32,6640,0.8452,0.7925,2.5763,1.3476,1.5943
1261,2.5989,sign_C,45,9,7,18,32,6896,0.8778,0.0991,2.5989,1.9309,2.1997
1262,2.6086,sign_C,45,5,11,17,16,6704,0.8534,1.0,2.6086,0.7466,0.8749
1263,2.612,sign_C,50,10,7,18,32,7424,0.945,0.0991,2.612,2.1383,2.2627
1264,2.6132,sign_C,48,8,7,18,16,7392,0.9409,0.125,2.6132,1.0961,1.1649
1265,2.6175,sign_C,42,6,13,17,32,7120,0.9063,0.3962,2.6175,1.3615,1.5022
1266,2.6336,sign_C,40,5,13,17,16,7200,0.9165,0.5,2.6336,0.761,0.8304
1267,2.6395,sign_C,45,5,9,17,32,5568,0.7088,1.5849,2.6395,1.1239,1.5857
1268,2.6471,sign_C,50,5,15,16,16,7696,0.9796,2.0,2.6471,0.7759,0.792
1269,2.6491,sign_C,40,5,12,17,32,6352,0.8086,0.7925,2.6491,1.1471,1.4187
1270,2.6494,sign_C,40,4,18,16,16,7792,0.9919,2.0,2.6494,0.6687,0.6742
1271,2.6494,sign_C,40,4,9,17,16,5488,0.6986,2.0,2.6494,0.6009,0.8602
1272,2.6697,sign_C,49,7,13,17,32,7680,0.9776,0.3962,2.6697,1.5698,1.6058
1273,2.6903,sign_C,48,8,7,18,32,6496,0.8269,0.1981,2.6903,1.7271,2.0887
1274,2.712,sign_C,49,7,7,18,16,6848,0.8717,0.25,2.712,0.9703,1.1131
1275,2.7358,sign_C,50,5,8,17,16,5920,0.7536,2.0,2.7358,0.7234,0.96
1276,2.7535,sign_C,48,6,12,17,32,6928,0.8819,0.7925,2.7535,1.3559,1.5375
1277,2.7858,sign_C,45,5,12,17,16,6992,0.89,1.0,2.7858,0.755,0.8483
1278,2.7947,sign_C,42,6,14,17,32,7408,0.943,0.3962,2.7947,1.3698,1.4527
1279,2.8109,sign_C,40,5,14,17,16,7488,0.9532,0.5,2.8109,0.7694,0.8072
1280,2.8168,sign_C,45,5,10,17,32,5856,0.7454,1.5849,2.8168,1.1323,1.5189
1281,2.8263,sign_C,40,5,13,17,32,6640,0.8452,0.7925,2.8263,1.1555,1.3671
1282,2.8267,sign_C,40,4,10,17,16,5776,0.7352,2.0,2.8267,0.6093,0.8287
1283,2.8469,sign_C,49,7,7,18,32,6064,0.7719,0.3962,2.8469,1.5225,1.9724
1284,2.8768,sign_C,48,6,7,18,16,6272,0.7984,0.5,2.8768,0.8436,1.0567
1285,2.9012,sign_C,40,10,8,18,32,7568,0.9633,0.0495,2.9012,2.1425,2.224
1286,2.9018,sign_C,40,8,8,18,16,7568,0.9633,0.0625,2.9018,1.1012,1.1431
1287,2.913,sign_C,50,5,9,17,16,6208,0.7902,2.0,2.913,0.7318,0.926
1288,2.9308,sign_C,48,6,13,17,32,7216,0.9185,0.7925,2.9308,1.3643,1.4853
1289,2.9404,sign_C,40,8,8,18,32,6672,0.8493,0.0991,2.9404,1.7323,2.0397
1290,2.9512,sign_C,42,7,8,18,16,7040,0.8961,0.125,2.9512,0.9759,1.089
1291,2.9534,sign_C,45,9,8,18,32,7200,0.9165,0.0991,2.9534,1.9397,2.1164
1292,2.9631,sign_C,45,5,13,17,16,7280,0.9267,1.0,2.9631,0.7633,0.8237
1293,2.9665,sign_C,50,10,8,18,32,7728,0.9837,0.0991,2.9665,2.1471,2.1827
1294,2.9677,sign_C,48,8,8,18,16,7696,0.9796,0.125,2.9677,1.1049,1.1278
1295,2.972,sign_C,42,6,15,17,32,7696,0.9796,0.3962,2.972,1.3787,1.4073
1296,2.9881,sign_C,40,5,15,17,16,7776,0.9898,0.5,2.9881,0.7782,0.7862
1297,2.994,sign_C,45,5,11,17,32,6144,0.7821,1.5849,2.994,1.1411,1.459
1298,3.0036,sign_C,40,5,14,17,32,6928,0.8819,0.7925,3.0036,1.1638,1.3197
1299,3.0039,sign_C,40,4,11,17,16,6064,0.7719,2.0,3.0039,0.6181,0.8008
1300,3.0187,sign_C,42,7,8,18,32,6256,0.7963,0.1981,3.0187,1.5281,1.9189
1301,3.0336,sign_C,42,6,8,18,16,6480,0.8248,0.25,3.0336,0.8497,1.0301
1302,3.0448,sign_C,48,8,8,18,32,6800,0.8656,0.1981,3.0448,1.736,2.0055
1303,3.0665,sign_C,49,7,8,18,16,7152,0.9104,0.25,3.0665,0.9791,1.0755
1304,3.0903,sign_C,50,5,10,17,16,6496,0.8269,2.0,3.0903,0.7401,0.8951
1305,3.108,sign_C,48,6,14,17,32,7504,0.9552,0.7925,3.108,1.3726,1.437
1306,3.108,sign_C,48,6,7,18,32,5600,0.7128,0.7925,3.108,1.3169,1.8475
1307,3.1403,sign_C,45,5,14,17,16,7568,0.9633,1.0,3.1403,0.7717,0.8011
1308,3.1403,sign_C,45,5,7,18,16,5664,0.721,1.0,3.1403,0.716,0.9931
1309,3.1492,sign_C,42,6,8,18,32,5808,0.7393,0.3962,3.1492,1.323,1.7895
1310,3.1654,sign_C,40,5,8,18,16,5888,0.7495,0.5,3.1654,0.7225,0.964
1311,3.1699,keygen_C,50,5,21,10,32,6752,0.8595,3.1699,2.1177,1.1596,1.3492
1312,3.1699,keygen_C,50,5,18,15,32,7664,0.9756,3.1699,2.8862,1.1856,1.2153
1313,3.1699,keygen_C,40,4,17,15,32,6800,0.8656,3.1699,2.4242,0.9684,1.1188
1314,3.1699,keygen_C,50,5,24,11,32,7664,0.9756,3.1699,2.1551,1.1865,1.2163
1315,3.1699,keygen_C,50,5,16,11,32,6128,0.78,3.1699,2.1329,1.1411,1.4628
1316,3.1699,keygen_C,40,4,22,10,32,6320,0.8045,3.1699,1.7014,0.955,1.1871
1317,3.1699,keygen_C,40,4,19,12,32,6400,0.8147,3.1699,1.7761,0.9573,1.1751
1318,3.1699,keygen_C,50,5,12,10,32,5168,0.6578,3.1699,2.1052,1.1128,1.6915
1319,3.1699,keygen_C,50,5,21,13,32,7760,0.9878,3.1699,2.3213,1.1889,1.2036
1320,3.1699,keygen_C,50,5,11,11,32,5168,0.6578,3.1699,2.1191,1.1128,1.6915
1321,3.1699,keygen_C,40,4,10,16,32,5168,0.6578,3.1699,2.5571,0.9202,1.3988
1322,3.1699,keygen_C,50,5,19,14,32,7616,0.9695,3.1699,2.5096,1.1847,1.222
1323,3.1699,keygen_C,50,5,22,10,32,6928,0.8819,3.1699,2.1191,1.1647,1.3207
1324,3.1699,keygen_C,40,4,14,14,32,5808,0.7393,3.1699,1.9811,0.9392,1.2704
1325,3.1699,keygen_C,50,5,13,15,32,6384,0.8126,3.1699,2.6647,1.148,1.4127
1326,3.1699,keygen_C,50,5,20,13,32,7536,0.9593,3.1699,2.3102,1.1824,1.2326
1327,3.1699,keygen_C,40,4,19,14,32,7008,0.8921,3.1699,2.0919,0.9749,1.0929
1328,3.1699,keygen_C,40,4,21,10,32,6144,0.7821,3.1699,1.7,0.9499,1.2146
1329,3.1699,keygen_C,50,5,16,12,32,6384,0.8126,3.1699,2.1773,1.1485,1.4133
1330,3.1699,keygen_C,50,5,17,11,32,6320,0.8045,3.1699,2.1357,1.1466,1.4253
1331,3.1699,keygen_C,50,5,12,16,32,6320,0.8045,3.1699,3.1521,1.1462,1.4247
1332,3.1699,keygen_C,40,4,20,14,32,7248,0.9226,3.1699,2.114,0.9819,1.0643
1333,3.1699,keygen_C,40,4,19,15,32,7312,0.9308,3.1699,2.5128,0.9838,1.0569
1334,3.1699,keygen_C,50,5,14,13,32,6192,0.7882,3.1699,2.2437,1.1425,1.4495
1335,3.1699,keygen_C,40,4,23,8,32,5760,0.7332,3.1699,1.6789,0.9392,1.281
1336,3.1699,keygen_C,50,5,15,13,32,6416,0.8167,3.1699,2.2548,1.1494,1.4074
1337,3.1699,keygen_C,50,5,12,11,32,5360,0.6823,3.1699,2.1219,1.1183,1.6391
1338,3.1699,keygen_C,40,4,15,11,32,5328,0.6782,3.1699,1.7124,0.9258,1.365
1339,3.1699,keygen_C,40,4,18,14,32,6768,0.8615,3.1699,2.0697,0.9675,1.1231
1340,3.1699,keygen_C,40,4,22,12,32,7024,0.8941,3.1699,1.7928,0.9754,1.0909
1341,3.1699,keygen_C,40,4,12,13,32,5136,0.6538,3.1699,1.8038,0.9197,1.4068
1342,3.1699,keygen_C,40,4,19,10,32,5792,0.7373,3.1699,1.6972,0.9397,1.2745
1343,3.1699,keygen_C,50,5,17,13,32,6864,0.8737,3.1699,2.277,1.1624,1.3304
1344,3.1699,keygen_C,50,5,19,11,32,6704,0.8534,3.1699,2.1412,1.1582,1.3573
1345,3.1699,keygen_C,50,5,24,10,32,7280,0.9267,3.1699,2.1219,1.1754,1.2684
1346,3.1699,keygen_C,50,5,22,11,32,7280,0.9267,3.1699,2.1496,1.1749,1.2679
1347,3.1699,keygen_C,50,5,24,9,32,6896,0.8778,3.1699,2.1052,1.1643,1.3263
1348,3.1699,keygen_C,50,5,11,14,32,5696,0.7251,3.1699,2.3323,1.1281,1.5559
1349,3.1699,keygen_C,40,4,17,11,32,5712,0.7271,3.1699,1.718,0.9369,1.2886
1350,3.1699,keygen_C,40,4,24,10,32,6672,0.8493,3.1699,1.7041,0.9657,1.137
1351,3.1699,keygen_C,40,4,22,11,32,6672,0.8493,3.1699,1.7318,0.9652,1.1365
1352,3.1699,keygen_C,50,5,13,11,32,5552,0.7067,3.1699,2.1246,1.1239,1.5903
1353,3.1699,keygen_C,40,4,18,11,32,5904,0.7515,3.1699,1.7208,0.9425,1.2541
1354,3.1699,keygen_C,50,5,17,14,32,7136,0.9084,3.1699,2.4653,1.1703,1.2884
1355,3.1699,keygen_C,40,4,12,16,32,5712,0.7271,3.1699,2.7344,0.9364,1.2879
1356,3.1699,keygen_C,40,4,21,13,32,7152,0.9104,3.1699,1.9035,0.9791,1.0755
1357,3.1699,keygen_C,40,4,21,12,32,6816,0.8676,3.1699,1.7872,0.9694,1.1173
1358,3.1699,keygen_C,50,5,17,12,32,6592,0.8391,3.1699,2.1828,1.1545,1.3759
1359,3.1699,keygen_C,50,5,11,12,32,5344,0.6802,3.1699,2.1496,1.1179,1.6433
1360,3.1699,keygen_C,50,5,13,10,32,5344,0.6802,3.1699,2.1066,1.1179,1.6433
1361,3.1699,keygen_C,40,4,9,16,32,4896,0.6232,3.1699,2.4685,0.9123,1.4638
1362,3.1699,keygen_C,50,5,16,15,32,7152,0.9104,3.1699,2.7976,1.1708,1.286
1363,3.1699,keygen_C,50,5,15,10,32,5696,0.7251,3.1699,2.1094,1.1285,1.5565
1364,3.1699,keygen_C,50,5,16,14,32,6896,0.8778,3.1699,2.4431,1.1633,1.3253
1365,3.1699,keygen_C,50,5,19,8,32,5792,0.7373,3.1699,2.0952,1.1318,1.5351
1366,3.1699,keygen_C,40,4,24,8,32,5904,0.7515,3.1699,1.6792,0.9434,1.2553
1367,3.1699,keygen_C,50,5,20,11,32,6896,0.8778,3.1699,2.144,1.1638,1.3258
1368,3.1699,keygen_C,40,4,18,10,32,5616,0.7149,3.1699,1.6958,0.9341,1.3067
1369,3.1699,keygen_C,50,5,8,15,32,5104,0.6497,3.1699,2.4431,1.1104,1.7092
1370,3.1699,keygen_C,50,5,15,15,32,6896,0.8778,3.1699,2.7533,1.1633,1.3253
1371,3.1699,keygen_C,40,4,16,13,32,6032,0.7678,3.1699,1.8481,0.9462,1.2323
1372,3.1699,keygen_C,40,4,14,15,32,6032,0.7678,3.1699,2.2913,0.9457,1.2317
1373,3.1699,keygen_C,40,4,15,14,32,6048,0.7699,3.1699,2.0032,0.9466,1.2296
1374,3.1699,keygen_C,40,4,11,14,32,5088,0.6477,3.1699,1.9146,0.9183,1.4179
1375,3.1699,keygen_C,50,5,23,11,32,7472,0.9511,3.1699,2.1523,1.181,1.2417
1376,3.1699,keygen_C,40,4,13,12,32,5152,0.6558,3.1699,1.7429,0.9202,1.4031
1377,3.1699,keygen_C,40,4,12,15,32,5520,0.7026,3.1699,2.2026,0.9309,1.3248
1378,3.1699,keygen_C,40,4,18,12,32,6192,0.7882,3.1699,1.7706,0.9508,1.2063
1379,3.1699,keygen_C,50,5,10,14,32,5456,0.6945,3.1699,2.3102,1.1206,1.6136
1380,3.1699,keygen_C,50,5,16,8,32,5360,0.6823,3.1699,2.0942,1.1188,1.6398
1381,3.1699,keygen_C,50,5,15,9,32,5456,0.6945,3.1699,2.099,1.1216,1.6149
1382,3.1699,keygen_C,50,5,23,8,32,6368,0.8106,3.1699,2.0966,1.149,1.4174
1383,3.1699,keygen_C,40,4,16,16,32,6800,0.8656,3.1699,3.0889,0.9684,1.1188
1384,3.1699,keygen_C,40,4,17,10,32,5440,0.6925,3.1699,1.6944,0.929,1.3416
1385,3.1699,keygen_C,40,4,13,14,32,5568,0.7088,3.1699,1.9589,0.9323,1.3153
1386,3.1699,keygen_C,40,4,11,16,32,5440,0.6925,3.1699,2.6458,0.9285,1.3409
1387,3.1699,keygen_C,50,5,19,12,32,7008,0.8921,3.1699,2.1939,1.1671,1.3083
1388,3.1699,keygen_C,40,4,15,12,32,5568,0.7088,3.1699,1.754,0.9327,1.316
1389,3.1699,keygen_C,40,4,12,14,32,5328,0.6782,3.1699,1.9368,0.9253,1.3643
1390,3.1699,keygen_C,50,5,9,15,32,5360,0.6823,3.1699,2.4874,1.1179,1.6384
1391,3.1699,keygen_C,50,5,16,9,32,5616,0.7149,3.1699,2.0997,1.1262,1.5754
1392,3.1699,keygen_C,50,5,10,12,32,5136,0.6538,3.1699,2.144,1.1114,1.6999
1393,3.1699,keygen_C,50,5,14,10,32,5520,0.7026,3.1699,2.108,1.123,1.5982
1394,3.1699,keygen_C,50,5,11,13,32,5520,0.7026,3.1699,2.2105,1.123,1.5982
1395,3.1699,keygen_C,40,4,21,14,32,7488,0.9532,3.1699,2.1362,0.9889,1.0375
1396,3.1699,keygen_C,50,5,22,12,32,7632,0.9715,3.1699,2.2105,1.1852,1.2199
1397,3.1699,keygen_C,50,5,13,14,32,6176,0.7862,3.1699,2.3767,1.142,1.4526
1398,3.1699,keygen_C,50,5,15,14,32,6656,0.8473,3.1699,2.421,1.1564,1.3649
1399,3.1699,keygen_C,50,5,15,12,32,6176,0.7862,3.1699,2.1717,1.1425,1.4532
1400,3.1699,keygen_C,50,5,11,16,32,6048,0.7699,3.1699,3.0635,1.1383,1.4786
1401,3.1699,keygen_C,50,5,17,10,32,6048,0.7699,3.1699,2.1122,1.1387,1.4792
1402,3.1699,keygen_C,50,5,10,15,32,5616,0.7149,3.1699,2.5317,1.1253,1.5741
1403,3.1699,keygen_C,40,4,14,12,32,5360,0.6823,3.1699,1.7484,0.9262,1.3575
1404,3.1699,keygen_C,40,4,16,11,32,5520,0.7026,3.1699,1.7152,0.9313,1.3254
1405,3.1699,keygen_C,40,4,14,13,32,5584,0.7108,3.1699,1.826,0.9327,1.3122
1406,3.1699,keygen_C,40,4,13,13,32,5360,0.6823,3.1699,1.8149,0.9262,1.3575
1407,3.1699,keygen_C,50,5,12,15,32,6128,0.78,3.1699,2.6204,1.1406,1.4622
1408,3.1699,keygen_C,50,5,10,13,32,5296,0.6741,3.1699,2.1994,1.116,1.6555
1409,3.1699,keygen_C,50,5,12,14,32,5936,0.7556,3.1699,2.3545,1.135,1.5022
1410,3.1699,keygen_C,40,4,22,13,32,7376,0.9389,3.1699,1.9146,0.9856,1.0498
1411,3.1699,keygen_C,50,5,11,15,32,5872,0.7475,3.1699,2.5761,1.1332,1.5161
1412,3.1699,keygen_C,50,5,24,8,32,6512,0.8289,3.1699,2.0969,1.1531,1.3911
1413,3.1699,keygen_C,40,4,16,15,32,6544,0.833,3.1699,2.3799,0.961,1.1537
1414,3.1699,keygen_C,40,4,13,16,32,5984,0.7617,3.1699,2.823,0.9443,1.2397
1415,3.1699,keygen_C,40,4,17,12,32,5984,0.7617,3.1699,1.7651,0.9448,1.2403
1416,3.1699,keygen_C,50,5,22,8,32,6224,0.7923,3.1699,2.0962,1.1443,1.4444
1417,3.1699,keygen_C,50,5,18,10,32,6224,0.7923,3.1699,2.1136,1.1439,1.4438
1418,3.1699,keygen_C,50,5,21,9,32,6416,0.8167,3.1699,2.1032,1.1499,1.408
1419,3.1699,keygen_C,50,5,23,12,32,7840,0.998,3.1699,2.216,1.1916,1.1941
1420,3.1699,keygen_C,50,5,9,14,32,5216,0.664,3.1699,2.288,1.1137,1.6774
1421,3.1699,keygen_C,40,4,19,13,32,6704,0.8534,3.1699,1.8814,0.9661,1.1321
1422,3.1699,keygen_C,50,5,20,10,32,6576,0.8371,3.1699,2.1163,1.1545,1.3792
1423,3.1699,keygen_C,50,5,18,12,32,6800,0.8656,3.1699,2.1883,1.1606,1.3408
1424,3.1699,keygen_C,40,4,20,15,32,7568,0.9633,3.1699,2.5571,0.9912,1.0289
1425,3.1699,keygen_C,40,4,13,15,32,5776,0.7352,3.1699,2.247,0.9383,1.2762
1426,3.1699,keygen_C,40,4,20,11,32,6288,0.8004,3.1699,1.7263,0.9541,1.192
1427,3.1699,keygen_C,40,4,24,11,32,7056,0.8982,3.1699,1.7374,0.9768,1.0875
1428,3.1699,keygen_C,40,4,11,15,32,5264,0.6701,3.1699,2.1583,0.9234,1.3781
1429,3.1699,keygen_C,50,5,16,10,32,5872,0.7475,3.1699,2.1108,1.1336,1.5167
1430,3.1699,keygen_C,50,5,20,12,32,7216,0.9185,3.1699,2.1994,1.1731,1.2771
1431,3.1699,keygen_C,50,5,14,12,32,5968,0.7597,3.1699,2.1662,1.136,1.4953
1432,3.1699,keygen_C,40,4,24,9,32,6288,0.8004,3.1699,1.6875,0.9545,1.1925
1433,3.1699,keygen_C,50,5,12,13,32,5744,0.7312,3.1699,2.2216,1.1295,1.5448
1434,3.1699,keygen_C,50,5,21,8,32,6080,0.7739,3.1699,2.0959,1.1401,1.4732
1435,3.1699,keygen_C,50,5,10,16,32,5776,0.7352,3.1699,2.9749,1.1299,1.5368
1436,3.1699,keygen_C,50,5,17,15,32,7408,0.943,3.1699,2.8419,1.1782,1.2494
1437,3.1699,keygen_C,40,4,16,14,32,6288,0.8004,3.1699,2.0254,0.9536,1.1914
1438,3.1699,keygen_C,40,4,23,11,32,6864,0.8737,3.1699,1.7346,0.9712,1.1116
1439,3.1699,keygen_C,50,5,20,8,32,5936,0.7556,3.1699,2.0956,1.136,1.5034
1440,3.1699,keygen_C,50,5,18,9,32,5936,0.7556,3.1699,2.1011,1.1355,1.5028
1441,3.1699,keygen_C,50,5,18,13,32,7088,0.9022,3.1699,2.288,1.1689,1.2956
1442,3.1699,keygen_C,40,4,15,15,32,6288,0.8004,3.1699,2.3356,0.9536,1.1914
1443,3.1699,keygen_C,50,5,15,11,32,5936,0.7556,3.1699,2.1302,1.1355,1.5028
1444,3.1699,keygen_C,40,4,21,11,32,6480,0.8248,3.1699,1.7291,0.9596,1.1634
1445,3.1699,keygen_C,50,5,17,9,32,5776,0.7352,3.1699,2.1004,1.1309,1.5381
1446,3.1699,keygen_C,50,5,21,11,32,7088,0.9022,3.1699,2.1468,1.1694,1.2961
1447,3.1699,keygen_C,50,5,13,13,32,5968,0.7597,3.1699,2.2326,1.136,1.4953
1448,3.1699,keygen_C,50,5,19,9,32,6096,0.776,3.1699,2.1018,1.1406,1.4699
1449,3.1699,keygen_C,50,5,18,8,32,5648,0.7189,3.1699,2.0949,1.1271,1.5678
1450,3.1699,keygen_C,50,5,13,12,32,5760,0.7332,3.1699,2.1606,1.1299,1.5411
1451,3.1699,keygen_C,40,4,19,11,32,6096,0.776,3.1699,1.7235,0.9485,1.2223
1452,3.1699,keygen_C,40,4,18,13,32,6480,0.8248,3.1699,1.8703,0.9592,1.1628
1453,3.1699,keygen_C,40,4,22,9,32,5968,0.7597,3.1699,1.6861,0.9448,1.2437
1454,3.1699,keygen_C,50,5,17,8,32,5504,0.7006,3.1699,2.0945,1.123,1.6028
1455,3.1699,keygen_C,50,5,16,13,32,6640,0.8452,3.1699,2.2659,1.1559,1.3676
1456,3.1699,keygen_C,50,5,9,16,32,5504,0.7006,3.1699,2.8862,1.122,1.6015
1457,3.1699,keygen_C,40,4,20,12,32,6608,0.8411,3.1699,1.7817,0.9633,1.1453
1458,3.1699,keygen_C,40,4,20,9,32,5648,0.7189,3.1699,1.6847,0.9355,1.3012
1459,3.1699,keygen_C,40,4,17,13,32,6256,0.7963,3.1699,1.8592,0.9527,1.1963
1460,3.1699,keygen_C,50,5,18,11,32,6512,0.8289,3.1699,2.1385,1.1522,1.39
1461,3.1699,keygen_C,40,4,17,14,32,6528,0.831,3.1699,2.0475,0.9606,1.156
1462,3.1699,keygen_C,40,4,14,16,32,6256,0.7963,3.1699,2.9116,0.9522,1.1957
1463,3.1699,keygen_C,40,4,23,12,32,7232,0.9206,3.1699,1.7983,0.9819,1.0666
1464,3.1699,keygen_C,50,5,18,14,32,7376,0.9389,3.1699,2.4874,1.1773,1.2539
1465,3.1699,keygen_C,50,5,14,9,32,5296,0.6741,3.1699,2.0983,1.1165,1.6562
1466,3.1699,keygen_C,50,5,19,10,32,6400,0.8147,3.1699,2.1149,1.1494,1.4109
1467,3.1699,keygen_C,40,4,23,9,32,6128,0.78,3.1699,1.6868,0.9499,1.2177
1468,3.1699,keygen_C,50,5,8,16,32,5232,0.666,3.1699,2.7976,1.1142,1.6729
1469,3.1699,keygen_C,50,5,12,12,32,5552,0.7067,3.1699,2.1551,1.1239,1.5903
1470,3.1699,keygen_C,40,4,15,13,32,5808,0.7393,3.1699,1.8371,0.9397,1.271
1471,3.1699,keygen_C,50,5,19,13,32,7312,0.9308,3.1699,2.2991,1.1759,1.2634
1472,3.1699,keygen_C,50,5,14,14,32,6416,0.8167,3.1699,2.3988,1.149,1.4068
1473,3.1699,keygen_C,40,4,21,9,32,5808,0.7393,3.1699,1.6854,0.9401,1.2716
1474,3.1699,keygen_C,40,4,23,13,32,7600,0.9674,3.1699,1.9257,0.9926,1.026
1475,3.1699,keygen_C,40,4,19,9,32,5488,0.6986,3.1699,1.6841,0.9309,1.3325
1476,3.1699,keygen_C,40,4,24,12,32,7440,0.947,3.1699,1.8038,0.9879,1.0432
1477,3.1699,keygen_C,50,5,21,12,32,7424,0.945,3.1699,2.2049,1.1791,1.2477
1478,3.1699,keygen_C,50,5,22,9,32,6576,0.8371,3.1699,2.1039,1.1545,1.3792
1479,3.1699,keygen_C,40,4,18,15,32,7056,0.8982,3.1699,2.4685,0.9759,1.0865
1480,3.1699,keygen_C,50,5,14,11,32,5744,0.7312,3.1699,2.1274,1.1295,1.5448
1481,3.1699,keygen_C,40,4,15,16,32,6528,0.831,3.1699,3.0002,0.9606,1.156
1482,3.1699,keygen_C,40,4,10,15,32,5008,0.6375,3.1699,2.114,0.9155,1.4362
1483,3.1699,keygen_C,40,4,20,13,32,6928,0.8819,3.1699,1.8925,0.9726,1.1029
1484,3.1699,keygen_C,40,4,21,15,32,7824,0.9959,3.1699,2.6014,0.9986,1.0027
1485,3.1699,keygen_C,50,5,23,9,32,6736,0.8574,3.1699,2.1046,1.1596,1.3524
1486,3.1699,keygen_C,40,4,16,12,32,5776,0.7352,3.1699,1.7595,0.9387,1.2768
1487,3.1699,keygen_C,50,5,14,15,32,6640,0.8452,3.1699,2.709,1.1555,1.3671
1488,3.1699,keygen_C,40,4,20,10,32,5968,0.7597,3.1699,1.6986,0.9448,1.2437
1489,3.1699,keygen_C,40,4,23,10,32,6496,0.8269,3.1699,1.7027,0.9606,1.1617
1490,3.1699,keygen_C,40,4,24,13,32,7824,0.9959,3.1699,1.9368,0.9991,1.0032
1491,3.1699,keygen_C,50,5,23,10,32,7104,0.9043,3.1699,2.1205,1.1703,1.2942
1492,3.1699,keygen_C,40,4,22,14,32,7728,0.9837,3.1699,2.1583,0.9958,1.0123
1493,3.1699,keygen_C,50,5,20,9,32,6256,0.7963,3.1699,2.1025,1.1452,1.4381
1494,3.1713,sign_C,45,5,12,17,32,6432,0.8187,1.5849,3.1713,1.1494,1.4039
1495,3.1775,sign_C,40,4,17,16,32,7072,0.9002,3.1699,3.1775,0.9763,1.0846
1496,3.1808,sign_C,40,5,15,17,32,7216,0.9185,0.7925,3.1808,1.1726,1.2766
1497,3.1812,sign_C,40,4,12,17,16,6352,0.8086,2.0,3.1812,0.6265,0.7748
1498,3.2014,sign_C,49,7,8,18,32,6368,0.8106,0.3962,3.2014,1.5313,1.8891
1499,3.2313,sign_C,48,6,8,18,16,6576,0.8371,0.5,3.2313,0.8524,1.0184
1500,3.2407,sign_C,50,5,13,16,32,6592,0.8391,3.1699,3.2407,1.1541,1.3753
1501,3.2661,sign_C,40,4,18,16,32,7344,0.9348,3.1699,3.2661,0.9842,1.0528
1502,3.2661,sign_C,40,4,9,17,32,5040,0.6415,3.1699,3.2661,0.9165,1.4285
1503,3.2675,sign_C,50,5,11,17,16,6784,0.8635,2.0,3.2675,0.749,0.8673
1504,3.2853,sign_C,48,6,15,17,32,7792,0.9919,0.7925,3.2853,1.3814,1.3928
1505,3.2948,sign_C,40,8,9,18,32,6976,0.888,0.0991,3.2948,1.7411,1.9607
1506,3.3057,sign_C,42,7,9,18,16,7344,0.9348,0.125,3.3057,0.9847,1.0533
1507,3.3079,sign_C,45,9,9,18,32,7504,0.9552,0.0991,3.3079,1.9485,2.0399
1508,3.3293,sign_C,50,5,14,16,32,6864,0.8737,3.1699,3.3293,1.1619,1.3299
1509,3.3294,sign_C,50,5,7,17,32,5072,0.6456,3.1699,3.3294,1.1095,1.7185
1510,3.3485,sign_C,45,5,13,17,32,6720,0.8554,1.5849,3.3485,1.1578,1.3535
1511,3.3547,sign_C,40,4,19,16,32,7616,0.9695,3.1699,3.3547,0.9926,1.0239
1512,3.3581,sign_C,40,5,16,17,32,7504,0.9552,0.7925,3.3581,1.181,1.2364
1513,3.3581,sign_C,40,5,8,18,32,5328,0.6782,0.7925,3.3581,1.1169,1.6469
1514,3.3584,sign_C,40,4,13,17,16,6640,0.8452,2.0,3.3584,0.6348,0.7511
1515,3.3732,sign_C,42,7,9,18,32,6560,0.835,0.1981,3.3732,1.5369,1.8405
1516,3.3881,sign_C,42,6,9,18,16,6784,0.8635,0.25,3.3881,0.8585,0.9941
1517,3.3993,sign_C,48,8,9,18,32,7104,0.9043,0.1981,3.3993,1.7448,1.9295
1518,3.418,sign_C,50,5,15,16,32,7136,0.9084,3.1699,3.418,1.1703,1.2884
1519,3.421,sign_C,49,7,9,18,16,7456,0.9491,0.25,3.421,0.9879,1.0409
1520,3.4434,sign_C,40,4,10,17,32,5328,0.6782,3.1699,3.4434,0.9248,1.3636
1521,3.4447,sign_C,50,5,12,17,16,7072,0.9002,2.0,3.4447,0.7573,0.8413
1522,3.4625,sign_C,48,6,8,18,32,5904,0.7515,0.7925,3.4625,1.3258,1.7641
1523,3.4948,sign_C,45,5,8,18,16,5968,0.7597,1.0,3.4948,0.7248,0.9541
1524,3.5037,sign_C,42,6,9,18,32,6112,0.778,0.3962,3.5037,1.3318,1.7118
1525,3.5066,sign_C,50,5,16,16,32,7408,0.943,3.1699,3.5066,1.1782,1.2494
1526,3.5066,sign_C,50,5,8,17,32,5360,0.6823,3.1699,3.5066,1.1179,1.6384
1527,3.5199,sign_C,40,5,9,18,16,6192,0.7882,0.5,3.5199,0.7313,0.9279
1528,3.5257,sign_C,45,5,14,17,32,7008,0.8921,1.5849,3.5257,1.1661,1.3072
1529,3.5258,sign_C,45,5,7,18,32,5104,0.6497,1.5849,3.5258,1.1104,1.7092
1530,3.5353,sign_C,40,5,17,17,32,7792,0.9919,0.7925,3.5353,1.1893,1.1991
1531,3.5357,sign_C,40,4,14,17,16,6928,0.8819,2.0,3.5357,0.6432,0.7293
1532,3.5559,sign_C,49,7,9,18,32,6672,0.8493,0.3962,3.5559,1.5401,1.8134
1533,3.5858,sign_C,48,6,9,18,16,6880,0.8758,0.5,3.5858,0.8613,0.9834
1534,3.5952,sign_C,50,5,17,16,32,7680,0.9776,3.1699,3.5952,1.1861,1.2133
1535,3.6206,sign_C,40,4,11,17,32,5616,0.7149,3.1699,3.6206,0.9336,1.306
1536,3.622,sign_C,50,5,13,17,16,7360,0.9369,2.0,3.622,0.7657,0.8173
1537,3.6493,sign_C,40,8,10,18,32,7280,0.9267,0.0991,3.6493,1.7499,1.8883
1538,3.6602,sign_C,42,7,10,18,16,7648,0.9735,0.125,3.6602,0.9935,1.0205
1539,3.6624,sign_C,45,9,10,18,32,7808,0.9939,0.0991,3.6624,1.9573,1.9693
1540,3.6838,sign_C,50,5,9,17,32,5648,0.7189,3.1699,3.6838,1.1262,1.5665
1541,3.703,sign_C,45,5,15,17,32,7296,0.9287,1.5849,3.703,1.1749,1.2651
1542,3.7126,sign_C,40,5,9,18,32,5632,0.7169,0.7925,3.7126,1.1258,1.5703
1543,3.7129,sign_C,40,4,15,17,16,7216,0.9185,2.0,3.7129,0.652,0.7098
1544,3.7277,sign_C,42,7,10,18,32,6864,0.8737,0.1981,3.7277,1.5457,1.7691
1545,3.7426,sign_C,42,6,10,18,16,7088,0.9022,0.25,3.7426,0.8673,0.9613
1546,3.7538,sign_C,48,8,10,18,32,7408,0.943,0.1981,3.7538,1.7536,1.8596
1547,3.7755,sign_C,49,7,10,18,16,7760,0.9878,0.25,3.7755,0.9968,1.0091
1548,3.7978,sign_C,40,4,12,17,32,5904,0.7515,3.1699,3.7978,0.942,1.2534
1549,3.7992,sign_C,50,5,14,17,16,7648,0.9735,2.0,3.7992,0.774,0.7951
1550,3.7992,sign_C,50,5,7,18,16,5744,0.7312,2.0,3.7992,0.7183,0.9825
1551,3.817,sign_C,48,6,9,18,32,6208,0.7902,0.7925,3.817,1.3346,1.6889
1552,3.8493,sign_C,45,5,9,18,16,6272,0.7984,1.0,3.8493,0.7336,0.9189
1553,3.8582,sign_C,42,6,10,18,32,6416,0.8167,0.3962,3.8582,1.3406,1.6415
1554,3.8611,sign_C,50,5,10,17,32,5936,0.7556,3.1699,3.8611,1.1346,1.5015
1555,3.8744,sign_C,40,5,10,18,16,6496,0.8269,0.5,3.8744,0.7401,0.8951
1556,3.8802,sign_C,45,5,16,17,32,7584,0.9654,1.5849,3.8802,1.1833,1.2257
1557,3.8802,sign_C,45,5,8,18,32,5408,0.6884,1.5849,3.8802,1.1193,1.6259
1558,3.8902,sign_C,40,4,16,17,16,7504,0.9552,2.0,3.8902,0.6603,0.6913
1559,3.8902,sign_C,40,4,8,18,16,5328,0.6782,2.0,3.8902,0.5963,0.8792
1560,3.9104,sign_C,49,7,10,18,32,6976,0.888,0.3962,3.9104,1.549,1.7444
1561,3.9402,sign_C,48,6,10,18,16,7184,0.9145,0.5,3.9402,0.8701,0.9515
1562,3.9751,sign_C,40,4,13,17,32,6192,0.7882,3.1699,3.9751,0.9503,1.2057
1563,4.0,keygen_C,44,4,18,13,16,6992,0.89,4.0,2.3079,0.6455,0.7252
1564,4.0,keygen_C,44,4,17,16,16,7584,0.9654,4.0,3.6151,0.6626,0.6864
1565,4.0,keygen_C,44,4,22,8,16,6128,0.78,4.0,2.1161,0.6209,0.796
1566,4.0,keygen_C,44,4,21,11,16,6992,0.89,4.0,2.1666,0.6459,0.7258
1567,4.0,keygen_C,44,4,24,11,16,7568,0.9633,4.0,2.1749,0.6631,0.6883
1568,4.0,keygen_C,44,4,23,10,16,7008,0.8921,4.0,2.1403,0.6469,0.7251
1569,4.0,keygen_C,44,4,14,13,16,6096,0.776,4.0,2.2636,0.619,0.7977
1570,4.0,keygen_C,44,4,12,12,16,5456,0.6945,4.0,2.1749,0.6005,0.8646
1571,4.0,keygen_C,44,4,18,15,16,7568,0.9633,4.0,2.9061,0.6622,0.6874
1572,4.0,keygen_C,44,4,19,15,16,7824,0.9959,4.0,2.9504,0.6701,0.6728
1573,4.0,keygen_C,44,4,18,10,16,6128,0.78,4.0,2.1334,0.6204,0.7954
1574,4.0,keygen_C,44,4,13,13,16,5872,0.7475,4.0,2.2525,0.6125,0.8195
1575,4.0,keygen_C,44,4,24,8,16,6416,0.8167,4.0,2.1168,0.6297,0.771
1576,4.0,keygen_C,44,4,13,14,16,6080,0.7739,4.0,2.3965,0.6186,0.7992
1577,4.0,keygen_C,44,4,19,13,16,7216,0.9185,4.0,2.319,0.6524,0.7103
1578,4.0,keygen_C,44,4,9,16,16,5408,0.6884,4.0,2.9061,0.5986,0.8696
1579,4.0,keygen_C,44,4,10,14,16,5360,0.6823,4.0,2.33,0.5972,0.8753
1580,4.0,keygen_C,44,4,14,12,16,5872,0.7475,4.0,2.186,0.6125,0.8195
1581,4.0,keygen_C,44,4,11,13,16,5424,0.6904,4.0,2.2303,0.5995,0.8684
1582,4.0,keygen_C,44,4,14,10,16,5424,0.6904,4.0,2.1279,0.5995,0.8684
1583,4.0,keygen_C,44,4,9,17,16,5552,0.7067,4.0,3.7037,0.6028,0.8529
1584,4.0,keygen_C,44,4,18,12,16,6704,0.8534,4.0,2.2082,0.6371,0.7466
1585,4.0,keygen_C,44,4,15,14,16,6560,0.835,4.0,2.4408,0.6329,0.758
1586,4.0,keygen_C,44,4,20,9,16,6160,0.7841,4.0,2.1223,0.6218,0.793
1587,4.0,keygen_C,44,4,22,11,16,7184,0.9145,4.0,2.1694,0.6515,0.7125
1588,4.0,keygen_C,44,4,15,12,16,6080,0.7739,4.0,2.1916,0.619,0.7998
1589,4.0,keygen_C,44,4,18,11,16,6416,0.8167,4.0,2.1583,0.6288,0.7699
1590,4.0,keygen_C,44,4,22,12,16,7536,0.9593,4.0,2.2303,0.6617,0.6898
1591,4.0,keygen_C,44,4,19,14,16,7520,0.9572,4.0,2.5294,0.6613,0.6908
1592,4.0,keygen_C,44,4,24,10,16,7184,0.9145,4.0,2.1417,0.652,0.713
1593,4.0,keygen_C,44,4,20,11,16,6800,0.8656,4.0,2.1639,0.6404,0.7398
1594,4.0,keygen_C,44,4,14,15,16,6544,0.833,4.0,2.7288,0.632,0.7587
1595,4.0,keygen_C,44,4,12,14,16,5840,0.7434,4.0,2.3743,0.6116,0.8227
1596,4.0,keygen_C,44,4,16,16,16,7312,0.9308,4.0,3.5264,0.6548,0.7035
1597,4.0,keygen_C,44,4,19,11,16,6608,0.8411,4.0,2.1611,0.6348,0.7547
1598,4.0,keygen_C,44,4,21,13,16,7664,0.9756,4.0,2.3411,0.6654,0.6821
1599,4.0,keygen_C,44,4,21,12,16,7328,0.9328,4.0,2.2248,0.6557,0.7029
1600,4.0,keygen_C,44,4,10,17,16,5840,0.7434,4.0,3.8809,0.6111,0.8221
1601,4.0,keygen_C,44,4,16,9,16,5520,0.7026,4.0,2.1196,0.6028,0.8579
1602,4.0,keygen_C,44,4,19,10,16,6304,0.8024,4.0,2.1348,0.626,0.7801
1603,4.0,keygen_C,44,4,15,16,16,7040,0.8961,4.0,3.4378,0.6469,0.7218
1604,4.0,keygen_C,44,4,21,8,16,5984,0.7617,4.0,2.1157,0.6167,0.8096
1605,4.0,keygen_C,44,4,17,12,16,6496,0.8269,4.0,2.2026,0.6311,0.7632
1606,4.0,keygen_C,44,4,13,16,16,6496,0.8269,4.0,3.2606,0.6306,0.7627
1607,4.0,keygen_C,44,4,19,8,16,5696,0.7251,4.0,2.1151,0.6084,0.839
1608,4.0,keygen_C,44,4,22,10,16,6832,0.8697,4.0,2.1389,0.6413,0.7374
1609,4.0,keygen_C,44,4,14,16,16,6768,0.8615,4.0,3.3492,0.6385,0.7412
1610,4.0,keygen_C,44,4,17,13,16,6768,0.8615,4.0,2.2968,0.639,0.7417
1611,4.0,keygen_C,44,4,23,9,16,6640,0.8452,4.0,2.1244,0.6362,0.7527
1612,4.0,keygen_C,44,4,12,15,16,6032,0.7678,4.0,2.6402,0.6172,0.8038
1613,4.0,keygen_C,44,4,23,12,16,7744,0.9857,4.0,2.2359,0.6682,0.6779
1614,4.0,keygen_C,44,4,16,11,16,6032,0.7678,4.0,2.1528,0.6176,0.8044
1615,4.0,keygen_C,44,4,15,11,16,5840,0.7434,4.0,2.15,0.6121,0.8234
1616,4.0,keygen_C,44,4,10,15,16,5520,0.7026,4.0,2.5516,0.6019,0.8566
1617,4.0,keygen_C,44,4,16,10,16,5776,0.7352,4.0,2.1306,0.6102,0.83
1618,4.0,keygen_C,44,4,16,15,16,7056,0.8982,4.0,2.8175,0.6473,0.7207
1619,4.0,keygen_C,44,4,21,9,16,6320,0.8045,4.0,2.123,0.6265,0.7787
1620,4.0,keygen_C,44,4,15,13,16,6320,0.8045,4.0,2.2746,0.626,0.7781
1621,4.0,keygen_C,44,4,20,14,16,7760,0.9878,4.0,2.5516,0.6682,0.6765
1622,4.0,keygen_C,44,4,12,13,16,5648,0.7189,4.0,2.2414,0.606,0.843
1623,4.0,keygen_C,44,4,13,11,16,5456,0.6945,4.0,2.1445,0.6005,0.8646
1624,4.0,keygen_C,44,4,14,14,16,6320,0.8045,4.0,2.4187,0.6255,0.7775
1625,4.0,keygen_C,44,4,17,14,16,7040,0.8961,4.0,2.4851,0.6469,0.7218
1626,4.0,keygen_C,44,4,19,9,16,6000,0.7637,4.0,2.1216,0.6172,0.8081
1627,4.0,keygen_C,44,4,11,15,16,5776,0.7352,4.0,2.5959,0.6097,0.8293
1628,4.0,keygen_C,44,4,17,15,16,7312,0.9308,4.0,2.8618,0.6548,0.7035
1629,4.0,keygen_C,44,4,20,13,16,7440,0.947,4.0,2.33,0.6589,0.6958
1630,4.0,keygen_C,44,4,12,16,16,6224,0.7923,4.0,3.172,0.6227,0.786
1631,4.0,keygen_C,44,4,21,10,16,6656,0.8473,4.0,2.1376,0.6362,0.7509
1632,4.0,keygen_C,44,4,17,11,16,6224,0.7923,4.0,2.1556,0.6232,0.7866
1633,4.0,keygen_C,44,4,20,8,16,5840,0.7434,4.0,2.1154,0.6125,0.824
1634,4.0,keygen_C,44,4,18,9,16,5840,0.7434,4.0,2.1209,0.6121,0.8234
1635,4.0,keygen_C,44,4,20,12,16,7120,0.9063,4.0,2.2193,0.6497,0.7168
1636,4.0,keygen_C,44,4,24,9,16,6800,0.8656,4.0,2.1251,0.6408,0.7404
1637,4.0,keygen_C,44,4,14,11,16,5648,0.7189,4.0,2.1473,0.606,0.843
1638,4.0,keygen_C,44,4,17,10,16,5952,0.7576,4.0,2.132,0.6153,0.8121
1639,4.0,keygen_C,44,4,11,12,16,5248,0.668,4.0,2.1694,0.5944,0.8898
1640,4.0,keygen_C,44,4,23,11,16,7376,0.9389,4.0,2.1722,0.6575,0.7003
1641,4.0,keygen_C,44,4,11,14,16,5600,0.7128,4.0,2.3522,0.6046,0.8482
1642,4.0,keygen_C,44,4,23,8,16,6272,0.7984,4.0,2.1164,0.6255,0.7835
1643,4.0,keygen_C,44,4,15,15,16,6800,0.8656,4.0,2.7731,0.6399,0.7393
1644,4.0,keygen_C,44,4,8,16,16,5136,0.6538,4.0,2.8175,0.5907,0.9036
1645,4.0,keygen_C,44,4,17,9,16,5680,0.723,4.0,2.1202,0.6074,0.8401
1646,4.0,keygen_C,44,4,11,16,16,5952,0.7576,4.0,3.0833,0.6148,0.8115
1647,4.0,keygen_C,44,4,15,10,16,5600,0.7128,4.0,2.1292,0.6051,0.8489
1648,4.0,keygen_C,44,4,22,9,16,6480,0.8248,4.0,2.1237,0.6311,0.7651
1649,4.0,keygen_C,44,4,13,12,16,5664,0.721,4.0,2.1805,0.6065,0.8412
1650,4.0,keygen_C,44,4,8,17,16,5264,0.6701,4.0,3.5264,0.5944,0.8871
1651,4.0,keygen_C,44,4,10,16,16,5680,0.723,4.0,2.9947,0.6065,0.8388
1652,4.0,keygen_C,44,4,9,15,16,5264,0.6701,4.0,2.5073,0.5944,0.8871
1653,4.0,keygen_C,44,4,16,13,16,6544,0.833,4.0,2.2857,0.6325,0.7593
1654,4.0,keygen_C,44,4,20,10,16,6480,0.8248,4.0,2.1362,0.6311,0.7651
1655,4.0,keygen_C,44,4,16,14,16,6800,0.8656,4.0,2.463,0.6399,0.7393
1656,4.0,keygen_C,44,4,19,12,16,6912,0.8798,4.0,2.2137,0.6436,0.7315
1657,4.0,keygen_C,44,4,16,12,16,6288,0.8004,4.0,2.1971,0.6251,0.7809
1658,4.0,keygen_C,44,4,13,15,16,6288,0.8004,4.0,2.6845,0.6246,0.7803
1659,4.0,keygen_C,44,4,18,14,16,7280,0.9267,4.0,2.5073,0.6538,0.7056
1660,4.0038,sign_C,40,8,11,18,32,7584,0.9654,0.0991,4.0038,1.7592,1.8223
1661,4.0383,sign_C,50,5,11,17,32,6224,0.7923,3.1699,4.0383,1.1434,1.4432
1662,4.0582,sign_C,44,4,11,17,16,6128,0.78,4.0,4.0582,0.62,0.7948
1663,4.0671,sign_C,40,5,10,18,32,5936,0.7556,0.7925,4.0671,1.1346,1.5015
1664,4.0674,sign_C,40,4,17,17,16,7792,0.9919,2.0,4.0674,0.6687,0.6742
1665,4.0822,sign_C,42,7,11,18,32,7168,0.9124,0.1981,4.0822,1.555,1.7042
1666,4.0971,sign_C,42,6,11,18,16,7392,0.9409,0.25,4.0971,0.8766,0.9316
1667,4.1083,sign_C,48,8,11,18,32,7712,0.9817,0.1981,4.1083,1.7629,1.7958
1668,4.1523,sign_C,40,4,14,17,32,6480,0.8248,3.1699,4.1523,0.9587,1.1623
1669,4.1537,sign_C,50,5,8,18,16,6048,0.7699,2.0,4.1537,0.7271,0.9445
1670,4.1715,sign_C,48,6,10,18,32,6512,0.8289,0.7925,4.1715,1.3434,1.6206
1671,4.2038,sign_C,45,5,10,18,16,6576,0.8371,1.0,4.2038,0.7425,0.887
1672,4.2127,sign_C,42,6,11,18,32,6720,0.8554,0.3962,4.2127,1.3499,1.5781
1673,4.2156,sign_C,50,5,12,17,32,6512,0.8289,3.1699,4.2156,1.1517,1.3894
1674,4.2288,sign_C,40,5,11,18,16,6800,0.8656,0.5,4.2288,0.7494,0.8658
1675,4.2347,sign_C,45,5,9,18,32,5712,0.7271,1.5849,4.2347,1.1281,1.5515
1676,4.2354,sign_C,44,4,12,17,16,6416,0.8167,4.0,4.2354,0.6283,0.7693
1677,4.2447,sign_C,40,4,9,18,16,5632,0.7169,2.0,4.2447,0.6051,0.8441
1678,4.2649,sign_C,49,7,11,18,32,7280,0.9267,0.3962,4.2649,1.5582,1.6815
1679,4.2947,sign_C,48,6,11,18,16,7488,0.9532,0.5,4.2947,0.8794,0.9226
1680,4.3296,sign_C,40,4,15,17,32,6768,0.8615,3.1699,4.3296,0.9675,1.1231
1681,4.3928,sign_C,50,5,13,17,32,6800,0.8656,3.1699,4.3928,1.1601,1.3402
1682,4.4127,sign_C,44,4,13,17,16,6704,0.8534,4.0,4.4127,0.6367,0.7461
1683,4.4216,sign_C,40,5,11,18,32,6240,0.7943,0.7925,4.4216,1.1439,1.4401
1684,4.4366,sign_C,42,7,12,18,32,7472,0.9511,0.1981,4.4366,1.5638,1.6442
1685,4.4516,sign_C,42,6,12,18,16,7696,0.9796,0.25,4.4516,0.8854,0.9038
1686,4.5068,sign_C,40,4,16,17,32,7056,0.8982,3.1699,4.5068,0.9759,1.0865
1687,4.5068,sign_C,40,4,8,18,32,4880,0.6212,3.1699,4.5068,0.9118,1.4679
1688,4.5082,sign_C,50,5,9,18,16,6352,0.8086,2.0,4.5082,0.736,0.9102
1689,4.526,sign_C,48,6,11,18,32,6816,0.8676,0.7925,4.526,1.3527,1.5591
1690,4.5583,sign_C,45,5,11,18,16,6880,0.8758,1.0,4.5583,0.7517,0.8584
1691,4.5672,sign_C,42,6,12,18,32,7024,0.8941,0.3962,4.5672,1.3587,1.5196
1692,4.5701,sign_C,50,5,14,17,32,7088,0.9022,3.1699,4.5701,1.1684,1.295
1693,4.5701,sign_C,50,5,7,18,32,5184,0.6599,3.1699,4.5701,1.1128,1.6863
1694,4.5833,sign_C,40,5,12,18,16,7104,0.9043,0.5,4.5833,0.7582,0.8385
1695,4.5892,sign_C,45,5,10,18,32,6016,0.7658,1.5849,4.5892,1.1369,1.4846
1696,4.5899,sign_C,44,4,14,17,16,6992,0.89,4.0,4.5899,0.645,0.7247
1697,4.5991,sign_C,40,4,10,18,16,5936,0.7556,2.0,4.5991,0.6139,0.8125
1698,4.6194,sign_C,49,7,12,18,32,7584,0.9654,0.3962,4.6194,1.5671,1.6233
1699,4.6492,sign_C,48,6,12,18,16,7792,0.9919,0.5,4.6492,0.8882,0.8955
1700,4.6841,sign_C,40,4,17,17,32,7344,0.9348,3.1699,4.6841,0.9842,1.0528
1701,4.7473,sign_C,50,5,15,17,32,7376,0.9389,3.1699,4.7473,1.1773,1.2539
1702,4.7672,sign_C,44,4,15,17,16,7280,0.9267,4.0,4.7672,0.6538,0.7056
1703,4.776,sign_C,40,5,12,18,32,6544,0.833,0.7925,4.776,1.1527,1.3838
1704,4.7911,sign_C,42,7,13,18,32,7776,0.9898,0.1981,4.7911,1.5726,1.5888
1705,4.8613,sign_C,40,4,18,17,32,7632,0.9715,3.1699,4.8613,0.9926,1.0217
1706,4.8613,sign_C,40,4,9,18,32,5184,0.6599,3.1699,4.8613,0.9206,1.3952
1707,4.8627,sign_C,50,5,10,18,16,6656,0.8473,2.0,4.8627,0.7448,0.8791
1708,4.8805,sign_C,48,6,12,18,32,7120,0.9063,0.7925,4.8805,1.3615,1.5022
1709,4.9128,sign_C,45,5,12,18,16,7184,0.9145,1.0,4.9128,0.7606,0.8317
1710,4.9217,sign_C,42,6,13,18,32,7328,0.9328,0.3962,4.9217,1.3675,1.4661
1711,4.9246,sign_C,50,5,16,17,32,7664,0.9756,3.1699,4.9246,1.1856,1.2153
1712,4.9246,sign_C,50,5,8,18,32,5488,0.6986,3.1699,4.9246,1.1216,1.6055
1713,4.9378,sign_C,40,5,13,18,16,7408,0.943,0.5,4.9378,0.7671,0.8134
1714,4.9437,sign_C,45,5,11,18,32,6320,0.8045,1.5849,4.9437,1.1462,1.4247
1715,4.9444,sign_C,44,4,16,17,16,7568,0.9633,4.0,4.9444,0.6622,0.6874
1716,4.9444,sign_C,44,4,8,18,16,5392,0.6864,4.0,4.9444,0.5981,0.8715
1717,4.9536,sign_C,40,4,11,18,16,6240,0.7943,2.0,4.9536,0.6232,0.7846
1718,5.0782,sign_C,42,7,7,19,16,6848,0.8717,0.125,5.0782,0.9703,1.1131
1719,5.0804,sign_C,45,9,7,19,32,7008,0.8921,0.0991,5.0804,1.9341,2.1681
1720,5.0934,sign_C,50,10,7,19,32,7536,0.9593,0.0991,5.0934,2.1415,2.2325
1721,5.0946,sign_C,48,8,7,19,16,7504,0.9552,0.125,5.0946,1.0993,1.1509
1722,5.1305,sign_C,40,5,13,18,32,6848,0.8717,0.7925,5.1305,1.1615,1.3325
1723,5.1456,sign_C,42,7,7,19,32,6064,0.7719,0.1981,5.1456,1.5225,1.9724
1724,5.1605,sign_C,42,6,7,19,16,6288,0.8004,0.25,5.1605,0.8441,1.0546
1725,5.1717,sign_C,48,8,7,19,32,6608,0.8411,0.1981,5.1717,1.7304,2.0572
1726,5.1935,sign_C,49,7,7,19,16,6960,0.8859,0.25,5.1935,0.9735,1.0989
1727,5.2158,sign_C,40,4,10,18,32,5488,0.6986,3.1699,5.2158,0.9295,1.3305
1728,5.2172,sign_C,50,5,11,18,16,6960,0.8859,2.0,5.2172,0.7541,0.8511
1729,5.235,sign_C,48,6,13,18,32,7424,0.945,0.7925,5.235,1.3703,1.45
1730,5.2673,sign_C,45,5,13,18,16,7488,0.9532,1.0,5.2673,0.7694,0.8072
1731,5.2762,sign_C,42,6,14,18,32,7632,0.9715,0.3962,5.2762,1.3763,1.4167
1732,5.2762,sign_C,42,6,7,19,32,5616,0.7149,0.3962,5.2762,1.3174,1.8429
1733,5.279,sign_C,50,5,9,18,32,5792,0.7373,3.1699,5.279,1.1304,1.5332
1734,5.2923,sign_C,40,5,14,18,16,7712,0.9817,0.5,5.2923,0.7759,0.7904
1735,5.2982,sign_C,45,5,12,18,32,6624,0.8432,1.5849,5.2982,1.155,1.3698
1736,5.2989,sign_C,44,4,9,18,16,5696,0.7251,4.0,5.2989,0.607,0.8371
1737,5.3081,sign_C,40,4,12,18,16,6544,0.833,2.0,5.3081,0.632,0.7587
1738,5.3284,sign_C,49,7,7,19,32,6176,0.7862,0.3962,5.3284,1.5258,1.9408
1739,5.3582,sign_C,48,6,7,19,16,6384,0.8126,0.5,5.3582,0.8469,1.0421
1740,5.485,sign_C,40,5,14,18,32,7152,0.9104,0.7925,5.485,1.1703,1.2855
1741,5.5583,c_per_byte,40,5,21,16,256,7808,0.9939,4.0403,4.5232,5.5244,5.5583
1742,5.5703,sign_C,40,4,11,18,32,5792,0.7373,3.1699,5.5703,0.9387,1.2733
1743,5.5717,sign_C,50,5,12,18,16,7264,0.9246,2.0,5.5717,0.7629,0.825
1744,5.5895,sign_C,48,6,14,18,32,7728,0.9837,0.7925,5.5895,1.3791,1.402
1745,5.5895,sign_C,48,6,7,19,32,5712,0.7271,0.7925,5.5895,1.3202,1.8157
1746,5.6135,c_per_byte,40,5,22,15,256,7728,0.9837,4.0403,3.637,5.522,5.6135
1747,5.6218,sign_C,45,5,14,18,16,7792,0.9919,1.0,5.6218,0.7782,0.7846
1748,5.6218,sign_C,45,5,7,19,16,5776,0.7352,1.0,5.6218,0.7193,0.9783
1749,5.6335,sign_C,50,5,10,18,32,6096,0.776,3.1699,5.6335,1.1392,1.4681
1750,5.6527,sign_C,45,5,13,18,32,6928,0.8819,1.5849,5.6527,1.1638,1.3197
1751,5.6534,sign_C,44,4,10,18,16,6000,0.7637,4.0,5.6534,0.6158,0.8063
1752,5.6626,sign_C,40,4,13,18,16,6848,0.8717,2.0,5.6626,0.6408,0.7352
1753,5.6932,c_per_byte,40,5,23,14,256,7616,0.9695,4.0403,3.1717,5.5193,5.6932
1754,5.7371,sign_C,40,10,8,19,32,7696,0.9796,0.0495,5.7371,2.1462,2.1908
1755,5.7377,sign_C,40,8,8,19,16,7696,0.9796,0.0625,5.7377,1.1049,1.1278
1756,5.7507,c_per_byte,40,5,20,16,256,7536,0.9593,4.0403,4.4346,5.5165,5.7507
1757,5.7763,sign_C,40,8,8,19,32,6800,0.8656,0.0991,5.7763,1.736,2.0055
1758,5.7872,sign_C,42,7,8,19,16,7168,0.9124,0.125,5.7872,0.9796,1.0736
1759,5.7893,sign_C,45,9,8,19,32,7328,0.9328,0.0991,5.7893,1.9434,2.0834
1760,5.798,c_per_byte,40,5,21,15,256,7472,0.9511,4.0403,3.5927,5.5146,5.798
1761,5.7985,c_per_byte,40,5,24,13,256,7472,0.9511,4.0403,2.928,5.5151,5.7985
1762,5.8036,sign_C,48,8,8,19,16,7824,0.9959,0.125,5.8036,1.1086,1.1131
1763,5.8395,sign_C,40,5,15,18,32,7456,0.9491,0.7925,5.8395,1.1796,1.2429
1764,5.8546,sign_C,42,7,8,19,32,6384,0.8126,0.1981,5.8546,1.5318,1.885
1765,5.8695,sign_C,42,6,8,19,16,6608,0.8411,0.25,5.8695,0.8534,1.0145
1766,5.8705,c_per_byte,40,5,22,14,256,7376,0.9389,4.0403,3.1496,5.5118,5.8705
1767,5.8807,sign_C,48,8,8,19,32,6928,0.8819,0.1981,5.8807,1.7397,1.9727
1768,5.9025,sign_C,49,7,8,19,16,7280,0.9267,0.25,5.9025,0.9828,1.0606
1769,5.9248,sign_C,40,4,12,18,32,6096,0.776,3.1699,5.9248,0.9476,1.2211
1770,5.9262,sign_C,50,5,13,18,16,7568,0.9633,2.0,5.9262,0.7717,0.8011
1771,5.9444,c_per_byte,40,5,18,17,256,7280,0.9267,4.0403,5.8526,5.5086,5.9444
1772,5.9575,c_per_byte,40,5,19,16,256,7264,0.9246,4.0403,4.346,5.5086,5.9575
1773,5.9707,c_per_byte,40,5,23,13,256,7248,0.9226,4.0403,2.9169,5.5086,5.9707
1774,5.9851,sign_C,42,6,8,19,32,5936,0.7556,0.3962,5.9851,1.3267,1.7558
1775,5.988,sign_C,50,5,11,18,32,6400,0.8147,3.1699,5.988,1.1485,1.4098
1776,5.9956,c_per_byte,40,5,20,15,256,7216,0.9185,4.0403,3.5484,5.5072,5.9956
1777,6.0013,sign_C,40,5,8,19,16,6016,0.7658,0.5,6.0013,0.7262,0.9483
1778,6.0072,sign_C,45,5,14,18,32,7232,0.9206,1.5849,6.0072,1.1726,1.2738
1779,6.0072,sign_C,45,5,7,19,32,5216,0.664,1.5849,6.0072,1.1137,1.6774
1780,6.0079,sign_C,44,4,11,18,16,6304,0.8024,4.0,6.0079,0.6251,0.7789
1781,6.0171,sign_C,40,4,14,18,16,7152,0.9104,2.0,6.0171,0.6497,0.7136
1782,6.0298,sign_C,40,5,19,17,256,7568,0.9633,4.0403,6.0298,5.5174,5.7274
1783,6.0374,sign_C,49,7,8,19,32,6496,0.8269,0.3962,6.0374,1.535,1.8564
1784,6.0603,c_per_byte,40,5,21,14,256,7136,0.9084,4.0403,3.1274,5.5049,6.0603
1785,6.0672,sign_C,48,6,8,19,16,6704,0.8534,0.5,6.0672,0.8561,1.0033
1786,6.1003,c_per_byte,40,5,24,12,256,7088,0.9022,4.0403,2.7951,5.5039,6.1003
1787,6.1533,c_per_byte,40,5,22,13,256,7024,0.8941,4.0403,2.9058,5.5016,6.1533
1788,6.1799,c_per_byte,40,5,17,17,256,6992,0.89,4.0403,5.6753,5.5002,6.1799
1789,6.1799,c_per_byte,40,5,18,16,256,6992,0.89,4.0403,4.2573,5.5002,6.1799
1790,6.194,sign_C,40,5,16,18,32,7760,0.9878,0.7925,6.194,1.1884,1.2031
1791,6.194,sign_C,40,5,8,19,32,5456,0.6945,0.7925,6.194,1.1206,1.6136
1792,6.2078,c_per_byte,40,5,19,15,256,6960,0.8859,4.0403,3.5041,5.4998,6.2078
1793,6.2633,c_per_byte,40,5,20,14,256,6896,0.8778,4.0403,3.1053,5.4979,6.2633
1794,6.2778,c_per_byte,40,5,23,12,256,6880,0.8758,4.0403,2.7895,5.4979,6.2778
1795,6.2793,sign_C,40,4,13,18,32,6400,0.8147,3.1699,6.2793,0.9564,1.174
1796,6.2807,sign_C,50,5,7,19,16,5856,0.7454,2.0,6.2807,0.7216,0.968
1797,6.2984,sign_C,48,6,8,19,32,6032,0.7678,0.7925,6.2984,1.3295,1.7315
1798,6.3308,sign_C,45,5,8,19,16,6096,0.776,1.0,6.3308,0.7285,0.9389
1799,6.3398,keygen_C,44,4,12,17,32,5968,0.7597,6.3398,5.4688,0.9439,1.2424
1800,6.3398,keygen_C,44,4,21,9,32,5872,0.7475,6.3398,3.3563,0.942,1.2603
1801,6.3398,keygen_C,44,4,12,15,32,5584,0.7108,6.3398,3.8735,0.9327,1.3122
1802,6.3398,keygen_C,44,4,15,13,32,5872,0.7475,6.3398,3.508,0.9415,1.2597
1803,6.3398,keygen_C,44,4,17,9,32,5232,0.666,6.3398,3.3536,0.923,1.3859
1804,6.3398,keygen_C,44,4,10,16,32,5232,0.666,6.3398,4.228,0.922,1.3845
1805,6.3398,keygen_C,44,4,20,13,32,6992,0.89,6.3398,3.5634,0.9745,1.0949
1806,6.3398,keygen_C,44,4,24,10,32,6736,0.8574,6.3398,3.375,0.9675,1.1284
1807,6.3398,keygen_C,44,4,13,15,32,5840,0.7434,6.3398,3.9179,0.9401,1.2647
1808,6.3398,keygen_C,44,4,14,14,32,5872,0.7475,6.3398,3.652,0.9411,1.259
1809,6.3398,keygen_C,44,4,18,11,32,5968,0.7597,6.3398,3.3917,0.9443,1.2431
1810,6.3398,keygen_C,44,4,24,8,32,5968,0.7597,6.3398,3.3501,0.9452,1.2443
1811,6.3398,keygen_C,44,4,13,13,32,5424,0.6904,6.3398,3.4858,0.9281,1.3442
1812,6.3398,keygen_C,44,4,15,11,32,5392,0.6864,6.3398,3.3834,0.9276,1.3515
1813,6.3398,keygen_C,44,4,16,17,32,7120,0.9063,6.3398,6.1777,0.9777,1.0788
1814,6.3398,keygen_C,44,4,19,14,32,7072,0.9002,6.3398,3.7628,0.9768,1.0851
1815,6.3398,keygen_C,44,4,23,8,32,5824,0.7413,6.3398,3.3498,0.9411,1.2694
1816,6.3398,keygen_C,44,4,10,17,32,5392,0.6864,6.3398,5.1143,0.9267,1.3502
1817,6.3398,keygen_C,44,4,22,11,32,6736,0.8574,6.3398,3.4027,0.9671,1.1278
1818,6.3398,keygen_C,44,4,16,9,32,5072,0.6456,6.3398,3.3529,0.9183,1.4224
1819,6.3398,keygen_C,44,4,10,15,32,5072,0.6456,6.3398,3.7849,0.9174,1.421
1820,6.3398,keygen_C,44,4,18,9,32,5392,0.6864,6.3398,3.3543,0.9276,1.3515
1821,6.3398,keygen_C,44,4,20,8,32,5392,0.6864,6.3398,3.3487,0.9281,1.3522
1822,6.3398,keygen_C,44,4,16,12,32,5840,0.7434,6.3398,3.4304,0.9406,1.2653
1823,6.3398,keygen_C,44,4,14,12,32,5424,0.6904,6.3398,3.4194,0.9281,1.3442
1824,6.3398,keygen_C,44,4,22,12,32,7088,0.9022,6.3398,3.4637,0.9773,1.0832
1825,6.3398,keygen_C,44,4,16,11,32,5584,0.7108,6.3398,3.3861,0.9332,1.3129
1826,6.3398,keygen_C,44,4,13,12,32,5216,0.664,6.3398,3.4138,0.922,1.3887
1827,6.3398,keygen_C,44,4,17,11,32,5776,0.7352,6.3398,3.3889,0.9387,1.2768
1828,6.3398,keygen_C,44,4,19,10,32,5856,0.7454,6.3398,3.3681,0.9415,1.2631
1829,6.3398,keygen_C,44,4,11,16,32,5504,0.7006,6.3398,4.3167,0.9304,1.328
1830,6.3398,keygen_C,44,4,12,16,32,5776,0.7352,6.3398,4.4053,0.9383,1.2762
1831,6.3398,keygen_C,44,4,17,12,32,6048,0.7699,6.3398,3.436,0.9466,1.2296
1832,6.3398,keygen_C,44,4,13,16,32,6048,0.7699,6.3398,4.4939,0.9462,1.229
1833,6.3398,keygen_C,44,4,14,11,32,5200,0.6619,6.3398,3.3806,0.9216,1.3923
1834,6.3398,keygen_C,44,4,17,16,32,7136,0.9084,6.3398,4.8484,0.9782,1.0769
1835,6.3398,keygen_C,44,4,20,10,32,6032,0.7678,6.3398,3.3695,0.9466,1.2329
1836,6.3398,keygen_C,44,4,12,13,32,5200,0.6619,6.3398,3.4747,0.9216,1.3923
1837,6.3398,keygen_C,44,4,11,14,32,5152,0.6558,6.3398,3.5855,0.9202,1.4031
1838,6.3398,keygen_C,44,4,22,9,32,6032,0.7678,6.3398,3.357,0.9466,1.2329
1839,6.3398,keygen_C,44,4,15,10,32,5152,0.6558,6.3398,3.3626,0.9206,1.4038
1840,6.3398,keygen_C,44,4,16,10,32,5328,0.6782,6.3398,3.364,0.9258,1.365
1841,6.3398,keygen_C,44,4,9,17,32,5104,0.6497,6.3398,4.937,0.9183,1.4135
1842,6.3398,keygen_C,44,4,17,10,32,5504,0.7006,6.3398,3.3654,0.9309,1.3286
1843,6.3398,keygen_C,44,4,19,13,32,6768,0.8615,6.3398,3.5523,0.968,1.1236
1844,6.3398,keygen_C,44,4,11,15,32,5328,0.6782,6.3398,3.8292,0.9253,1.3643
1845,6.3398,keygen_C,44,4,24,11,32,7120,0.9063,6.3398,3.4083,0.9787,1.0798
1846,6.3398,keygen_C,44,4,19,8,32,5248,0.668,6.3398,3.3484,0.9239,1.383
1847,6.3398,keygen_C,44,4,19,9,32,5552,0.7067,6.3398,3.355,0.9327,1.3198
1848,6.3398,keygen_C,44,4,21,8,32,5536,0.7047,6.3398,3.3491,0.9323,1.3229
1849,6.3398,keygen_C,44,4,18,15,32,7120,0.9063,6.3398,4.1394,0.9777,1.0788
1850,6.3398,keygen_C,44,4,12,14,32,5392,0.6864,6.3398,3.6077,0.9271,1.3508
1851,6.3398,keygen_C,44,4,23,11,32,6928,0.8819,6.3398,3.4055,0.9731,1.1034
1852,6.3398,keygen_C,44,4,16,14,32,6352,0.8086,6.3398,3.6963,0.9555,1.1817
1853,6.3398,keygen_C,44,4,18,10,32,5680,0.723,6.3398,3.3667,0.936,1.2945
1854,6.3398,keygen_C,44,4,20,11,32,6352,0.8086,6.3398,3.3972,0.9559,1.1823
1855,6.3398,keygen_C,44,4,24,9,32,6352,0.8086,6.3398,3.3584,0.9564,1.1828
1856,6.3398,keygen_C,44,4,21,10,32,6208,0.7902,6.3398,3.3709,0.9517,1.2044
1857,6.3398,keygen_C,44,4,9,15,32,4816,0.613,6.3398,3.7406,0.91,1.4844
1858,6.3398,keygen_C,44,4,18,16,32,7408,0.943,6.3398,4.937,0.9861,1.0457
1859,6.3398,keygen_C,44,4,8,17,32,4816,0.613,6.3398,4.7598,0.91,1.4844
1860,6.3398,keygen_C,44,4,20,14,32,7312,0.9308,6.3398,3.7849,0.9838,1.0569
1861,6.3398,keygen_C,44,4,21,12,32,6880,0.8758,6.3398,3.4581,0.9712,1.109
1862,6.3398,keygen_C,44,4,11,12,32,4800,0.611,6.3398,3.4027,0.91,1.4893
1863,6.3398,keygen_C,44,4,8,18,32,4944,0.6293,6.3398,6.1777,0.9137,1.4518
1864,6.3398,keygen_C,44,4,24,12,32,7504,0.9552,6.3398,3.4747,0.9898,1.0362
1865,6.3398,keygen_C,44,4,14,13,32,5648,0.7189,6.3398,3.4969,0.9346,1.2999
1866,6.3398,keygen_C,44,4,17,14,32,6592,0.8391,6.3398,3.7185,0.9624,1.147
1867,6.3398,keygen_C,44,4,15,16,32,6592,0.8391,6.3398,4.6712,0.9624,1.147
1868,6.3398,keygen_C,44,4,13,17,32,6256,0.7963,6.3398,5.646,0.9522,1.1957
1869,6.3398,keygen_C,44,4,18,12,32,6256,0.7963,6.3398,3.4415,0.9527,1.1963
1870,6.3398,keygen_C,44,4,22,10,32,6384,0.8126,6.3398,3.3723,0.9568,1.1775
1871,6.3398,keygen_C,44,4,22,8,32,5680,0.723,6.3398,3.3494,0.9364,1.2952
1872,6.3398,keygen_C,44,4,19,15,32,7376,0.9389,6.3398,4.1837,0.9856,1.0498
1873,6.3398,keygen_C,44,4,17,15,32,6864,0.8737,6.3398,4.0951,0.9703,1.1105
1874,6.3398,keygen_C,44,4,8,16,32,4688,0.5967,6.3398,4.0508,0.9063,1.5187
1875,6.3398,keygen_C,44,4,16,16,32,6864,0.8737,6.3398,4.7598,0.9703,1.1105
1876,6.3398,keygen_C,44,4,23,10,32,6560,0.835,6.3398,3.3737,0.9624,1.1525
1877,6.3398,keygen_C,44,4,13,14,32,5632,0.7169,6.3398,3.6298,0.9341,1.303
1878,6.3398,keygen_C,44,4,14,10,32,4976,0.6334,6.3398,3.3612,0.9151,1.4447
1879,6.3398,keygen_C,44,4,22,14,32,7792,0.9919,6.3398,3.8292,0.9977,1.0059
1880,6.3398,keygen_C,44,4,21,14,32,7552,0.9613,6.3398,3.8071,0.9907,1.0306
1881,6.3398,keygen_C,44,4,15,12,32,5632,0.7169,6.3398,3.4249,0.9346,1.3036
1882,6.3398,keygen_C,44,4,15,14,32,6112,0.778,6.3398,3.6741,0.9485,1.2191
1883,6.3398,keygen_C,44,4,9,16,32,4960,0.6314,6.3398,4.1394,0.9142,1.4479
1884,6.3398,keygen_C,44,4,11,13,32,4976,0.6334,6.3398,3.4637,0.9151,1.4447
1885,6.3398,keygen_C,44,4,21,13,32,7216,0.9185,6.3398,3.5744,0.981,1.068
1886,6.3398,keygen_C,44,4,11,17,32,5680,0.723,6.3398,5.2915,0.9355,1.2939
1887,6.3398,keygen_C,44,4,12,12,32,5008,0.6375,6.3398,3.4083,0.916,1.4369
1888,6.3398,keygen_C,44,4,19,12,32,6464,0.8228,6.3398,3.447,0.9592,1.1657
1889,6.3398,keygen_C,44,4,17,13,32,6320,0.8045,6.3398,3.5301,0.9545,1.1865
1890,6.3398,keygen_C,44,4,10,14,32,4912,0.6253,6.3398,3.5634,0.9128,1.4598
1891,6.3398,keygen_C,44,4,19,11,32,6160,0.7841,6.3398,3.3944,0.9503,1.212
1892,6.3398,keygen_C,44,4,21,11,32,6544,0.833,6.3398,3.4,0.9615,1.1543
1893,6.3398,keygen_C,44,4,13,11,32,5008,0.6375,6.3398,3.3778,0.916,1.4369
1894,6.3398,keygen_C,44,4,23,9,32,6192,0.7882,6.3398,3.3577,0.9517,1.2075
1895,6.3398,keygen_C,44,4,20,12,32,6672,0.8493,6.3398,3.4526,0.9652,1.1365
1896,6.3398,keygen_C,44,4,23,13,32,7664,0.9756,6.3398,3.5966,0.9944,1.0193
1897,6.3398,keygen_C,44,4,14,15,32,6096,0.776,6.3398,3.9622,0.9476,1.2211
1898,6.3398,keygen_C,44,4,16,13,32,6096,0.776,6.3398,3.5191,0.948,1.2217
1899,6.3398,keygen_C,44,4,16,15,32,6608,0.8411,6.3398,4.0508,0.9629,1.1447
1900,6.3398,keygen_C,44,4,19,16,32,7680,0.9776,6.3398,5.0256,0.9944,1.0172
1901,6.3398,keygen_C,44,4,22,13,32,7440,0.947,6.3398,3.5855,0.9875,1.0427
1902,6.3398,keygen_C,44,4,20,9,32,5712,0.7271,6.3398,3.3557,0.9374,1.2892
1903,6.3398,keygen_C,44,4,18,14,32,6832,0.8697,6.3398,3.7406,0.9694,1.1147
1904,6.3398,keygen_C,44,4,20,15,32,7632,0.9715,6.3398,4.228,0.993,1.0222
1905,6.3398,keygen_C,44,4,23,12,32,7296,0.9287,6.3398,3.4692,0.9838,1.0593
1906,6.3398,keygen_C,44,4,18,13,32,6544,0.833,6.3398,3.5412,0.961,1.1537
1907,6.3398,keygen_C,44,4,14,17,32,6544,0.833,6.3398,5.8232,0.9606,1.1531
1908,6.3398,keygen_C,44,4,15,15,32,6352,0.8086,6.3398,4.0065,0.9555,1.1817
1909,6.3398,keygen_C,44,4,15,17,32,6832,0.8697,6.3398,6.0005,0.9694,1.1147
1910,6.3398,keygen_C,44,4,14,16,32,6320,0.8045,6.3398,4.5825,0.9541,1.1859
1911,6.3425,sign_C,50,5,12,18,32,6704,0.8534,3.1699,6.3425,1.1573,1.3562
1912,6.3485,c_per_byte,40,5,21,13,256,6800,0.8656,4.0403,2.8948,5.4951,6.3485
1913,6.355,sign_C,44,4,17,17,32,7408,0.943,6.3398,6.355,0.9861,1.0457
1914,6.3617,sign_C,45,5,15,18,32,7536,0.9593,1.5849,6.3617,1.1819,1.2321
1915,6.3624,sign_C,44,4,12,18,16,6608,0.8411,4.0,6.3624,0.6339,0.7536
1916,6.3716,sign_C,40,4,15,18,16,7456,0.9491,2.0,6.3716,0.6589,0.6943
1917,6.4208,c_per_byte,40,5,17,16,256,6720,0.8554,4.0403,4.1687,5.4923,6.4208
1918,6.4356,c_per_byte,40,5,18,15,256,6704,0.8534,4.0403,3.4597,5.4919,6.4356
1919,6.4356,c_per_byte,40,5,16,17,256,6704,0.8534,4.0403,5.4981,5.4919,6.4356
1920,6.4367,c_per_byte,40,5,24,11,256,6704,0.8534,4.0403,2.7286,5.4928,6.4367
1921,6.4659,c_per_byte,40,5,22,12,256,6672,0.8493,4.0403,2.784,5.4914,6.4659
1922,6.4809,c_per_byte,40,5,19,14,256,6656,0.8473,4.0403,3.0831,5.491,6.4809
1923,6.4853,sign_C,40,8,9,19,32,7120,0.9063,0.0991,6.4853,1.7452,1.9257
1924,6.4961,sign_C,42,7,9,19,16,7488,0.9532,0.125,6.4961,0.9889,1.0375
1925,6.4983,sign_C,45,9,9,19,32,7648,0.9735,0.0991,6.4983,1.9527,2.0058
1926,6.5322,sign_C,44,4,18,17,32,7696,0.9796,6.3398,6.5322,0.9944,1.0151
1927,6.5322,sign_C,44,4,9,18,32,5248,0.668,6.3398,6.5322,0.9225,1.3809
1928,6.557,c_per_byte,40,5,20,13,256,6576,0.8371,4.0403,2.8837,5.4886,6.557
1929,6.5636,sign_C,42,7,9,19,32,6704,0.8534,0.1981,6.5636,1.5411,1.8059
1930,6.5785,sign_C,42,6,9,19,16,6928,0.8819,0.25,6.5785,0.8626,0.9782
1931,6.5897,sign_C,48,8,9,19,32,7248,0.9226,0.1981,6.5897,1.749,1.8957
1932,6.6114,sign_C,49,7,9,19,16,7600,0.9674,0.25,6.6114,0.9921,1.0255
1933,6.6197,c_per_byte,40,5,23,11,256,6512,0.8289,4.0403,2.7258,5.4872,6.6197
1934,6.6338,sign_C,40,4,14,18,32,6704,0.8534,3.1699,6.6338,0.9652,1.1311
1935,6.6369,c_per_byte,48,6,22,14,256,7792,0.9919,4.0403,3.682,6.5828,6.6369
1936,6.6369,c_per_byte,42,6,21,15,256,7792,0.9919,2.0201,2.5278,6.5828,6.6369
1937,6.6374,c_per_byte,42,6,24,13,256,7792,0.9919,2.0201,1.8631,6.5833,6.6374
1938,6.6666,c_per_byte,40,5,21,12,256,6464,0.8228,4.0403,2.7785,5.4854,6.6666
1939,6.6821,c_per_byte,40,5,17,15,256,6448,0.8208,4.0403,3.4154,5.4845,6.6821
1940,6.6821,c_per_byte,40,5,16,16,256,6448,0.8208,4.0403,4.0801,5.4845,6.6821
1941,6.6941,sign_C,42,6,9,19,32,6256,0.7963,0.3962,6.6941,1.336,1.6776
1942,6.697,sign_C,50,5,13,18,32,7008,0.8921,3.1699,6.697,1.1661,1.3072
1943,6.7103,sign_C,40,5,9,19,16,6336,0.8065,0.5,6.7103,0.7355,0.9119
1944,6.7142,c_per_byte,40,5,18,14,256,6416,0.8167,4.0403,3.0609,5.4835,6.7142
1945,6.7142,c_per_byte,40,5,15,17,256,6416,0.8167,4.0403,5.3208,5.4835,6.7142
1946,6.7162,sign_C,45,5,16,18,32,7840,0.998,1.5849,6.7162,1.1907,1.1931
1947,6.7162,sign_C,45,5,8,19,32,5536,0.7047,1.5849,6.7162,1.123,1.5936
1948,6.7164,c_per_byte,48,6,18,17,256,7696,0.9796,4.0403,6.385,6.5796,6.7164
1949,6.7168,c_per_byte,42,6,22,14,256,7696,0.9796,2.0201,2.0847,6.58,6.7168
1950,6.7169,sign_C,44,4,13,18,16,6912,0.8798,4.0,6.7169,0.6427,0.7305
1951,6.7261,sign_C,40,4,16,18,16,7760,0.9878,2.0,6.7261,0.6677,0.676
1952,6.7261,sign_C,40,4,8,19,16,5456,0.6945,2.0,6.7261,0.6,0.8639
1953,6.7304,c_per_byte,48,6,19,16,256,7680,0.9776,4.0403,4.8784,6.5796,6.7304
1954,6.7444,c_per_byte,48,6,23,13,256,7664,0.9756,4.0403,3.4494,6.5796,6.7444
1955,6.7463,sign_C,49,7,9,19,32,6816,0.8676,0.3962,6.7463,1.5443,1.78
1956,6.7713,c_per_byte,48,6,20,15,256,7632,0.9715,4.0403,4.0808,6.5782,6.7713
1957,6.7762,sign_C,48,6,9,19,16,7024,0.8941,0.5,6.7762,0.8654,0.9679
1958,6.7802,c_per_byte,40,5,19,13,256,6352,0.8086,4.0403,2.8726,5.4821,6.7802
1959,6.7983,c_per_byte,42,6,18,17,256,7600,0.9674,2.0201,4.7877,6.5768,6.7983
1960,6.8127,c_per_byte,42,6,19,16,256,7584,0.9654,2.0201,3.2811,6.5768,6.8127
1961,6.8133,c_per_byte,40,5,22,11,256,6320,0.8045,4.0403,2.7231,5.4812,6.8133
1962,6.8139,c_per_byte,40,5,24,10,256,6320,0.8045,4.0403,2.6954,5.4817,6.8139
1963,6.8271,c_per_byte,42,6,23,13,256,7568,0.9633,2.0201,1.8521,6.5768,6.8271
1964,6.8406,c_per_byte,48,6,21,14,256,7552,0.9613,4.0403,3.6598,6.5759,6.8406
1965,6.8546,c_per_byte,42,6,20,15,256,7536,0.9593,2.0201,2.4835,6.5754,6.8546
1966,6.8807,c_per_byte,40,5,20,12,256,6256,0.7963,4.0403,2.7729,5.4794,6.8807
1967,6.8834,c_per_byte,48,6,24,12,256,7504,0.9552,4.0403,3.3275,6.5749,6.8834
1968,6.8867,sign_C,44,4,10,18,32,5552,0.7067,6.3398,6.8867,0.9313,1.3178
1969,6.903,sign_C,40,5,9,19,32,5776,0.7352,0.7925,6.903,1.1299,1.5368
1970,6.9257,c_per_byte,42,6,21,14,256,7456,0.9491,2.0201,2.0625,6.5731,6.9257
1971,6.9401,c_per_byte,48,6,22,13,256,7440,0.947,4.0403,3.4383,6.5726,6.9401
1972,6.9489,c_per_byte,40,5,16,15,256,6192,0.7882,4.0403,3.3711,5.477,6.9489
1973,6.9663,c_per_byte,40,5,15,16,256,6176,0.7862,4.0403,3.9915,5.4766,6.9663
1974,6.9663,c_per_byte,40,5,17,14,256,6176,0.7862,4.0403,3.0388,5.4766,6.9663
1975,6.9686,c_per_byte,48,6,17,17,256,7408,0.943,4.0403,6.2077,6.5712,6.9686
1976,6.9686,c_per_byte,48,6,18,16,256,7408,0.943,4.0403,4.7898,6.5712,6.9686
1977,6.9696,c_per_byte,42,6,24,12,256,7408,0.943,2.0201,1.7302,6.5722,6.9696
1978,6.9883,sign_C,40,4,15,18,32,7008,0.8921,3.1699,6.9883,0.9745,1.0924
1979,6.9897,sign_C,50,5,8,19,16,6176,0.7862,2.0,6.9897,0.7309,0.9297
1980,6.9984,c_per_byte,48,6,19,15,256,7376,0.9389,4.0403,4.0365,6.5708,6.9984
1981,7.0026,c_per_byte,40,5,23,10,256,6144,0.7821,4.0403,2.694,5.4766,7.0026
1982,7.0074,sign_C,48,6,9,19,32,6352,0.8086,0.7925,7.0074,1.3387,1.6557
1983,7.0185,c_per_byte,40,5,14,17,256,6128,0.78,4.0403,5.1436,5.4747,7.0185
1984,7.0191,c_per_byte,40,5,18,13,256,6128,0.78,4.0403,2.8615,5.4752,7.0191
1985,7.0197,c_per_byte,40,5,21,11,256,6128,0.78,4.0403,2.7203,5.4756,7.0197
1986,7.0279,c_per_byte,42,6,22,13,256,7344,0.9348,2.0201,1.841,6.5698,7.0279
1987,7.0397,sign_C,45,5,9,19,16,6416,0.8167,1.0,7.0397,0.7378,0.9034
1988,7.0515,sign_C,50,5,14,18,32,7312,0.9308,3.1699,7.0515,1.1749,1.2624
1989,7.0515,sign_C,50,5,7,19,32,5296,0.6741,3.1699,7.0515,1.116,1.6555
1990,7.0571,c_per_byte,42,6,17,17,256,7312,0.9308,2.0201,4.6105,6.5684,7.0571
1991,7.0571,c_per_byte,42,6,18,16,256,7312,0.9308,2.0201,3.1925,6.5684,7.0571
1992,7.0576,c_per_byte,48,6,20,14,256,7312,0.9308,4.0403,3.6377,6.5689,7.0576
1993,7.0714,sign_C,44,4,14,18,16,7216,0.9185,4.0,7.0714,0.6515,0.7093
1994,7.0714,sign_C,44,4,7,19,16,5200,0.6619,4.0,7.0714,0.5926,0.8952
1995,7.0731,c_per_byte,48,6,23,12,256,7296,0.9287,4.0403,3.322,6.5689,7.0731
1996,7.0876,c_per_byte,42,6,19,15,256,7280,0.9267,2.0201,2.4392,6.568,7.0876
1997,7.1095,c_per_byte,40,5,19,12,256,6048,0.7699,4.0403,2.7674,5.4733,7.1095
1998,7.1485,c_per_byte,42,6,20,14,256,7216,0.9185,2.0201,2.0404,6.5661,7.1485
1999,7.1485,c_per_byte,48,6,21,13,256,7216,0.9185,4.0403,3.4272,6.5661,7.1485
2000,7.1644,c_per_byte,42,6,23,12,256,7200,0.9165,2.0201,1.7247,6.5661,7.1644
2001,7.1942,sign_C,40,8,10,19,32,7440,0.947,0.0991,7.1942,1.7545,1.8526
2002,7.2018,c_per_byte,40,5,22,10,256,5968,0.7597,4.0403,2.6926,5.471,7.2018
2003,7.2051,sign_C,42,7,10,19,16,7808,0.9939,0.125,7.2051,0.9981,1.0043
2004,7.2256,c_per_byte,48,6,17,16,256,7136,0.9084,4.0403,4.7012,6.5633,7.2256
2005,7.2388,c_per_byte,40,5,15,15,256,5936,0.7556,4.0403,3.3268,5.4696,7.2388
2006,7.2388,c_per_byte,40,5,16,14,256,5936,0.7556,4.0403,3.0166,5.4696,7.2388
2007,7.2394,c_per_byte,40,5,20,11,256,5936,0.7556,4.0403,2.7175,5.4701,7.2394
2008,7.24,c_per_byte,40,5,24,9,256,5936,0.7556,4.0403,2.6788,5.4705,7.24
2009,7.2412,sign_C,44,4,11,18,32,5856,0.7454,6.3398,7.2412,0.9406,1.2618
2010,7.2413,c_per_byte,48,6,16,17,256,7120,0.9063,4.0403,6.0305,6.5629,7.2413
2011,7.2413,c_per_byte,48,6,18,15,256,7120,0.9063,4.0403,3.9922,6.5629,7.2413
2012,7.2418,c_per_byte,42,6,21,13,256,7120,0.9063,2.0201,1.8299,6.5633,7.2418
2013,7.2423,c_per_byte,48,6,24,11,256,7120,0.9063,4.0403,3.261,6.5638,7.2423
2014,7.2691,sign_C,42,6,16,18,256,7280,0.9267,2.0201,7.2691,6.5675,7.0871
2015,7.2705,sign_C,40,5,13,18,256,6048,0.7699,4.0403,7.2705,5.4724,7.1083
2016,7.2726,sign_C,42,7,10,19,32,7024,0.8941,0.1981,7.2726,1.5503,1.734
2017,7.2735,c_per_byte,48,6,22,12,256,7088,0.9022,4.0403,3.3164,6.5624,7.2735
2018,7.2761,c_per_byte,40,5,14,16,256,5904,0.7515,4.0403,3.9029,5.4682,7.2761
2019,7.2767,c_per_byte,40,5,17,13,256,5904,0.7515,4.0403,2.8505,5.4687,7.2767
2020,7.2875,sign_C,42,6,10,19,16,7248,0.9226,0.25,7.2875,0.8719,0.9451
2021,7.2894,c_per_byte,48,6,19,14,256,7072,0.9002,4.0403,3.6155,6.5619,7.2894
2022,7.2987,sign_C,48,8,10,19,32,7568,0.9633,0.1981,7.2987,1.7582,1.8251
2023,7.321,c_per_byte,42,6,17,16,256,7040,0.8961,2.0201,3.1039,6.5606,7.321
2024,7.3371,c_per_byte,42,6,18,15,256,7024,0.8941,2.0201,2.3949,6.5601,7.3371
2025,7.3371,c_per_byte,42,6,16,17,256,7024,0.8941,2.0201,4.4332,6.5601,7.3371
2026,7.3382,c_per_byte,42,6,24,11,256,7024,0.8941,2.0201,1.6637,6.561,7.3382
2027,7.3428,sign_C,40,4,16,18,32,7312,0.9308,3.1699,7.3428,0.9833,1.0565
2028,7.3428,sign_C,40,4,8,19,32,5008,0.6375,3.1699,7.3428,0.9155,1.4362
2029,7.3534,c_per_byte,40,5,13,17,256,5840,0.7434,4.0403,4.9663,5.4664,7.3534
2030,7.354,c_per_byte,40,5,18,12,256,5840,0.7434,4.0403,2.7618,5.4668,7.354
2031,7.3702,c_per_byte,48,6,20,13,256,6992,0.89,4.0403,3.4161,6.5596,7.3702
2032,7.3702,c_per_byte,42,6,22,12,256,6992,0.89,2.0201,1.7191,6.5596,7.3702
2033,7.3861,c_per_byte,42,6,15,18,256,6976,0.888,2.0201,6.9146,6.5587,7.3861
2034,7.3866,c_per_byte,42,6,19,14,256,6976,0.888,2.0201,2.0182,6.5592,7.3866
2035,7.4031,sign_C,42,6,10,19,32,6576,0.8371,0.3962,7.4031,1.3452,1.6071
2036,7.406,sign_C,50,5,15,18,32,7616,0.9695,3.1699,7.406,1.1842,1.2215
2037,7.4137,c_per_byte,40,5,21,10,256,5792,0.7373,4.0403,2.6912,5.4659,7.4137
2038,7.4193,sign_C,40,5,10,19,16,6656,0.8473,0.5,7.4193,0.7448,0.8791
2039,7.4251,sign_C,45,5,9,19,32,5856,0.7454,1.5849,7.4251,1.1323,1.5189
2040,7.4258,sign_C,44,4,15,18,16,7520,0.9572,4.0,7.4258,0.6608,0.6903
2041,7.4342,c_per_byte,40,5,23,9,256,5776,0.7352,4.0403,2.6781,5.4659,7.4342
2042,7.4351,sign_C,40,4,9,19,16,5776,0.7352,2.0,7.4351,0.6093,0.8287
2043,7.4367,c_per_byte,48,6,23,11,256,6928,0.8819,4.0403,3.2583,6.5582,7.4367
2044,7.4553,sign_C,49,7,10,19,32,7136,0.9084,0.3962,7.4553,1.5536,1.7103
2045,7.4696,c_per_byte,42,6,20,13,256,6896,0.8778,2.0201,1.8188,6.5568,7.4696
2046,7.4725,c_per_byte,40,5,12,18,256,5744,0.7312,4.0403,6.916,5.4636,7.4725
2047,7.4737,c_per_byte,40,5,19,11,256,5744,0.7312,4.0403,2.7148,5.4645,7.4737
2048,7.4852,sign_C,48,6,10,19,16,7344,0.9348,0.5,7.4852,0.8747,0.9357
2049,7.4865,c_per_byte,48,6,21,12,256,6880,0.8758,4.0403,3.3109,6.5564,7.4865
2050,7.5029,c_per_byte,48,6,17,15,256,6864,0.8737,4.0403,3.9479,6.5555,7.5029
2051,7.5029,c_per_byte,48,6,16,16,256,6864,0.8737,4.0403,4.6125,6.5555,7.5029
2052,7.5342,c_per_byte,40,5,15,14,256,5696,0.7251,4.0403,2.9945,5.4626,7.5342
2053,7.5369,c_per_byte,48,6,15,17,256,6832,0.8697,4.0403,5.8532,6.5545,7.5369
2054,7.5369,c_per_byte,48,6,18,14,256,6832,0.8697,4.0403,3.5934,6.5545,7.5369
2055,7.538,c_per_byte,42,6,23,11,256,6832,0.8697,2.0201,1.661,6.5555,7.538
2056,7.5541,c_per_byte,40,5,14,15,256,5680,0.723,4.0403,3.2825,5.4617,7.5541
2057,7.5547,c_per_byte,40,5,16,13,256,5680,0.723,4.0403,2.8394,5.4622,7.5547
2058,7.5892,c_per_byte,42,6,21,12,256,6784,0.8635,2.0201,1.7136,6.5536,7.5892
2059,7.5957,sign_C,44,4,12,18,32,6160,0.7841,6.3398,7.5957,0.9494,1.2108
2060,7.6061,c_per_byte,42,6,17,15,256,6768,0.8615,2.0201,2.3506,6.5527,7.6061
2061,7.6061,c_per_byte,42,6,16,16,256,6768,0.8615,2.0201,3.0152,6.5527,7.6061
2062,7.6066,c_per_byte,48,6,19,13,256,6768,0.8615,4.0403,3.405,6.5531,7.6066
2063,7.612,sign_C,40,5,10,19,32,6096,0.776,0.7925,7.612,1.1392,1.4681
2064,7.6165,c_per_byte,40,5,13,16,256,5632,0.7169,4.0403,3.8142,5.4603,7.6165
2065,7.6172,c_per_byte,40,5,17,12,256,5632,0.7169,4.0403,2.7563,5.4608,7.6172
2066,7.6236,sign_C,42,6,17,18,256,7584,0.9654,2.0201,7.6236,6.5763,6.8122
2067,7.625,sign_C,40,5,14,18,256,6352,0.8086,4.0403,7.625,5.4812,6.779
2068,7.6389,c_per_byte,40,5,20,10,256,5616,0.7149,4.0403,2.6898,5.4608,7.6389
2069,7.6389,c_per_byte,40,5,22,9,256,5616,0.7149,4.0403,2.6774,5.4608,7.6389
2070,7.6411,c_per_byte,42,6,18,14,256,6736,0.8574,2.0201,1.9961,6.5517,7.6411
2071,7.6411,c_per_byte,42,6,15,17,256,6736,0.8574,2.0201,4.256,6.5517,7.6411
2072,7.6416,c_per_byte,48,6,22,11,256,6736,0.8574,4.0403,3.2555,6.5522,7.6416
2073,7.6422,c_per_byte,48,6,24,10,256,6736,0.8574,4.0403,3.2278,6.5527,7.6422
2074,7.6739,c_per_byte,42,7,20,15,256,7824,0.9959,1.0101,1.818,7.6427,7.6739
2075,7.6897,c_per_byte,49,7,24,12,256,7808,0.9939,2.0201,1.9964,7.6427,7.6897
2076,7.6972,sign_C,40,4,17,18,32,7616,0.9695,3.1699,7.6972,0.9921,1.0234
2077,7.6986,sign_C,50,5,9,19,16,6496,0.8269,2.0,7.6986,0.7401,0.8951
2078,7.7117,c_per_byte,42,6,14,18,256,6672,0.8493,2.0201,6.5602,6.5494,7.7117
2079,7.7128,c_per_byte,48,6,20,12,256,6672,0.8493,4.0403,3.3053,6.5503,7.7128
2080,7.7128,c_per_byte,42,6,19,13,256,6672,0.8493,2.0201,1.8078,6.5503,7.7128
2081,7.7164,sign_C,48,6,10,19,32,6672,0.8493,0.7925,7.7164,1.348,1.5872
2082,7.723,c_per_byte,40,5,12,17,256,5552,0.7067,4.0403,4.7891,5.458,7.723
2083,7.7237,c_per_byte,40,5,18,11,256,5552,0.7067,4.0403,2.712,5.4585,7.7237
2084,7.725,c_per_byte,40,5,24,8,256,5552,0.7067,4.0403,2.6704,5.4594,7.725
2085,7.7487,sign_C,45,5,10,19,16,6736,0.8574,1.0,7.7487,0.7471,0.8713
2086,7.7488,c_per_byte,42,6,22,11,256,6640,0.8452,2.0201,1.6582,6.5494,7.7488
2087,7.7494,c_per_byte,42,6,24,10,256,6640,0.8452,2.0201,1.6305,6.5499,7.7494
2088,7.7509,c_per_byte,42,7,21,14,256,7744,0.9857,1.0101,1.397,7.6404,7.7509
2089,7.7509,c_per_byte,49,7,22,13,256,7744,0.9857,2.0201,2.1072,7.6404,7.7509
2090,7.7605,sign_C,50,5,8,19,32,5616,0.7149,3.1699,7.7605,1.1253,1.5741
2091,7.7803,sign_C,44,4,16,18,16,7824,0.9959,4.0,7.7803,0.6696,0.6723
2092,7.7803,sign_C,44,4,8,19,16,5520,0.7026,4.0,7.7803,0.6019,0.8566
2093,7.7816,c_per_byte,49,7,17,17,256,7712,0.9817,2.0201,4.8767,7.639,7.7816
2094,7.7816,c_per_byte,49,7,18,16,256,7712,0.9817,2.0201,3.4587,7.639,7.7816
2095,7.7847,c_per_byte,48,6,16,15,256,6608,0.8411,4.0403,3.9035,6.548,7.7847
2096,7.7983,c_per_byte,42,7,24,12,256,7696,0.9796,1.0101,1.0647,7.6394,7.7983
2097,7.803,c_per_byte,48,6,17,14,256,6592,0.8391,4.0403,3.5712,6.5476,7.803
2098,7.803,c_per_byte,48,6,15,16,256,6592,0.8391,4.0403,4.5239,6.5476,7.803
2099,7.8131,c_per_byte,49,7,16,18,256,7680,0.9776,2.0201,7.5353,7.6381,7.8131
2100,7.8136,c_per_byte,49,7,19,15,256,7680,0.9776,2.0201,2.7054,7.6385,7.8136
2101,7.822,c_per_byte,42,6,20,12,256,6576,0.8371,2.0201,1.7081,6.5476,7.822
2102,7.8411,c_per_byte,48,6,23,10,256,6560,0.835,4.0403,3.2264,6.5476,7.8411
2103,7.8549,c_per_byte,40,5,14,14,256,5456,0.6945,4.0403,2.9723,5.4552,7.8549
2104,7.8555,c_per_byte,40,5,15,13,256,5456,0.6945,4.0403,2.8283,5.4557,7.8555
2105,7.8562,c_per_byte,40,5,21,9,256,5456,0.6945,4.0403,2.6767,5.4561,7.8562
2106,7.8581,c_per_byte,48,6,14,17,256,6544,0.833,4.0403,5.676,6.5457,7.8581
2107,7.8586,c_per_byte,48,6,18,13,256,6544,0.833,4.0403,3.394,6.5462,7.8586
2108,7.8592,c_per_byte,48,6,21,11,256,6544,0.833,4.0403,3.2527,6.5466,7.8592
2109,7.8613,c_per_byte,42,7,22,13,256,7632,0.9715,1.0101,1.1755,7.6371,7.8613
2110,7.8773,c_per_byte,49,7,20,14,256,7616,0.9695,2.0201,2.3066,7.6367,7.8773
2111,7.8773,c_per_byte,40,5,11,18,256,5440,0.6925,4.0403,6.5615,5.4548,7.8773
2112,7.8787,c_per_byte,40,5,19,10,256,5440,0.6925,4.0403,2.6884,5.4557,7.8787
2113,7.8929,c_per_byte,42,7,17,17,256,7600,0.9674,1.0101,3.9449,7.6357,7.8929
2114,7.8929,c_per_byte,42,7,18,16,256,7600,0.9674,1.0101,2.527,7.6357,7.8929
2115,7.8939,c_per_byte,49,7,23,12,256,7600,0.9674,2.0201,1.9909,7.6367,7.8939
2116,7.8961,c_per_byte,42,6,16,15,256,6512,0.8289,2.0201,2.3063,6.5452,7.8961
2117,7.8999,c_per_byte,40,5,13,15,256,5424,0.6904,4.0403,3.2382,5.4543,7.8999
2118,7.9005,c_per_byte,40,5,16,12,256,5424,0.6904,4.0403,2.7508,5.4548,7.9005
2119,7.9032,sign_C,40,8,11,19,32,7760,0.9878,0.0991,7.9032,1.7643,1.7861
2120,7.915,c_per_byte,42,6,17,14,256,6496,0.8269,2.0201,1.9739,6.5448,7.915
2121,7.915,c_per_byte,42,6,15,16,256,6496,0.8269,2.0201,2.9266,6.5448,7.915
2122,7.9246,c_per_byte,40,5,23,8,256,5408,0.6884,4.0403,2.6701,5.4552,7.9246
2123,7.9253,c_per_byte,42,7,16,18,256,7568,0.9633,1.0101,6.6036,7.6348,7.9253
2124,7.9258,c_per_byte,42,7,19,15,256,7568,0.9633,1.0101,1.7737,7.6353,7.9258
2125,7.9502,sign_C,44,4,13,18,32,6464,0.8228,6.3398,7.9502,0.9582,1.1646
2126,7.9525,c_per_byte,48,6,13,18,256,6464,0.8228,4.0403,7.8029,6.5434,7.9525
2127,7.9536,c_per_byte,48,6,19,12,256,6464,0.8228,4.0403,3.2998,6.5443,7.9536
2128,7.9542,c_per_byte,42,6,23,10,256,6464,0.8228,2.0201,1.6291,6.5448,7.9542
2129,7.9717,c_per_byte,42,6,14,17,256,6448,0.8208,2.0201,4.0787,6.5429,7.9717
2130,7.9722,c_per_byte,42,6,18,13,256,6448,0.8208,2.0201,1.7967,6.5434,7.9722
2131,7.9728,c_per_byte,42,6,21,11,256,6448,0.8208,2.0201,1.6554,6.5439,7.9728
2132,7.975,c_per_byte,49,7,21,13,256,7520,0.9572,2.0201,2.0961,7.6339,7.975
2133,7.9795,sign_C,40,5,15,18,256,6656,0.8473,4.0403,7.9795,5.4905,6.4804
2134,7.9816,sign_C,42,7,11,19,32,7344,0.9348,0.1981,7.9816,1.5601,1.6689
2135,7.9915,c_per_byte,42,7,20,14,256,7504,0.9552,1.0101,1.3749,7.6334,7.9915
2136,7.9915,c_per_byte,40,5,12,16,256,5360,0.6823,4.0403,3.7256,5.4524,7.9915
2137,7.9922,c_per_byte,40,5,17,11,256,5360,0.6823,4.0403,2.7092,5.4529,7.9922
2138,7.9965,sign_C,42,6,11,19,16,7568,0.9633,0.25,7.9965,0.8817,0.9152
2139,8.0,keygen_C,48,4,22,12,16,7600,0.9674,8.0,4.3388,0.6636,0.6859
2140,8.0,keygen_C,48,4,13,12,16,5728,0.7291,8.0,4.289,0.6084,0.8344
2141,8.0,keygen_C,48,4,16,15,16,7120,0.9063,8.0,4.9259,0.6492,0.7163
2142,8.0,keygen_C,48,4,24,10,16,7248,0.9226,8.0,4.2502,0.6538,0.7087
2143,8.0,keygen_C,48,4,20,14,16,7824,0.9959,8.0,4.6601,0.6701,0.6728
2144,8.0,keygen_C,48,4,8,16,16,5200,0.6619,8.0,4.9259,0.5926,0.8952
2145,8.0,keygen_C,48,4,15,12,16,6144,0.7821,8.0,4.3,0.6209,0.7939
2146,8.0,keygen_C,48,4,17,14,16,7104,0.9043,8.0,4.5936,0.6487,0.7174
2147,8.0,keygen_C,48,4,9,14,16,5184,0.6599,8.0,4.4164,0.5921,0.8973
2148,8.0,keygen_C,48,4,20,9,16,6224,0.7923,8.0,4.2308,0.6237,0.7872
2149,8.0,keygen_C,48,4,22,11,16,7248,0.9226,8.0,4.2779,0.6534,0.7082
2150,8.0,keygen_C,48,4,10,14,16,5424,0.6904,8.0,4.4385,0.5991,0.8677
2151,8.0,keygen_C,48,4,10,16,16,5744,0.7312,8.0,5.1032,0.6084,0.832
2152,8.0,keygen_C,48,4,15,9,16,5424,0.6904,8.0,4.2273,0.6,0.869
2153,8.0,keygen_C,48,4,15,16,16,7104,0.9043,8.0,5.5463,0.6487,0.7174
2154,8.0,keygen_C,48,4,13,10,16,5312,0.6762,8.0,4.235,0.5963,0.8819
2155,8.0,keygen_C,48,4,8,17,16,5328,0.6782,8.0,5.6349,0.5963,0.8792
2156,8.0,keygen_C,48,4,15,15,16,6864,0.8737,8.0,4.8816,0.6418,0.7345
2157,8.0,keygen_C,48,4,10,15,16,5584,0.7108,8.0,4.6601,0.6037,0.8493
2158,8.0,keygen_C,48,4,12,16,16,6288,0.8004,8.0,5.2804,0.6246,0.7803
2159,8.0,keygen_C,48,4,16,9,16,5584,0.7108,8.0,4.228,0.6046,0.8507
2160,8.0,keygen_C,48,4,15,13,16,6384,0.8126,8.0,4.3831,0.6278,0.7726
2161,8.0,keygen_C,48,4,14,14,16,6384,0.8126,8.0,4.5271,0.6274,0.772
2162,8.0,keygen_C,48,4,15,14,16,6624,0.8432,8.0,4.5493,0.6348,0.7529
2163,8.0,keygen_C,48,4,12,13,16,5712,0.7271,8.0,4.3499,0.6079,0.8361
2164,8.0,keygen_C,48,4,23,10,16,7072,0.9002,8.0,4.2488,0.6487,0.7206
2165,8.0,keygen_C,48,4,21,9,16,6384,0.8126,8.0,4.2315,0.6283,0.7732
2166,8.0,keygen_C,48,4,23,12,16,7808,0.9939,8.0,4.3444,0.6701,0.6742
2167,8.0,keygen_C,48,4,10,17,16,5904,0.7515,8.0,5.9894,0.613,0.8157
2168,8.0,keygen_C,48,4,12,14,16,5904,0.7515,8.0,4.4828,0.6135,0.8163
2169,8.0,keygen_C,48,4,15,11,16,5904,0.7515,8.0,4.2585,0.6139,0.8169
2170,8.0,keygen_C,48,4,19,10,16,6368,0.8106,8.0,4.2433,0.6278,0.7745
2171,8.0,keygen_C,48,4,18,9,16,5904,0.7515,8.0,4.2294,0.6139,0.8169
2172,8.0,keygen_C,48,4,20,8,16,5904,0.7515,8.0,4.2239,0.6144,0.8175
2173,8.0,keygen_C,48,4,14,11,16,5712,0.7271,8.0,4.2557,0.6079,0.8361
2174,8.0,keygen_C,48,4,14,9,16,5264,0.6701,8.0,4.2267,0.5949,0.8878
2175,8.0,keygen_C,48,4,21,12,16,7392,0.9409,8.0,4.3333,0.6575,0.6988
2176,8.0,keygen_C,48,4,10,18,16,6064,0.7719,8.0,7.7619,0.6176,0.8002
2177,8.0,keygen_C,48,4,17,11,16,6288,0.8004,8.0,4.264,0.6251,0.7809
2178,8.0,keygen_C,48,4,20,12,16,7184,0.9145,8.0,4.3277,0.6515,0.7125
2179,8.0,keygen_C,48,4,16,14,16,6864,0.8737,8.0,4.5715,0.6418,0.7345
2180,8.0,keygen_C,48,4,19,9,16,6064,0.7719,8.0,4.2301,0.619,0.802
2181,8.0,keygen_C,48,4,15,17,16,7344,0.9348,8.0,6.8756,0.6557,0.7014
2182,8.0,keygen_C,48,4,18,14,16,7344,0.9348,8.0,4.6158,0.6557,0.7014
2183,8.0,keygen_C,48,4,20,11,16,6864,0.8737,8.0,4.2723,0.6422,0.735
2184,8.0,keygen_C,48,4,24,9,16,6864,0.8737,8.0,4.2336,0.6427,0.7356
2185,8.0,keygen_C,48,4,19,14,16,7584,0.9654,8.0,4.6379,0.6631,0.6869
2186,8.0,keygen_C,48,4,12,12,16,5520,0.7026,8.0,4.2834,0.6023,0.8572
2187,8.0,keygen_C,48,4,22,10,16,6896,0.8778,8.0,4.2474,0.6432,0.7327
2188,8.0,keygen_C,48,4,13,11,16,5520,0.7026,8.0,4.253,0.6023,0.8572
2189,8.0,keygen_C,48,4,14,15,16,6608,0.8411,8.0,4.8373,0.6339,0.7536
2190,8.0,keygen_C,48,4,20,13,16,7504,0.9552,8.0,4.4385,0.6608,0.6918
2191,8.0,keygen_C,48,4,22,9,16,6544,0.833,8.0,4.2322,0.6329,0.7598
2192,8.0,keygen_C,48,4,23,9,16,6704,0.8534,8.0,4.2329,0.6381,0.7477
2193,8.0,keygen_C,48,4,16,11,16,6096,0.776,8.0,4.2613,0.6195,0.7983
2194,8.0,keygen_C,48,4,20,10,16,6544,0.833,8.0,4.2447,0.6329,0.7598
2195,8.0,keygen_C,48,4,16,16,16,7376,0.9389,8.0,5.6349,0.6566,0.6993
2196,8.0,keygen_C,48,4,17,15,16,7376,0.9389,8.0,4.9703,0.6566,0.6993
2197,8.0,keygen_C,48,4,17,9,16,5744,0.7312,8.0,4.2287,0.6093,0.8333
2198,8.0,keygen_C,48,4,11,14,16,5664,0.721,8.0,4.4607,0.6065,0.8412
2199,8.0,keygen_C,48,4,13,14,16,6144,0.7821,8.0,4.505,0.6204,0.7933
2200,8.0,keygen_C,48,4,9,17,16,5616,0.7149,8.0,5.8122,0.6046,0.8458
2201,8.0,keygen_C,48,4,18,8,16,5616,0.7149,8.0,4.2232,0.6056,0.8471
2202,8.0,keygen_C,48,4,18,11,16,6480,0.8248,8.0,4.2668,0.6306,0.7645
2203,8.0,keygen_C,48,4,21,10,16,6720,0.8554,8.0,4.246,0.6381,0.7459
2204,8.0,keygen_C,48,4,15,10,16,5664,0.721,8.0,4.2377,0.607,0.8419
2205,8.0,keygen_C,48,4,17,13,16,6832,0.8697,8.0,4.4053,0.6408,0.7369
2206,8.0,keygen_C,48,4,24,8,16,6480,0.8248,8.0,4.2253,0.6316,0.7657
2207,8.0,keygen_C,48,4,23,8,16,6336,0.8065,8.0,4.2249,0.6274,0.7779
2208,8.0,keygen_C,48,4,21,8,16,6048,0.7699,8.0,4.2242,0.6186,0.8035
2209,8.0,keygen_C,48,4,8,18,16,5456,0.6945,8.0,7.0529,0.6,0.8639
2210,8.0,keygen_C,48,4,24,11,16,7632,0.9715,8.0,4.2834,0.665,0.6845
2211,8.0,keygen_C,48,4,11,17,16,6192,0.7882,8.0,6.1667,0.6218,0.7889
2212,8.0,keygen_C,48,4,18,10,16,6192,0.7882,8.0,4.2419,0.6223,0.7895
2213,8.0,keygen_C,48,4,22,8,16,6192,0.7882,8.0,4.2246,0.6227,0.7901
2214,8.0,keygen_C,48,4,13,17,16,6768,0.8615,8.0,6.5212,0.6385,0.7412
2215,8.0,keygen_C,48,4,14,13,16,6160,0.7841,8.0,4.372,0.6209,0.7918
2216,8.0,keygen_C,48,4,17,10,16,6016,0.7658,8.0,4.2405,0.6172,0.8059
2217,8.0,keygen_C,48,4,11,16,16,6016,0.7658,8.0,5.1918,0.6167,0.8053
2218,8.0,keygen_C,48,4,18,15,16,7632,0.9715,8.0,5.0146,0.664,0.6835
2219,8.0,keygen_C,48,4,7,18,16,5152,0.6558,8.0,6.6984,0.5912,0.9015
2220,8.0,keygen_C,48,4,14,16,16,6832,0.8697,8.0,5.4577,0.6404,0.7364
2221,8.0,keygen_C,48,4,19,12,16,6976,0.888,8.0,4.3222,0.6455,0.7269
2222,8.0,keygen_C,48,4,12,17,16,6480,0.8248,8.0,6.3439,0.6302,0.764
2223,8.0,keygen_C,48,4,9,15,16,5328,0.6782,8.0,4.6158,0.5963,0.8792
2224,8.0,keygen_C,48,4,12,11,16,5328,0.6782,8.0,4.2502,0.5968,0.8799
2225,8.0,keygen_C,48,4,12,15,16,6096,0.776,8.0,4.7487,0.619,0.7977
2226,8.0,keygen_C,48,4,13,13,16,5936,0.7556,8.0,4.361,0.6144,0.8131
2227,8.0,keygen_C,48,4,14,12,16,5936,0.7556,8.0,4.2945,0.6144,0.8131
2228,8.0,keygen_C,48,4,16,8,16,5328,0.6782,8.0,4.2225,0.5972,0.8806
2229,8.0,keygen_C,48,4,17,8,16,5472,0.6965,8.0,4.2228,0.6014,0.8634
2230,8.0,keygen_C,48,4,9,16,16,5472,0.6965,8.0,5.0146,0.6005,0.8621
2231,8.0,keygen_C,48,4,17,16,16,7648,0.9735,8.0,5.7235,0.6645,0.6826
2232,8.0,keygen_C,48,4,14,17,16,7056,0.8982,8.0,6.6984,0.6469,0.7202
2233,8.0,keygen_C,48,4,16,10,16,5840,0.7434,8.0,4.2391,0.6121,0.8234
2234,8.0,keygen_C,48,4,18,13,16,7056,0.8982,8.0,4.4164,0.6473,0.7207
2235,8.0,keygen_C,48,4,19,13,16,7280,0.9267,8.0,4.4274,0.6543,0.7061
2236,8.0,keygen_C,48,4,21,11,16,7056,0.8982,8.0,4.2751,0.6478,0.7212
2237,8.0,keygen_C,48,4,23,11,16,7440,0.947,8.0,4.2807,0.6594,0.6963
2238,8.0,keygen_C,48,4,11,13,16,5488,0.6986,8.0,4.3388,0.6014,0.8609
2239,8.0,keygen_C,48,4,14,10,16,5488,0.6986,8.0,4.2363,0.6014,0.8609
2240,8.0,keygen_C,48,4,19,11,16,6672,0.8493,8.0,4.2696,0.6367,0.7496
2241,8.0,keygen_C,48,4,11,15,16,5840,0.7434,8.0,4.7044,0.6116,0.8227
2242,8.0,keygen_C,48,4,16,17,16,7632,0.9715,8.0,7.0529,0.664,0.6835
2243,8.0,keygen_C,48,4,10,13,16,5264,0.6701,8.0,4.3277,0.5944,0.8871
2244,8.0,keygen_C,48,4,16,13,16,6608,0.8411,8.0,4.3942,0.6343,0.7541
2245,8.0,keygen_C,48,4,13,15,16,6352,0.8086,8.0,4.793,0.6265,0.7748
2246,8.0,keygen_C,48,4,9,18,16,5760,0.7332,8.0,7.4074,0.6088,0.8304
2247,8.0,keygen_C,48,4,18,12,16,6768,0.8615,8.0,4.3167,0.639,0.7417
2248,8.0,keygen_C,48,4,17,12,16,6560,0.835,8.0,4.3111,0.6329,0.758
2249,8.0,keygen_C,48,4,21,13,16,7728,0.9837,8.0,4.4496,0.6673,0.6783
2250,8.0,keygen_C,48,4,13,16,16,6560,0.835,8.0,5.3691,0.6325,0.7574
2251,8.0,keygen_C,48,4,16,12,16,6352,0.8086,8.0,4.3056,0.6269,0.7754
2252,8.0,keygen_C,48,4,11,12,16,5312,0.6762,8.0,4.2779,0.5963,0.8819
2253,8.0,keygen_C,48,4,19,8,16,5760,0.7332,8.0,4.2235,0.6102,0.8323
2254,8.0086,c_per_byte,42,7,23,12,256,7488,0.9532,1.0101,1.0591,7.6334,8.0086
2255,8.0504,c_per_byte,48,6,22,10,256,6384,0.8126,4.0403,3.225,6.542,8.0504
2256,8.0517,sign_C,40,4,9,19,32,5328,0.6782,3.1699,8.0517,0.9248,1.3636
2257,8.0578,c_per_byte,49,7,17,16,256,7440,0.947,2.0201,3.3701,7.6311,8.0578
2258,8.0689,c_per_byte,42,6,13,18,256,6368,0.8106,2.0201,6.2057,6.5406,8.0689
2259,8.0701,c_per_byte,42,6,19,12,256,6368,0.8106,2.0201,1.7025,6.5415,8.0701
2260,8.0746,c_per_byte,49,7,18,15,256,7424,0.945,2.0201,2.6611,7.6306,8.0746
2261,8.0746,c_per_byte,49,7,16,17,256,7424,0.945,2.0201,4.6994,7.6306,8.0746
2262,8.0756,c_per_byte,49,7,24,11,256,7424,0.945,2.0201,1.93,7.6316,8.0756
2263,8.0806,keygen_C,45,5,13,16,256,5712,0.7271,8.0806,6.4764,5.4626,7.513
2264,8.0806,keygen_C,45,5,22,14,256,7456,0.9491,8.0806,5.8117,5.5142,5.81
2265,8.0806,keygen_C,45,5,19,10,256,5520,0.7026,8.0806,5.3506,5.458,7.7678
2266,8.0806,keygen_C,45,5,16,16,256,6528,0.831,8.0806,6.7422,5.4868,6.603
2267,8.0806,keygen_C,45,5,24,8,256,5632,0.7169,8.0806,5.3326,5.4617,7.6185
2268,8.0806,keygen_C,45,5,11,17,256,5344,0.6802,8.0806,7.274,5.452,8.0147
2269,8.0806,keygen_C,45,5,16,13,256,5760,0.7332,8.0806,5.5015,5.4645,7.453
2270,8.0806,keygen_C,45,5,18,10,256,5344,0.6802,8.0806,5.3492,5.4524,8.0154
2271,8.0806,keygen_C,45,5,24,13,256,7552,0.9613,8.0806,5.5901,5.5174,5.7395
2272,8.0806,keygen_C,45,5,19,14,256,6736,0.8574,8.0806,5.7452,5.4933,6.4066
2273,8.0806,keygen_C,45,5,18,12,256,5920,0.7536,8.0806,5.424,5.4691,7.2577
2274,8.0806,keygen_C,45,5,17,15,256,6528,0.831,8.0806,6.0776,5.4868,6.603
2275,8.0806,keygen_C,45,5,13,15,256,5504,0.7006,8.0806,5.9003,5.4566,7.7884
2276,8.0806,keygen_C,45,5,18,16,256,7072,0.9002,8.0806,6.9195,5.5026,6.1126
2277,8.0806,keygen_C,45,5,22,11,256,6400,0.8147,8.0806,5.3852,5.4835,6.731
2278,8.0806,keygen_C,45,5,24,10,256,6400,0.8147,8.0806,5.3575,5.484,6.7316
2279,8.0806,keygen_C,45,5,21,15,256,7552,0.9613,8.0806,6.2548,5.5169,5.739
2280,8.0806,keygen_C,45,5,22,8,256,5344,0.6802,8.0806,5.3319,5.4529,8.0161
2281,8.0806,keygen_C,45,5,20,9,256,5376,0.6843,8.0806,5.3381,5.4538,7.9697
2282,8.0806,keygen_C,45,5,21,12,256,6544,0.833,8.0806,5.4406,5.4877,6.5879
2283,8.0806,keygen_C,45,5,14,15,256,5760,0.7332,8.0806,5.9446,5.464,7.4523
2284,8.0806,keygen_C,45,5,16,15,256,6272,0.7984,8.0806,6.0333,5.4794,6.8632
2285,8.0806,keygen_C,45,5,21,11,256,6208,0.7902,8.0806,5.3824,5.478,6.9322
2286,8.0806,keygen_C,45,5,16,12,256,5504,0.7006,8.0806,5.4129,5.4571,7.789
2287,8.0806,keygen_C,45,5,23,12,256,6960,0.8859,8.0806,5.4517,5.5002,6.2083
2288,8.0806,keygen_C,45,5,22,9,256,5696,0.7251,8.0806,5.3395,5.4631,7.5348
2289,8.0806,keygen_C,45,5,17,16,256,6800,0.8656,8.0806,6.8309,5.4947,6.348
2290,8.0806,keygen_C,45,5,18,13,256,6208,0.7902,8.0806,5.5237,5.4775,6.9316
2291,8.0806,keygen_C,45,5,14,17,256,6208,0.7902,8.0806,7.8057,5.477,6.931
2292,8.0806,keygen_C,45,5,21,14,256,7216,0.9185,8.0806,5.7895,5.5072,5.9956
2293,8.0806,keygen_C,45,5,20,13,256,6656,0.8473,8.0806,5.5458,5.491,6.4809
2294,8.0806,keygen_C,45,5,22,15,256,7808,0.9939,8.0806,6.2991,5.5244,5.5583
2295,8.0806,keygen_C,45,5,19,11,256,5824,0.7413,8.0806,5.3769,5.4668,7.3742
2296,8.0806,keygen_C,45,5,15,14,256,5776,0.7352,8.0806,5.6566,5.465,7.433
2297,8.0806,keygen_C,45,5,20,14,256,6976,0.888,8.0806,5.7674,5.5002,6.1941
2298,8.0806,keygen_C,45,5,18,14,256,6496,0.8269,8.0806,5.7231,5.4858,6.6344
2299,8.0806,keygen_C,45,5,17,14,256,6256,0.7963,8.0806,5.7009,5.4789,6.8801
2300,8.0806,keygen_C,45,5,15,16,256,6256,0.7963,8.0806,6.6536,5.4789,6.8801
2301,8.0806,keygen_C,45,5,23,14,256,7696,0.9796,8.0806,5.8339,5.5216,5.6364
2302,8.0806,keygen_C,45,5,23,9,256,5856,0.7454,8.0806,5.3402,5.4682,7.3358
2303,8.0806,keygen_C,45,5,14,16,256,5984,0.7617,8.0806,6.565,5.4705,7.1819
2304,8.0806,keygen_C,45,5,18,15,256,6784,0.8635,8.0806,6.1219,5.4942,6.3624
2305,8.0806,keygen_C,45,5,20,12,256,6336,0.8065,8.0806,5.4351,5.4817,6.7967
2306,8.0806,keygen_C,45,5,20,10,256,5696,0.7251,8.0806,5.352,5.4631,7.5348
2307,8.0806,keygen_C,45,5,19,13,256,6432,0.8187,8.0806,5.5348,5.4845,6.6987
2308,8.0806,keygen_C,45,5,12,17,256,5632,0.7169,8.0806,7.4512,5.4603,7.6165
2309,8.0806,keygen_C,45,5,17,12,256,5712,0.7271,8.0806,5.4184,5.4631,7.5137
2310,8.0806,keygen_C,45,5,15,13,256,5536,0.7047,8.0806,5.4904,5.458,7.7453
2311,8.0806,keygen_C,45,5,18,11,256,5632,0.7169,8.0806,5.3741,5.4608,7.6172
2312,8.0806,keygen_C,45,5,22,10,256,6048,0.7699,8.0806,5.3547,5.4733,7.1095
2313,8.0806,keygen_C,45,5,12,16,256,5440,0.6925,8.0806,6.3878,5.4548,7.8773
2314,8.0806,keygen_C,45,5,21,9,256,5536,0.7047,8.0806,5.3388,5.4585,7.746
2315,8.0806,keygen_C,45,5,15,15,256,6016,0.7658,8.0806,5.989,5.4719,7.1455
2316,8.0806,keygen_C,45,5,17,11,256,5440,0.6925,8.0806,5.3714,5.4552,7.878
2317,8.0806,keygen_C,45,5,22,13,256,7104,0.9043,8.0806,5.568,5.5039,6.0866
2318,8.0806,keygen_C,45,5,24,12,256,7168,0.9124,8.0806,5.4572,5.5063,6.0348
2319,8.0806,keygen_C,45,5,22,12,256,6752,0.8595,8.0806,5.4461,5.4937,6.392
2320,8.0806,keygen_C,45,5,16,14,256,6016,0.7658,8.0806,5.6788,5.4719,7.1455
2321,8.0806,keygen_C,45,5,23,10,256,6224,0.7923,8.0806,5.3561,5.4789,6.9155
2322,8.0806,keygen_C,45,5,20,11,256,6016,0.7658,8.0806,5.3797,5.4724,7.1461
2323,8.0806,keygen_C,45,5,20,15,256,7296,0.9287,8.0806,6.2105,5.5095,5.9324
2324,8.0806,keygen_C,45,5,13,17,256,5920,0.7536,8.0806,7.6285,5.4687,7.2571
2325,8.0806,keygen_C,45,5,24,11,256,6784,0.8635,8.0806,5.3907,5.4951,6.3635
2326,8.0806,keygen_C,45,5,14,13,256,5312,0.6762,8.0806,5.4794,5.451,8.0616
2327,8.0806,keygen_C,45,5,23,13,256,7328,0.9328,8.0806,5.5791,5.5109,5.908
2328,8.0806,keygen_C,45,5,23,8,256,5488,0.6986,8.0806,5.3322,5.4575,7.8124
2329,8.0806,keygen_C,45,5,17,13,256,5984,0.7617,8.0806,5.5126,5.471,7.1825
2330,8.0806,keygen_C,45,5,19,15,256,7040,0.8961,8.0806,6.1662,5.5021,6.1398
2331,8.0806,keygen_C,45,5,19,12,256,6128,0.78,8.0806,5.4295,5.4756,7.0197
2332,8.0806,keygen_C,45,5,20,16,256,7616,0.9695,8.0806,7.0967,5.5188,5.6927
2333,8.0806,keygen_C,45,5,21,10,256,5872,0.7475,8.0806,5.3534,5.4682,7.3158
2334,8.0806,keygen_C,45,5,15,17,256,6496,0.8269,8.0806,7.983,5.4858,6.6344
2335,8.0806,keygen_C,45,5,21,13,256,6880,0.8758,8.0806,5.5569,5.4974,6.2773
2336,8.0806,keygen_C,45,5,14,14,256,5536,0.7047,8.0806,5.6345,5.4575,7.7447
2337,8.0806,keygen_C,45,5,23,11,256,6592,0.8391,8.0806,5.388,5.4896,6.5422
2338,8.0806,keygen_C,45,5,24,9,256,6016,0.7658,8.0806,5.3409,5.4729,7.1467
2339,8.0806,keygen_C,45,5,19,16,256,7344,0.9348,8.0806,7.0081,5.5109,5.8951
2340,8.0853,c_per_byte,45,5,13,14,256,5296,0.6741,8.0806,5.6123,5.4506,8.0853
2341,8.086,c_per_byte,45,5,15,12,256,5296,0.6741,8.0806,5.4074,5.451,8.086
2342,8.0867,c_per_byte,40,5,20,9,256,5296,0.6741,4.0403,2.676,5.4515,8.0867
2343,8.0893,c_per_byte,48,6,15,15,256,6352,0.8086,4.0403,3.8592,6.5406,8.0893
2344,8.0893,c_per_byte,48,6,16,14,256,6352,0.8086,4.0403,3.5491,6.5406,8.0893
2345,8.0898,c_per_byte,48,6,20,11,256,6352,0.8086,4.0403,3.25,6.5411,8.0898
2346,8.0904,c_per_byte,48,6,24,9,256,6352,0.8086,4.0403,3.2112,6.5415,8.0904
2347,8.0921,c_per_byte,42,7,21,13,256,7408,0.943,1.0101,1.1644,7.6306,8.0921
2348,8.1091,c_per_byte,49,7,22,12,256,7392,0.9409,2.0201,1.9853,7.6302,8.1091
2349,8.1121,sign_C,42,6,11,19,32,6896,0.8778,0.3962,8.1121,1.355,1.5436
2350,8.1164,sign_C,48,4,11,18,16,6368,0.8106,8.0,8.1164,0.6269,0.7734
2351,8.1257,c_per_byte,49,7,15,18,256,7376,0.9389,2.0201,7.1809,7.6292,8.1257
2352,8.1262,c_per_byte,49,7,19,14,256,7376,0.9389,2.0201,2.2845,7.6297,8.1262
2353,8.1282,sign_C,40,5,11,19,16,6976,0.888,0.5,8.1282,0.7545,0.8497
2354,8.1285,c_per_byte,48,6,14,16,256,6320,0.8045,4.0403,4.4353,6.5392,8.1285
2355,8.1291,c_per_byte,48,6,17,13,256,6320,0.8045,4.0403,3.3829,6.5397,8.1291
2356,8.1331,c_per_byte,40,5,11,17,256,5264,0.6701,4.0403,4.6118,5.4497,8.1331
2357,8.1338,c_per_byte,40,5,18,10,256,5264,0.6701,4.0403,2.6871,5.4501,8.1338
2358,8.1341,sign_C,45,5,10,19,32,6176,0.7862,1.5849,8.1341,1.1415,1.4521
2359,8.1441,sign_C,40,4,10,19,16,6096,0.776,2.0,8.1441,0.6186,0.7971
2360,8.1572,c_per_byte,45,5,12,15,256,5248,0.668,8.0806,5.856,5.4492,8.1572
2361,8.1574,sign_C,48,6,14,18,256,6768,0.8615,4.0403,8.1574,6.5522,7.6055
2362,8.1579,c_per_byte,45,5,16,11,256,5248,0.668,8.0806,5.3686,5.4497,8.1579
2363,8.1602,sign_C,45,5,16,17,256,6784,0.8635,8.0806,8.1602,5.4942,6.3624
2364,8.1643,sign_C,49,7,11,19,32,7456,0.9491,0.3962,8.1643,1.5633,1.6472
2365,8.1699,c_per_byte,42,6,22,10,256,6288,0.8004,2.0201,1.6277,6.5392,8.1699
2366,8.1774,c_per_byte,42,7,17,16,256,7328,0.9328,1.0101,2.4383,7.6278,8.1774
2367,8.1814,c_per_byte,40,5,14,13,256,5232,0.666,4.0403,2.8172,5.4487,8.1814
2368,8.1941,sign_C,48,6,11,19,16,7664,0.9756,0.5,8.1941,0.8845,0.9066
2369,8.1948,c_per_byte,42,7,16,17,256,7312,0.9308,1.0101,3.7677,7.6274,8.1948
2370,8.1948,c_per_byte,42,7,18,15,256,7312,0.9308,1.0101,1.7293,7.6274,8.1948
2371,8.1958,c_per_byte,42,7,24,11,256,7312,0.9308,1.0101,0.9982,7.6283,8.1958
2372,8.2058,c_per_byte,40,5,13,14,256,5216,0.664,4.0403,2.9502,5.4483,8.2058
2373,8.2065,c_per_byte,40,5,15,12,256,5216,0.664,4.0403,2.7452,5.4487,8.2065
2374,8.2072,c_per_byte,45,5,19,9,256,5216,0.664,8.0806,5.3374,5.4492,8.2072
2375,8.2093,c_per_byte,48,6,13,17,256,6256,0.7963,4.0403,5.4988,6.5374,8.2093
2376,8.2099,c_per_byte,42,6,15,15,256,6256,0.7963,2.0201,2.262,6.5378,8.2099
2377,8.2099,c_per_byte,48,6,18,12,256,6256,0.7963,4.0403,3.2943,6.5378,8.2099
2378,8.2099,c_per_byte,42,6,16,14,256,6256,0.7963,2.0201,1.9518,6.5378,8.2099
2379,8.2105,c_per_byte,42,6,20,11,256,6256,0.7963,2.0201,1.6527,6.5383,8.2105
2380,8.2111,c_per_byte,42,6,24,9,256,6256,0.7963,2.0201,1.6139,6.5387,8.2111
2381,8.2128,c_per_byte,49,7,20,13,256,7296,0.9287,2.0201,2.085,7.6274,8.2128
2382,8.2304,c_per_byte,42,7,22,12,256,7280,0.9267,1.0101,1.0536,7.6269,8.2304
2383,8.2318,c_per_byte,45,5,21,8,256,5200,0.6619,8.0806,5.3315,5.4487,8.2318
2384,8.2475,c_per_byte,42,7,15,18,256,7264,0.9246,1.0101,6.2491,7.626,8.2475
2385,8.248,c_per_byte,42,7,19,14,256,7264,0.9246,1.0101,1.3527,7.6265,8.248
2386,8.2503,c_per_byte,42,6,14,16,256,6224,0.7923,2.0201,2.838,6.5364,8.2503
2387,8.2509,c_per_byte,42,6,17,13,256,6224,0.7923,2.0201,1.7856,6.5369,8.2509
2388,8.2722,c_per_byte,48,6,21,10,256,6208,0.7902,4.0403,3.2236,6.5369,8.2722
2389,8.2799,c_per_byte,40,5,12,15,256,5168,0.6578,4.0403,3.1939,5.4469,8.2799
2390,8.2799,c_per_byte,45,5,11,16,256,5168,0.6578,8.0806,6.2991,5.4469,8.2799
2391,8.2806,c_per_byte,40,5,16,11,256,5168,0.6578,4.0403,2.7064,5.4473,8.2806
2392,8.2806,c_per_byte,45,5,17,10,256,5168,0.6578,8.0806,5.3478,5.4473,8.2806
2393,8.284,c_per_byte,49,7,23,11,256,7232,0.9206,2.0201,1.9272,7.626,8.284
2394,8.2936,c_per_byte,48,6,23,9,256,6192,0.7882,4.0403,3.2105,6.5369,8.2936
2395,8.3047,sign_C,44,4,14,18,32,6768,0.8615,6.3398,8.3047,0.9671,1.1225
2396,8.3047,sign_C,44,4,7,19,32,4752,0.6049,6.3398,8.3047,0.9081,1.5013
2397,8.321,sign_C,40,5,11,19,32,6416,0.8167,0.7925,8.321,1.149,1.4068
2398,8.3294,c_per_byte,40,5,10,18,256,5136,0.6538,4.0403,6.207,5.4455,8.3294
2399,8.3315,c_per_byte,40,5,19,9,256,5136,0.6538,4.0403,2.6753,5.4469,8.3315
2400,8.3337,c_per_byte,42,6,13,17,256,6160,0.7841,2.0201,3.9015,6.5346,8.3337
2401,8.3337,c_per_byte,48,6,12,18,256,6160,0.7841,4.0403,7.4485,6.5346,8.3337
2402,8.334,sign_C,40,5,16,18,256,6960,0.8859,4.0403,8.334,5.4993,6.2073
2403,8.3343,c_per_byte,42,6,18,12,256,6160,0.7841,2.0201,1.697,6.535,8.3343
2404,8.3349,c_per_byte,48,6,19,11,256,6160,0.7841,4.0403,3.2472,6.5355,8.3349
2405,8.3373,c_per_byte,49,7,21,12,256,7184,0.9145,2.0201,1.9798,7.6241,8.3373
2406,8.3373,c_per_byte,42,7,20,13,256,7184,0.9145,1.0101,1.1533,7.6241,8.3373
2407,8.3375,sign_C,45,5,17,17,256,7072,0.9002,8.0806,8.3375,5.5026,6.1126
2408,8.3549,c_per_byte,49,7,17,15,256,7168,0.9124,2.0201,2.6168,7.6232,8.3549
2409,8.3549,c_per_byte,49,7,16,16,256,7168,0.9124,2.0201,3.2815,7.6232,8.3549
2410,8.3913,c_per_byte,49,7,18,14,256,7136,0.9084,2.0201,2.2623,7.6223,8.3913
2411,8.3913,c_per_byte,49,7,15,17,256,7136,0.9084,2.0201,4.5222,7.6223,8.3913
2412,8.398,c_per_byte,48,6,15,14,256,6112,0.778,4.0403,3.5269,6.5336,8.398
2413,8.3986,c_per_byte,42,6,21,10,256,6112,0.778,2.0201,1.6264,6.5341,8.3986
2414,8.4065,c_per_byte,45,5,14,12,256,5088,0.6477,8.0806,5.4018,5.4445,8.4065
2415,8.4065,c_per_byte,45,5,13,13,256,5088,0.6477,8.0806,5.4683,5.4445,8.4065
2416,8.4065,c_per_byte,40,5,11,16,256,5088,0.6477,4.0403,3.637,5.4445,8.4065
2417,8.4072,c_per_byte,40,5,17,10,256,5088,0.6477,4.0403,2.6857,5.445,8.4072
2418,8.4076,sign_C,50,5,10,19,16,6816,0.8676,2.0,8.4076,0.7494,0.8638
2419,8.4107,c_per_byte,42,7,23,11,256,7120,0.9063,1.0101,0.9954,7.6227,8.4107
2420,8.4188,c_per_byte,48,6,14,15,256,6096,0.776,4.0403,3.8149,6.5327,8.4188
2421,8.4194,c_per_byte,48,6,16,13,256,6096,0.776,4.0403,3.3718,6.5332,8.4194
2422,8.4206,c_per_byte,42,6,23,9,256,6096,0.776,2.0201,1.6132,6.5341,8.4206
2423,8.4254,sign_C,48,6,11,19,32,6992,0.89,0.7925,8.4254,1.3578,1.5256
2424,8.4576,c_per_byte,45,5,10,17,256,5056,0.6436,8.0806,7.0967,5.4432,8.4576
2425,8.4577,sign_C,45,5,11,19,16,7056,0.8982,1.0,8.4577,0.7568,0.8427
2426,8.4583,c_per_byte,45,5,12,14,256,5056,0.6436,8.0806,5.5902,5.4436,8.4583
2427,8.459,c_per_byte,45,5,15,11,256,5056,0.6436,8.0806,5.3658,5.4441,8.459
2428,8.459,c_per_byte,45,5,18,9,256,5056,0.6436,8.0806,5.3367,5.4441,8.459
2429,8.4597,c_per_byte,45,5,20,8,256,5056,0.6436,8.0806,5.3312,5.4445,8.4597
2430,8.462,c_per_byte,42,6,12,18,256,6064,0.7719,2.0201,5.8512,6.5318,8.462
2431,8.4632,c_per_byte,42,6,19,11,256,6064,0.7719,2.0201,1.6499,6.5327,8.4632
2432,8.4647,c_per_byte,49,7,14,18,256,7072,0.9002,2.0201,6.8264,7.62,8.4647
2433,8.4657,c_per_byte,42,7,21,12,256,7072,0.9002,1.0101,1.0481,7.6209,8.4657
2434,8.4657,c_per_byte,49,7,19,13,256,7072,0.9002,2.0201,2.074,7.6209,8.4657
2435,8.4695,sign_C,50,5,9,19,32,5936,0.7556,3.1699,8.4695,1.1346,1.5015
2436,8.4709,sign_C,48,4,12,18,16,6672,0.8493,8.0,8.4709,0.6357,0.7485
2437,8.4838,c_per_byte,48,6,13,16,256,6048,0.7699,4.0403,4.3467,6.5313,8.4838
2438,8.4839,c_per_byte,42,7,16,16,256,7056,0.8982,1.0101,2.3497,7.62,8.4839
2439,8.4839,c_per_byte,42,7,17,15,256,7056,0.8982,1.0101,1.685,7.62,8.4839
2440,8.4844,c_per_byte,48,6,17,12,256,6048,0.7699,4.0403,3.2887,6.5318,8.4844
2441,8.4893,sign_C,44,4,9,19,16,5840,0.7434,4.0,8.4893,0.6111,0.8221
2442,8.5032,c_per_byte,49,7,22,11,256,7040,0.8961,2.0201,1.9244,7.62,8.5032
2443,8.5037,c_per_byte,49,7,24,10,256,7040,0.8961,2.0201,1.8967,7.6204,8.5037
2444,8.5069,c_per_byte,48,6,20,10,256,6032,0.7678,4.0403,3.2223,6.5318,8.5069
2445,8.5069,c_per_byte,48,6,22,9,256,6032,0.7678,4.0403,3.2098,6.5318,8.5069
2446,8.5119,sign_C,48,6,15,18,256,7072,0.9002,4.0403,8.5119,6.5615,7.2889
2447,8.5147,sign_C,45,5,18,17,256,7360,0.9369,8.0806,8.5147,5.5109,5.8823
2448,8.5215,c_per_byte,42,7,15,17,256,7024,0.8941,1.0101,3.5904,7.619,8.5215
2449,8.5215,c_per_byte,42,7,18,14,256,7024,0.8941,1.0101,1.3305,7.619,8.5215
2450,8.5283,c_per_byte,42,6,15,14,256,6016,0.7658,2.0201,1.9296,6.5309,8.5283
2451,8.5372,c_per_byte,40,5,14,12,256,5008,0.6375,4.0403,2.7397,5.4422,8.5372
2452,8.5372,c_per_byte,40,5,13,13,256,5008,0.6375,4.0403,2.8062,5.4422,8.5372
2453,8.5499,c_per_byte,42,6,14,15,256,6000,0.7637,2.0201,2.2176,6.5299,8.5499
2454,8.5505,c_per_byte,42,6,16,13,256,6000,0.7637,2.0201,1.7745,6.5304,8.5505
2455,8.5638,c_per_byte,45,5,11,15,256,4992,0.6354,8.0806,5.8117,5.4418,8.5638
2456,8.5645,c_per_byte,45,5,16,10,256,4992,0.6354,8.0806,5.3464,5.4422,8.5645
2457,8.5791,c_per_byte,49,7,20,12,256,6976,0.888,2.0201,1.9743,7.6181,8.5791
2458,8.5899,c_per_byte,40,5,10,17,256,4976,0.6334,4.0403,4.4346,5.4408,8.5899
2459,8.5906,c_per_byte,40,5,12,14,256,4976,0.6334,4.0403,2.928,5.4413,8.5906
2460,8.5913,c_per_byte,40,5,15,11,256,4976,0.6334,4.0403,2.7037,5.4418,8.5913
2461,8.5945,c_per_byte,48,6,12,17,256,5968,0.7597,4.0403,5.3215,6.529,8.5945
2462,8.5951,c_per_byte,48,6,18,11,256,5968,0.7597,4.0403,3.2444,6.5295,8.5951
2463,8.5963,c_per_byte,48,6,24,8,256,5968,0.7597,4.0403,3.2029,6.5304,8.5963
2464,8.5972,c_per_byte,42,7,14,18,256,6960,0.8859,1.0101,5.8946,7.6167,8.5972
2465,8.5983,c_per_byte,42,7,19,13,256,6960,0.8859,1.0101,1.1422,7.6176,8.5983
2466,8.617,c_per_byte,42,6,13,16,256,5952,0.7576,2.0201,2.7494,6.5285,8.617
2467,8.6176,c_per_byte,42,6,17,12,256,5952,0.7576,2.0201,1.6914,6.529,8.6176
2468,8.637,c_per_byte,42,7,22,11,256,6928,0.8819,1.0101,0.9927,7.6167,8.637
2469,8.6375,c_per_byte,42,7,24,10,256,6928,0.8819,1.0101,0.965,7.6172,8.6375
2470,8.6383,sign_C,50,10,6,20,32,7312,0.9308,0.0991,8.6383,2.1346,2.2934
2471,8.6408,c_per_byte,42,6,20,10,256,5936,0.7556,2.0201,1.625,6.529,8.6408
2472,8.6408,c_per_byte,42,6,22,9,256,5936,0.7556,2.0201,1.6125,6.529,8.6408
2473,8.6559,c_per_byte,49,7,16,15,256,6912,0.8798,2.0201,2.5725,7.6158,8.6559
2474,8.6592,sign_C,44,4,15,18,32,7072,0.9002,6.3398,8.6592,0.9763,1.0846
2475,8.6754,c_per_byte,49,7,17,14,256,6896,0.8778,2.0201,2.2401,7.6153,8.6754
2476,8.6754,c_per_byte,49,7,15,16,256,6896,0.8778,2.0201,3.1928,7.6153,8.6754
2477,8.6885,sign_C,40,5,17,18,256,7264,0.9246,4.0403,8.6885,5.5081,5.957
2478,8.6905,sign_C,42,7,12,19,32,7664,0.9756,0.1981,8.6905,1.5694,1.6087
2479,8.6919,sign_C,45,5,19,17,256,7648,0.9735,8.0806,8.6919,5.5197,5.6698
2480,8.6988,c_per_byte,45,5,9,18,256,4912,0.6253,8.0806,8.5147,5.439,8.6988
2481,8.6996,c_per_byte,40,5,11,15,256,4912,0.6253,4.0403,3.1496,5.4394,8.6996
2482,8.701,c_per_byte,45,5,19,8,256,4912,0.6253,8.0806,5.3309,5.4404,8.701
2483,8.7154,c_per_byte,42,7,20,12,256,6864,0.8737,1.0101,1.0425,7.6148,8.7154
2484,8.7159,c_per_byte,49,7,23,10,256,6864,0.8737,2.0201,1.8953,7.6153,8.7159
2485,8.7265,c_per_byte,45,5,10,16,256,4896,0.6232,8.0806,6.2105,5.4385,8.7265
2486,8.728,c_per_byte,45,5,17,9,256,4896,0.6232,8.0806,5.3361,5.4394,8.728
2487,8.7313,c_per_byte,42,6,12,17,256,5872,0.7475,2.0201,3.7242,6.5262,8.7313
2488,8.7313,c_per_byte,48,6,14,14,256,5872,0.7475,4.0403,3.5047,6.5262,8.7313
2489,8.7319,c_per_byte,48,6,15,13,256,5872,0.7475,4.0403,3.3607,6.5267,8.7319
2490,8.7319,c_per_byte,42,6,18,11,256,5872,0.7475,2.0201,1.6471,6.5267,8.7319
2491,8.7325,c_per_byte,48,6,21,9,256,5872,0.7475,4.0403,3.2091,6.5271,8.7325
2492,8.7331,c_per_byte,42,6,24,8,256,5872,0.7475,2.0201,1.6056,6.5276,8.7331
2493,8.7341,c_per_byte,49,7,14,17,256,6848,0.8717,2.0201,4.3449,7.6135,8.7341
2494,8.7347,c_per_byte,49,7,18,13,256,6848,0.8717,2.0201,2.0629,7.6139,8.7347
2495,8.7352,c_per_byte,49,7,21,11,256,6848,0.8717,2.0201,1.9217,7.6144,8.7352
2496,8.7367,c_per_byte,40,8,16,18,256,7824,0.9959,0.505,6.2043,8.7012,8.7367
2497,8.7372,c_per_byte,40,8,19,15,256,7824,0.9959,0.505,1.3743,8.7016,8.7372
2498,8.7384,sign_C,49,7,6,20,16,6736,0.8574,0.25,8.7384,0.9666,1.1273
2499,8.7545,c_per_byte,48,6,11,18,256,5856,0.7454,4.0403,7.094,6.5258,8.7545
2500,8.7551,c_per_byte,45,5,13,12,256,4880,0.6212,8.0806,5.3963,5.4385,8.7551
2501,8.7557,c_per_byte,48,6,19,10,256,5856,0.7454,4.0403,3.2209,6.5267,8.7557
2502,8.7607,sign_C,40,4,10,19,32,5648,0.7189,3.1699,8.7607,0.9341,1.2993
2503,8.7722,c_per_byte,48,8,21,13,256,7792,0.9919,1.0101,1.2975,8.7007,8.7722
2504,8.7779,c_per_byte,48,6,13,15,256,5840,0.7434,4.0403,3.7706,6.5253,8.7779
2505,8.7785,c_per_byte,48,6,16,12,256,5840,0.7434,4.0403,3.2832,6.5258,8.7785
2506,8.7832,c_per_byte,45,5,12,13,256,4864,0.6191,8.0806,5.4572,5.4381,8.7832
2507,8.7832,c_per_byte,45,5,14,11,256,4864,0.6191,8.0806,5.3631,5.4381,8.7832
2508,8.7947,c_per_byte,42,7,16,15,256,6800,0.8656,1.0101,1.6407,7.6125,8.7947
2509,8.8032,c_per_byte,48,6,23,8,256,5824,0.7413,4.0403,3.2025,6.5262,8.8032
2510,8.8074,c_per_byte,40,8,20,14,256,7760,0.9878,0.505,0.9755,8.6998,8.8074
2511,8.8149,c_per_byte,42,7,17,14,256,6784,0.8635,1.0101,1.3084,7.6121,8.8149
2512,8.8149,c_per_byte,42,7,15,16,256,6784,0.8635,1.0101,2.2611,7.6121,8.8149
2513,8.8211,sign_C,42,6,12,19,32,7216,0.9185,0.3962,8.8211,1.3643,1.4853
2514,8.8253,sign_C,48,4,13,18,16,6976,0.888,8.0,8.8253,0.6445,0.7259
2515,8.8256,c_per_byte,40,8,23,12,256,7744,0.9857,0.505,0.6598,8.6998,8.8256
2516,8.8347,c_per_byte,49,7,13,18,256,6768,0.8615,2.0201,6.4719,7.6111,8.8347
2517,8.8358,c_per_byte,49,7,19,12,256,6768,0.8615,2.0201,1.9687,7.6121,8.8358
2518,8.8372,sign_C,40,5,12,19,16,7296,0.9287,0.5,8.8372,0.7638,0.8224
2519,8.8391,c_per_byte,40,5,9,18,256,4832,0.6151,4.0403,5.8526,5.4367,8.8391
2520,8.8431,sign_C,45,5,11,19,32,6496,0.8269,1.5849,8.8431,1.1513,1.3923
2521,8.853,sign_C,40,4,11,19,16,6416,0.8167,2.0,8.853,0.6283,0.7693
2522,8.8567,c_per_byte,42,7,23,10,256,6752,0.8595,1.0101,0.9636,7.6121,8.8567
2523,8.8603,c_per_byte,48,8,17,16,256,7712,0.9817,1.0101,2.5714,8.6979,8.8603
2524,8.8664,sign_C,48,6,16,18,256,7376,0.9389,4.0403,8.8664,6.5703,6.9979
2525,8.8677,c_per_byte,40,5,10,16,256,4816,0.613,4.0403,3.5484,5.4362,8.8677
2526,8.8684,c_per_byte,45,5,11,14,256,4816,0.613,8.0806,5.568,5.4367,8.8684
2527,8.8692,sign_C,45,5,10,18,256,5216,0.664,8.0806,8.8692,5.4478,8.2051
2528,8.8692,c_per_byte,45,5,15,10,256,4816,0.613,8.0806,5.3451,5.4371,8.8692
2529,8.8726,c_per_byte,48,6,12,16,256,5776,0.7352,4.0403,4.258,6.5234,8.8726
2530,8.8726,c_per_byte,42,6,14,14,256,5776,0.7352,2.0201,1.9075,6.5234,8.8726
2531,8.8732,c_per_byte,42,6,15,13,256,5776,0.7352,2.0201,1.7634,6.5239,8.8732
2532,8.8732,c_per_byte,48,6,17,11,256,5776,0.7352,4.0403,3.2416,6.5239,8.8732
2533,8.8733,sign_C,49,7,12,19,32,7776,0.9898,0.3962,8.8733,1.5726,1.5888
2534,8.8733,sign_C,49,7,6,20,32,5952,0.7576,0.3962,8.8733,1.5188,2.0046
2535,8.8739,c_per_byte,42,6,21,9,256,5776,0.7352,2.0201,1.6118,6.5244,8.8739
2536,8.8756,c_per_byte,42,7,14,17,256,6736,0.8574,1.0101,3.4132,7.6102,8.8756
2537,8.8761,c_per_byte,42,7,18,13,256,6736,0.8574,1.0101,1.1311,7.6107,8.8761
2538,8.8766,c_per_byte,42,7,21,11,256,6736,0.8574,1.0101,0.9899,7.6111,8.8766
2539,8.8783,c_per_byte,48,8,16,17,256,7696,0.9796,1.0101,3.9008,8.6974,8.8783
2540,8.8783,c_per_byte,48,8,18,15,256,7696,0.9796,1.0101,1.8625,8.6974,8.8783
2541,8.8792,c_per_byte,48,8,24,11,256,7696,0.9796,1.0101,1.1313,8.6984,8.8792
2542,8.8966,c_per_byte,42,6,11,18,256,5760,0.7332,2.0201,5.4967,6.523,8.8966
2543,8.8972,c_per_byte,40,5,13,12,256,4800,0.611,4.0403,2.7341,5.4362,8.8972
2544,8.8979,c_per_byte,42,6,19,10,256,5760,0.7332,2.0201,1.6236,6.5239,8.8979
2545,8.9149,c_per_byte,40,8,21,13,256,7664,0.9756,0.505,0.7651,8.697,8.9149
2546,8.9149,c_per_byte,48,8,22,12,256,7664,0.9756,1.0101,1.1867,8.697,8.9149
2547,8.9208,c_per_byte,42,6,13,15,256,5744,0.7312,2.0201,2.1733,6.5225,8.9208
2548,8.9214,c_per_byte,42,6,16,12,256,5744,0.7312,2.0201,1.6859,6.523,8.9214
2549,8.9262,c_per_byte,40,5,12,13,256,4784,0.609,4.0403,2.7951,5.4357,8.9262
2550,8.9326,c_per_byte,48,8,15,18,256,7648,0.9735,1.0101,6.3822,8.6961,8.9326
2551,8.933,c_per_byte,48,8,19,14,256,7648,0.9735,1.0101,1.4858,8.6965,8.933
2552,8.9387,c_per_byte,49,7,22,10,256,6688,0.8513,2.0201,1.894,7.6097,8.9387
2553,8.9469,c_per_byte,42,6,23,8,256,5728,0.7291,2.0201,1.6052,6.5234,8.9469
2554,8.9547,c_per_byte,45,5,9,17,256,4768,0.6069,8.0806,6.9195,5.4348,8.9547
2555,8.9562,c_per_byte,45,5,18,8,256,4768,0.6069,8.0806,5.3305,5.4357,8.9562
2556,8.9707,c_per_byte,48,6,20,9,256,5712,0.7271,4.0403,3.2084,6.5225,8.9707
2557,8.9795,c_per_byte,42,7,13,18,256,6656,0.8473,1.0101,5.5401,7.6079,8.9795
2558,8.9801,c_per_byte,49,7,16,14,256,6656,0.8473,2.0201,2.218,7.6084,8.9801
2559,8.9801,c_per_byte,49,7,15,15,256,6656,0.8473,2.0201,2.5282,7.6084,8.9801
2560,8.9806,c_per_byte,42,7,19,12,256,6656,0.8473,1.0101,1.037,7.6088,8.9806
2561,8.9806,c_per_byte,49,7,20,11,256,6656,0.8473,2.0201,1.9189,7.6088,8.9806
2562,8.9811,c_per_byte,49,7,24,9,256,6656,0.8473,2.0201,1.8801,7.6093,8.9811
2563,9.006,c_per_byte,40,8,17,16,256,7584,0.9654,0.505,2.039,8.6942,9.006
2564,9.0136,c_per_byte,45,5,10,15,256,4736,0.6029,8.0806,5.7674,5.4339,9.0136
2565,9.0137,sign_C,44,4,16,18,32,7376,0.9389,6.3398,9.0137,0.9852,1.0493
2566,9.0137,sign_C,44,4,8,19,32,5072,0.6456,6.3398,9.0137,0.9174,1.421
2567,9.0144,c_per_byte,40,5,11,14,256,4736,0.6029,4.0403,2.9059,5.4343,9.0144
2568,9.0152,c_per_byte,45,5,16,9,256,4736,0.6029,8.0806,5.3354,5.4348,9.0152
2569,9.0187,c_per_byte,42,6,12,16,256,5680,0.723,2.0201,2.6608,6.5206,9.0187
2570,9.0187,c_per_byte,48,6,11,17,256,5680,0.723,4.0403,5.1443,6.5206,9.0187
2571,9.0193,c_per_byte,48,6,18,10,256,5680,0.723,4.0403,3.2195,6.5211,9.0193
2572,9.0193,c_per_byte,42,6,17,11,256,5680,0.723,2.0201,1.6444,6.5211,9.0193
2573,9.02,c_per_byte,48,6,22,8,256,5680,0.723,4.0403,3.2022,6.5216,9.02
2574,9.0218,c_per_byte,49,7,14,16,256,6624,0.8432,2.0201,3.1042,7.607,9.0218
2575,9.0223,c_per_byte,49,7,17,13,256,6624,0.8432,2.0201,2.0518,7.6074,9.0223
2576,9.0246,c_per_byte,40,8,16,17,256,7568,0.9633,0.505,3.3683,8.6937,9.0246
2577,9.0246,c_per_byte,40,8,18,15,256,7568,0.9633,0.505,1.33,8.6937,9.0246
2578,9.0251,c_per_byte,48,8,20,13,256,7568,0.9633,1.0101,1.2864,8.6942,9.0251
2579,9.0255,c_per_byte,40,8,24,11,256,7568,0.9633,0.505,0.5989,8.6947,9.0255
2580,9.0299,sign_C,40,5,12,19,32,6736,0.8574,0.7925,9.0299,1.1582,1.3508
2581,9.043,sign_C,40,5,18,18,256,7568,0.9633,4.0403,9.043,5.5169,5.7269
2582,9.043,sign_C,40,5,9,19,256,4976,0.6334,4.0403,9.043,5.4408,8.5899
2583,9.0624,c_per_byte,40,8,22,12,256,7536,0.9593,0.505,0.6543,8.6933,9.0624
2584,9.0685,c_per_byte,48,6,14,13,256,5648,0.7189,4.0403,3.3497,6.5197,9.0685
2585,9.0807,c_per_byte,40,8,15,18,256,7520,0.9572,0.505,5.8498,8.6923,9.0807
2586,9.0812,c_per_byte,40,8,19,14,256,7520,0.9572,0.505,0.9534,8.6928,9.0812
2587,9.0871,c_per_byte,42,7,22,10,256,6576,0.8371,1.0101,0.9622,7.6065,9.0871
2588,9.0936,c_per_byte,48,6,13,14,256,5632,0.7169,4.0403,3.4826,6.5193,9.0936
2589,9.0943,c_per_byte,48,6,15,12,256,5632,0.7169,4.0403,3.2777,6.5197,9.0943
2590,9.1006,c_per_byte,48,8,23,11,256,7504,0.9552,1.0101,1.1285,8.6928,9.1006
2591,9.1036,c_per_byte,40,5,9,17,256,4688,0.5967,4.0403,4.2573,5.4325,9.1036
2592,9.1076,c_per_byte,49,7,13,17,256,6560,0.835,2.0201,4.1677,7.6051,9.1076
2593,9.1081,c_per_byte,49,7,18,12,256,6560,0.835,2.0201,1.9632,7.6056,9.1081
2594,9.1166,sign_C,50,5,11,19,16,7136,0.9084,2.0,9.1166,0.7592,0.8358
2595,9.1182,c_per_byte,42,6,10,19,256,5616,0.7149,2.0201,8.6871,6.5183,9.1182
2596,9.1202,c_per_byte,42,6,20,9,256,5616,0.7149,2.0201,1.6111,6.5197,9.1202
2597,9.1298,c_per_byte,42,7,16,14,256,6544,0.833,1.0101,1.2862,7.6051,9.1298
2598,9.1298,c_per_byte,42,7,15,15,256,6544,0.833,1.0101,1.5964,7.6051,9.1298
2599,9.1304,c_per_byte,42,7,20,11,256,6544,0.833,1.0101,0.9871,7.6056,9.1304
2600,9.131,c_per_byte,42,7,24,9,256,6544,0.833,1.0101,0.9484,7.606,9.131
2601,9.1344,sign_C,48,6,12,19,32,7312,0.9308,0.7925,9.1344,1.3671,1.4688
2602,9.1348,c_per_byte,45,5,13,11,256,4672,0.5947,8.0806,5.3603,5.4325,9.1348
2603,9.1348,c_per_byte,45,5,12,12,256,4672,0.5947,8.0806,5.3907,5.4325,9.1348
2604,9.1572,c_per_byte,48,8,21,12,256,7456,0.9491,1.0101,1.1812,8.691,9.1572
2605,9.1646,c_per_byte,40,5,8,19,256,4656,0.5927,4.0403,8.334,5.4316,9.1646
2606,9.1646,c_per_byte,40,5,10,15,256,4656,0.5927,4.0403,3.1053,5.4316,9.1646
2607,9.1667,sign_C,45,5,12,19,16,7376,0.9389,1.0,9.1667,0.7661,0.816
2608,9.1698,c_per_byte,48,6,12,15,256,5584,0.7108,4.0403,3.7263,6.5179,9.1698
2609,9.1698,c_per_byte,42,6,11,17,256,5584,0.7108,2.0201,3.547,6.5179,9.1698
2610,9.1705,c_per_byte,48,6,16,11,256,5584,0.7108,4.0403,3.2389,6.5183,9.1705
2611,9.1705,c_per_byte,42,6,18,10,256,5584,0.7108,2.0201,1.6222,6.5183,9.1705
2612,9.1711,c_per_byte,42,6,22,8,256,5584,0.7108,2.0201,1.6049,6.5188,9.1711
2613,9.173,c_per_byte,42,7,14,16,256,6512,0.8289,1.0101,2.1725,7.6037,9.173
2614,9.1736,c_per_byte,42,7,17,13,256,6512,0.8289,1.0101,1.1201,7.6042,9.1736
2615,9.1741,c_per_byte,49,7,21,10,256,6512,0.8289,2.0201,1.8926,7.6046,9.1741
2616,9.1759,c_per_byte,48,8,16,16,256,7440,0.947,1.0101,2.4828,8.69,9.1759
2617,9.1759,c_per_byte,48,8,17,15,256,7440,0.947,1.0101,1.8181,8.69,9.1759
2618,9.1764,c_per_byte,40,8,20,13,256,7440,0.947,0.505,0.754,8.6905,9.1764
2619,9.1784,sign_C,50,5,10,19,32,6256,0.7963,3.1699,9.1784,1.1439,1.4364
2620,9.1798,sign_C,48,4,14,18,16,7280,0.9267,8.0,9.1798,0.6534,0.7051
2621,9.1798,sign_C,48,4,7,19,16,5264,0.6701,8.0,9.1798,0.5944,0.8871
2622,9.1962,c_per_byte,45,5,14,10,256,4640,0.5906,8.0806,5.3437,5.4316,9.1962
2623,9.1962,c_per_byte,45,5,11,13,256,4640,0.5906,8.0806,5.4461,5.4316,9.1962
2624,9.1967,c_per_byte,49,7,23,9,256,6496,0.8269,2.0201,1.8794,7.6046,9.1967
2625,9.1983,sign_C,44,4,10,19,16,6160,0.7841,4.0,9.1983,0.6204,0.7912
2626,9.2146,c_per_byte,48,8,18,14,256,7408,0.943,1.0101,1.4637,8.6891,9.2146
2627,9.2146,c_per_byte,48,8,15,17,256,7408,0.943,1.0101,3.7235,8.6891,9.2146
2628,9.2207,c_per_byte,48,6,10,18,256,5552,0.7067,4.0403,6.7395,6.5165,9.2207
2629,9.2209,sign_C,48,6,17,18,256,7680,0.9776,4.0403,9.2209,6.5791,6.7299
2630,9.2214,c_per_byte,42,6,14,13,256,5552,0.7067,2.0201,1.7524,6.5169,9.2214
2631,9.2227,c_per_byte,48,6,19,9,256,5552,0.7067,4.0403,3.2077,6.5179,9.2227
2632,9.2237,sign_C,45,5,11,18,256,5520,0.7026,8.0806,9.2237,5.4571,7.7664
2633,9.2264,c_per_byte,45,5,9,16,256,4624,0.5886,8.0806,6.1219,5.4306,9.2264
2634,9.2395,c_per_byte,49,7,12,18,256,6464,0.8228,2.0201,6.1174,7.6023,9.2395
2635,9.2406,c_per_byte,49,7,19,11,256,6464,0.8228,2.0201,1.9161,7.6032,9.2406
2636,9.2474,c_per_byte,42,6,13,14,256,5536,0.7047,2.0201,1.8853,6.5165,9.2474
2637,9.248,c_per_byte,42,6,15,12,256,5536,0.7047,2.0201,1.6804,6.5169,9.248
2638,9.2487,c_per_byte,48,6,21,8,256,5536,0.7047,4.0403,3.2018,6.5174,9.2487
2639,9.2545,c_per_byte,40,8,23,11,256,7376,0.9389,0.505,0.5961,8.6891,9.2545
2640,9.2577,c_per_byte,45,5,8,18,256,4608,0.5866,8.0806,8.1602,5.4302,9.2577
2641,9.2618,c_per_byte,42,7,13,17,256,6448,0.8208,1.0101,3.2359,7.6019,9.2618
2642,9.2624,c_per_byte,42,7,18,12,256,6448,0.8208,1.0101,1.0314,7.6023,9.2624
2643,9.2924,c_per_byte,48,8,14,18,256,7344,0.9348,1.0101,6.0277,8.6868,9.2924
2644,9.2934,c_per_byte,48,8,19,13,256,7344,0.9348,1.0101,1.2753,8.6877,9.2934
2645,9.2998,c_per_byte,48,6,11,16,256,5504,0.7006,4.0403,4.1694,6.5155,9.2998
2646,9.3005,c_per_byte,48,6,17,10,256,5504,0.7006,4.0403,3.2181,6.516,9.3005
2647,9.3074,c_per_byte,49,7,15,14,256,6416,0.8167,2.0201,2.1958,7.6014,9.3074
2648,9.3132,c_per_byte,40,8,21,12,256,7328,0.9328,0.505,0.6487,8.6872,9.3132
2649,9.3208,c_per_byte,45,5,10,14,256,4576,0.5825,8.0806,5.5458,5.4292,9.3208
2650,9.3263,c_per_byte,42,6,12,15,256,5488,0.6986,2.0201,2.129,6.5151,9.3263
2651,9.3269,c_per_byte,42,6,16,11,256,5488,0.6986,2.0201,1.6416,6.5155,9.3269
2652,9.3296,c_per_byte,49,7,14,15,256,6400,0.8147,2.0201,2.4839,7.6005,9.3296
2653,9.3301,c_per_byte,49,7,16,13,256,6400,0.8147,2.0201,2.0407,7.6009,9.3301
2654,9.3307,c_per_byte,42,7,21,10,256,6400,0.8147,1.0101,0.9608,7.6014,9.3307
2655,9.3326,c_per_byte,40,8,17,15,256,7312,0.9308,0.505,1.2857,8.6863,9.3326
2656,9.3326,c_per_byte,40,8,16,16,256,7312,0.9308,0.505,1.9504,8.6863,9.3326
2657,9.3331,c_per_byte,48,8,22,11,256,7312,0.9308,1.0101,1.1258,8.6868,9.3331
2658,9.3336,c_per_byte,48,8,24,10,256,7312,0.9308,1.0101,1.0981,8.6872,9.3336
2659,9.3541,c_per_byte,42,7,23,9,256,6384,0.8126,1.0101,0.9477,7.6014,9.3541
2660,9.3682,sign_C,44,4,17,18,32,7680,0.9776,6.3398,9.3682,0.994,1.0167
2661,9.3726,c_per_byte,40,8,18,14,256,7280,0.9267,0.505,0.9312,8.6854,9.3726
2662,9.3726,c_per_byte,40,8,15,17,256,7280,0.9267,0.505,3.1911,8.6854,9.3726
2663,9.3789,c_per_byte,42,6,10,18,256,5456,0.6945,2.0201,5.1422,6.5137,9.3789
2664,9.381,c_per_byte,42,6,19,9,256,5456,0.6945,2.0201,1.6104,6.5151,9.381
2665,9.3849,c_per_byte,40,5,9,16,256,4544,0.5784,4.0403,3.4597,5.4283,9.3849
2666,9.3961,sign_C,42,6,11,19,256,5936,0.7556,2.0201,9.3961,6.5281,8.6396
2667,9.3983,c_per_byte,49,7,13,16,256,6352,0.8086,2.0201,3.0156,7.5991,9.3983
2668,9.3983,c_per_byte,42,7,12,18,256,6352,0.8086,1.0101,5.1856,7.5991,9.3983
2669,9.3989,c_per_byte,49,7,17,12,256,6352,0.8086,2.0201,1.9577,7.5995,9.3989
2670,9.3995,c_per_byte,42,7,19,11,256,6352,0.8086,1.0101,0.9844,7.6,9.3995
2671,9.4079,c_per_byte,42,6,21,8,256,5440,0.6925,2.0201,1.6045,6.5146,9.4079
2672,9.4135,c_per_byte,48,8,20,12,256,7248,0.9226,1.0101,1.1756,8.6849,9.4135
2673,9.4172,c_per_byte,40,5,8,18,256,4528,0.5764,4.0403,5.4981,5.4278,9.4172
2674,9.4227,c_per_byte,49,7,22,9,256,6336,0.8065,2.0201,1.8787,7.5995,9.4227
2675,9.4227,c_per_byte,49,7,20,10,256,6336,0.8065,2.0201,1.8912,7.5995,9.4227
2676,9.4336,c_per_byte,48,6,14,12,256,5424,0.6904,4.0403,3.2721,6.5132,9.4336
2677,9.4336,c_per_byte,48,6,13,13,256,5424,0.6904,4.0403,3.3386,6.5132,9.4336
2678,9.4395,sign_C,42,7,12,19,256,6544,0.833,1.0101,9.4395,7.6046,9.1293
2679,9.4532,c_per_byte,40,8,14,18,256,7216,0.9185,0.505,5.4953,8.6831,9.4532
2680,9.4542,c_per_byte,40,8,19,13,256,7216,0.9185,0.505,0.7429,8.684,9.4542
2681,9.4608,c_per_byte,42,6,11,16,256,5408,0.6884,2.0201,2.5721,6.5128,9.4608
2682,9.4615,c_per_byte,42,6,17,10,256,5408,0.6884,2.0201,1.6208,6.5132,9.4615
2683,9.4688,c_per_byte,42,7,15,14,256,6304,0.8024,1.0101,1.2641,7.5981,9.4688
2684,9.4697,sign_C,40,4,11,19,32,5968,0.7597,3.1699,9.4697,0.9439,1.2424
2685,9.4876,c_per_byte,48,6,10,17,256,5392,0.6864,4.0403,4.967,6.5118,9.4876
2686,9.4882,c_per_byte,48,6,12,14,256,5392,0.6864,4.0403,3.4604,6.5123,9.4882
2687,9.4889,c_per_byte,48,6,15,11,256,5392,0.6864,4.0403,3.2361,6.5128,9.4889
2688,9.4889,c_per_byte,48,6,18,9,256,5392,0.6864,4.0403,3.207,6.5128,9.4889
2689,9.4896,c_per_byte,48,6,20,8,256,5392,0.6864,4.0403,3.2015,6.5132,9.4896
2690,9.4917,c_per_byte,42,7,14,15,256,6288,0.8004,1.0101,1.5521,7.5972,9.4917
2691,9.4923,c_per_byte,42,7,16,13,256,6288,0.8004,1.0101,1.109,7.5977,9.4923
2692,9.4948,c_per_byte,48,8,16,15,256,7184,0.9145,1.0101,1.7738,8.6826,9.4948
2693,9.4953,c_per_byte,40,8,22,11,256,7184,0.9145,0.505,0.5933,8.6831,9.4953
2694,9.4958,c_per_byte,40,8,24,10,256,7184,0.9145,0.505,0.5657,8.6835,9.4958
2695,9.5153,c_per_byte,49,7,12,17,256,6272,0.7984,2.0201,3.9904,7.5968,9.5153
2696,9.5155,c_per_byte,48,8,17,14,256,7168,0.9124,1.0101,1.4415,8.6821,9.5155
2697,9.5155,c_per_byte,48,8,15,16,256,7168,0.9124,1.0101,2.3942,8.6821,9.5155
2698,9.5157,c_per_byte,45,5,8,17,256,4480,0.5703,8.0806,6.7422,5.4265,9.5157
2699,9.5157,c_per_byte,45,5,9,15,256,4480,0.5703,8.0806,5.7231,5.4265,9.5157
2700,9.5159,c_per_byte,49,7,18,11,256,6272,0.7984,2.0201,1.9133,7.5972,9.5159
2701,9.5165,c_per_byte,45,5,12,11,256,4480,0.5703,8.0806,5.3575,5.4269,9.5165
2702,9.5171,c_per_byte,49,7,24,8,256,6272,0.7984,2.0201,1.8718,7.5981,9.5171
2703,9.5301,sign_C,42,6,13,19,32,7536,0.9593,0.3962,9.5301,1.3735,1.4319
2704,9.5343,sign_C,48,4,15,18,16,7584,0.9654,8.0,9.5343,0.6626,0.6864
2705,9.5462,sign_C,40,5,13,19,16,7616,0.9695,0.5,9.5462,0.7731,0.7974
2706,9.5498,c_per_byte,45,5,11,12,256,4464,0.5682,8.0806,5.3852,5.4265,9.5498
2707,9.5521,sign_C,45,5,12,19,32,6816,0.8676,1.5849,9.5521,1.1606,1.3376
2708,9.5581,c_per_byte,48,8,23,10,256,7136,0.9084,1.0101,1.0967,8.6821,9.5581
2709,9.562,sign_C,40,4,12,19,16,6736,0.8574,2.0,9.562,0.6376,0.7436
2710,9.5629,c_per_byte,42,7,13,16,256,6240,0.7943,1.0101,2.0838,7.5958,9.5629
2711,9.5635,c_per_byte,42,7,17,12,256,6240,0.7943,1.0101,1.0259,7.5963,9.5635
2712,9.5754,sign_C,48,6,9,19,256,5392,0.6864,4.0403,9.5754,6.5118,9.4876
2713,9.5776,c_per_byte,48,8,14,17,256,7120,0.9063,1.0101,3.5463,8.6803,9.5776
2714,9.5781,c_per_byte,48,8,18,13,256,7120,0.9063,1.0101,1.2643,8.6807,9.5781
2715,9.5782,sign_C,45,5,12,18,256,5824,0.7413,8.0806,9.5782,5.4659,7.3729
2716,9.5786,c_per_byte,48,8,21,11,256,7120,0.9063,1.0101,1.123,8.6812,9.5786
2717,9.5786,c_per_byte,40,8,20,12,256,7120,0.9063,0.505,0.6432,8.6812,9.5786
2718,9.5869,c_per_byte,42,7,11,19,256,6224,0.7923,1.0101,8.7305,7.5954,9.5869
2719,9.5881,c_per_byte,42,7,20,10,256,6224,0.7923,1.0101,0.9594,7.5963,9.5881
2720,9.5881,c_per_byte,42,7,22,9,256,6224,0.7923,1.0101,0.947,7.5963,9.5881
2721,9.5995,c_per_byte,42,6,14,12,256,5328,0.6782,2.0201,1.6748,6.5104,9.5995
2722,9.5995,c_per_byte,42,6,13,13,256,5328,0.6782,2.0201,1.7413,6.5104,9.5995
2723,9.5995,c_per_byte,48,6,11,15,256,5328,0.6782,4.0403,3.682,6.5104,9.5995
2724,9.6002,c_per_byte,48,6,16,10,256,5328,0.6782,4.0403,3.2167,6.5109,9.6002
2725,9.6503,c_per_byte,45,5,10,13,256,4416,0.5621,8.0806,5.4351,5.4246,9.6503
2726,9.6554,c_per_byte,42,6,9,19,256,5296,0.6741,2.0201,7.9781,6.509,9.6554
2727,9.6554,c_per_byte,42,6,10,17,256,5296,0.6741,2.0201,3.3697,6.509,9.6554
2728,9.6561,c_per_byte,42,6,12,14,256,5296,0.6741,2.0201,1.8631,6.5095,9.6561
2729,9.6568,c_per_byte,42,6,15,11,256,5296,0.6741,2.0201,1.6388,6.51,9.6568
2730,9.6568,c_per_byte,42,6,18,9,256,5296,0.6741,2.0201,1.6097,6.51,9.6568
2731,9.6575,c_per_byte,42,6,20,8,256,5296,0.6741,2.0201,1.6042,6.5104,9.6575
2732,9.6597,c_per_byte,49,7,14,14,256,6176,0.7862,2.0201,2.1737,7.594,9.6597
2733,9.6603,c_per_byte,49,7,15,13,256,6176,0.7862,2.0201,2.0297,7.5944,9.6603
2734,9.6609,c_per_byte,49,7,21,9,256,6176,0.7862,2.0201,1.878,7.5949,9.6609
2735,9.6623,sign_C,49,7,11,19,256,6336,0.8065,2.0201,9.6623,7.5986,9.4215
2736,9.6629,c_per_byte,40,8,16,15,256,7056,0.8982,0.505,1.2414,8.6789,9.6629
2737,9.6838,c_per_byte,48,8,13,18,256,7040,0.8961,1.0101,5.6732,8.678,9.6838
2738,9.6842,c_per_byte,42,7,12,17,256,6160,0.7841,1.0101,3.0587,7.5935,9.6842
2739,9.6842,c_per_byte,49,7,11,18,256,6160,0.7841,2.0201,5.7629,7.5935,9.6842
2740,9.6843,c_per_byte,40,8,17,14,256,7040,0.8961,0.505,0.9091,8.6784,9.6843
2741,9.6843,c_per_byte,40,8,15,16,256,7040,0.8961,0.505,1.8618,8.6784,9.6843
2742,9.6848,c_per_byte,42,7,18,11,256,6160,0.7841,1.0101,0.9816,7.594,9.6848
2743,9.6848,c_per_byte,48,8,19,12,256,7040,0.8961,1.0101,1.1701,8.6789,9.6848
2744,9.6854,c_per_byte,49,7,19,10,256,6160,0.7841,2.0201,1.8898,7.5944,9.6854
2745,9.686,c_per_byte,42,7,24,8,256,6160,0.7841,1.0101,0.94,7.5949,9.686
2746,9.7088,c_per_byte,49,7,13,15,256,6144,0.7821,2.0201,2.4395,7.593,9.7088
2747,9.7094,c_per_byte,49,7,16,12,256,6144,0.7821,2.0201,1.9521,7.5935,9.7094
2748,9.7226,sign_C,44,4,9,19,32,5392,0.6864,6.3398,9.7226,0.9267,1.3502
2749,9.7286,c_per_byte,40,8,23,10,256,7008,0.8921,0.505,0.5643,8.6784,9.7286
2750,9.7353,c_per_byte,49,7,23,8,256,6128,0.78,2.0201,1.8715,7.594,9.7353
2751,9.7389,sign_C,40,5,13,19,32,7056,0.8982,0.7925,9.7389,1.1675,1.2999
2752,9.7416,c_per_byte,48,6,9,18,256,5248,0.668,4.0403,6.385,6.5077,9.7416
2753,9.7437,c_per_byte,48,6,19,8,256,5248,0.668,4.0403,3.2011,6.509,9.7437
2754,9.7487,c_per_byte,40,8,14,17,256,6992,0.89,0.505,3.0139,8.6766,9.7487
2755,9.7492,sign_C,40,8,13,19,256,7120,0.9063,0.505,9.7492,8.6803,9.5776
2756,9.7492,c_per_byte,40,8,18,13,256,6992,0.89,0.505,0.7318,8.677,9.7492
2757,9.7498,c_per_byte,40,8,21,11,256,6992,0.89,0.505,0.5906,8.6775,9.7498
2758,9.752,sign_C,40,5,10,19,256,5296,0.6741,4.0403,9.752,5.4501,8.0846
2759,9.7707,c_per_byte,48,6,10,16,256,5232,0.666,4.0403,4.0808,6.5072,9.7707
2760,9.7714,c_per_byte,42,6,11,15,256,5232,0.666,2.0201,2.0847,6.5077,9.7714
2761,9.7721,c_per_byte,42,6,16,10,256,5232,0.666,2.0201,1.6194,6.5081,9.7721
2762,9.7721,c_per_byte,48,6,17,9,256,5232,0.666,4.0403,3.2063,6.5081,9.7721
2763,9.7888,c_per_byte,45,5,8,16,256,4352,0.554,8.0806,6.0333,5.4227,9.7888
2764,9.7935,c_per_byte,48,8,22,10,256,6960,0.8859,1.0101,1.0953,8.6766,9.7935
2765,9.8007,c_per_byte,48,6,13,12,256,5216,0.664,4.0403,3.2666,6.5072,9.8007
2766,9.8086,c_per_byte,49,7,12,16,256,6080,0.7739,2.0201,2.927,7.5912,9.8086
2767,9.8092,c_per_byte,49,7,17,11,256,6080,0.7739,2.0201,1.9106,7.5916,9.8092
2768,9.8201,c_per_byte,45,9,20,13,256,7808,0.9939,0.505,0.8205,9.7601,9.8201
2769,9.8256,sign_C,50,5,12,19,16,7456,0.9491,2.0,9.8256,0.7684,0.8097
2770,9.8256,sign_C,50,5,6,20,16,5632,0.7169,2.0,9.8256,0.7146,0.9968
2771,9.8302,c_per_byte,48,6,14,11,256,5200,0.6619,4.0403,3.2333,6.5067,9.8302
2772,9.8302,c_per_byte,48,6,12,13,256,5200,0.6619,4.0403,3.3275,6.5067,9.8302
2773,9.8339,c_per_byte,42,7,14,14,256,6064,0.7719,1.0101,1.2419,7.5907,9.8339
2774,9.8345,c_per_byte,42,7,15,13,256,6064,0.7719,1.0101,1.0979,7.5912,9.8345
2775,9.8351,c_per_byte,42,7,21,9,256,6064,0.7719,1.0101,0.9463,7.5916,9.8351
2776,9.8367,c_per_byte,48,8,12,19,256,6928,0.8819,1.0101,9.5726,8.6747,9.8367
2777,9.8372,c_per_byte,48,8,15,15,256,6928,0.8819,1.0101,1.7295,8.6752,9.8372
2778,9.8372,c_per_byte,48,8,16,14,256,6928,0.8819,1.0101,1.4193,8.6752,9.8372
2779,9.8377,c_per_byte,48,8,20,11,256,6928,0.8819,1.0101,1.1202,8.6756,9.8377
2780,9.8383,c_per_byte,48,8,24,9,256,6928,0.8819,1.0101,1.0815,8.6761,9.8383
2781,9.8433,sign_C,48,6,13,19,32,7632,0.9715,0.7925,9.8433,1.3763,1.4167
2782,9.8589,c_per_byte,40,8,13,18,256,6912,0.8798,0.505,5.1408,8.6742,9.8589
2783,9.8593,c_per_byte,42,7,11,18,256,6048,0.7699,1.0101,4.8311,7.5903,9.8593
2784,9.86,c_per_byte,40,8,19,12,256,6912,0.8798,0.505,0.6377,8.6752,9.86
2785,9.8605,c_per_byte,42,7,19,10,256,6048,0.7699,1.0101,0.9581,7.5912,9.8605
2786,9.8757,sign_C,45,5,13,19,16,7696,0.9796,1.0,9.8757,0.7754,0.7915
2787,9.8813,c_per_byte,48,8,14,16,256,6896,0.8778,1.0101,2.3056,8.6738,9.8813
2788,9.8818,c_per_byte,48,8,17,13,256,6896,0.8778,1.0101,1.2532,8.6742,9.8818
2789,9.8848,c_per_byte,42,7,13,15,256,6032,0.7678,1.0101,1.5078,7.5898,9.8848
2790,9.8855,c_per_byte,42,7,16,12,256,6032,0.7678,1.0101,1.0204,7.5903,9.8855
2791,9.8874,sign_C,50,5,11,19,32,6576,0.8371,3.1699,9.8874,1.1536,1.3781
2792,9.8888,sign_C,48,4,8,19,16,5584,0.7108,8.0,9.8888,0.6037,0.8493
2793,9.8955,c_per_byte,45,5,7,18,256,4304,0.5479,8.0806,7.8057,5.4213,9.8955
2794,9.8998,c_per_byte,45,9,23,11,256,7744,0.9857,0.505,0.6627,9.7587,9.8998
2795,9.9073,sign_C,44,4,11,19,16,6480,0.8248,4.0,9.9073,0.6302,0.764
2796,9.9099,c_per_byte,49,7,10,19,256,6016,0.7658,2.0201,8.9533,7.5889,9.9099
2797,9.9117,c_per_byte,49,7,20,9,256,6016,0.7658,2.0201,1.8773,7.5903,9.9117
2798,9.9123,c_per_byte,42,7,23,8,256,6016,0.7658,1.0101,0.9397,7.5907,9.9123
2799,9.9189,c_per_byte,42,6,9,18,256,5152,0.6558,2.0201,4.7877,6.5049,9.9189
2800,9.9196,c_per_byte,48,6,11,14,256,5152,0.6558,4.0403,3.4383,6.5053,9.9196
2801,9.9203,c_per_byte,48,6,15,10,256,5152,0.6558,4.0403,3.2153,6.5058,9.9203
2802,9.9327,sign_C,45,5,13,18,256,6128,0.78,8.0806,9.9327,5.4747,7.0185
2803,9.9491,c_per_byte,42,6,10,16,256,5136,0.6538,2.0201,2.4835,6.5044,9.9491
2804,9.9505,c_per_byte,42,6,17,9,256,5136,0.6538,2.0201,1.609,6.5053,9.9505
2805,9.9597,c_per_byte,45,9,21,12,256,7696,0.9796,0.505,0.7153,9.7568,9.9597
2806,9.9623,c_per_byte,49,7,11,17,256,5984,0.7617,2.0201,3.8132,7.5884,9.9623
2807,9.9629,c_per_byte,49,7,18,10,256,5984,0.7617,2.0201,1.8884,7.5889,9.9629
2808,9.9635,c_per_byte,49,7,22,8,256,5984,0.7617,2.0201,1.8711,7.5893,9.9635
2809,9.9717,c_per_byte,48,8,13,17,256,6832,0.8697,1.0101,3.369,8.6719,9.9717
2810,9.9722,c_per_byte,48,8,18,12,256,6832,0.8697,1.0101,1.1646,8.6724,9.9722
2811,9.9728,c_per_byte,40,8,22,10,256,6832,0.8697,0.505,0.5629,8.6729,9.9728
2812,9.9795,c_per_byte,45,9,17,15,256,7680,0.9776,0.505,1.3523,9.7559,9.9795
2813,9.9795,c_per_byte,45,9,16,16,256,7680,0.9776,0.505,2.0169,9.7559,9.9795
2814,9.9802,c_per_byte,42,6,13,12,256,5120,0.6517,2.0201,1.6693,6.5044,9.9802
2815,9.9884,c_per_byte,42,7,12,16,256,5968,0.7597,1.0101,1.9952,7.5879,9.9884
2816,9.989,c_per_byte,42,7,17,11,256,5968,0.7597,1.0101,0.9788,7.5884,9.989
2817,9.991,sign_C,40,10,7,20,32,7488,0.9532,0.0495,9.991,2.1401,2.2453
2818,9.9916,sign_C,40,8,7,20,16,7488,0.9532,0.0625,9.9916,1.0988,1.1528
2819,10.0101,c_per_byte,48,6,9,17,256,5104,0.6497,4.0403,4.7898,6.5035,10.0101
2820,10.0108,c_per_byte,42,6,12,13,256,5104,0.6497,2.0201,1.7302,6.5039,10.0108
2821,10.0108,c_per_byte,42,6,14,11,256,5104,0.6497,2.0201,1.6361,6.5039,10.0108
2822,10.0115,c_per_byte,48,6,18,8,256,5104,0.6497,4.0403,3.2008,6.5044,10.0115
2823,10.0146,c_per_byte,49,7,14,13,256,5952,0.7576,2.0201,2.0186,7.5875,10.0146
2824,10.0176,c_per_byte,40,8,12,19,256,6800,0.8656,0.505,9.0402,8.671,10.0176
2825,10.0181,c_per_byte,40,8,15,15,256,6800,0.8656,0.505,1.1971,8.6715,10.0181
2826,10.0181,c_per_byte,40,8,16,14,256,6800,0.8656,0.505,0.8869,8.6715,10.0181
2827,10.0186,c_per_byte,40,8,20,11,256,6800,0.8656,0.505,0.5878,8.6719,10.0186
2828,10.0192,c_per_byte,40,8,24,9,256,6800,0.8656,0.505,0.549,8.6724,10.0192
2829,10.0203,c_per_byte,45,9,18,14,256,7648,0.9735,0.505,0.9978,9.755,10.0203
2830,10.0203,c_per_byte,45,9,15,17,256,7648,0.9735,0.505,3.2577,9.755,10.0203
2831,10.0302,sign_C,40,8,7,20,32,6592,0.8391,0.0991,10.0302,1.7299,2.0616
2832,10.041,c_per_byte,49,7,13,14,256,5936,0.7556,2.0201,2.1515,7.587,10.041
2833,10.041,sign_C,42,7,7,20,16,6960,0.8859,0.125,10.041,0.9735,1.0989
2834,10.0416,c_per_byte,49,7,15,12,256,5936,0.7556,2.0201,1.9466,7.5875,10.0416
2835,10.0417,c_per_byte,48,8,21,10,256,6784,0.8635,1.0101,1.0939,8.6715,10.0417
2836,10.0432,sign_C,45,9,7,20,32,7120,0.9063,0.0991,10.0432,1.9374,2.1376
2837,10.0563,sign_C,50,10,7,20,32,7648,0.9735,0.0991,10.0563,2.1448,2.2031
2838,10.0575,sign_C,48,8,7,20,16,7616,0.9695,0.125,10.0575,1.1026,1.1373
2839,10.0638,c_per_byte,40,8,14,16,256,6768,0.8615,0.505,1.7731,8.6701,10.0638
2840,10.0644,c_per_byte,40,8,17,13,256,6768,0.8615,0.505,0.7207,8.6705,10.0644
2841,10.0655,c_per_byte,48,8,23,9,256,6768,0.8615,1.0101,1.0808,8.6715,10.0655
2842,10.0718,c_per_byte,48,6,10,15,256,5072,0.6456,4.0403,3.6377,6.5026,10.0718
2843,10.0718,c_per_byte,48,6,8,19,256,5072,0.6456,4.0403,8.8664,6.5026,10.0718
2844,10.0732,c_per_byte,48,6,16,9,256,5072,0.6456,4.0403,3.2056,6.5035,10.0732
2845,10.0936,c_per_byte,42,7,10,19,256,5904,0.7515,1.0101,8.0216,7.5856,10.0936
2846,10.0954,c_per_byte,42,7,20,9,256,5904,0.7515,1.0101,0.9456,7.587,10.0954
2847,10.1024,c_per_byte,45,9,14,18,256,7584,0.9654,0.505,5.5618,9.7527,10.1024
2848,10.1034,c_per_byte,45,9,19,13,256,7584,0.9654,0.505,0.8095,9.7536,10.1034
2849,10.1036,c_per_byte,42,6,11,14,256,5056,0.6436,2.0201,1.841,6.5026,10.1036
2850,10.1044,c_per_byte,42,6,15,10,256,5056,0.6436,2.0201,1.6181,6.503,10.1044
2851,10.1051,sign_C,42,6,12,19,256,6256,0.7963,2.0201,10.1051,6.5374,8.2093
2852,10.1085,sign_C,42,7,7,20,32,6176,0.7862,0.1981,10.1085,1.5258,1.9408
2853,10.1106,c_per_byte,48,8,12,18,256,6736,0.8574,1.0101,5.3187,8.6691,10.1106
2854,10.1116,c_per_byte,48,8,19,11,256,6736,0.8574,1.0101,1.1175,8.6701,10.1116
2855,10.121,c_per_byte,49,7,12,15,256,5888,0.7495,2.0201,2.3952,7.5856,10.121
2856,10.1216,c_per_byte,49,7,16,11,256,5888,0.7495,2.0201,1.9078,7.5861,10.1216
2857,10.1234,sign_C,42,6,7,20,16,6400,0.8147,0.25,10.1234,0.8473,1.0401
2858,10.1346,sign_C,48,8,7,20,32,6720,0.8554,0.1981,10.1346,1.7336,2.0267
2859,10.1453,c_per_byte,45,9,22,11,256,7552,0.9613,0.505,0.6599,9.7527,10.1453
2860,10.1457,c_per_byte,45,9,24,10,256,7552,0.9613,0.505,0.6322,9.7531,10.1457
2861,10.148,c_per_byte,42,7,11,17,256,5872,0.7475,1.0101,2.8814,7.5852,10.148
2862,10.1485,sign_C,42,7,13,19,256,6864,0.8737,1.0101,10.1485,7.6139,8.7143
2863,10.1486,c_per_byte,42,7,18,10,256,5872,0.7475,1.0101,0.9567,7.5856,10.1486
2864,10.1492,c_per_byte,42,7,22,8,256,5872,0.7475,1.0101,0.9394,7.5861,10.1492
2865,10.1564,sign_C,49,7,7,20,16,7072,0.9002,0.25,10.1564,0.9768,1.0851
2866,10.1577,c_per_byte,40,8,13,17,256,6704,0.8534,0.505,2.8366,8.6682,10.1577
2867,10.1583,c_per_byte,40,8,18,12,256,6704,0.8534,0.505,0.6321,8.6687,10.1583
2868,10.1745,c_per_byte,49,7,10,18,256,5856,0.7454,2.0201,5.4084,7.5842,10.1745
2869,10.1763,c_per_byte,49,7,19,9,256,5856,0.7454,2.0201,1.8766,7.5856,10.1763
2870,10.1787,sign_C,40,4,12,19,32,6288,0.8004,3.1699,10.1787,0.9531,1.1908
2871,10.182,c_per_byte,48,8,15,14,256,6688,0.8513,1.0101,1.3972,8.6682,10.182
2872,10.1976,c_per_byte,42,6,9,17,256,5008,0.6375,2.0201,3.1925,6.5007,10.1976
2873,10.1983,c_per_byte,48,6,13,11,256,5008,0.6375,4.0403,3.2306,6.5012,10.1983
2874,10.1983,c_per_byte,48,6,12,12,256,5008,0.6375,4.0403,3.261,6.5012,10.1983
2875,10.2023,c_per_byte,42,7,14,13,256,5840,0.7434,1.0101,1.0868,7.5842,10.2023
2876,10.2036,c_per_byte,49,7,21,8,256,5840,0.7434,2.0201,1.8708,7.5852,10.2036
2877,10.2054,c_per_byte,48,8,14,15,256,6672,0.8493,1.0101,1.6852,8.6673,10.2054
2878,10.2059,c_per_byte,48,8,16,13,256,6672,0.8493,1.0101,1.2421,8.6677,10.2059
2879,10.229,c_per_byte,45,9,13,19,256,7488,0.9532,0.505,9.8157,9.7499,10.229
2880,10.2297,c_per_byte,42,7,13,14,256,5824,0.7413,1.0101,1.2198,7.5838,10.2297
2881,10.23,c_per_byte,45,9,20,12,256,7488,0.9532,0.505,0.7098,9.7508,10.23
2882,10.2304,c_per_byte,42,7,15,12,256,5824,0.7413,1.0101,1.0148,7.5842,10.2304
2883,10.2304,c_per_byte,40,8,21,10,256,6656,0.8473,0.505,0.5615,8.6677,10.2304
2884,10.239,sign_C,42,6,7,20,32,5728,0.7291,0.3962,10.239,1.3206,1.8113
2885,10.2551,c_per_byte,40,8,23,9,256,6640,0.8452,0.505,0.5483,8.6677,10.2551
2886,10.2552,sign_C,40,5,7,20,16,5808,0.7393,0.5,10.2552,0.7202,0.9741
2887,10.2573,c_per_byte,49,7,11,16,256,5808,0.7393,2.0201,2.8383,7.5833,10.2573
2888,10.2579,c_per_byte,49,7,17,10,256,5808,0.7393,2.0201,1.887,7.5838,10.2579
2889,10.2611,sign_C,45,5,13,19,32,7136,0.9084,1.5849,10.2611,1.1698,1.2879
2890,10.2617,c_per_byte,42,6,8,19,256,4976,0.6334,2.0201,7.2691,6.4998,10.2617
2891,10.2617,c_per_byte,42,6,10,15,256,4976,0.6334,2.0201,2.0404,6.4998,10.2617
2892,10.2624,c_per_byte,48,6,11,13,256,4976,0.6334,4.0403,3.3164,6.5002,10.2624
2893,10.2624,c_per_byte,48,6,14,10,256,4976,0.6334,4.0403,3.214,6.5002,10.2624
2894,10.271,sign_C,40,4,13,19,16,7056,0.8982,2.0,10.271,0.6469,0.7202
2895,10.2777,c_per_byte,48,8,13,16,256,6624,0.8432,1.0101,2.2169,8.6659,10.2777
2896,10.2782,c_per_byte,48,8,17,12,256,6624,0.8432,1.0101,1.159,8.6664,10.2782
2897,10.2816,sign_C,48,8,13,19,256,7248,0.9226,1.0101,10.2816,8.684,9.4124
2898,10.2844,sign_C,48,6,10,19,256,5712,0.7271,4.0403,10.2844,6.5211,8.9688
2899,10.2872,sign_C,45,5,14,18,256,6432,0.8187,8.0806,10.2872,5.4835,6.6975
2900,10.2872,sign_C,45,5,7,19,256,4416,0.5621,8.0806,10.2872,5.4246,9.6503
2901,10.2913,sign_C,49,7,7,20,32,6288,0.8004,0.3962,10.2913,1.529,1.9103
2902,10.2941,c_per_byte,48,6,9,16,256,4960,0.6314,4.0403,3.9922,6.4993,10.2941
2903,10.2955,c_per_byte,48,6,17,8,256,4960,0.6314,4.0403,3.2005,6.5002,10.2955
2904,10.302,c_per_byte,48,8,11,19,256,6608,0.8411,1.0101,8.8637,8.6654,10.302
2905,10.302,c_per_byte,40,8,12,18,256,6608,0.8411,0.505,4.7863,8.6654,10.302
2906,10.3031,c_per_byte,48,8,20,10,256,6608,0.8411,1.0101,1.0925,8.6664,10.3031
2907,10.3031,c_per_byte,48,8,22,9,256,6608,0.8411,1.0101,1.0801,8.6664,10.3031
2908,10.3031,c_per_byte,40,8,19,11,256,6608,0.8411,0.505,0.585,8.6664,10.3031
2909,10.3129,c_per_byte,42,7,12,15,256,5776,0.7352,1.0101,1.4635,7.5824,10.3129
2910,10.3135,c_per_byte,42,7,16,11,256,5776,0.7352,1.0101,0.9761,7.5828,10.3135
2911,10.3158,c_per_byte,45,9,16,15,256,7424,0.945,0.505,1.308,9.7485,10.3158
2912,10.3211,sign_C,48,6,7,20,16,6496,0.8269,0.5,10.3211,0.8501,1.0281
2913,10.3266,c_per_byte,48,6,8,18,256,4944,0.6293,4.0403,6.0305,6.4988,10.3266
2914,10.3375,c_per_byte,45,9,17,14,256,7408,0.943,0.505,0.9756,9.748,10.3375
2915,10.3375,c_per_byte,45,9,15,16,256,7408,0.943,0.505,1.9283,9.748,10.3375
2916,10.3684,c_per_byte,42,7,10,18,256,5744,0.7312,1.0101,4.4767,7.581,10.3684
2917,10.3703,c_per_byte,42,7,19,9,256,5744,0.7312,1.0101,0.9449,7.5824,10.3703
2918,10.3713,sign_C,49,7,12,19,256,6656,0.8473,2.0201,10.3713,7.6079,8.9795
2919,10.3763,c_per_byte,40,8,15,14,256,6560,0.835,0.505,0.8648,8.6645,10.3763
2920,10.3824,c_per_byte,45,9,23,10,256,7376,0.9389,0.505,0.6308,9.748,10.3824
2921,10.3924,c_per_byte,48,6,10,14,256,4912,0.6253,4.0403,3.4161,6.4979,10.3924
2922,10.3932,c_per_byte,42,6,12,12,256,4912,0.6253,2.0201,1.6637,6.4984,10.3932
2923,10.3932,c_per_byte,42,6,13,11,256,4912,0.6253,2.0201,1.6333,6.4984,10.3932
2924,10.3939,c_per_byte,48,6,15,9,256,4912,0.6253,4.0403,3.205,6.4988,10.3939
2925,10.3974,c_per_byte,49,7,13,13,256,5728,0.7291,2.0201,2.0075,7.581,10.3974
2926,10.3974,c_per_byte,49,7,14,12,256,5728,0.7291,2.0201,1.941,7.581,10.3974
2927,10.3986,c_per_byte,42,7,21,8,256,5728,0.7291,1.0101,0.939,7.5819,10.3986
2928,10.4005,c_per_byte,48,8,12,17,256,6544,0.833,1.0101,3.1918,8.6636,10.4005
2929,10.4005,c_per_byte,40,8,14,15,256,6544,0.833,0.505,1.1528,8.6636,10.4005
2930,10.4011,c_per_byte,48,8,18,11,256,6544,0.833,1.0101,1.1147,8.664,10.4011
2931,10.4011,c_per_byte,40,8,16,13,256,6544,0.833,0.505,0.7097,8.664,10.4011
2932,10.4022,c_per_byte,48,8,24,8,256,6544,0.833,1.0101,1.0732,8.665,10.4022
2933,10.403,c_per_byte,45,9,14,17,256,7360,0.9369,0.505,3.0804,9.7462,10.403
2934,10.4035,c_per_byte,45,9,18,13,256,7360,0.9369,0.505,0.7984,9.7466,10.4035
2935,10.404,c_per_byte,45,9,21,11,256,7360,0.9369,0.505,0.6571,9.7471,10.404
2936,10.4316,sign_C,44,4,10,19,32,5712,0.7271,6.3398,10.4316,0.936,1.2873
2937,10.4479,sign_C,40,5,14,19,32,7376,0.9389,0.7925,10.4479,1.1768,1.2534
2938,10.4479,sign_C,40,5,7,20,32,5248,0.668,0.7925,10.4479,1.1146,1.6685
2939,10.4539,c_per_byte,49,7,9,19,256,5696,0.7251,2.0201,8.2443,7.5796,10.4539
2940,10.4539,c_per_byte,49,7,10,17,256,5696,0.7251,2.0201,3.636,7.5796,10.4539
2941,10.4545,c_per_byte,49,7,12,14,256,5696,0.7251,2.0201,2.1294,7.58,10.4545
2942,10.4545,c_per_byte,42,7,11,16,256,5696,0.7251,1.0101,1.9066,7.58,10.4545
2943,10.4551,c_per_byte,49,7,18,9,256,5696,0.7251,2.0201,1.876,7.5805,10.4551
2944,10.4551,c_per_byte,42,7,17,10,256,5696,0.7251,1.0101,0.9553,7.5805,10.4551
2945,10.4551,c_per_byte,49,7,15,11,256,5696,0.7251,2.0201,1.905,7.5805,10.4551
2946,10.4558,c_per_byte,49,7,20,8,256,5696,0.7251,2.0201,1.8704,7.581,10.4558
2947,10.4582,sign_C,40,8,14,19,256,7440,0.947,0.505,10.4582,8.6896,9.1754
2948,10.4598,c_per_byte,42,6,11,13,256,4880,0.6212,2.0201,1.7191,6.4974,10.4598
2949,10.4609,sign_C,40,5,11,19,256,5616,0.7149,4.0403,10.4609,5.4599,7.6376
2950,10.4757,c_per_byte,40,8,13,16,256,6496,0.8269,0.505,1.6845,8.6622,10.4757
2951,10.4763,c_per_byte,40,8,17,12,256,6496,0.8269,0.505,0.6266,8.6626,10.4763
2952,10.4927,c_per_byte,42,6,9,16,256,4864,0.6191,2.0201,2.3949,6.4965,10.4927
2953,10.501,c_per_byte,40,8,11,19,256,6480,0.8248,0.505,8.3312,8.6617,10.501
2954,10.5021,c_per_byte,40,8,20,10,256,6480,0.8248,0.505,0.5601,8.6626,10.5021
2955,10.5021,c_per_byte,40,8,22,9,256,6480,0.8248,0.505,0.5477,8.6626,10.5021
2956,10.5148,c_per_byte,45,9,13,18,256,7280,0.9267,0.505,5.2074,9.7439,10.5148
2957,10.5158,c_per_byte,45,9,19,12,256,7280,0.9267,0.505,0.7042,9.7448,10.5158
2958,10.5247,sign_C,45,9,14,19,256,7808,0.9939,0.505,10.5247,9.7592,9.8192
2959,10.5266,c_per_byte,42,6,8,18,256,4848,0.6171,2.0201,4.4332,6.4961,10.5266
2960,10.5346,sign_C,50,5,13,19,16,7776,0.9898,2.0,10.5346,0.7777,0.7857
2961,10.552,c_per_byte,48,8,14,14,256,6448,0.8208,1.0101,1.375,8.6608,10.552
2962,10.5523,sign_C,48,6,7,20,32,5824,0.7413,0.7925,10.5523,1.3234,1.7852
2963,10.5525,c_per_byte,48,8,15,13,256,6448,0.8208,1.0101,1.231,8.6613,10.5525
2964,10.5531,c_per_byte,48,8,21,9,256,6448,0.8208,1.0101,1.0794,8.6617,10.5531
2965,10.5707,c_per_byte,49,7,11,15,256,5632,0.7169,2.0201,2.3509,7.5782,10.5707
2966,10.5714,c_per_byte,49,7,16,10,256,5632,0.7169,2.0201,1.8856,7.5787,10.5714
2967,10.5777,c_per_byte,48,8,11,18,256,6432,0.8187,1.0101,4.9643,8.6603,10.5777
2968,10.5788,c_per_byte,48,8,19,10,256,6432,0.8187,1.0101,1.0912,8.6613,10.5788
2969,10.5846,sign_C,45,5,7,20,16,5888,0.7495,1.0,10.5846,0.7225,0.964
2970,10.595,c_per_byte,48,6,9,15,256,4816,0.613,4.0403,3.5934,6.4951,10.595
2971,10.595,c_per_byte,48,6,8,17,256,4816,0.613,4.0403,4.6125,6.4951,10.595
2972,10.595,c_per_byte,42,6,10,14,256,4816,0.613,2.0201,1.8188,6.4951,10.595
2973,10.5958,c_per_byte,48,6,12,11,256,4816,0.613,4.0403,3.2278,6.4956,10.5958
2974,10.5964,sign_C,50,5,12,19,32,6896,0.8778,3.1699,10.5964,1.1629,1.3248
2975,10.5964,sign_C,50,5,6,20,32,5072,0.6456,3.1699,10.5964,1.109,1.7178
2976,10.5966,c_per_byte,48,6,16,8,256,4816,0.613,4.0403,3.2001,6.4961,10.5966
2977,10.5978,sign_C,48,4,9,19,16,5904,0.7515,8.0,10.5978,0.613,0.8157
2978,10.6002,c_per_byte,42,7,14,12,256,5616,0.7149,1.0101,1.0093,7.5777,10.6002
2979,10.6002,c_per_byte,42,7,13,13,256,5616,0.7149,1.0101,1.0758,7.5777,10.6002
2980,10.6035,c_per_byte,48,8,13,15,256,6416,0.8167,1.0101,1.6409,8.6599,10.6035
2981,10.6035,c_per_byte,40,8,12,17,256,6416,0.8167,0.505,2.6594,8.6599,10.6035
2982,10.604,c_per_byte,48,8,16,12,256,6416,0.8167,1.0101,1.1535,8.6603,10.604
2983,10.604,c_per_byte,40,8,18,11,256,6416,0.8167,0.505,0.5823,8.6603,10.604
2984,10.6052,c_per_byte,40,8,24,8,256,6416,0.8167,0.505,0.5407,8.6613,10.6052
2985,10.6163,sign_C,44,4,12,19,16,6800,0.8656,4.0,10.6163,0.6394,0.7387
2986,10.6301,c_per_byte,45,9,22,10,256,7200,0.9165,0.505,0.6294,9.7425,10.6301
2987,10.6304,c_per_byte,48,6,13,10,256,4800,0.611,4.0403,3.2126,6.4951,10.6304
2988,10.6304,c_per_byte,48,6,11,12,256,4800,0.611,4.0403,3.2555,6.4951,10.6304
2989,10.6311,c_per_byte,48,8,23,8,256,6400,0.8147,1.0101,1.0728,8.6608,10.6311
2990,10.6416,sign_C,45,5,15,18,256,6736,0.8574,8.0806,10.6416,5.4928,6.4061
2991,10.659,c_per_byte,42,7,9,19,256,5584,0.7108,1.0101,7.3126,7.5763,10.659
2992,10.659,c_per_byte,42,7,10,17,256,5584,0.7108,1.0101,2.7042,7.5763,10.659
2993,10.6596,c_per_byte,42,7,12,14,256,5584,0.7108,1.0101,1.1976,7.5768,10.6596
2994,10.6603,c_per_byte,42,7,18,9,256,5584,0.7108,1.0101,0.9442,7.5773,10.6603
2995,10.6603,c_per_byte,42,7,15,11,256,5584,0.7108,1.0101,0.9733,7.5773,10.6603
2996,10.6609,c_per_byte,42,7,20,8,256,5584,0.7108,1.0101,0.9387,7.5777,10.6609
2997,10.6755,c_per_byte,45,9,12,19,256,7168,0.9124,0.505,9.1068,9.7406,10.6755
2998,10.676,c_per_byte,45,9,15,15,256,7168,0.9124,0.505,1.2636,9.7411,10.676
2999,10.676,c_per_byte,45,9,16,14,256,7168,0.9124,0.505,0.9535,9.7411,10.676
3000,10.6765,c_per_byte,45,9,20,11,256,7168,0.9124,0.505,0.6544,9.7415,10.6765
3001,10.6771,c_per_byte,45,9,24,9,256,7168,0.9124,0.505,0.6156,9.742,10.6771
3002,10.708,c_per_byte,48,8,12,16,256,6352,0.8086,1.0101,2.1283,8.658,10.708
3003,10.7086,c_per_byte,48,8,17,11,256,6352,0.8086,1.0101,1.1119,8.6585,10.7086
3004,10.7191,c_per_byte,49,7,9,18,256,5552,0.7067,2.0201,5.0539,7.5754,10.7191
3005,10.7211,c_per_byte,49,7,19,8,256,5552,0.7067,2.0201,1.8701,7.5768,10.7211
3006,10.7224,c_per_byte,45,9,14,16,256,7136,0.9084,0.505,1.8397,9.7397,10.7224
3007,10.7229,c_per_byte,45,9,17,13,256,7136,0.9084,0.505,0.7873,9.7401,10.7229
3008,10.7347,c_per_byte,48,6,7,19,256,4752,0.6049,4.0403,8.1574,6.4933,10.7347
3009,10.7347,c_per_byte,48,6,10,13,256,4752,0.6049,4.0403,3.3053,6.4933,10.7347
3010,10.7354,c_per_byte,48,6,14,9,256,4752,0.6049,4.0403,3.2043,6.4937,10.7354
3011,10.7494,c_per_byte,49,7,10,16,256,5536,0.7047,2.0201,2.7497,7.5749,10.7494
3012,10.7507,c_per_byte,49,7,17,9,256,5536,0.7047,2.0201,1.8753,7.5759,10.7507
3013,10.7611,c_per_byte,40,8,14,14,256,6320,0.8045,0.505,0.8426,8.6571,10.7611
3014,10.7617,c_per_byte,40,8,15,13,256,6320,0.8045,0.505,0.6986,8.6575,10.7617
3015,10.7622,c_per_byte,40,8,21,9,256,6320,0.8045,0.505,0.547,8.658,10.7622
3016,10.7806,c_per_byte,49,7,13,12,256,5520,0.7026,2.0201,1.9355,7.5749,10.7806
3017,10.7806,c_per_byte,42,7,11,15,256,5520,0.7026,1.0101,1.4192,7.5749,10.7806
3018,10.7812,c_per_byte,42,7,16,10,256,5520,0.7026,1.0101,0.9539,7.5754,10.7812
3019,10.7878,c_per_byte,40,8,11,18,256,6304,0.8024,0.505,4.4318,8.6566,10.7878
3020,10.789,c_per_byte,40,8,19,10,256,6304,0.8024,0.505,0.5587,8.6575,10.789
3021,10.8059,c_per_byte,42,6,8,17,256,4720,0.6008,2.0201,3.0152,6.4923,10.8059
3022,10.8059,c_per_byte,42,6,9,15,256,4720,0.6008,2.0201,1.9961,6.4923,10.8059
3023,10.8112,c_per_byte,49,7,14,11,256,5504,0.7006,2.0201,1.9023,7.5745,10.8112
3024,10.8112,c_per_byte,49,7,12,13,256,5504,0.7006,2.0201,1.9964,7.5745,10.8112
3025,10.814,sign_C,42,6,13,19,256,6576,0.8371,2.0201,10.814,6.5466,7.8209
3026,10.8141,c_per_byte,48,8,10,19,256,6288,0.8004,1.0101,8.1547,8.6557,10.8141
3027,10.8147,c_per_byte,40,8,13,15,256,6288,0.8004,0.505,1.1085,8.6561,10.8147
3028,10.8153,c_per_byte,40,8,16,12,256,6288,0.8004,0.505,0.621,8.6566,10.8153
3029,10.8158,c_per_byte,48,8,20,9,256,6288,0.8004,1.0101,1.0787,8.6571,10.8158
3030,10.8174,c_per_byte,45,9,13,17,256,7072,0.9002,0.505,2.9032,9.7378,10.8174
3031,10.8179,c_per_byte,45,9,18,12,256,7072,0.9002,0.505,0.6987,9.7383,10.8179
3032,10.8434,c_per_byte,40,8,23,8,256,6272,0.7984,0.505,0.5404,8.6571,10.8434
3033,10.8575,sign_C,42,7,14,19,256,7184,0.9145,1.0101,10.8575,7.6232,8.3363
3034,10.8688,c_per_byte,48,8,11,17,256,6256,0.7963,1.0101,3.0146,8.6552,10.8688
3035,10.8694,c_per_byte,48,8,18,10,256,6256,0.7963,1.0101,1.0898,8.6557,10.8694
3036,10.87,c_per_byte,48,8,22,8,256,6256,0.7963,1.0101,1.0725,8.6561,10.87
3037,10.8781,c_per_byte,48,6,8,16,256,4688,0.5967,4.0403,3.9036,6.4914,10.8781
3038,10.8877,sign_C,40,4,13,19,32,6608,0.8411,3.1699,10.8877,0.9624,1.1442
3039,10.8908,c_per_byte,45,9,21,10,256,7024,0.8941,0.505,0.6281,9.7374,10.8908
3040,10.9044,c_per_byte,49,7,11,14,256,5456,0.6945,2.0201,2.1072,7.5731,10.9044
3041,10.905,c_per_byte,49,7,15,10,256,5456,0.6945,2.0201,1.8843,7.5735,10.905
3042,10.9065,c_per_byte,40,10,14,18,256,7792,0.9919,0.2525,5.2956,10.8176,10.9065
3043,10.907,c_per_byte,50,10,16,15,256,7792,0.9919,0.505,1.3745,10.8181,10.907
3044,10.9074,c_per_byte,40,10,19,13,256,7792,0.9919,0.2525,0.5432,10.8186,10.9074
3045,10.9146,c_per_byte,48,6,9,14,256,4672,0.5947,4.0403,3.394,6.491,10.9146
3046,10.9156,c_per_byte,45,9,23,9,256,7008,0.8921,0.505,0.6149,9.7374,10.9156
3047,10.9235,c_per_byte,48,8,14,13,256,6224,0.7923,1.0101,1.2199,8.6543,10.9235
3048,10.9235,c_per_byte,40,8,12,16,256,6224,0.7923,0.505,1.5959,8.6543,10.9235
3049,10.9241,c_per_byte,40,8,17,11,256,6224,0.7923,0.505,0.5795,8.6548,10.9241
3050,10.9289,c_per_byte,50,10,17,14,256,7776,0.9898,0.505,1.0422,10.8176,10.9289
3051,10.9289,c_per_byte,50,10,15,16,256,7776,0.9898,0.505,1.9949,10.8176,10.9289
3052,10.9351,c_per_byte,42,7,9,18,256,5440,0.6925,1.0101,4.1222,7.5722,10.9351
3053,10.9511,c_per_byte,48,8,13,14,256,6208,0.7902,1.0101,1.3529,8.6538,10.9511
3054,10.9513,c_per_byte,42,6,7,19,256,4656,0.5927,2.0201,6.5602,6.4905,10.9513
3055,10.9515,c_per_byte,40,10,22,11,256,7760,0.9878,0.2525,0.3937,10.8176,10.9515
3056,10.9517,c_per_byte,48,8,15,12,256,6208,0.7902,1.0101,1.1479,8.6543,10.9517
3057,10.9519,c_per_byte,40,10,24,10,256,7760,0.9878,0.2525,0.366,10.8181,10.9519
3058,10.9631,c_per_byte,45,9,12,18,256,6976,0.888,0.505,4.8529,9.735,10.9631
3059,10.9641,c_per_byte,45,9,19,11,256,6976,0.888,0.505,0.6516,9.736,10.9641
3060,10.9667,c_per_byte,42,7,10,16,256,5424,0.6904,1.0101,1.818,7.5717,10.9667
3061,10.968,c_per_byte,42,7,17,9,256,5424,0.6904,1.0101,0.9435,7.5726,10.968
3062,10.9701,sign_C,45,5,14,19,32,7456,0.9491,1.5849,10.9701,1.1791,1.2424
3063,10.9701,sign_C,45,5,7,20,32,5328,0.6782,1.5849,10.9701,1.1169,1.6469
3064,10.9741,c_per_byte,50,10,23,10,256,7744,0.9857,0.505,0.6974,10.8176,10.9741
3065,10.98,sign_C,40,4,14,19,16,7376,0.9389,2.0,10.98,0.6561,0.6988
3066,10.98,sign_C,40,4,7,20,16,5248,0.668,2.0,10.98,0.594,0.8891
3067,10.9883,c_per_byte,48,6,7,18,256,4640,0.5906,4.0403,5.676,6.49,10.9883
3068,10.9906,sign_C,48,8,14,19,256,7568,0.9633,1.0101,10.9906,8.6933,9.0241
3069,10.9934,sign_C,48,6,11,19,256,6032,0.7678,4.0403,10.9934,6.5309,8.5057
3070,10.9949,c_per_byte,50,10,14,17,256,7728,0.9837,0.505,3.147,10.8158,10.9949
3071,10.9954,c_per_byte,50,10,18,13,256,7728,0.9837,0.505,0.8649,10.8162,10.9954
3072,10.9959,c_per_byte,50,10,21,11,256,7728,0.9837,0.505,0.7237,10.8167,10.9959
3073,10.9961,sign_C,45,5,16,18,256,7040,0.8961,8.0806,10.9961,5.5016,6.1393
3074,10.9961,sign_C,45,5,8,19,256,4736,0.6029,8.0806,10.9961,5.4339,9.0136
3075,10.9984,c_per_byte,49,7,9,17,256,5408,0.6884,2.0201,3.4587,7.5712,10.9984
3076,10.9991,c_per_byte,42,7,13,12,256,5408,0.6884,1.0101,1.0038,7.5717,10.9991
3077,10.9998,c_per_byte,49,7,18,8,256,5408,0.6884,2.0201,1.8697,7.5722,10.9998
3078,11.0311,c_per_byte,42,7,12,13,256,5392,0.6864,1.0101,1.0647,7.5712,11.0311
3079,11.0311,c_per_byte,42,7,14,11,256,5392,0.6864,1.0101,0.9705,7.5712,11.0311
3080,11.0341,c_per_byte,40,8,10,19,256,6160,0.7841,0.505,7.6222,8.652,11.0341
3081,11.0347,c_per_byte,48,8,12,15,256,6160,0.7841,1.0101,1.5966,8.6524,11.0347
3082,11.0353,c_per_byte,48,8,16,11,256,6160,0.7841,1.0101,1.1092,8.6529,11.0353
3083,11.0358,c_per_byte,40,8,20,9,256,6160,0.7841,0.505,0.5463,8.6534,11.0358
3084,11.038,c_per_byte,45,9,15,14,256,6928,0.8819,0.505,0.9313,9.7341,11.038
3085,11.0397,c_per_byte,40,10,13,19,256,7696,0.9796,0.2525,9.5495,10.8148,11.0397
3086,11.0406,c_per_byte,40,10,20,12,256,7696,0.9796,0.2525,0.4435,10.8158,11.0406
3087,11.0625,c_per_byte,45,9,14,15,256,6912,0.8798,0.505,1.2193,9.7332,11.0625
3088,11.0626,c_per_byte,49,7,10,15,256,5376,0.6843,2.0201,2.3066,7.5703,11.0626
3089,11.0626,c_per_byte,49,7,8,19,256,5376,0.6843,2.0201,7.5354,7.5703,11.0626
3090,11.063,c_per_byte,45,9,16,13,256,6912,0.8798,0.505,0.7762,9.7336,11.063
3091,11.0639,c_per_byte,49,7,16,9,256,5376,0.6843,2.0201,1.8746,7.5712,11.0639
3092,11.0803,sign_C,49,7,13,19,256,6976,0.888,2.0201,11.0803,7.6172,8.5781
3093,11.0905,c_per_byte,48,8,10,18,256,6128,0.78,1.0101,4.6098,8.651,11.0905
3094,11.0911,c_per_byte,40,8,11,17,256,6128,0.78,0.505,2.4821,8.6515,11.0911
3095,11.0917,c_per_byte,40,8,18,10,256,6128,0.78,0.505,0.5573,8.652,11.0917
3096,11.0923,c_per_byte,48,8,19,9,256,6128,0.78,1.0101,1.078,8.6524,11.0923
3097,11.1075,c_per_byte,50,10,13,18,256,7648,0.9735,0.505,5.2739,10.8135,11.1075
3098,11.1085,c_per_byte,50,10,19,12,256,7648,0.9735,0.505,0.7708,10.8144,11.1085
3099,11.1207,c_per_byte,48,8,21,8,256,6112,0.778,1.0101,1.0721,8.652,11.1207
3100,11.1281,c_per_byte,42,7,11,14,256,5344,0.6802,1.0101,1.1755,7.5698,11.1281
3101,11.1288,c_per_byte,42,7,15,10,256,5344,0.6802,1.0101,0.9525,7.5703,11.1288
3102,11.1308,c_per_byte,40,10,16,15,256,7632,0.9715,0.2525,1.0417,10.8135,11.1308
3103,11.1382,c_per_byte,45,9,13,16,256,6864,0.8737,0.505,1.7511,9.7318,11.1382
3104,11.1388,c_per_byte,45,9,17,12,256,6864,0.8737,0.505,0.6931,9.7323,11.1388
3105,11.1406,sign_C,44,4,11,19,32,6032,0.7678,6.3398,11.1406,0.9457,1.2317
3106,11.1481,c_per_byte,40,8,14,13,256,6096,0.776,0.505,0.6875,8.6506,11.1481
3107,11.1537,c_per_byte,40,10,17,14,256,7616,0.9695,0.2525,0.7094,10.813,11.1537
3108,11.1537,c_per_byte,40,10,15,16,256,7616,0.9695,0.2525,1.6621,10.813,11.1537
3109,11.1569,sign_C,40,5,15,19,32,7696,0.9796,0.7925,11.1569,1.1865,1.2112
3110,11.1637,c_per_byte,45,9,11,19,256,6848,0.8717,0.505,8.3978,9.7313,11.1637
3111,11.1648,c_per_byte,45,9,20,10,256,6848,0.8717,0.505,0.6267,9.7323,11.1648
3112,11.1648,c_per_byte,45,9,22,9,256,6848,0.8717,0.505,0.6142,9.7323,11.1648
3113,11.1671,sign_C,40,8,15,19,256,7760,0.9878,0.505,11.1671,8.6993,8.8069
3114,11.1699,sign_C,40,5,12,19,256,5936,0.7556,4.0403,11.1699,5.4691,7.2381
3115,11.1769,c_per_byte,40,8,13,14,256,6080,0.7739,0.505,0.8204,8.6501,11.1769
3116,11.1769,c_per_byte,48,8,11,16,256,6080,0.7739,1.0101,2.0397,8.6501,11.1769
3117,11.1775,c_per_byte,40,8,15,12,256,6080,0.7739,0.505,0.6155,8.6506,11.1775
3118,11.1775,c_per_byte,48,8,17,10,256,6080,0.7739,1.0101,1.0884,8.6506,11.1775
3119,11.1938,c_per_byte,49,7,13,11,256,5312,0.6762,2.0201,1.8995,7.5689,11.1938
3120,11.1938,c_per_byte,49,7,12,12,256,5312,0.6762,2.0201,1.93,7.5689,11.1938
3121,11.2008,c_per_byte,40,10,23,10,256,7584,0.9654,0.2525,0.3646,10.813,11.2008
3122,11.2226,c_per_byte,40,10,14,17,256,7568,0.9633,0.2525,2.8142,10.8111,11.2226
3123,11.223,c_per_byte,40,10,18,13,256,7568,0.9633,0.2525,0.5322,10.8116,11.223
3124,11.2235,c_per_byte,50,10,22,10,256,7568,0.9633,0.505,0.696,10.8121,11.2235
3125,11.2235,c_per_byte,40,10,21,11,256,7568,0.9633,0.2525,0.3909,10.8121,11.2235
3126,11.2262,c_per_byte,42,7,9,17,256,5296,0.6741,1.0101,2.527,7.568,11.2262
3127,11.2435,sign_C,50,5,7,20,16,5968,0.7597,2.0,11.2435,0.7248,0.9541
3128,11.2602,c_per_byte,49,7,14,10,256,5280,0.6721,2.0201,1.8829,7.568,11.2602
3129,11.2602,c_per_byte,49,7,11,13,256,5280,0.6721,2.0201,1.9854,7.568,11.2602
3130,11.264,c_per_byte,40,8,12,15,256,6032,0.7678,0.505,1.0642,8.6487,11.264
3131,11.2646,c_per_byte,40,8,16,11,256,6032,0.7678,0.505,0.5767,8.6492,11.2646
3132,11.2669,c_per_byte,45,9,12,17,256,6784,0.8635,0.505,2.7259,9.7295,11.2669
3133,11.2674,c_per_byte,45,9,18,11,256,6784,0.8635,0.505,0.6488,9.7299,11.2674
3134,11.2685,c_per_byte,45,9,24,8,256,6784,0.8635,0.505,0.6073,9.7309,11.2685
3135,11.2692,c_per_byte,50,10,12,19,256,7536,0.9593,0.505,9.1733,10.8102,11.2692
3136,11.2697,c_per_byte,50,10,15,15,256,7536,0.9593,0.505,1.3302,10.8107,11.2697
3137,11.2697,c_per_byte,50,10,16,14,256,7536,0.9593,0.505,1.02,10.8107,11.2697
3138,11.2702,c_per_byte,50,10,20,11,256,7536,0.9593,0.505,0.7209,10.8111,11.2702
3139,11.2707,c_per_byte,50,10,24,9,256,7536,0.9593,0.505,0.6821,10.8116,11.2707
3140,11.2931,c_per_byte,42,7,8,19,256,5264,0.6701,1.0101,6.6036,7.5671,11.2931
3141,11.2931,c_per_byte,42,7,10,15,256,5264,0.6701,1.0101,1.3749,7.5671,11.2931
3142,11.2931,c_per_byte,49,7,9,16,256,5264,0.6701,2.0201,2.6611,7.5671,11.2931
3143,11.2945,c_per_byte,49,7,17,8,256,5264,0.6701,2.0201,1.8694,7.568,11.2945
3144,11.3054,sign_C,50,5,13,19,32,7216,0.9185,3.1699,11.3054,1.1722,1.2761
3145,11.3068,sign_C,48,4,10,19,16,6224,0.7923,8.0,11.3068,0.6223,0.7854
3146,11.3163,c_per_byte,50,10,14,16,256,7504,0.9552,0.505,1.9062,10.8093,11.3163
3147,11.3168,c_per_byte,50,10,17,13,256,7504,0.9552,0.505,0.8539,10.8097,11.3168
3148,11.3222,c_per_byte,40,8,10,18,256,6000,0.7637,0.505,4.0773,8.6473,11.3222
3149,11.3228,c_per_byte,48,8,14,12,256,6000,0.7637,1.0101,1.1424,8.6478,11.3228
3150,11.3228,c_per_byte,48,8,13,13,256,6000,0.7637,1.0101,1.2089,8.6478,11.3228
3151,11.3241,c_per_byte,40,8,19,9,256,6000,0.7637,0.505,0.5456,8.6487,11.3241
3152,11.3252,sign_C,44,4,13,19,16,7120,0.9063,4.0,11.3252,0.6487,0.7158
3153,11.3268,c_per_byte,49,7,8,18,256,5248,0.668,2.0201,4.6994,7.5666,11.3268
3154,11.34,c_per_byte,40,10,13,18,256,7488,0.9532,0.2525,4.9411,10.8088,11.34
3155,11.341,c_per_byte,40,10,19,12,256,7488,0.9532,0.2525,0.438,10.8097,11.341
3156,11.3506,sign_C,45,5,17,18,256,7344,0.9348,8.0806,11.3506,5.5104,5.8946
3157,11.3817,c_per_byte,48,8,9,19,256,5968,0.7597,1.0101,7.4457,8.6464,11.3817
3158,11.3817,c_per_byte,48,8,10,17,256,5968,0.7597,1.0101,2.8373,8.6464,11.3817
3159,11.3823,c_per_byte,48,8,12,14,256,5968,0.7597,1.0101,1.3307,8.6469,11.3823
3160,11.3829,c_per_byte,48,8,15,11,256,5968,0.7597,1.0101,1.1064,8.6473,11.3829
3161,11.3829,c_per_byte,48,8,18,9,256,5968,0.7597,1.0101,1.0773,8.6473,11.3829
3162,11.3836,c_per_byte,48,8,20,8,256,5968,0.7597,1.0101,1.0718,8.6478,11.3836
3163,11.3949,c_per_byte,49,7,10,14,256,5216,0.664,2.0201,2.0851,7.5657,11.3949
3164,11.3963,c_per_byte,49,7,15,9,256,5216,0.664,2.0201,1.8739,7.5666,11.3963
3165,11.409,sign_C,40,10,8,20,32,7824,0.9959,0.0495,11.409,2.1499,2.1587
3166,11.4096,sign_C,40,8,8,20,16,7824,0.9959,0.0625,11.4096,1.1086,1.1131
3167,11.4117,c_per_byte,50,10,13,17,256,7440,0.947,0.505,2.9697,10.8074,11.4117
3168,11.4122,c_per_byte,50,10,18,12,256,7440,0.947,0.505,0.7652,10.8079,11.4122
3169,11.4123,c_per_byte,40,8,11,16,256,5952,0.7576,0.505,1.5073,8.6464,11.4123
3170,11.4129,c_per_byte,40,8,17,10,256,5952,0.7576,0.505,0.556,8.6469,11.4129
3171,11.4254,c_per_byte,45,9,14,14,256,6688,0.8513,0.505,0.9092,9.7267,11.4254
3172,11.4259,c_per_byte,45,9,15,13,256,6688,0.8513,0.505,0.7651,9.7271,11.4259
3173,11.4265,c_per_byte,45,9,21,9,256,6688,0.8513,0.505,0.6135,9.7276,11.4265
3174,11.43,c_per_byte,42,7,13,11,256,5200,0.6619,1.0101,0.9677,7.5657,11.43
3175,11.43,c_per_byte,42,7,12,12,256,5200,0.6619,1.0101,0.9982,7.5657,11.43
3176,11.4481,sign_C,40,8,8,20,32,6928,0.8819,0.0991,11.4481,1.7397,1.9727
3177,11.4522,c_per_byte,45,9,11,18,256,6672,0.8493,0.505,4.4984,9.7262,11.4522
3178,11.4533,c_per_byte,45,9,19,10,256,6672,0.8493,0.505,0.6253,9.7271,11.4533
3179,11.459,sign_C,42,7,8,20,16,7296,0.9287,0.125,11.459,0.9833,1.0588
3180,11.461,c_per_byte,40,10,22,10,256,7408,0.943,0.2525,0.3632,10.8074,11.461
3181,11.4612,sign_C,45,9,8,20,32,7456,0.9491,0.0991,11.4612,1.9471,2.0516
3182,11.4792,c_per_byte,45,9,13,15,256,6656,0.8473,0.505,1.175,9.7258,11.4792
3183,11.4797,c_per_byte,45,9,16,12,256,6656,0.8473,0.505,0.6876,9.7262,11.4797
3184,11.4853,c_per_byte,50,10,21,10,256,7392,0.9409,0.505,0.6946,10.807,11.4853
3185,11.4993,c_per_byte,42,7,11,13,256,5168,0.6578,1.0101,1.0536,7.5647,11.4993
3186,11.5033,c_per_byte,48,8,11,15,256,5904,0.7515,1.0101,1.5523,8.645,11.5033
3187,11.5039,c_per_byte,48,8,16,10,256,5904,0.7515,1.0101,1.087,8.6455,11.5039
3188,11.508,c_per_byte,45,9,23,8,256,6640,0.8452,0.505,0.6069,9.7267,11.508
3189,11.5088,c_per_byte,40,10,12,19,256,7376,0.9389,0.2525,8.8405,10.8056,11.5088
3190,11.5092,c_per_byte,40,10,16,14,256,7376,0.9389,0.2525,0.6873,10.806,11.5092
3191,11.5092,c_per_byte,40,10,15,15,256,7376,0.9389,0.2525,0.9974,10.806,11.5092
3192,11.5097,c_per_byte,40,10,20,11,256,7376,0.9389,0.2525,0.3881,10.8065,11.5097
3193,11.5102,c_per_byte,40,10,24,9,256,7376,0.9389,0.2525,0.3494,10.807,11.5102
3194,11.5102,c_per_byte,50,10,23,9,256,7376,0.9389,0.505,0.6815,10.807,11.5102
3195,11.523,sign_C,42,6,14,19,256,6896,0.8778,2.0201,11.523,6.5559,7.4686
3196,11.523,sign_C,42,6,7,20,256,4768,0.6069,2.0201,11.523,6.4937,10.6994
3197,11.5265,sign_C,42,7,8,20,32,6512,0.8289,0.1981,11.5265,1.5355,1.8524
3198,11.5336,c_per_byte,42,7,9,16,256,5152,0.6558,1.0101,1.7294,7.5638,11.5336
3199,11.5414,sign_C,42,6,8,20,16,6736,0.8574,0.25,11.5414,0.8571,0.9996
3200,11.5526,sign_C,48,8,8,20,32,7056,0.8982,0.1981,11.5526,1.7434,1.9411
3201,11.5579,c_per_byte,50,10,12,18,256,7344,0.9348,0.505,4.9194,10.8046,11.5579
3202,11.5579,c_per_byte,40,10,14,16,256,7344,0.9348,0.2525,1.5735,10.8046,11.5579
3203,11.5584,c_per_byte,40,10,17,13,256,7344,0.9348,0.2525,0.5211,10.8051,11.5584
3204,11.5589,c_per_byte,50,10,19,11,256,7344,0.9348,0.505,0.7181,10.8056,11.5589
3205,11.5647,c_per_byte,40,8,14,12,256,5872,0.7475,0.505,0.61,8.6441,11.5647
3206,11.5647,c_per_byte,40,8,13,13,256,5872,0.7475,0.505,0.6764,8.6441,11.5647
3207,11.5665,sign_C,42,7,15,19,256,7504,0.9552,1.0101,11.5665,7.6329,7.991
3208,11.5688,c_per_byte,42,7,8,18,256,5136,0.6538,1.0101,3.7677,7.5633,11.5688
3209,11.5743,sign_C,49,7,8,20,16,7408,0.943,0.25,11.5743,0.9865,1.0462
3210,11.5884,c_per_byte,45,9,12,16,256,6592,0.8391,0.505,1.6624,9.7239,11.5884
3211,11.589,c_per_byte,45,9,17,11,256,6592,0.8391,0.505,0.6461,9.7244,11.589
3212,11.5966,sign_C,40,4,14,19,32,6928,0.8819,3.1699,11.5966,0.9717,1.1019
3213,11.5967,sign_C,40,4,7,20,32,4800,0.611,3.1699,11.5967,0.9095,1.4886
3214,11.6043,c_per_byte,49,7,8,17,256,5120,0.6517,2.0201,3.2815,7.5629,11.6043
3215,11.6043,c_per_byte,49,7,9,15,256,5120,0.6517,2.0201,2.2623,7.5629,11.6043
3216,11.605,c_per_byte,49,7,12,11,256,5120,0.6517,2.0201,1.8967,7.5633,11.605
3217,11.6057,c_per_byte,49,7,16,8,256,5120,0.6517,2.0201,1.869,7.5638,11.6057
3218,11.6262,c_per_byte,40,8,9,19,256,5840,0.7434,0.505,6.9133,8.6427,11.6262
3219,11.6262,c_per_byte,40,8,10,17,256,5840,0.7434,0.505,2.3049,8.6427,11.6262
3220,11.6268,c_per_byte,40,8,12,14,256,5840,0.7434,0.505,0.7983,8.6432,11.6268
3221,11.6274,c_per_byte,40,8,15,11,256,5840,0.7434,0.505,0.574,8.6436,11.6274
3222,11.6329,c_per_byte,50,10,15,14,256,7296,0.9287,0.505,0.9979,10.8037,11.6329
3223,11.64,c_per_byte,42,7,10,14,256,5104,0.6497,1.0101,1.1533,7.5624,11.64
3224,11.6407,c_per_byte,49,7,11,12,256,5104,0.6497,2.0201,1.9244,7.5629,11.6407
3225,11.6407,c_per_byte,49,7,13,10,256,5104,0.6497,2.0201,1.8815,7.5629,11.6407
3226,11.657,sign_C,42,6,8,20,32,6064,0.7719,0.3962,11.657,1.3304,1.7235
3227,11.6575,c_per_byte,40,10,13,17,256,7280,0.9267,0.2525,2.637,10.8028,11.6575
3228,11.6575,c_per_byte,50,10,14,15,256,7280,0.9267,0.505,1.2859,10.8028,11.6575
3229,11.6575,c_per_byte,48,8,9,18,256,5824,0.7413,1.0101,4.2553,8.6422,11.6575
3230,11.658,c_per_byte,40,10,18,12,256,7280,0.9267,0.2525,0.4325,10.8032,11.658
3231,11.658,c_per_byte,50,10,16,13,256,7280,0.9267,0.505,0.8428,10.8032,11.658
3232,11.6594,c_per_byte,48,8,19,8,256,5824,0.7413,1.0101,1.0714,8.6436,11.6594
3233,11.6732,sign_C,40,5,8,20,16,6144,0.7821,0.5,11.6732,0.7299,0.9333
3234,11.679,sign_C,45,5,15,19,32,7776,0.9898,1.5849,11.679,1.1889,1.2011
3235,11.689,sign_C,40,4,15,19,16,7696,0.9796,2.0,11.689,0.6659,0.6797
3236,11.689,c_per_byte,48,8,10,16,256,5808,0.7393,1.0101,1.9511,8.6418,11.689
3237,11.6903,c_per_byte,48,8,17,9,256,5808,0.7393,1.0101,1.0766,8.6427,11.6903
3238,11.6993,c_per_byte,45,9,10,19,256,6528,0.831,0.505,7.6888,9.7216,11.6993
3239,11.7009,c_per_byte,45,9,20,9,256,6528,0.831,0.505,0.6128,9.723,11.7009
3240,11.7023,sign_C,48,6,12,19,256,6352,0.8086,4.0403,11.7023,6.5401,8.0887
3241,11.7051,sign_C,45,5,18,18,256,7648,0.9735,8.0806,11.7051,5.5193,5.6694
3242,11.7051,sign_C,45,5,9,19,256,5056,0.6436,8.0806,11.7051,5.4432,8.4576
3243,11.7092,sign_C,49,7,8,20,32,6624,0.8432,0.3962,11.7092,1.5387,1.8249
3244,11.7213,c_per_byte,48,8,13,12,256,5792,0.7373,1.0101,1.1369,8.6418,11.7213
3245,11.7334,c_per_byte,50,10,13,16,256,7232,0.9206,0.505,1.8176,10.8014,11.7334
3246,11.7339,c_per_byte,50,10,17,12,256,7232,0.9206,0.505,0.7597,10.8019,11.7339
3247,11.7344,c_per_byte,40,10,21,10,256,7232,0.9206,0.2525,0.3618,10.8023,11.7344
3248,11.739,sign_C,48,6,8,20,16,6832,0.8697,0.5,11.739,0.8599,0.9887
3249,11.7483,c_per_byte,49,7,10,13,256,5056,0.6436,2.0201,1.9743,7.561,11.7483
3250,11.7483,c_per_byte,49,7,7,19,256,5056,0.6436,2.0201,6.8264,7.561,11.7483
3251,11.7483,c_per_byte,42,7,7,20,256,5056,0.6436,1.0101,10.8575,7.561,11.7483
3252,11.749,c_per_byte,49,7,14,9,256,5056,0.6436,2.0201,1.8732,7.5615,11.749
3253,11.7531,c_per_byte,48,8,14,11,256,5776,0.7352,1.0101,1.1036,8.6413,11.7531
3254,11.7531,c_per_byte,48,8,12,13,256,5776,0.7352,1.0101,1.1978,8.6413,11.7531
3255,11.7531,c_per_byte,40,8,11,15,256,5776,0.7352,0.505,1.0198,8.6413,11.7531
3256,11.7563,c_per_byte,45,9,11,17,256,6496,0.8269,0.505,2.5487,9.7211,11.7563
3257,11.7569,c_per_byte,45,9,18,10,256,6496,0.8269,0.505,0.6239,9.7216,11.7569
3258,11.7574,c_per_byte,45,9,22,8,256,6496,0.8269,0.505,0.6066,9.722,11.7574
3259,11.7589,c_per_byte,50,10,11,19,256,7216,0.9185,0.505,8.4643,10.8009,11.7589
3260,11.7599,c_per_byte,50,10,22,9,256,7216,0.9185,0.505,0.6808,10.8019,11.7599
3261,11.7599,c_per_byte,50,10,20,10,256,7216,0.9185,0.505,0.6932,10.8019,11.7599
3262,11.7604,c_per_byte,40,10,23,9,256,7216,0.9185,0.2525,0.3487,10.8023,11.7604
3263,11.7892,sign_C,49,7,14,19,256,7296,0.9287,2.0201,11.7892,7.6265,8.2118
3264,11.7892,sign_C,49,7,7,20,256,5168,0.6578,2.0201,11.7892,7.5643,11.4986
3265,11.8102,c_per_byte,40,10,12,18,256,7184,0.9145,0.2525,4.5867,10.8,11.8102
3266,11.8113,c_per_byte,40,10,19,11,256,7184,0.9145,0.2525,0.3854,10.8009,11.8113
3267,11.8134,c_per_byte,45,9,14,13,256,6464,0.8228,0.505,0.7541,9.7202,11.8134
3268,11.8421,c_per_byte,45,9,13,14,256,6448,0.8208,0.505,0.887,9.7197,11.8421
3269,11.8427,c_per_byte,45,9,15,12,256,6448,0.8208,0.505,0.6821,9.7202,11.8427
3270,11.8496,sign_C,44,4,12,19,32,6352,0.8086,6.3398,11.8496,0.955,1.1811
3271,11.8497,c_per_byte,48,8,11,14,256,5728,0.7291,1.0101,1.3086,8.6399,11.8497
3272,11.8503,c_per_byte,48,8,15,10,256,5728,0.7291,1.0101,1.0856,8.6404,11.8503
3273,11.8587,c_per_byte,42,7,8,17,256,5008,0.6375,1.0101,2.3497,7.5596,11.8587
3274,11.8587,c_per_byte,42,7,9,15,256,5008,0.6375,1.0101,1.3305,7.5596,11.8587
3275,11.8621,c_per_byte,50,10,12,17,256,7152,0.9104,0.505,2.7925,10.7991,11.8621
3276,11.8626,c_per_byte,50,10,18,11,256,7152,0.9104,0.505,0.7154,10.7995,11.8626
3277,11.8636,c_per_byte,50,10,24,8,256,7152,0.9104,0.505,0.6738,10.8005,11.8636
3278,11.8659,sign_C,40,5,8,20,32,5584,0.7108,0.7925,11.8659,1.1244,1.5818
3279,11.8789,sign_C,40,5,13,19,256,6256,0.7963,4.0403,11.8789,5.4784,6.8796
3280,11.8887,c_per_byte,40,10,15,14,256,7136,0.9084,0.2525,0.6651,10.7991,11.8887
3281,11.896,c_per_byte,49,7,8,16,256,4992,0.6354,2.0201,2.5725,7.5592,11.896
3282,11.9022,c_per_byte,44,11,13,18,256,7840,0.998,0.2525,4.9744,11.878,11.9022
3283,11.9031,c_per_byte,44,11,19,12,256,7840,0.998,0.2525,0.4713,11.8789,11.9031
3284,11.9144,c_per_byte,40,8,9,18,256,5696,0.7251,0.505,3.7228,8.6385,11.9144
3285,11.9144,c_per_byte,40,10,14,15,256,7120,0.9063,0.2525,0.9531,10.7981,11.9144
3286,11.9149,c_per_byte,40,10,16,13,256,7120,0.9063,0.2525,0.51,10.7986,11.9149
3287,11.9292,c_per_byte,45,9,12,15,256,6400,0.8147,0.505,1.1307,9.7183,11.9292
3288,11.9298,c_per_byte,45,9,16,11,256,6400,0.8147,0.505,0.6433,9.7188,11.9298
3289,11.9335,c_per_byte,49,7,9,14,256,4976,0.6334,2.0201,2.0629,7.5587,11.9335
3290,11.9473,c_per_byte,48,8,9,17,256,5680,0.723,1.0101,2.6601,8.6381,11.9473
3291,11.9473,c_per_byte,40,8,10,16,256,5680,0.723,0.505,1.4187,8.6381,11.9473
3292,11.9486,c_per_byte,48,8,18,8,256,5680,0.723,1.0101,1.0711,8.639,11.9486
3293,11.9703,sign_C,48,6,8,20,32,6160,0.7841,0.7925,11.9703,1.3332,1.7002
3294,11.981,c_per_byte,40,8,13,12,256,5664,0.721,0.505,0.6044,8.6381,11.981
3295,11.9875,c_per_byte,45,9,10,18,256,6368,0.8106,0.505,4.1439,9.7169,11.9875
3296,11.9892,c_per_byte,45,9,19,9,256,6368,0.8106,0.505,0.6121,9.7183,11.9892
3297,11.9937,c_per_byte,40,10,13,16,256,7072,0.9002,0.2525,1.4849,10.7968,11.9937
3298,11.9942,c_per_byte,40,10,17,12,256,7072,0.9002,0.2525,0.4269,10.7972,11.9942
3299,12.0026,sign_C,45,5,8,20,16,6224,0.7923,1.0,12.0026,0.7323,0.9243
3300,12.0093,c_per_byte,49,7,7,18,256,4944,0.6293,2.0201,4.3449,7.5578,12.0093
3301,12.0093,c_per_byte,42,7,7,19,256,4944,0.6293,1.0101,5.8946,7.5578,12.0093
3302,12.0137,c_per_byte,48,8,8,19,256,5648,0.7189,1.0101,6.7367,8.6371,12.0137
3303,12.0137,c_per_byte,40,8,8,20,256,5648,0.7189,0.505,11.8761,8.6371,12.0137
3304,12.0137,c_per_byte,48,8,10,15,256,5648,0.7189,1.0101,1.508,8.6371,12.0137
3305,12.0143,c_per_byte,40,8,12,13,256,5648,0.7189,0.505,0.6654,8.6376,12.0143
3306,12.0144,sign_C,50,5,14,19,32,7536,0.9593,3.1699,12.0144,1.1814,1.2316
3307,12.0144,sign_C,50,5,7,20,32,5408,0.6884,3.1699,12.0144,1.1193,1.6259
3308,12.015,c_per_byte,48,8,16,9,256,5648,0.7189,1.0101,1.0759,8.6381,12.015
3309,12.0158,sign_C,48,4,11,19,16,6544,0.833,8.0,12.0158,0.632,0.7587
3310,12.0188,c_per_byte,45,9,21,8,256,6352,0.8086,0.505,0.6062,9.7179,12.0188
3311,12.0204,c_per_byte,40,10,11,19,256,7056,0.8982,0.2525,8.1316,10.7963,12.0204
3312,12.0204,c_per_byte,50,10,14,14,256,7056,0.8982,0.505,0.9757,10.7963,12.0204
3313,12.0209,c_per_byte,50,10,15,13,256,7056,0.8982,0.505,0.8317,10.7968,12.0209
3314,12.0214,c_per_byte,40,10,20,10,256,7056,0.8982,0.2525,0.3605,10.7972,12.0214
3315,12.0214,c_per_byte,40,10,22,9,256,7056,0.8982,0.2525,0.348,10.7972,12.0214
3316,12.0214,c_per_byte,50,10,21,9,256,7056,0.8982,0.505,0.6801,10.7972,12.0214
3317,12.0235,c_per_byte,44,11,22,10,256,7760,0.9878,0.2525,0.3965,11.8766,12.0235
3318,12.0342,sign_C,44,4,14,19,16,7440,0.947,4.0,12.0342,0.658,0.6948
3319,12.0342,sign_C,44,4,7,20,16,5312,0.6762,4.0,12.0342,0.5958,0.8812
3320,12.0472,c_per_byte,50,10,11,18,256,7040,0.8961,0.505,4.5649,10.7958,12.0472
3321,12.0482,c_per_byte,50,10,19,10,256,7040,0.8961,0.505,0.6918,10.7968,12.0482
3322,12.0483,c_per_byte,49,7,11,11,256,4928,0.6273,2.0201,1.894,7.5578,12.0483
3323,12.0714,c_per_byte,44,11,12,19,256,7728,0.9837,0.2525,8.8738,11.8747,12.0714
3324,12.0719,c_per_byte,44,11,16,14,256,7728,0.9837,0.2525,0.7205,11.8752,12.0719
3325,12.0719,c_per_byte,44,11,15,15,256,7728,0.9837,0.2525,1.0307,11.8752,12.0719
3326,12.0723,c_per_byte,44,11,20,11,256,7728,0.9837,0.2525,0.4214,11.8756,12.0723
3327,12.0728,c_per_byte,44,11,24,9,256,7728,0.9837,0.2525,0.3827,11.8761,12.0728
3328,12.0741,c_per_byte,50,10,13,15,256,7024,0.8941,0.505,1.2416,10.7954,12.0741
3329,12.0746,c_per_byte,50,10,16,12,256,7024,0.8941,0.505,0.7542,10.7958,12.0746
3330,12.0774,c_per_byte,45,9,11,16,256,6320,0.8045,0.505,1.5738,9.716,12.0774
3331,12.0779,c_per_byte,45,9,17,10,256,6320,0.8045,0.505,0.6225,9.7165,12.0779
3332,12.1027,c_per_byte,50,10,23,8,256,7008,0.8921,0.505,0.6735,10.7963,12.1027
3333,12.1153,c_per_byte,40,8,11,14,256,5600,0.7128,0.505,0.7761,8.6362,12.1153
3334,12.1206,c_per_byte,44,11,14,16,256,7696,0.9796,0.2525,1.6068,11.8738,12.1206
3335,12.1211,c_per_byte,44,11,17,13,256,7696,0.9796,0.2525,0.5544,11.8742,12.1211
3336,12.1283,c_per_byte,40,10,12,17,256,6992,0.89,0.2525,2.4597,10.7944,12.1283
3337,12.1288,c_per_byte,40,10,18,11,256,6992,0.89,0.2525,0.3826,10.7949,12.1288
3338,12.1299,c_per_byte,40,10,24,8,256,6992,0.89,0.2525,0.3411,10.7958,12.1299
3339,12.1494,c_per_byte,48,8,13,11,256,5584,0.7108,1.0101,1.1009,8.6357,12.1494
3340,12.1494,c_per_byte,48,8,12,12,256,5584,0.7108,1.0101,1.1313,8.6357,12.1494
3341,12.183,c_per_byte,50,10,12,16,256,6960,0.8859,0.505,1.729,10.7935,12.183
3342,12.1835,c_per_byte,50,10,17,11,256,6960,0.8859,0.505,0.7126,10.794,12.1835
3343,12.203,c_per_byte,49,7,8,15,256,4864,0.6191,2.0201,2.218,7.5555,12.203
3344,12.2175,c_per_byte,40,8,9,17,256,5552,0.7067,0.505,2.1276,8.6343,12.2175
3345,12.2181,c_per_byte,48,8,14,10,256,5552,0.7067,1.0101,1.0842,8.6348,12.2181
3346,12.2181,c_per_byte,48,8,11,13,256,5552,0.7067,1.0101,1.1867,8.6348,12.2181
3347,12.2204,c_per_byte,44,11,13,17,256,7632,0.9715,0.2525,2.6702,11.8719,12.2204
3348,12.2208,c_per_byte,44,11,18,12,256,7632,0.9715,0.2525,0.4657,11.8724,12.2208
3349,12.2293,c_per_byte,45,9,13,13,256,6240,0.7943,0.505,0.743,9.7137,12.2293
3350,12.2293,c_per_byte,45,9,14,12,256,6240,0.7943,0.505,0.6765,9.7137,12.2293
3351,12.232,sign_C,42,6,15,19,256,7216,0.9185,2.0201,12.232,6.5657,7.148
3352,12.2521,c_per_byte,48,8,9,16,256,5536,0.7047,1.0101,1.8625,8.6339,12.2521
3353,12.2534,c_per_byte,48,8,17,8,256,5536,0.7047,1.0101,1.0707,8.6348,12.2534
3354,12.2755,sign_C,42,7,16,19,256,7824,0.9959,1.0101,12.2755,7.6422,7.6735
3355,12.2755,sign_C,42,7,8,20,256,5392,0.6864,1.0101,12.2755,7.5708,11.0304
3356,12.2816,c_per_byte,49,7,6,20,256,4832,0.6151,2.0201,10.3713,7.5541,12.2816
3357,12.287,c_per_byte,40,8,8,19,256,5520,0.7026,0.505,6.2043,8.6334,12.287
3358,12.287,c_per_byte,40,8,10,15,256,5520,0.7026,0.505,0.9755,8.6334,12.287
3359,12.287,c_per_byte,48,8,8,18,256,5520,0.7026,1.0101,3.9008,8.6334,12.287
3360,12.2906,c_per_byte,45,9,10,17,256,6208,0.7902,0.505,2.3714,9.7123,12.2906
3361,12.2906,c_per_byte,45,9,9,19,256,6208,0.7902,0.505,6.9798,9.7123,12.2906
3362,12.2911,c_per_byte,45,9,12,14,256,6208,0.7902,0.505,0.8648,9.7128,12.2911
3363,12.2917,c_per_byte,45,9,18,9,256,6208,0.7902,0.505,0.6114,9.7132,12.2917
3364,12.2917,c_per_byte,45,9,15,11,256,6208,0.7902,0.505,0.6405,9.7132,12.2917
3365,12.2923,c_per_byte,45,9,20,8,256,6208,0.7902,0.505,0.6059,9.7137,12.2923
3366,12.2934,c_per_byte,50,10,10,19,256,6896,0.8778,0.505,7.7553,10.7912,12.2934
3367,12.294,c_per_byte,40,10,14,14,256,6896,0.8778,0.2525,0.6429,10.7916,12.294
3368,12.2945,c_per_byte,40,10,15,13,256,6896,0.8778,0.2525,0.4989,10.7921,12.2945
3369,12.295,c_per_byte,40,10,21,9,256,6896,0.8778,0.2525,0.3473,10.7926,12.295
3370,12.295,c_per_byte,50,10,20,9,256,6896,0.8778,0.505,0.6794,10.7926,12.295
3371,12.2972,c_per_byte,44,11,21,10,256,7584,0.9654,0.2525,0.3951,11.8715,12.2972
3372,12.3056,sign_C,40,4,15,19,32,7248,0.9226,3.1699,12.3056,0.9814,1.0638
3373,12.322,c_per_byte,40,10,11,18,256,6880,0.8758,0.2525,4.2322,10.7912,12.322
3374,12.3231,c_per_byte,40,10,19,10,256,6880,0.8758,0.2525,0.3591,10.7921,12.3231
3375,12.3232,c_per_byte,44,11,23,9,256,7568,0.9633,0.2525,0.382,11.8715,12.3232
3376,12.3502,c_per_byte,50,10,11,17,256,6864,0.8737,0.505,2.6152,10.7907,12.3502
3377,12.3502,c_per_byte,40,10,13,15,256,6864,0.8737,0.2525,0.9088,10.7907,12.3502
3378,12.3507,c_per_byte,40,10,16,12,256,6864,0.8737,0.2525,0.4214,10.7912,12.3507
3379,12.3507,c_per_byte,50,10,18,10,256,6864,0.8737,0.505,0.6905,10.7912,12.3507
3380,12.3513,c_per_byte,50,10,22,8,256,6864,0.8737,0.505,0.6731,10.7916,12.3513
3381,12.3573,c_per_byte,48,8,10,14,256,5488,0.6986,1.0101,1.2864,8.6325,12.3573
3382,12.3586,c_per_byte,48,8,15,9,256,5488,0.6986,1.0101,1.0752,8.6334,12.3586
3383,12.3731,c_per_byte,44,11,12,18,256,7536,0.9593,0.2525,4.6199,11.8691,12.3731
3384,12.3741,c_per_byte,44,11,19,11,256,7536,0.9593,0.2525,0.4187,11.8701,12.3741
3385,12.3801,c_per_byte,40,10,23,8,256,6848,0.8717,0.2525,0.3407,10.7916,12.3801
3386,12.388,sign_C,45,5,8,20,32,5664,0.721,1.5849,12.388,1.1267,1.5627
3387,12.3979,sign_C,40,4,8,20,16,5584,0.7108,2.0,12.3979,0.6037,0.8493
3388,12.407,c_per_byte,50,10,14,13,256,6832,0.8697,0.505,0.8206,10.7898,12.407
3389,12.4086,sign_C,48,8,8,20,256,5776,0.7352,1.0101,12.4086,8.6408,11.7525
3390,12.4113,sign_C,48,6,13,19,256,6672,0.8493,4.0403,12.4113,6.5494,7.7117
3391,12.4141,sign_C,45,5,10,19,256,5376,0.6843,8.0806,12.4141,5.4524,7.9677
3392,12.4168,c_per_byte,45,9,11,15,256,6144,0.7821,0.505,1.0864,9.7109,12.4168
3393,12.4174,c_per_byte,45,9,16,10,256,6144,0.7821,0.505,0.6211,9.7114,12.4174
3394,12.4356,c_per_byte,50,10,13,14,256,6816,0.8676,0.505,0.9536,10.7893,12.4356
3395,12.4361,c_per_byte,50,10,15,12,256,6816,0.8676,0.505,0.7486,10.7898,12.4361
3396,12.4515,c_per_byte,44,11,15,14,256,7488,0.9532,0.2525,0.6984,11.8682,12.4515
3397,12.4643,c_per_byte,48,8,7,20,256,5440,0.6925,1.0101,10.9906,8.6311,12.4643
3398,12.4643,c_per_byte,40,10,12,16,256,6800,0.8656,0.2525,1.3962,10.7889,12.4643
3399,12.4648,c_per_byte,40,10,17,11,256,6800,0.8656,0.2525,0.3798,10.7893,12.4648
3400,12.4772,c_per_byte,44,11,14,15,256,7472,0.9511,0.2525,0.9864,11.8673,12.4772
3401,12.4777,c_per_byte,44,11,16,13,256,7472,0.9511,0.2525,0.5433,11.8677,12.4777
3402,12.4982,sign_C,49,7,15,19,256,7616,0.9695,2.0201,12.4982,7.6362,7.8768
3403,12.5222,c_per_byte,50,10,12,15,256,6768,0.8615,0.505,1.1973,10.7879,12.5222
3404,12.5227,c_per_byte,50,10,16,11,256,6768,0.8615,0.505,0.7098,10.7884,12.5227
3405,12.5367,c_per_byte,40,8,9,16,256,5408,0.6884,0.505,1.33,8.6302,12.5367
3406,12.5564,c_per_byte,44,11,13,16,256,7424,0.945,0.2525,1.5181,11.8659,12.5564
3407,12.5569,c_per_byte,44,11,17,12,256,7424,0.945,0.2525,0.4602,11.8664,12.5569
3408,12.5586,sign_C,44,4,13,19,32,6672,0.8493,6.3398,12.5586,0.9643,1.1354
3409,12.5732,c_per_byte,48,8,8,17,256,5392,0.6864,1.0101,2.4828,8.6297,12.5732
3410,12.5732,c_per_byte,40,8,8,18,256,5392,0.6864,0.505,3.3684,8.6297,12.5732
3411,12.5732,c_per_byte,48,8,9,15,256,5392,0.6864,1.0101,1.4637,8.6297,12.5732
3412,12.5739,c_per_byte,48,8,12,11,256,5392,0.6864,1.0101,1.0981,8.6302,12.5739
3413,12.5746,c_per_byte,48,8,16,8,256,5392,0.6864,1.0101,1.0704,8.6306,12.5746
3414,12.577,c_per_byte,45,9,9,18,256,6064,0.7719,0.505,3.7894,9.7081,12.577
3415,12.5788,c_per_byte,45,9,19,8,256,6064,0.7719,0.505,0.6056,9.7095,12.5788
3416,12.58,c_per_byte,50,10,10,18,256,6736,0.8574,0.505,4.2104,10.7865,12.58
3417,12.58,c_per_byte,40,10,10,19,256,6736,0.8574,0.2525,7.4226,10.7865,12.58
3418,12.5817,c_per_byte,40,10,20,9,256,6736,0.8574,0.2525,0.3466,10.7879,12.5817
3419,12.5817,c_per_byte,50,10,19,9,256,6736,0.8574,0.505,0.6787,10.7879,12.5817
3420,12.583,c_per_byte,44,11,11,19,256,7408,0.943,0.2525,8.1648,11.8654,12.583
3421,12.584,c_per_byte,44,11,20,10,256,7408,0.943,0.2525,0.3937,11.8664,12.584
3422,12.584,c_per_byte,44,11,22,9,256,7408,0.943,0.2525,0.3813,11.8664,12.584
3423,12.5879,sign_C,40,5,14,19,256,6576,0.8371,4.0403,12.5879,5.4877,6.5559
3424,12.5879,sign_C,40,5,7,20,256,4448,0.5662,4.0403,12.5879,5.4255,9.5825
3425,12.6097,c_per_byte,45,9,10,16,256,6048,0.7699,0.505,1.4852,9.7077,12.6097
3426,12.6107,c_per_byte,48,8,11,12,256,5376,0.6843,1.0101,1.1258,8.6297,12.6107
3427,12.6107,c_per_byte,48,8,13,10,256,5376,0.6843,1.0101,1.0829,8.6297,12.6107
3428,12.6109,c_per_byte,45,9,17,9,256,6048,0.7699,0.505,0.6107,9.7086,12.6109
3429,12.6111,c_per_byte,50,10,21,8,256,6720,0.8554,0.505,0.6728,10.7875,12.6111
3430,12.6395,c_per_byte,40,10,11,17,256,6704,0.8534,0.2525,2.2825,10.7861,12.6395
3431,12.6401,c_per_byte,40,10,18,10,256,6704,0.8534,0.2525,0.3577,10.7865,12.6401
3432,12.6431,c_per_byte,45,9,13,12,256,6032,0.7678,0.505,0.671,9.7077,12.6431
3433,12.6615,sign_C,50,5,8,20,16,6304,0.8024,2.0,12.6615,0.7346,0.9154
3434,12.6692,c_per_byte,50,10,11,16,256,6688,0.8513,0.505,1.6404,10.7856,12.6692
3435,12.6698,c_per_byte,50,10,17,10,256,6688,0.8513,0.505,0.6891,10.7861,12.6698
3436,12.6755,c_per_byte,45,9,8,20,256,6016,0.7658,0.505,11.9427,9.7067,12.6755
3437,12.6761,c_per_byte,45,9,12,13,256,6016,0.7658,0.505,0.7319,9.7072,12.6761
3438,12.6761,c_per_byte,45,9,14,11,256,6016,0.7658,0.505,0.6377,9.7072,12.6761
3439,12.6795,keygen_C,48,4,17,13,32,6384,0.8126,12.6795,6.8719,0.9564,1.1769
3440,12.6795,keygen_C,48,4,21,10,32,6272,0.7984,12.6795,6.7127,0.9536,1.1944
3441,12.6795,keygen_C,48,4,11,17,32,5744,0.7312,12.6795,8.6333,0.9374,1.282
3442,12.6795,keygen_C,48,4,22,9,32,6096,0.776,12.6795,6.6989,0.9485,1.2223
3443,12.6795,keygen_C,48,4,13,16,32,6112,0.778,12.6795,7.8357,0.948,1.2185
3444,12.6795,keygen_C,48,4,17,12,32,6112,0.778,12.6795,6.7778,0.9485,1.2191
3445,12.6795,keygen_C,48,4,19,13,32,6832,0.8697,12.6795,6.8941,0.9698,1.1152
3446,12.6795,keygen_C,48,4,16,15,32,6672,0.8493,12.6795,7.3926,0.9647,1.1359
3447,12.6795,keygen_C,48,4,17,11,32,5840,0.7434,12.6795,6.7307,0.9406,1.2653
3448,12.6795,keygen_C,48,4,12,16,32,5840,0.7434,12.6795,7.7471,0.9401,1.2647
3449,12.6795,keygen_C,48,4,22,11,32,6800,0.8656,12.6795,6.7446,0.9689,1.1194
3450,12.6795,keygen_C,48,4,24,10,32,6800,0.8656,12.6795,6.7169,0.9694,1.1199
3451,12.6795,keygen_C,48,4,20,9,32,5776,0.7352,12.6795,6.6975,0.9392,1.2774
3452,12.6795,keygen_C,48,4,14,15,32,6160,0.7841,12.6795,7.304,0.9494,1.2108
3453,12.6795,keygen_C,48,4,23,10,32,6624,0.8432,12.6795,6.7155,0.9643,1.1436
3454,12.6795,keygen_C,48,4,16,13,32,6160,0.7841,12.6795,6.8609,0.9499,1.2114
3455,12.6795,keygen_C,48,4,15,14,32,6176,0.7862,12.6795,7.016,0.9503,1.2089
3456,12.6795,keygen_C,48,4,23,9,32,6256,0.7963,12.6795,6.6995,0.9536,1.1975
3457,12.6795,keygen_C,48,4,17,14,32,6656,0.8473,12.6795,7.0603,0.9643,1.1381
3458,12.6795,keygen_C,48,4,15,16,32,6656,0.8473,12.6795,8.013,0.9643,1.1381
3459,12.6795,keygen_C,48,4,19,11,32,6224,0.7923,12.6795,6.7362,0.9522,1.2019
3460,12.6795,keygen_C,48,4,12,18,32,6224,0.7923,12.6795,10.9375,0.9513,1.2007
3461,12.6795,keygen_C,48,4,20,10,32,6096,0.776,12.6795,6.7113,0.9485,1.2223
3462,12.6795,keygen_C,48,4,14,13,32,5712,0.7271,12.6795,6.8387,0.9364,1.2879
3463,12.6795,keygen_C,48,4,18,10,32,5744,0.7312,12.6795,6.7085,0.9378,1.2826
3464,12.6795,keygen_C,48,4,21,11,32,6608,0.8411,12.6795,6.7418,0.9633,1.1453
3465,12.6795,keygen_C,48,4,14,16,32,6384,0.8126,12.6795,7.9243,0.9559,1.1763
3466,12.6795,keygen_C,48,4,21,9,32,5936,0.7556,12.6795,6.6982,0.9439,1.2491
3467,12.6795,keygen_C,48,4,15,13,32,5936,0.7556,12.6795,6.8498,0.9434,1.2485
3468,12.6795,keygen_C,48,4,14,14,32,5936,0.7556,12.6795,6.9938,0.9429,1.2479
3469,12.6795,keygen_C,48,4,12,17,32,6032,0.7678,12.6795,8.8106,0.9457,1.2317
3470,12.6795,keygen_C,48,4,18,11,32,6032,0.7678,12.6795,6.7335,0.9462,1.2323
3471,12.6795,keygen_C,48,4,15,15,32,6416,0.8167,12.6795,7.3483,0.9573,1.1722
3472,12.6795,keygen_C,48,4,16,14,32,6416,0.8167,12.6795,7.0381,0.9573,1.1722
3473,12.6795,keygen_C,48,4,24,8,32,6032,0.7678,12.6795,6.6919,0.9471,1.2335
3474,12.6795,keygen_C,48,4,19,10,32,5920,0.7536,12.6795,6.7099,0.9434,1.2519
3475,12.6795,keygen_C,48,4,20,12,32,6736,0.8574,12.6795,6.7944,0.9671,1.1278
3476,12.6795,keygen_C,48,4,20,11,32,6416,0.8167,12.6795,6.739,0.9578,1.1727
3477,12.6795,keygen_C,48,4,18,12,32,6320,0.8045,12.6795,6.7833,0.9545,1.1865
3478,12.6795,keygen_C,48,4,13,17,32,6320,0.8045,12.6795,8.9878,0.9541,1.1859
3479,12.6795,keygen_C,48,4,22,10,32,6448,0.8208,12.6795,6.7141,0.9587,1.168
3480,12.6795,keygen_C,48,4,11,18,32,5920,0.7536,12.6795,10.583,0.9425,1.2507
3481,12.6795,keygen_C,48,4,16,12,32,5904,0.7515,12.6795,6.7722,0.9425,1.2541
3482,12.6795,keygen_C,48,4,13,15,32,5904,0.7515,12.6795,7.2597,0.942,1.2534
3483,12.6795,keygen_C,48,4,23,8,32,5888,0.7495,12.6795,6.6916,0.9429,1.2581
3484,12.6795,keygen_C,48,4,22,8,32,5744,0.7312,12.6795,6.6912,0.9383,1.2833
3485,12.6795,keygen_C,48,4,14,17,32,6608,0.8411,12.6795,9.1651,0.9624,1.1442
3486,12.6795,keygen_C,48,4,18,13,32,6608,0.8411,12.6795,6.883,0.9629,1.1447
3487,12.6795,keygen_C,48,4,24,9,32,6416,0.8167,12.6795,6.7002,0.9582,1.1733
3488,12.6795,keygen_C,48,4,14,18,32,6832,0.8697,12.6795,11.6465,0.9689,1.1141
3489,12.6795,keygen_C,48,4,19,12,32,6528,0.831,12.6795,6.7889,0.961,1.1565
3490,12.6795,keygen_C,48,4,17,17,32,7472,0.9511,12.6795,9.6968,0.9879,1.0387
3491,12.6795,keygen_C,48,4,16,17,32,7184,0.9145,12.6795,9.5196,0.9796,1.0712
3492,12.6795,keygen_C,48,4,11,12,32,4864,0.6191,12.6795,6.7446,0.9118,1.4727
3493,12.6795,keygen_C,48,4,12,12,32,5072,0.6456,12.6795,6.7501,0.9179,1.4217
3494,12.6795,keygen_C,48,4,14,9,32,4816,0.613,12.6795,6.6933,0.9104,1.4851
3495,12.6795,keygen_C,48,4,10,13,32,4816,0.613,12.6795,6.7944,0.91,1.4844
3496,12.6795,keygen_C,48,4,13,11,32,5072,0.6456,12.6795,6.7196,0.9179,1.4217
3497,12.6795,keygen_C,48,4,13,18,32,6528,0.831,12.6795,11.292,0.9601,1.1554
3498,12.6795,keygen_C,48,4,7,19,32,4816,0.613,12.6795,11.6465,0.91,1.4844
3499,12.6795,keygen_C,48,4,10,17,32,5456,0.6945,12.6795,8.4561,0.9285,1.337
3500,12.6795,keygen_C,48,4,12,14,32,5456,0.6945,12.6795,6.9495,0.929,1.3377
3501,12.6795,keygen_C,48,4,15,11,32,5456,0.6945,12.6795,6.7252,0.9295,1.3383
3502,12.6795,keygen_C,48,4,18,16,32,7472,0.9511,12.6795,8.2788,0.9879,1.0387
3503,12.6795,keygen_C,48,4,22,12,32,7152,0.9104,12.6795,6.8055,0.9791,1.0755
3504,12.6795,keygen_C,48,4,11,15,32,5392,0.6864,12.6795,7.1711,0.9271,1.3508
3505,12.6795,keygen_C,48,4,18,9,32,5456,0.6945,12.6795,6.6961,0.9295,1.3383
3506,12.6795,keygen_C,48,4,20,8,32,5456,0.6945,12.6795,6.6905,0.9299,1.339
3507,12.6795,keygen_C,48,4,19,14,32,7136,0.9084,12.6795,7.1046,0.9787,1.0774
3508,12.6795,keygen_C,48,4,15,18,32,7136,0.9084,12.6795,12.001,0.9782,1.0769
3509,12.6795,keygen_C,48,4,20,15,32,7696,0.9796,12.6795,7.5699,0.9949,1.0156
3510,12.6795,keygen_C,48,4,8,19,32,5136,0.6538,12.6795,12.3555,0.9193,1.4061
3511,12.6795,keygen_C,48,4,8,16,32,4752,0.6049,12.6795,7.3926,0.9081,1.5013
3512,12.6795,keygen_C,48,4,10,15,32,5136,0.6538,12.6795,7.1267,0.9193,1.4061
3513,12.6795,keygen_C,48,4,9,14,32,4736,0.6029,12.6795,6.883,0.9077,1.5056
3514,12.6795,keygen_C,48,4,23,12,32,7360,0.9369,12.6795,6.811,0.9856,1.052
3515,12.6795,keygen_C,48,4,16,9,32,5136,0.6538,12.6795,6.6947,0.9202,1.4075
3516,12.6795,keygen_C,48,4,18,15,32,7184,0.9145,12.6795,7.4812,0.9796,1.0712
3517,12.6795,keygen_C,48,4,19,15,32,7440,0.947,12.6795,7.5255,0.9875,1.0427
3518,12.6795,keygen_C,48,4,17,15,32,6928,0.8819,12.6795,7.4369,0.9722,1.1024
3519,12.6795,keygen_C,48,4,22,13,32,7504,0.9552,12.6795,6.9273,0.9893,1.0357
3520,12.6795,keygen_C,48,4,24,12,32,7568,0.9633,12.6795,6.8166,0.9916,1.0294
3521,12.6795,keygen_C,48,4,21,8,32,5600,0.7128,12.6795,6.6909,0.9341,1.3104
3522,12.6795,keygen_C,48,4,10,14,32,4976,0.6334,12.6795,6.9052,0.9146,1.444
3523,12.6795,keygen_C,48,4,15,9,32,4976,0.6334,12.6795,6.694,0.9155,1.4454
3524,12.6795,keygen_C,48,4,8,18,32,5008,0.6375,12.6795,9.5196,0.9155,1.4362
3525,12.6795,keygen_C,48,4,10,18,32,5616,0.7149,12.6795,10.2285,0.9332,1.3054
3526,12.6795,keygen_C,48,4,19,9,32,5616,0.7149,12.6795,6.6968,0.9346,1.3073
3527,12.6795,keygen_C,48,4,18,14,32,6896,0.8778,12.6795,7.0824,0.9712,1.1064
3528,12.6795,keygen_C,48,4,15,17,32,6896,0.8778,12.6795,9.3423,0.9712,1.1064
3529,12.6795,keygen_C,48,4,17,16,32,7200,0.9165,12.6795,8.1902,0.98,1.0693
3530,12.6795,keygen_C,48,4,23,11,32,6992,0.89,12.6795,6.7473,0.9749,1.0954
3531,12.6795,keygen_C,48,4,17,10,32,5568,0.7088,12.6795,6.7072,0.9327,1.316
3532,12.6795,keygen_C,48,4,11,16,32,5568,0.7088,12.6795,7.6585,0.9323,1.3153
3533,12.6795,keygen_C,48,4,9,16,32,5024,0.6395,12.6795,7.4812,0.916,1.4324
3534,12.6795,keygen_C,48,4,17,8,32,5024,0.6395,12.6795,6.6895,0.9169,1.4338
3535,12.6795,keygen_C,48,4,21,13,32,7280,0.9267,12.6795,6.9163,0.9828,1.0606
3536,12.6795,keygen_C,48,4,16,8,32,4880,0.6212,12.6795,6.6892,0.9128,1.4694
3537,12.6795,keygen_C,48,4,12,11,32,4880,0.6212,12.6795,6.7169,0.9123,1.4686
3538,12.6795,keygen_C,48,4,9,15,32,4880,0.6212,12.6795,7.0824,0.9118,1.4679
3539,12.6795,keygen_C,48,4,8,17,32,4880,0.6212,12.6795,8.1016,0.9118,1.4679
3540,12.6795,keygen_C,48,4,13,10,32,4864,0.6191,12.6795,6.7016,0.9118,1.4727
3541,12.6795,keygen_C,48,4,11,13,32,5040,0.6415,12.6795,6.8055,0.9169,1.4293
3542,12.6795,keygen_C,48,4,14,10,32,5040,0.6415,12.6795,6.703,0.9169,1.4293
3543,12.6795,keygen_C,48,4,21,14,32,7616,0.9695,12.6795,7.1489,0.9926,1.0239
3544,12.6795,keygen_C,48,4,24,11,32,7184,0.9145,12.6795,6.7501,0.9805,1.0722
3545,12.6795,keygen_C,48,4,16,16,32,6928,0.8819,12.6795,8.1016,0.9722,1.1024
3546,12.6795,keygen_C,48,4,16,18,32,7440,0.947,12.6795,12.3555,0.987,1.0422
3547,12.6795,keygen_C,48,4,16,10,32,5392,0.6864,12.6795,6.7058,0.9276,1.3515
3548,12.6795,keygen_C,48,4,12,15,32,5648,0.7189,12.6795,7.2154,0.9346,1.2999
3549,12.6795,keygen_C,48,4,20,13,32,7056,0.8982,12.6795,6.9052,0.9763,1.087
3550,12.6795,keygen_C,48,4,23,13,32,7728,0.9837,12.6795,6.9384,0.9963,1.0128
3551,12.6795,keygen_C,48,4,20,14,32,7376,0.9389,12.6795,7.1267,0.9856,1.0498
3552,12.6795,keygen_C,48,4,18,17,32,7760,0.9878,12.6795,9.874,0.9963,1.0086
3553,12.6795,keygen_C,48,4,13,12,32,5280,0.6721,12.6795,6.7556,0.9239,1.3746
3554,12.6795,keygen_C,48,4,7,18,32,4704,0.5988,12.6795,9.1651,0.9067,1.5143
3555,12.6795,keygen_C,48,4,14,11,32,5264,0.6701,12.6795,6.7224,0.9234,1.3781
3556,12.6795,keygen_C,48,4,13,13,32,5488,0.6986,12.6795,6.8276,0.9299,1.3312
3557,12.6795,keygen_C,48,4,10,16,32,5296,0.6741,12.6795,7.5699,0.9239,1.3705
3558,12.6795,keygen_C,48,4,19,16,32,7744,0.9857,12.6795,8.3675,0.9963,1.0107
3559,12.6795,keygen_C,48,4,15,10,32,5216,0.664,12.6795,6.7044,0.9225,1.3894
3560,12.6795,keygen_C,48,4,14,12,32,5488,0.6986,12.6795,6.7612,0.9299,1.3312
3561,12.6795,keygen_C,48,4,17,9,32,5296,0.6741,12.6795,6.6954,0.9248,1.3719
3562,12.6795,keygen_C,48,4,11,14,32,5216,0.664,12.6795,6.9273,0.922,1.3887
3563,12.6795,keygen_C,48,4,9,17,32,5168,0.6578,12.6795,8.2788,0.9202,1.3988
3564,12.6795,keygen_C,48,4,9,18,32,5312,0.6762,12.6795,9.874,0.9244,1.3671
3565,12.6795,keygen_C,48,4,18,8,32,5168,0.6578,12.6795,6.6899,0.9211,1.4002
3566,12.6795,keygen_C,48,4,19,8,32,5312,0.6762,12.6795,6.6902,0.9258,1.3691
3567,12.6795,keygen_C,48,4,13,14,32,5696,0.7251,12.6795,6.9716,0.936,1.2909
3568,12.6795,keygen_C,48,4,21,12,32,6944,0.8839,12.6795,6.7999,0.9731,1.1009
3569,12.6795,keygen_C,48,4,15,12,32,5696,0.7251,12.6795,6.7667,0.9364,1.2915
3570,12.6795,keygen_C,48,4,12,13,32,5264,0.6701,12.6795,6.8166,0.9234,1.3781
3571,12.6795,keygen_C,48,4,16,11,32,5648,0.7189,12.6795,6.7279,0.935,1.3006
3572,12.6907,c_per_byte,44,11,12,17,256,7344,0.9348,0.2525,2.493,11.8636,12.6907
3573,12.6912,c_per_byte,44,11,18,11,256,7344,0.9348,0.2525,0.4159,11.864,12.6912
3574,12.6922,c_per_byte,44,11,24,8,256,7344,0.9348,0.2525,0.3743,11.865,12.6922
3575,12.6991,c_per_byte,40,10,14,13,256,6672,0.8493,0.2525,0.4879,10.7852,12.6991
3576,12.71,sign_C,48,4,17,18,32,7744,0.9857,12.6795,12.71,0.9958,1.0102
3577,12.7215,c_per_byte,48,8,10,13,256,5328,0.6782,1.0101,1.1756,8.6278,12.7215
3578,12.7215,c_per_byte,48,8,7,19,256,5328,0.6782,1.0101,6.0277,8.6278,12.7215
3579,12.7222,c_per_byte,48,8,14,9,256,5328,0.6782,1.0101,1.0745,8.6283,12.7222
3580,12.7247,sign_C,48,4,12,19,16,6864,0.8737,8.0,12.7247,0.6413,0.734
3581,12.729,c_per_byte,40,10,13,14,256,6656,0.8473,0.2525,0.6208,10.7847,12.729
3582,12.7296,c_per_byte,40,10,15,12,256,6656,0.8473,0.2525,0.4158,10.7852,12.7296
3583,12.7432,sign_C,44,4,15,19,16,7760,0.9878,4.0,12.7432,0.6677,0.676
3584,12.7592,c_per_byte,40,8,7,20,256,5312,0.6762,0.505,10.4582,8.6274,12.7592
3585,12.7763,c_per_byte,45,9,11,14,256,5968,0.7597,0.505,0.8427,9.7058,12.7763
3586,12.7769,c_per_byte,45,9,15,10,256,5968,0.7597,0.505,0.6197,9.7063,12.7769
3587,12.8198,c_per_byte,50,10,13,13,256,6608,0.8411,0.505,0.8095,10.7833,12.8198
3588,12.8198,c_per_byte,40,10,12,15,256,6608,0.8411,0.2525,0.8645,10.7833,12.8198
3589,12.8198,c_per_byte,50,10,14,12,256,6608,0.8411,0.505,0.7431,10.7833,12.8198
3590,12.8204,c_per_byte,40,10,16,11,256,6608,0.8411,0.2525,0.3771,10.7838,12.8204
3591,12.8557,c_per_byte,44,11,14,14,256,7248,0.9226,0.2525,0.6762,11.8608,12.8557
3592,12.8562,c_per_byte,44,11,15,13,256,7248,0.9226,0.2525,0.5322,11.8613,12.8562
3593,12.8567,c_per_byte,44,11,21,9,256,7248,0.9226,0.2525,0.3806,11.8617,12.8567
3594,12.8661,sign_C,40,8,9,20,32,7264,0.9246,0.0991,12.8661,1.7494,1.892
3595,12.8734,c_per_byte,48,8,8,16,256,5264,0.6701,1.0101,1.7738,8.626,12.8734
3596,12.877,sign_C,42,7,9,20,16,7632,0.9715,0.125,12.877,0.993,1.0222
3597,12.8774,c_per_byte,45,9,9,17,256,5920,0.7536,0.505,2.1942,9.7039,12.8774
3598,12.8786,c_per_byte,45,9,18,8,256,5920,0.7536,0.505,0.6052,9.7049,12.8786
3599,12.8792,sign_C,45,9,9,20,32,7792,0.9919,0.0991,12.8792,1.9568,1.9729
3600,12.8806,c_per_byte,40,10,10,18,256,6576,0.8371,0.2525,3.8777,10.7819,12.8806
3601,12.8806,c_per_byte,50,10,9,19,256,6576,0.8371,0.505,7.0464,10.7819,12.8806
3602,12.8806,c_per_byte,50,10,10,17,256,6576,0.8371,0.505,2.438,10.7819,12.8806
3603,12.8811,c_per_byte,50,10,12,14,256,6576,0.8371,0.505,0.9314,10.7824,12.8811
3604,12.8817,c_per_byte,50,10,18,9,256,6576,0.8371,0.505,0.678,10.7828,12.8817
3605,12.8817,c_per_byte,50,10,15,11,256,6576,0.8371,0.505,0.7071,10.7828,12.8817
3606,12.8822,c_per_byte,50,10,20,8,256,6576,0.8371,0.505,0.6725,10.7833,12.8822
3607,12.8822,c_per_byte,40,10,19,9,256,6576,0.8371,0.2525,0.3459,10.7833,12.8822
3608,12.8837,c_per_byte,44,11,11,18,256,7232,0.9206,0.2525,4.2654,11.8603,12.8837
3609,12.8847,c_per_byte,44,11,19,10,256,7232,0.9206,0.2525,0.3923,11.8613,12.8847
3610,12.9117,c_per_byte,44,11,13,15,256,7216,0.9185,0.2525,0.9421,11.8599,12.9117
3611,12.912,c_per_byte,48,8,9,14,256,5248,0.668,1.0101,1.2643,8.6255,12.912
3612,12.9122,c_per_byte,44,11,16,12,256,7216,0.9185,0.2525,0.4547,11.8603,12.9122
3613,12.941,sign_C,42,6,16,19,256,7536,0.9593,2.0201,12.941,6.5749,6.8541
3614,12.941,sign_C,42,6,8,20,256,5104,0.6497,2.0201,12.941,6.5035,10.0101
3615,12.9414,c_per_byte,44,11,23,8,256,7200,0.9165,0.2525,0.374,11.8608,12.9414
3616,12.9444,sign_C,42,7,9,20,32,6848,0.8717,0.1981,12.9444,1.5452,1.7727
3617,12.9461,c_per_byte,45,9,8,19,256,5888,0.7495,0.505,6.2708,9.703,12.9461
3618,12.9461,c_per_byte,45,9,10,15,256,5888,0.7495,0.505,1.0421,9.703,12.9461
3619,12.9474,c_per_byte,45,9,16,9,256,5888,0.7495,0.505,0.6101,9.7039,12.9474
3620,12.9593,sign_C,42,6,9,20,16,7072,0.9002,0.25,12.9593,0.8668,0.9629
3621,12.9638,c_per_byte,48,12,15,14,256,7840,0.998,0.2525,0.7316,12.9374,12.9638
3622,12.9705,sign_C,48,8,9,20,32,7392,0.9409,0.1981,12.9705,1.7531,1.8632
3623,12.9742,c_per_byte,40,10,11,16,256,6528,0.831,0.2525,1.3076,10.781,12.9742
3624,12.9747,c_per_byte,40,10,17,10,256,6528,0.831,0.2525,0.3563,10.7814,12.9747
3625,12.9893,c_per_byte,48,12,14,15,256,7824,0.9959,0.2525,1.0197,12.9364,12.9893
3626,12.9898,c_per_byte,48,12,16,13,256,7824,0.9959,0.2525,0.5766,12.9369,12.9898
3627,12.9898,c_per_byte,48,8,7,18,256,5216,0.664,1.0101,3.5463,8.6246,12.9898
3628,12.9923,sign_C,49,7,9,20,16,7744,0.9857,0.25,12.9923,0.9963,1.0107
3629,13.0055,c_per_byte,50,10,11,15,256,6512,0.8289,0.505,1.153,10.7805,13.0055
3630,13.006,c_per_byte,50,10,16,10,256,6512,0.8289,0.505,0.6877,10.781,13.006
3631,13.0146,sign_C,40,4,16,19,32,7568,0.9633,3.1699,13.0146,0.9907,1.0284
3632,13.0146,sign_C,40,4,8,20,32,5136,0.6538,3.1699,13.0146,0.9193,1.4061
3633,13.0252,c_per_byte,44,11,12,16,256,7152,0.9104,0.2525,1.4295,11.858,13.0252
3634,13.0257,c_per_byte,44,11,17,11,256,7152,0.9104,0.2525,0.4131,11.8585,13.0257
3635,13.0645,sign_C,48,4,9,19,32,5456,0.6945,12.6795,13.0645,0.9285,1.337
3636,13.0681,c_per_byte,48,12,13,16,256,7776,0.9898,0.2525,1.5514,12.935,13.0681
3637,13.0686,c_per_byte,48,12,17,12,256,7776,0.9898,0.2525,0.4935,12.9355,13.0686
3638,13.075,sign_C,42,6,9,20,32,6400,0.8147,0.3962,13.075,1.3401,1.645
3639,13.0865,c_per_byte,45,9,13,11,256,5824,0.7413,0.505,0.635,9.7016,13.0865
3640,13.0865,c_per_byte,45,9,12,12,256,5824,0.7413,0.505,0.6654,9.7016,13.0865
3641,13.0911,sign_C,40,5,9,20,16,6480,0.8248,0.5,13.0911,0.7397,0.8967
3642,13.0944,sign_C,40,10,9,20,256,6560,0.835,0.2525,13.0944,10.7814,12.9114
3643,13.0946,c_per_byte,48,12,11,19,256,7760,0.9878,0.2525,8.1981,12.9346,13.0946
3644,13.0955,c_per_byte,48,12,22,9,256,7760,0.9878,0.2525,0.4145,12.9355,13.0955
3645,13.0955,c_per_byte,48,12,20,10,256,7760,0.9878,0.2525,0.427,12.9355,13.0955
3646,13.1203,sign_C,48,6,14,19,256,6992,0.89,4.0403,13.1203,6.5587,7.3692
3647,13.1203,sign_C,48,6,7,20,256,4864,0.6191,4.0403,13.1203,6.4965,10.4927
3648,13.1231,sign_C,45,5,11,19,256,5696,0.7251,8.0806,13.1231,5.4622,7.5335
3649,13.1272,sign_C,49,7,9,20,32,6960,0.8859,0.3962,13.1272,1.5485,1.7478
3650,13.1323,c_per_byte,40,10,14,12,256,6448,0.8208,0.2525,0.4103,10.7787,13.1323
3651,13.1323,c_per_byte,40,10,13,13,256,6448,0.8208,0.2525,0.4768,10.7787,13.1323
3652,13.1403,c_per_byte,44,11,10,19,256,7088,0.9022,0.2525,7.4559,11.8557,13.1403
3653,13.1418,c_per_byte,44,11,20,9,256,7088,0.9022,0.2525,0.3799,11.8571,13.1418
3654,13.157,sign_C,48,6,9,20,16,7168,0.9124,0.5,13.157,0.8696,0.9531
3655,13.1576,c_per_byte,45,9,11,13,256,5792,0.7373,0.505,0.7208,9.7007,13.1576
3656,13.1576,c_per_byte,45,9,14,10,256,5792,0.7373,0.505,0.6184,9.7007,13.1576
3657,13.1638,c_per_byte,50,10,9,18,256,6432,0.8187,0.505,3.8559,10.7777,13.1638
3658,13.1655,c_per_byte,50,10,19,8,256,6432,0.8187,0.505,0.6721,10.7791,13.1655
3659,13.1928,c_per_byte,45,9,9,16,256,5776,0.7352,0.505,1.3966,9.6998,13.1928
3660,13.1961,c_per_byte,50,10,10,16,256,6416,0.8167,0.505,1.5518,10.7773,13.1961
3661,13.1961,c_per_byte,40,10,10,17,256,6416,0.8167,0.2525,2.1052,10.7773,13.1961
3662,13.1961,c_per_byte,40,10,9,19,256,6416,0.8167,0.2525,6.7136,10.7773,13.1961
3663,13.1967,c_per_byte,40,10,12,14,256,6416,0.8167,0.2525,0.5986,10.7777,13.1967
3664,13.1972,c_per_byte,50,10,17,9,256,6416,0.8167,0.505,0.6773,10.7782,13.1972
3665,13.1972,c_per_byte,40,10,15,11,256,6416,0.8167,0.2525,0.3743,10.7782,13.1972
3666,13.1993,c_per_byte,44,11,11,17,256,7056,0.8982,0.2525,2.3157,11.8552,13.1993
3667,13.1999,c_per_byte,44,11,18,10,256,7056,0.8982,0.2525,0.391,11.8557,13.1999
3668,13.2004,c_per_byte,44,11,22,8,256,7056,0.8982,0.2525,0.3737,11.8561,13.2004
3669,13.2016,c_per_byte,48,12,12,17,256,7696,0.9796,0.2525,2.5263,12.9327,13.2016
3670,13.2021,c_per_byte,48,12,18,11,256,7696,0.9796,0.2525,0.4492,12.9332,13.2021
3671,13.203,c_per_byte,48,12,24,8,256,7696,0.9796,0.2525,0.4076,12.9341,13.203
3672,13.2072,sign_C,49,7,8,20,256,5504,0.7006,2.0201,13.2072,7.574,10.8106
3673,13.2288,c_per_byte,45,9,8,18,256,5760,0.7332,0.505,3.4349,9.6993,13.2288
3674,13.2291,c_per_byte,50,10,13,12,256,6400,0.8147,0.505,0.7375,10.7773,13.2291
3675,13.2584,c_per_byte,44,11,14,13,256,7024,0.8941,0.2525,0.5211,11.8543,13.2584
3676,13.2611,c_per_byte,50,10,8,20,256,6384,0.8126,0.505,12.0092,10.7763,13.2611
3677,13.2617,c_per_byte,50,10,14,11,256,6384,0.8126,0.505,0.7043,10.7768,13.2617
3678,13.2617,c_per_byte,50,10,12,13,256,6384,0.8126,0.505,0.7985,10.7768,13.2617
3679,13.2676,sign_C,44,4,14,19,32,6992,0.89,6.3398,13.2676,0.9735,1.0939
3680,13.2676,sign_C,44,4,7,20,32,4864,0.6191,6.3398,13.2676,0.9114,1.472
3681,13.2838,sign_C,40,5,9,20,32,5920,0.7536,0.7925,13.2838,1.1341,1.505
3682,13.2882,c_per_byte,44,11,13,14,256,7008,0.8921,0.2525,0.6541,11.8538,13.2882
3683,13.2887,c_per_byte,44,11,15,12,256,7008,0.8921,0.2525,0.4491,11.8543,13.2887
3684,13.2941,sign_C,40,8,9,20,256,5984,0.7617,0.505,13.2941,8.6469,11.3519
3685,13.2969,sign_C,40,5,15,19,256,6896,0.8778,4.0403,13.2969,5.4974,6.2628
3686,13.3014,c_per_byte,45,9,10,14,256,5728,0.7291,0.505,0.8205,9.6984,13.3014
3687,13.3273,c_per_byte,40,10,11,15,256,6352,0.8086,0.2525,0.8202,10.7759,13.3273
3688,13.3604,c_per_byte,50,10,11,14,256,6336,0.8065,0.505,0.9092,10.7754,13.3604
3689,13.3606,sign_C,45,9,9,20,256,6352,0.8086,0.505,13.3606,9.7165,12.0171
3690,13.361,c_per_byte,50,10,15,10,256,6336,0.8065,0.505,0.6863,10.7759,13.361
3691,13.3655,c_per_byte,48,12,14,14,256,7600,0.9674,0.2525,0.7095,12.9299,13.3655
3692,13.3659,c_per_byte,48,12,15,13,256,7600,0.9674,0.2525,0.5655,12.9304,13.3659
3693,13.3664,c_per_byte,48,12,21,9,256,7600,0.9674,0.2525,0.4139,12.9309,13.3664
3694,13.3783,c_per_byte,44,11,12,15,256,6960,0.8859,0.2525,0.8978,11.8524,13.3783
3695,13.3788,c_per_byte,44,11,16,11,256,6960,0.8859,0.2525,0.4103,11.8529,13.3788
3696,13.3883,sign_C,48,6,9,20,32,6496,0.8269,0.7925,13.3883,1.3429,1.6241
3697,13.3932,c_per_byte,48,12,11,18,256,7584,0.9654,0.2525,4.2987,12.9295,13.3932
3698,13.3941,c_per_byte,48,12,19,10,256,7584,0.9654,0.2525,0.4256,12.9304,13.3941
3699,13.4119,c_per_byte,45,9,7,20,256,5680,0.723,0.505,10.5247,9.697,13.4119
3700,13.4206,sign_C,45,5,9,20,16,6560,0.835,1.0,13.4206,0.742,0.8886
3701,13.421,c_per_byte,48,12,13,15,256,7568,0.9633,0.2525,0.9754,12.929,13.421
3702,13.4215,c_per_byte,48,12,16,12,256,7568,0.9633,0.2525,0.4879,12.9295,13.4215
3703,13.4272,sign_C,50,10,9,20,256,6720,0.8554,0.505,13.4272,10.7861,12.6094
3704,13.4323,sign_C,50,5,8,20,32,5744,0.7312,3.1699,13.4323,1.129,1.5441
3705,13.4337,sign_C,48,4,13,19,16,7184,0.9145,8.0,13.4337,0.6506,0.7114
3706,13.4385,c_per_byte,44,11,10,18,256,6928,0.8819,0.2525,3.9109,11.851,13.4385
3707,13.4401,c_per_byte,44,11,19,9,256,6928,0.8819,0.2525,0.3792,11.8524,13.4401
3708,13.4504,c_per_byte,48,12,23,8,256,7552,0.9613,0.2525,0.4073,12.9299,13.4504
3709,13.4522,sign_C,44,4,8,20,16,5648,0.7189,4.0,13.4522,0.6056,0.8423
3710,13.4601,c_per_byte,50,10,9,17,256,6288,0.8004,0.505,2.2607,10.7735,13.4601
3711,13.4612,c_per_byte,50,10,18,8,256,6288,0.8004,0.505,0.6718,10.7745,13.4612
3712,13.4691,c_per_byte,44,11,9,20,256,6912,0.8798,0.2525,13.1277,11.8506,13.4691
3713,13.4706,c_per_byte,44,11,21,8,256,6912,0.8798,0.2525,0.3733,11.852,13.4706
3714,13.4938,c_per_byte,40,10,9,18,256,6272,0.7984,0.2525,3.5232,10.7731,13.4938
3715,13.5242,c_per_byte,45,9,8,17,256,5632,0.7169,0.505,2.0169,9.6956,13.5242
3716,13.5242,c_per_byte,45,9,9,15,256,5632,0.7169,0.505,0.9978,9.6956,13.5242
3717,13.5249,c_per_byte,45,9,12,11,256,5632,0.7169,0.505,0.6322,9.6961,13.5249
3718,13.5278,c_per_byte,50,10,10,15,256,6256,0.7963,0.505,1.1086,10.7726,13.5278
3719,13.5278,c_per_byte,50,10,8,19,256,6256,0.7963,0.505,6.3374,10.7726,13.5278
3720,13.5278,c_per_byte,40,10,10,16,256,6256,0.7963,0.2525,1.219,10.7726,13.5278
3721,13.5289,c_per_byte,50,10,16,9,256,6256,0.7963,0.505,0.6766,10.7735,13.5289
3722,13.5312,c_per_byte,44,11,11,16,256,6880,0.8758,0.2525,1.3409,11.8501,13.5312
3723,13.5317,c_per_byte,44,11,17,10,256,6880,0.8758,0.2525,0.3896,11.8506,13.5317
3724,13.5335,c_per_byte,48,12,12,16,256,7504,0.9552,0.2525,1.4628,12.9271,13.5335
3725,13.534,c_per_byte,48,12,17,11,256,7504,0.9552,0.2525,0.4464,12.9276,13.534
3726,13.5625,c_per_byte,40,10,13,12,256,6240,0.7943,0.2525,0.4048,10.7726,13.5625
3727,13.5628,c_per_byte,45,9,11,12,256,5616,0.7149,0.505,0.6599,9.6956,13.5628
3728,13.5961,c_per_byte,40,10,8,20,256,6224,0.7923,0.2525,11.6765,10.7717,13.5961
3729,13.5967,c_per_byte,40,10,12,13,256,6224,0.7923,0.2525,0.4657,10.7722,13.5967
3730,13.6475,c_per_byte,48,12,10,19,256,7440,0.947,0.2525,7.4891,12.9248,13.6475
3731,13.649,c_per_byte,48,12,20,9,256,7440,0.947,0.2525,0.4132,12.9262,13.649
3732,13.6658,c_per_byte,50,10,13,11,256,6192,0.7882,0.505,0.7015,10.7712,13.6658
3733,13.6658,c_per_byte,50,10,12,12,256,6192,0.7882,0.505,0.732,10.7712,13.6658
3734,13.6771,c_per_byte,45,9,7,19,256,5568,0.7088,0.505,5.5619,9.6937,13.6771
3735,13.6771,c_per_byte,45,9,10,13,256,5568,0.7088,0.505,0.7098,9.6937,13.6771
3736,13.6877,c_per_byte,44,11,13,13,256,6800,0.8656,0.2525,0.51,11.8478,13.6877
3737,13.6877,c_per_byte,44,11,14,12,256,6800,0.8656,0.2525,0.4436,11.8478,13.6877
3738,13.6934,sign_C,42,7,9,20,256,5728,0.7291,1.0101,13.6934,7.5805,10.3967
3739,13.7006,c_per_byte,40,10,11,14,256,6176,0.7862,0.2525,0.5765,10.7708,13.7006
3740,13.706,c_per_byte,48,12,11,17,256,7408,0.943,0.2525,2.349,12.9244,13.706
3741,13.7065,c_per_byte,48,12,18,10,256,7408,0.943,0.2525,0.4242,12.9248,13.7065
3742,13.7069,c_per_byte,48,12,22,8,256,7408,0.943,0.2525,0.4069,12.9253,13.7069
3743,13.7356,c_per_byte,50,10,11,13,256,6160,0.7841,0.505,0.7874,10.7703,13.7356
3744,13.7356,c_per_byte,50,10,14,10,256,6160,0.7841,0.505,0.6849,10.7703,13.7356
3745,13.7508,c_per_byte,44,11,10,17,256,6768,0.8615,0.2525,2.1385,11.8464,13.7508
3746,13.7508,c_per_byte,44,11,9,19,256,6768,0.8615,0.2525,6.7469,11.8464,13.7508
3747,13.7513,c_per_byte,44,11,12,14,256,6768,0.8615,0.2525,0.6319,11.8469,13.7513
3748,13.7519,c_per_byte,44,11,15,11,256,6768,0.8615,0.2525,0.4076,11.8473,13.7519
3749,13.7519,c_per_byte,44,11,18,9,256,6768,0.8615,0.2525,0.3785,11.8473,13.7519
3750,13.7524,c_per_byte,44,11,20,8,256,6768,0.8615,0.2525,0.373,11.8478,13.7524
3751,13.7644,c_per_byte,48,12,14,13,256,7376,0.9389,0.2525,0.5544,12.9234,13.7644
3752,13.7702,c_per_byte,50,10,9,16,256,6144,0.7821,0.505,1.4631,10.7694,13.7702
3753,13.7714,c_per_byte,50,10,17,8,256,6144,0.7821,0.505,0.6714,10.7703,13.7714
3754,13.7734,sign_C,48,4,10,19,32,5776,0.7352,12.6795,13.7734,0.9378,1.2755
3755,13.7939,c_per_byte,48,12,13,14,256,7360,0.9369,0.2525,0.6873,12.923,13.7939
3756,13.7944,c_per_byte,48,12,15,12,256,7360,0.9369,0.2525,0.4824,12.9234,13.7944
3757,13.8056,c_per_byte,50,10,8,18,256,6128,0.78,0.505,3.5015,10.7689,13.8056
3758,13.8056,c_per_byte,40,10,9,17,256,6128,0.78,0.2525,1.928,10.7689,13.8056
3759,13.806,sign_C,45,5,9,20,32,6000,0.7637,1.5849,13.806,1.1364,1.488
3760,13.8159,sign_C,40,4,9,20,16,5920,0.7536,2.0,13.8159,0.6135,0.8141
3761,13.8265,sign_C,48,8,9,20,256,6112,0.778,1.0101,13.8265,8.6506,11.1189
3762,13.8293,sign_C,48,6,15,19,256,7312,0.9308,4.0403,13.8293,6.5684,7.0571
3763,13.8321,sign_C,45,5,12,19,256,6016,0.7658,8.0806,13.8321,5.4715,7.1449
3764,13.8335,c_per_byte,45,9,8,16,256,5504,0.7006,0.505,1.308,9.6919,13.8335
3765,13.8768,c_per_byte,40,10,8,19,256,6096,0.776,0.2525,6.0046,10.768,13.8768
3766,13.8768,c_per_byte,50,10,10,14,256,6096,0.776,0.505,0.8871,10.768,13.8768
3767,13.8768,c_per_byte,40,10,10,15,256,6096,0.776,0.2525,0.7759,10.768,13.8768
3768,13.878,c_per_byte,50,10,15,9,256,6096,0.776,0.505,0.6759,10.7689,13.878
3769,13.8804,c_per_byte,44,11,11,15,256,6704,0.8534,0.2525,0.8535,11.845,13.8804
3770,13.881,c_per_byte,44,11,16,10,256,6704,0.8534,0.2525,0.3882,11.8455,13.881
3771,13.8829,c_per_byte,48,12,12,15,256,7312,0.9308,0.2525,0.9311,12.9216,13.8829
3772,13.8834,c_per_byte,48,12,16,11,256,7312,0.9308,0.2525,0.4436,12.922,13.8834
3773,13.9424,c_per_byte,48,12,10,18,256,7280,0.9267,0.2525,3.9442,12.9202,13.9424
3774,13.9439,c_per_byte,48,12,19,9,256,7280,0.9267,0.2525,0.4125,12.9216,13.9439
3775,13.9532,c_per_byte,45,9,7,18,256,5456,0.6945,0.505,3.0804,9.6905,13.9532
3776,13.9727,c_per_byte,48,12,9,20,256,7264,0.9246,0.2525,13.161,12.9197,13.9727
3777,13.9742,c_per_byte,48,12,21,8,256,7264,0.9246,0.2525,0.4066,12.9211,13.9742
3778,13.9765,sign_C,44,4,15,19,32,7312,0.9308,6.3398,13.9765,0.9833,1.0565
3779,13.9852,c_per_byte,50,10,7,20,256,6048,0.7699,0.505,10.5913,10.7666,13.9852
3780,14.0058,sign_C,40,5,16,19,256,7216,0.9185,4.0403,14.0058,5.5067,5.9951
3781,14.0058,sign_C,40,5,8,20,256,4784,0.609,4.0403,14.0058,5.4353,8.9255
3782,14.034,c_per_byte,48,12,11,16,256,7232,0.9206,0.2525,1.3742,12.9193,14.034
3783,14.0345,c_per_byte,48,12,17,10,256,7232,0.9206,0.2525,0.4229,12.9197,14.0345
3784,14.0448,c_per_byte,44,11,9,18,256,6624,0.8432,0.2525,3.5565,11.8422,14.0448
3785,14.0464,c_per_byte,44,11,19,8,256,6624,0.8432,0.2525,0.3726,11.8436,14.0464
3786,14.0782,c_per_byte,44,11,10,16,256,6608,0.8411,0.2525,1.2523,11.8418,14.0782
3787,14.0793,c_per_byte,44,11,17,9,256,6608,0.8411,0.2525,0.3778,11.8427,14.0793
3788,14.0795,sign_C,50,5,9,20,16,6640,0.8452,2.0,14.0795,0.7443,0.8806
3789,14.0952,c_per_byte,50,10,8,17,256,6000,0.7637,0.505,2.0835,10.7652,14.0952
3790,14.0952,c_per_byte,50,10,9,15,256,6000,0.7637,0.505,1.0643,10.7652,14.0952
3791,14.0958,c_per_byte,50,10,12,11,256,6000,0.7637,0.505,0.6988,10.7657,14.0958
3792,14.0964,c_per_byte,50,10,16,8,256,6000,0.7637,0.505,0.6711,10.7661,14.0964
3793,14.1124,c_per_byte,44,11,13,12,256,6592,0.8391,0.2525,0.438,11.8418,14.1124
3794,14.1323,c_per_byte,40,10,9,16,256,5984,0.7617,0.2525,1.1304,10.7647,14.1323
3795,14.1329,c_per_byte,50,10,11,12,256,5984,0.7617,0.505,0.7265,10.7652,14.1329
3796,14.1329,c_per_byte,50,10,13,10,256,5984,0.7617,0.505,0.6835,10.7652,14.1329
3797,14.1427,sign_C,48,4,14,19,16,7504,0.9552,8.0,14.1427,0.6599,0.6908
3798,14.1427,sign_C,48,4,7,20,16,5376,0.6843,8.0,14.1427,0.5977,0.8734
3799,14.1456,c_per_byte,44,11,8,20,256,6576,0.8371,0.2525,11.7097,11.8408,14.1456
3800,14.1462,c_per_byte,44,11,14,11,256,6576,0.8371,0.2525,0.4048,11.8413,14.1462
3801,14.1462,c_per_byte,44,11,12,13,256,6576,0.8371,0.2525,0.499,11.8413,14.1462
3802,14.1696,c_per_byte,40,10,8,18,256,5968,0.7597,0.2525,3.1687,10.7643,14.1696
3803,14.1884,c_per_byte,48,12,14,12,256,7152,0.9104,0.2525,0.4769,12.9169,14.1884
3804,14.1884,c_per_byte,48,12,13,13,256,7152,0.9104,0.2525,0.5433,12.9169,14.1884
3805,14.2447,c_per_byte,50,10,10,13,256,5936,0.7556,0.505,0.7763,10.7633,14.2447
3806,14.2447,c_per_byte,50,10,7,19,256,5936,0.7556,0.505,5.6284,10.7633,14.2447
3807,14.2454,c_per_byte,50,10,14,9,256,5936,0.7556,0.505,0.6752,10.7638,14.2454
3808,14.2485,c_per_byte,44,11,11,14,256,6528,0.831,0.2525,0.6098,11.8399,14.2485
3809,14.2491,c_per_byte,44,11,15,10,256,6528,0.831,0.2525,0.3868,11.8404,14.2491
3810,14.2506,c_per_byte,48,12,10,17,256,7120,0.9063,0.2525,2.1718,12.9155,14.2506
3811,14.2506,c_per_byte,48,12,9,19,256,7120,0.9063,0.2525,6.7802,12.9155,14.2506
3812,14.2511,c_per_byte,48,12,12,14,256,7120,0.9063,0.2525,0.6652,12.916,14.2511
3813,14.2517,c_per_byte,48,12,15,11,256,7120,0.9063,0.2525,0.4409,12.9165,14.2517
3814,14.2517,c_per_byte,48,12,18,9,256,7120,0.9063,0.2525,0.4118,12.9165,14.2517
3815,14.2522,c_per_byte,48,12,20,8,256,7120,0.9063,0.2525,0.4062,12.9169,14.2522
3816,14.2841,sign_C,40,8,10,20,32,7600,0.9674,0.0991,14.2841,1.7592,1.8184
3817,14.3518,c_per_byte,44,11,9,17,256,6480,0.8248,0.2525,1.9612,11.8381,14.3518
3818,14.359,sign_C,42,6,9,20,256,5440,0.6925,2.0201,14.359,6.5132,9.4059
3819,14.359,c_per_byte,40,10,7,20,256,5888,0.7495,0.2525,10.2585,10.7619,14.359
3820,14.3624,sign_C,42,7,10,20,32,7184,0.9145,0.1981,14.3624,1.555,1.7004
3821,14.3773,sign_C,42,6,10,20,16,7408,0.943,0.25,14.3773,0.8766,0.9296
3822,14.3783,c_per_byte,48,12,11,15,256,7056,0.8982,0.2525,0.8867,12.9142,14.3783
3823,14.3789,c_per_byte,48,12,16,10,256,7056,0.8982,0.2525,0.4215,12.9146,14.3789
3824,14.3885,sign_C,48,8,10,20,32,7728,0.9837,0.1981,14.3885,1.7629,1.7921
3825,14.3975,c_per_byte,50,10,8,16,256,5872,0.7475,0.505,1.3745,10.7615,14.3975
3826,14.4219,c_per_byte,44,11,8,19,256,6448,0.8208,0.2525,6.0379,11.8371,14.4219
3827,14.4219,c_per_byte,44,11,10,15,256,6448,0.8208,0.2525,0.8092,11.8371,14.4219
3828,14.423,c_per_byte,44,11,16,9,256,6448,0.8208,0.2525,0.3771,11.8381,14.423
3829,14.4326,sign_C,40,4,9,20,32,5472,0.6965,3.1699,14.4326,0.929,1.3337
3830,14.4362,c_per_byte,50,10,9,14,256,5856,0.7454,0.505,0.8649,10.761,14.4362
3831,14.4824,sign_C,48,4,11,19,32,6096,0.776,12.6795,14.4824,0.9476,1.2211
3832,14.4929,sign_C,42,6,10,20,32,6736,0.8574,0.3962,14.4929,1.3499,1.5743
3833,14.5091,sign_C,40,5,10,20,16,6816,0.8676,0.5,14.5091,0.7494,0.8638
3834,14.5124,sign_C,40,10,10,20,256,6896,0.8778,0.2525,14.5124,10.7912,12.2934
3835,14.5143,c_per_byte,50,10,7,18,256,5824,0.7413,0.505,3.147,10.7601,14.5143
3836,14.5383,sign_C,48,6,16,19,256,7632,0.9715,4.0403,14.5383,6.5777,6.7708
3837,14.5383,sign_C,48,6,8,20,256,5200,0.6619,4.0403,14.5383,6.5063,9.8295
3838,14.5401,c_per_byte,48,12,9,18,256,6976,0.888,0.2525,3.5897,12.9114,14.5401
3839,14.541,sign_C,45,5,13,19,256,6336,0.8065,8.0806,14.541,5.4807,6.7956
3840,14.5417,c_per_byte,48,12,19,8,256,6976,0.888,0.2525,0.4059,12.9128,14.5417
3841,14.5451,sign_C,49,7,10,20,32,7296,0.9287,0.3962,14.5451,1.5582,1.6778
3842,14.5457,sign_C,44,11,10,20,256,7248,0.9226,0.2525,14.5457,11.8603,12.8552
3843,14.5543,c_per_byte,50,10,12,10,256,5808,0.7393,0.505,0.6821,10.7601,14.5543
3844,14.5543,c_per_byte,50,10,11,11,256,5808,0.7393,0.505,0.696,10.7601,14.5543
3845,14.5648,c_per_byte,44,11,13,11,256,6384,0.8126,0.2525,0.402,11.8357,14.5648
3846,14.5648,c_per_byte,44,11,12,12,256,6384,0.8126,0.2525,0.4325,11.8357,14.5648
3847,14.573,c_per_byte,48,12,10,16,256,6960,0.8859,0.2525,1.2855,12.9109,14.573
3848,14.574,c_per_byte,48,12,17,9,256,6960,0.8859,0.2525,0.4111,12.9118,14.574
3849,14.575,sign_C,48,6,10,20,16,7504,0.9552,0.5,14.575,0.8794,0.9206
3850,14.579,sign_C,48,12,10,20,256,7600,0.9674,0.2525,14.579,12.9295,13.365
3851,14.6066,c_per_byte,48,12,13,12,256,6944,0.8839,0.2525,0.4713,12.9109,14.6066
3852,14.6252,sign_C,49,7,9,20,256,5840,0.7434,2.0201,14.6252,7.5838,10.2017
3853,14.633,c_per_byte,50,10,10,12,256,5776,0.7352,0.505,0.7209,10.7587,14.633
3854,14.637,c_per_byte,44,11,14,10,256,6352,0.8086,0.2525,0.3854,11.8348,14.637
3855,14.637,c_per_byte,44,11,11,13,256,6352,0.8086,0.2525,0.4879,11.8348,14.637
3856,14.6393,c_per_byte,48,12,8,20,256,6928,0.8819,0.2525,11.743,12.91,14.6393
3857,14.6398,c_per_byte,48,12,14,11,256,6928,0.8819,0.2525,0.4381,12.9104,14.6398
3858,14.6398,c_per_byte,48,12,12,13,256,6928,0.8819,0.2525,0.5322,12.9104,14.6398
3859,14.6728,c_per_byte,44,11,9,16,256,6336,0.8065,0.2525,1.1636,11.8339,14.6728
3860,14.6855,sign_C,44,4,16,19,32,7632,0.9715,6.3398,14.6855,0.9926,1.0217
3861,14.6855,sign_C,44,4,8,20,32,5200,0.6619,6.3398,14.6855,0.9211,1.3916
3862,14.7018,sign_C,40,5,10,20,32,6256,0.7963,0.7925,14.7018,1.1439,1.4364
3863,14.7094,c_per_byte,44,11,8,18,256,6320,0.8045,0.2525,3.202,11.8334,14.7094
3864,14.7121,sign_C,40,8,10,20,256,6320,0.8045,0.505,14.7121,8.6566,10.7605
3865,14.7133,c_per_byte,50,10,8,15,256,5744,0.7312,0.505,1.02,10.7578,14.7133
3866,14.7148,sign_C,40,5,17,19,256,7536,0.9593,4.0403,14.7148,5.516,5.7502
3867,14.7403,c_per_byte,48,12,11,14,256,6880,0.8758,0.2525,0.643,12.909,14.7403
3868,14.7409,c_per_byte,48,12,15,10,256,6880,0.8758,0.2525,0.4201,12.9095,14.7409
3869,14.7786,sign_C,45,9,10,20,256,6688,0.8513,0.505,14.7786,9.7262,11.4248
3870,14.7831,c_per_byte,44,11,10,14,256,6288,0.8004,0.2525,0.5876,11.8325,14.7831
3871,14.7938,c_per_byte,50,10,6,20,256,5712,0.7271,0.505,9.1733,10.7564,14.7938
3872,14.7944,c_per_byte,50,10,7,17,256,5712,0.7271,0.505,1.9062,10.7568,14.7944
3873,14.8062,sign_C,48,6,10,20,32,6832,0.8697,0.7925,14.8062,1.3527,1.5554
3874,14.8385,sign_C,45,5,10,20,16,6896,0.8778,1.0,14.8385,0.7517,0.8564
3875,14.8418,c_per_byte,48,12,9,17,256,6832,0.8697,0.2525,1.9945,12.9072,14.8418
3876,14.8428,c_per_byte,48,12,18,8,256,6832,0.8697,0.2525,0.4055,12.9081,14.8428
3877,14.8452,sign_C,50,10,10,20,256,7056,0.8982,0.505,14.8452,10.7958,12.0198
3878,14.8503,sign_C,50,5,9,20,32,6080,0.7739,3.1699,14.8503,1.1387,1.4714
3879,14.8517,sign_C,48,4,15,19,16,7824,0.9959,8.0,14.8517,0.6696,0.6723
3880,14.8702,sign_C,44,4,9,20,16,5984,0.7617,4.0,14.8702,0.6153,0.8078
3881,14.895,c_per_byte,44,11,7,20,256,6240,0.7943,0.2525,10.2918,11.8311,14.895
3882,14.9105,c_per_byte,48,12,10,15,256,6800,0.8656,0.2525,0.8424,12.9063,14.9105
3883,14.9105,c_per_byte,48,12,8,19,256,6800,0.8656,0.2525,6.0712,12.9063,14.9105
3884,14.9116,c_per_byte,48,12,16,9,256,6800,0.8656,0.2525,0.4104,12.9072,14.9116
3885,15.0087,c_per_byte,44,11,9,15,256,6192,0.7882,0.2525,0.7648,11.8297,15.0087
3886,15.0087,c_per_byte,44,11,8,17,256,6192,0.7882,0.2525,1.784,11.8297,15.0087
3887,15.0476,c_per_byte,44,11,11,12,256,6176,0.7862,0.2525,0.427,11.8297,15.0476
3888,15.0506,c_per_byte,48,12,12,12,256,6736,0.8574,0.2525,0.4658,12.9049,15.0506
3889,15.0506,c_per_byte,48,12,13,11,256,6736,0.8574,0.2525,0.4353,12.9049,15.0506
3890,15.0855,c_per_byte,42,14,13,14,256,7840,0.998,0.1263,0.521,15.0548,15.0855
3891,15.0859,c_per_byte,42,14,15,12,256,7840,0.998,0.1263,0.316,15.0552,15.0859
3892,15.1114,sign_C,42,7,10,20,256,6064,0.7719,1.0101,15.1114,7.5903,9.8333
3893,15.1213,c_per_byte,48,12,14,10,256,6704,0.8534,0.2525,0.4187,12.9039,15.1213
3894,15.1213,c_per_byte,48,12,11,13,256,6704,0.8534,0.2525,0.5212,12.9039,15.1213
3895,15.1564,c_per_byte,48,12,9,16,256,6688,0.8513,0.2525,1.1969,12.903,15.1564
3896,15.1575,c_per_byte,48,12,17,8,256,6688,0.8513,0.2525,0.4052,12.9039,15.1575
3897,15.1631,c_per_byte,44,11,7,19,256,6128,0.78,0.2525,5.3289,11.8278,15.1631
3898,15.177,c_per_byte,42,14,12,15,256,7792,0.9919,0.1263,0.7647,15.0534,15.177
3899,15.1775,c_per_byte,42,14,16,11,256,7792,0.9919,0.1263,0.2772,15.0538,15.1775
3900,15.1914,sign_C,48,4,12,19,32,6416,0.8167,12.6795,15.1914,0.9568,1.1716
3901,15.1922,c_per_byte,48,12,8,18,256,6672,0.8493,0.2525,3.2352,12.9026,15.1922
3902,15.2239,sign_C,45,5,10,20,32,6336,0.8065,1.5849,15.2239,1.1462,1.4211
3903,15.2339,sign_C,40,4,10,20,16,6256,0.7963,2.0,15.2339,0.6232,0.7826
3904,15.2382,c_per_byte,42,14,10,18,256,7760,0.9878,0.1263,3.7778,15.052,15.2382
3905,15.2396,c_per_byte,42,14,19,9,256,7760,0.9878,0.1263,0.2461,15.0534,15.2396
3906,15.2445,sign_C,48,8,10,20,256,6448,0.8208,1.0101,15.2445,8.6603,10.5514
3907,15.25,sign_C,45,5,14,19,256,6656,0.8473,8.0806,15.25,5.49,6.4798
3908,15.25,sign_C,45,5,7,20,256,4528,0.5764,8.0806,15.25,5.4278,9.4172
3909,15.2643,c_per_byte,48,12,10,14,256,6640,0.8452,0.2525,0.6209,12.9016,15.2643
3910,15.2654,c_per_byte,48,12,15,9,256,6640,0.8452,0.2525,0.4097,12.9026,15.2654
3911,15.2692,c_per_byte,42,14,9,20,256,7744,0.9857,0.1263,12.9946,15.0515,15.2692
3912,15.2706,c_per_byte,42,14,21,8,256,7744,0.9857,0.1263,0.2402,15.0529,15.2706
3913,15.3207,c_per_byte,44,11,8,16,256,6064,0.7719,0.2525,1.075,11.826,15.3207
3914,15.3321,c_per_byte,42,14,11,16,256,7712,0.9817,0.1263,1.2078,15.051,15.3321
3915,15.3326,c_per_byte,42,14,17,10,256,7712,0.9817,0.1263,0.2565,15.0515,15.3326
3916,15.3738,c_per_byte,48,12,7,20,256,6592,0.8391,0.2525,10.3251,12.9002,15.3738
3917,15.4238,sign_C,40,5,9,20,256,5120,0.6517,4.0403,15.4238,5.445,8.3547
3918,15.4849,c_per_byte,48,12,8,17,256,6544,0.833,0.2525,1.8173,12.8988,15.4849
3919,15.4849,c_per_byte,48,12,9,15,256,6544,0.833,0.2525,0.7981,12.8988,15.4849
3920,15.4855,c_per_byte,48,12,12,11,256,6544,0.833,0.2525,0.4325,12.8993,15.4855
3921,15.486,c_per_byte,48,12,16,8,256,6544,0.833,0.2525,0.4049,12.8998,15.486
3922,15.4904,c_per_byte,42,14,14,12,256,7632,0.9715,0.1263,0.3105,15.0487,15.4904
3923,15.4904,c_per_byte,42,14,13,13,256,7632,0.9715,0.1263,0.3769,15.0487,15.4904
3924,15.4974,sign_C,50,5,10,20,16,6976,0.888,2.0,15.4974,0.7541,0.8492
3925,15.5229,c_per_byte,48,12,11,12,256,6528,0.831,0.2525,0.4602,12.8988,15.5229
3926,15.5229,c_per_byte,48,12,13,10,256,6528,0.831,0.2525,0.4173,12.8988,15.5229
3927,15.5542,c_per_byte,42,14,10,17,256,7600,0.9674,0.1263,2.0054,15.0473,15.5542
3928,15.5542,c_per_byte,42,14,9,19,256,7600,0.9674,0.1263,6.6138,15.0473,15.5542
3929,15.5547,c_per_byte,42,14,12,14,256,7600,0.9674,0.1263,0.4988,15.0478,15.5547
3930,15.5551,c_per_byte,42,14,18,9,256,7600,0.9674,0.1263,0.2454,15.0483,15.5551
3931,15.5551,c_per_byte,42,14,15,11,256,7600,0.9674,0.1263,0.2745,15.0483,15.5551
3932,15.5556,c_per_byte,42,14,20,8,256,7600,0.9674,0.1263,0.2399,15.0487,15.5556
3933,15.5607,sign_C,48,4,8,20,16,5712,0.7271,8.0,15.5607,0.6074,0.8354
3934,15.6356,c_per_byte,48,12,7,19,256,6480,0.8248,0.2525,5.3622,12.897,15.6356
3935,15.6356,c_per_byte,48,12,10,13,256,6480,0.8248,0.2525,0.5101,12.897,15.6356
3936,15.6362,c_per_byte,48,12,14,9,256,6480,0.8248,0.2525,0.409,12.8974,15.6362
3937,15.6848,c_per_byte,42,14,11,15,256,7536,0.9593,0.1263,0.7204,15.0459,15.6848
3938,15.6853,c_per_byte,42,14,16,10,256,7536,0.9593,0.1263,0.2551,15.0464,15.6853
3939,15.7769,sign_C,42,6,10,20,256,5776,0.7352,2.0201,15.7769,6.523,8.872
3940,15.7803,sign_C,42,7,11,20,32,7520,0.9572,0.1981,15.7803,1.5652,1.6351
3941,15.7893,c_per_byte,48,12,8,16,256,6416,0.8167,0.2525,1.1083,12.8951,15.7893
3942,15.7953,sign_C,42,6,11,20,16,7744,0.9857,0.25,15.7953,0.8868,0.8996
3943,15.8282,c_per_byte,48,12,9,14,256,6400,0.8147,0.2525,0.5987,12.8947,15.8282
3944,15.8502,c_per_byte,42,14,9,18,256,7456,0.9491,0.1263,3.4233,15.0432,15.8502
3945,15.8505,sign_C,40,4,10,20,32,5808,0.7393,3.1699,15.8505,0.9387,1.2698
3946,15.8838,c_per_byte,42,14,10,16,256,7440,0.947,0.1263,1.1192,15.0427,15.8838
3947,15.8848,c_per_byte,42,14,17,9,256,7440,0.947,0.1263,0.2447,15.0436,15.8848
3948,15.9004,sign_C,48,4,13,19,32,6736,0.8574,12.6795,15.9004,0.9661,1.1268
3949,15.9066,c_per_byte,48,12,7,18,256,6368,0.8106,0.2525,2.8808,12.8937,15.9066
3950,15.9109,sign_C,42,6,11,20,32,7072,0.9002,0.3962,15.9109,1.3601,1.5109
3951,15.918,c_per_byte,42,14,13,12,256,7424,0.945,0.1263,0.3049,15.0427,15.918
3952,15.927,sign_C,40,5,11,20,16,7152,0.9104,0.5,15.927,0.7596,0.8344
3953,15.9304,sign_C,40,10,11,20,256,7232,0.9206,0.2525,15.9304,10.8014,11.7334
3954,15.9514,c_per_byte,42,14,8,20,256,7408,0.943,0.1263,11.5766,15.0418,15.9514
3955,15.9519,c_per_byte,42,14,14,11,256,7408,0.943,0.1263,0.2717,15.0422,15.9519
3956,15.9519,c_per_byte,42,14,12,13,256,7408,0.943,0.1263,0.3659,15.0422,15.9519
3957,15.9562,sign_C,48,6,9,20,256,5536,0.7047,4.0403,15.9562,6.516,9.2467
3958,15.959,sign_C,45,5,15,19,256,6976,0.888,8.0806,15.959,5.4998,6.1935
3959,15.9631,sign_C,49,7,11,20,32,7632,0.9715,0.3962,15.9631,1.5684,1.6145
3960,15.9636,sign_C,44,11,11,20,256,7584,0.9654,0.2525,15.9636,11.8705,12.2963
3961,15.9929,sign_C,48,6,11,20,16,7840,0.998,0.5,15.9929,0.8896,0.8914
3962,16.0431,sign_C,49,7,10,20,256,6176,0.7862,2.0201,16.0431,7.5935,9.6591
3963,16.0545,c_per_byte,42,14,11,14,256,7360,0.9369,0.1263,0.4766,15.0408,16.0545
3964,16.055,c_per_byte,42,14,15,10,256,7360,0.9369,0.1263,0.2537,15.0413,16.055
3965,16.1035,sign_C,44,4,9,20,32,5536,0.7047,6.3398,16.1035,0.9309,1.321
3966,16.1198,sign_C,40,5,11,20,32,6592,0.8391,0.7925,16.1198,1.1541,1.3753
3967,16.13,sign_C,40,8,11,20,256,6656,0.8473,0.505,16.13,8.6668,10.2293
3968,16.1579,c_per_byte,42,14,9,17,256,7312,0.9308,0.1263,1.8281,15.039,16.1579
3969,16.1612,keygen_C,40,4,11,18,256,5152,0.6558,16.1612,12.4183,4.3875,6.6902
3970,16.1612,keygen_C,40,4,17,11,256,5072,0.6456,16.1612,8.5659,4.3856,6.7929
3971,16.1612,keygen_C,40,4,19,10,256,5152,0.6558,16.1612,8.5452,4.3884,6.6916
3972,16.1612,keygen_C,40,4,22,16,256,7792,0.9919,16.1612,10.4686,4.465,4.5016
3973,16.1612,keygen_C,40,4,12,16,256,5072,0.6456,16.1612,9.5823,4.3852,6.7921
3974,16.1612,keygen_C,40,4,22,14,256,7088,0.9022,16.1612,9.0063,4.4445,4.9261
3975,16.1612,keygen_C,50,5,13,17,256,6000,0.7637,16.1612,12.9528,5.471,7.1634
3976,16.1612,keygen_C,50,5,22,11,256,6480,0.8248,16.1612,10.7095,5.4858,6.6507
3977,16.1612,keygen_C,50,5,24,10,256,6480,0.8248,16.1612,10.6818,5.4863,6.6513
3978,16.1612,keygen_C,50,5,19,17,256,7728,0.9837,16.1612,14.0162,5.522,5.6135
3979,16.1612,keygen_C,50,5,23,14,256,7776,0.9898,16.1612,11.1581,5.5239,5.5807
3980,16.1612,keygen_C,40,4,14,14,256,5168,0.6578,16.1612,8.829,4.3879,6.6702
3981,16.1612,keygen_C,40,4,15,13,256,5168,0.6578,16.1612,8.685,4.3884,6.6709
3982,16.1612,keygen_C,40,4,21,9,256,5168,0.6578,16.1612,8.5334,4.3889,6.6716
3983,16.1612,keygen_C,50,5,13,13,256,5168,0.6578,16.1612,10.7926,5.4469,8.2799
3984,16.1612,keygen_C,40,4,14,18,256,6064,0.7719,16.1612,13.4817,4.4139,5.7183
3985,16.1612,keygen_C,40,4,19,13,256,6064,0.7719,16.1612,8.7293,4.4148,5.7195
3986,16.1612,keygen_C,50,5,14,12,256,5168,0.6578,16.1612,10.7261,5.4469,8.2799
3987,16.1612,keygen_C,50,5,18,12,256,6000,0.7637,16.1612,10.7483,5.4715,7.164
3988,16.1612,keygen_C,50,5,11,15,256,5072,0.6456,16.1612,11.136,5.4441,8.4323
3989,16.1612,keygen_C,50,5,17,10,256,5248,0.668,16.1612,10.6721,5.4497,8.1579
3990,16.1612,keygen_C,50,5,21,15,256,7632,0.9715,16.1612,11.5791,5.5193,5.6812
3991,16.1612,keygen_C,50,5,24,13,256,7632,0.9715,16.1612,10.9144,5.5197,5.6817
3992,16.1612,keygen_C,40,4,23,8,256,5120,0.6517,16.1612,8.5268,4.3879,6.7327
3993,16.1612,keygen_C,40,4,22,11,256,6032,0.7678,16.1612,8.5798,4.4139,5.7486
3994,16.1612,keygen_C,50,5,11,16,256,5248,0.668,16.1612,11.6234,5.4492,8.1572
3995,16.1612,keygen_C,40,4,24,10,256,6032,0.7678,16.1612,8.5521,4.4144,5.7492
3996,16.1612,keygen_C,50,5,21,10,256,5952,0.7576,16.1612,10.6776,5.4705,7.2205
3997,16.1612,keygen_C,50,5,20,14,256,7056,0.8982,16.1612,11.0917,5.5026,6.1264
3998,16.1612,keygen_C,40,4,22,13,256,6736,0.8574,16.1612,8.7626,4.4343,5.1716
3999,16.1612,keygen_C,40,4,23,15,256,7696,0.9796,16.1612,9.538,4.4626,4.5554
4000,16.1612,keygen_C,50,5,20,16,256,7696,0.9796,16.1612,12.421,5.5211,5.6359
4001,16.1612,keygen_C,40,4,18,16,256,6704,0.8534,16.1612,10.1141,4.4329,5.1947
4002,16.1612,keygen_C,40,4,16,12,256,5136,0.6538,16.1612,8.6075,4.3875,6.7111
4003,16.1612,keygen_C,50,5,19,15,256,7120,0.9063,16.1612,11.4905,5.5044,6.0734
4004,16.1612,keygen_C,40,4,21,13,256,6512,0.8289,16.1612,8.7515,4.4278,5.3417
4005,16.1612,keygen_C,40,4,17,17,256,6704,0.8534,16.1612,11.532,4.4329,5.1947
4006,16.1612,keygen_C,40,4,20,12,256,5968,0.7597,16.1612,8.6296,4.4121,5.8078
4007,16.1612,keygen_C,50,5,10,17,256,5136,0.6538,16.1612,12.421,5.4455,8.3294
4008,16.1612,keygen_C,50,5,12,14,256,5136,0.6538,16.1612,10.9144,5.4459,8.3301
4009,16.1612,keygen_C,50,5,15,11,256,5136,0.6538,16.1612,10.6901,5.4464,8.3308
4010,16.1612,keygen_C,50,5,14,18,256,6512,0.8289,16.1612,15.6114,5.4858,6.6181
4011,16.1612,keygen_C,50,5,18,9,256,5136,0.6538,16.1612,10.661,5.4464,8.3308
4012,16.1612,keygen_C,50,5,17,17,256,7152,0.9104,16.1612,13.6617,5.5049,6.0467
4013,16.1612,keygen_C,50,5,18,16,256,7152,0.9104,16.1612,12.2438,5.5049,6.0467
4014,16.1612,keygen_C,50,5,19,13,256,6512,0.8289,16.1612,10.859,5.4868,6.6192
4015,16.1612,keygen_C,50,5,16,10,256,5072,0.6456,16.1612,10.6707,5.4445,8.433
4016,16.1612,keygen_C,50,5,20,8,256,5136,0.6538,16.1612,10.6555,5.4469,8.3315
4017,16.1612,keygen_C,40,4,13,15,256,5136,0.6538,16.1612,9.0949,4.387,6.7103
4018,16.1612,keygen_C,40,4,20,14,256,6608,0.8411,16.1612,8.962,4.4306,5.2674
4019,16.1612,keygen_C,50,5,14,16,256,6064,0.7719,16.1612,11.8893,5.4729,7.0902
4020,16.1612,keygen_C,50,5,13,11,256,4752,0.6049,16.1612,10.6846,5.4348,8.9848
4021,16.1612,keygen_C,40,4,23,11,256,6224,0.7923,16.1612,8.5825,4.42,5.5789
4022,16.1612,keygen_C,40,4,23,14,256,7328,0.9328,16.1612,9.0284,4.452,4.7727
4023,16.1612,keygen_C,50,5,13,10,256,4544,0.5784,16.1612,10.6666,5.4288,9.3857
4024,16.1612,keygen_C,50,5,11,12,256,4544,0.5784,16.1612,10.7095,5.4288,9.3857
4025,16.1612,keygen_C,40,4,9,18,256,4544,0.5784,16.1612,11.7093,4.3694,7.5541
4026,16.1612,keygen_C,40,4,10,16,256,4528,0.5764,16.1612,9.4051,4.3689,7.58
4027,16.1612,keygen_C,50,5,19,12,256,6208,0.7902,16.1612,10.7538,5.478,6.9322
4028,16.1612,keygen_C,50,5,13,18,256,6208,0.7902,16.1612,15.257,5.477,6.931
4029,16.1612,keygen_C,40,4,11,16,256,4800,0.611,16.1612,9.4937,4.3773,7.1641
4030,16.1612,keygen_C,40,4,17,10,256,4800,0.611,16.1612,8.5424,4.3777,7.1649
4031,16.1612,keygen_C,50,5,15,16,256,6336,0.8065,16.1612,11.9779,5.4812,6.7961
4032,16.1612,keygen_C,50,5,17,14,256,6336,0.8065,16.1612,11.0252,5.4812,6.7961
4033,16.1612,keygen_C,50,5,12,12,256,4752,0.6049,16.1612,10.715,5.4348,8.9848
4034,16.1612,keygen_C,40,4,13,12,256,4512,0.5743,16.1612,8.5909,4.3689,7.6069
4035,16.1612,keygen_C,50,5,10,13,256,4496,0.5723,16.1612,10.7593,5.4269,9.4826
4036,16.1612,keygen_C,50,5,10,15,256,4816,0.613,16.1612,11.0917,5.4362,8.8677
4037,16.1612,keygen_C,50,5,16,9,256,4816,0.613,16.1612,10.6596,5.4371,8.8692
4038,16.1612,keygen_C,50,5,21,14,256,7296,0.9287,16.1612,11.1138,5.5095,5.9324
4039,16.1612,keygen_C,40,4,10,18,256,4848,0.6171,16.1612,12.0638,4.3782,7.0947
4040,16.1612,keygen_C,40,4,19,9,256,4848,0.6171,16.1612,8.532,4.3796,7.0969
4041,16.1612,keygen_C,50,5,9,17,256,4848,0.6171,16.1612,12.2438,5.4371,8.8107
4042,16.1612,keygen_C,50,5,18,8,256,4848,0.6171,16.1612,10.6548,5.4381,8.8122
4043,16.1612,keygen_C,50,5,7,19,256,4496,0.5723,16.1612,15.6114,5.4269,9.4826
4044,16.1612,keygen_C,40,4,23,12,256,6592,0.8391,16.1612,8.6462,4.4306,5.2802
4045,16.1612,keygen_C,40,4,12,13,256,4496,0.5723,16.1612,8.6518,4.3684,7.6331
4046,16.1612,keygen_C,40,4,21,12,256,6176,0.7862,16.1612,8.6352,4.4181,5.6199
4047,16.1612,keygen_C,40,4,19,17,256,7280,0.9267,16.1612,11.8865,4.4501,4.8022
4048,16.1612,keygen_C,50,5,14,9,256,4496,0.5723,16.1612,10.6583,5.4274,9.4834
4049,16.1612,keygen_C,40,4,18,18,256,7280,0.9267,16.1612,14.8997,4.4497,4.8017
4050,16.1612,keygen_C,50,5,8,17,256,4560,0.5804,16.1612,12.0665,5.4288,9.3527
4051,16.1612,keygen_C,50,5,12,11,256,4560,0.5804,16.1612,10.6818,5.4292,9.3535
4052,16.1612,keygen_C,50,5,10,14,256,4656,0.5927,16.1612,10.8701,5.4316,9.1646
4053,16.1612,keygen_C,50,5,15,9,256,4656,0.5927,16.1612,10.659,5.4325,9.1661
4054,16.1612,keygen_C,50,5,16,16,256,6608,0.8411,16.1612,12.0665,5.4891,6.5258
4055,16.1612,keygen_C,50,5,17,15,256,6608,0.8411,16.1612,11.4019,5.4891,6.5258
4056,16.1612,keygen_C,40,4,20,13,256,6288,0.8004,16.1612,8.7404,4.4213,5.5239
4057,16.1612,keygen_C,40,4,11,15,256,4624,0.5886,16.1612,9.0063,4.3722,7.4281
4058,16.1612,keygen_C,50,5,23,13,256,7408,0.943,16.1612,10.9034,5.5132,5.8466
4059,16.1612,keygen_C,50,5,20,15,256,7376,0.9389,16.1612,11.5348,5.5118,5.8705
4060,16.1612,keygen_C,40,4,9,19,256,4688,0.5967,16.1612,14.8997,4.3735,7.3291
4061,16.1612,keygen_C,40,4,10,17,256,4688,0.5967,16.1612,10.2913,4.3735,7.3291
4062,16.1612,keygen_C,40,4,12,14,256,4688,0.5967,16.1612,8.7847,4.374,7.3298
4063,16.1612,keygen_C,40,4,15,11,256,4688,0.5967,16.1612,8.5604,4.3745,7.3306
4064,16.1612,keygen_C,50,5,8,18,256,4688,0.5967,16.1612,13.4845,5.4325,9.1036
4065,16.1612,keygen_C,50,5,9,15,256,4560,0.5804,16.1612,11.0474,5.4288,9.3527
4066,16.1612,keygen_C,50,5,14,17,256,6288,0.8004,16.1612,13.13,5.4794,6.8457
4067,16.1612,keygen_C,50,5,17,8,256,4704,0.5988,16.1612,10.6545,5.4339,9.0749
4068,16.1612,keygen_C,50,5,18,13,256,6288,0.8004,16.1612,10.848,5.4798,6.8463
4069,16.1612,keygen_C,50,5,21,11,256,6288,0.8004,16.1612,10.7067,5.4803,6.8469
4070,16.1612,keygen_C,50,5,19,16,256,7424,0.945,16.1612,12.3324,5.5132,5.834
4071,16.1612,keygen_C,40,4,13,13,256,4720,0.6008,16.1612,8.6629,4.3749,7.2817
4072,16.1612,keygen_C,40,4,14,12,256,4720,0.6008,16.1612,8.5964,4.3749,7.2817
4073,16.1612,keygen_C,50,5,21,12,256,6624,0.8432,16.1612,10.7649,5.49,6.5111
4074,16.1612,keygen_C,40,4,22,15,256,7440,0.947,16.1612,9.4937,4.4548,4.7038
4075,16.1612,keygen_C,50,5,11,13,256,4720,0.6008,16.1612,10.7704,5.4339,9.0442
4076,16.1612,keygen_C,50,5,14,10,256,4720,0.6008,16.1612,10.668,5.4339,9.0442
4077,16.1612,keygen_C,50,5,23,10,256,6304,0.8024,16.1612,10.6804,5.4812,6.8306
4078,16.1612,keygen_C,50,5,18,17,256,7440,0.947,16.1612,13.839,5.5132,5.8215
4079,16.1612,keygen_C,50,5,16,8,256,4560,0.5804,16.1612,10.6541,5.4297,9.3543
4080,16.1612,keygen_C,50,5,9,16,256,4704,0.5988,16.1612,11.4462,5.4329,9.0734
4081,16.1612,keygen_C,40,4,8,18,256,4240,0.5397,16.1612,11.3548,4.3606,8.0794
4082,16.1612,keygen_C,40,4,11,14,256,4448,0.5662,16.1612,8.7626,4.3671,7.713
4083,16.1612,keygen_C,50,5,8,16,256,4432,0.5642,16.1612,11.3576,5.4251,9.6163
4084,16.1612,keygen_C,40,4,8,19,256,4368,0.556,16.1612,14.1907,4.3643,7.8493
4085,16.1612,keygen_C,40,4,24,14,256,7568,0.9633,16.1612,9.0506,4.4589,4.6286
4086,16.1612,keygen_C,50,5,10,12,256,4336,0.5519,16.1612,10.704,5.4223,9.8241
4087,16.1612,keygen_C,40,4,11,17,256,4976,0.6334,16.1612,10.4686,4.3824,6.9188
4088,16.1612,keygen_C,40,4,18,10,256,4976,0.6334,16.1612,8.5438,4.3828,6.9195
4089,16.1612,keygen_C,50,5,10,16,256,4976,0.6334,16.1612,11.5348,5.4408,8.5899
4090,16.1612,keygen_C,40,4,19,18,256,7584,0.9654,16.1612,15.2542,4.4589,4.6189
4091,16.1612,keygen_C,50,5,24,9,256,6096,0.776,16.1612,10.6652,5.4752,7.0559
4092,16.1612,keygen_C,50,5,20,11,256,6096,0.776,16.1612,10.704,5.4747,7.0553
4093,16.1612,keygen_C,50,5,16,14,256,6096,0.776,16.1612,11.0031,5.4742,7.0547
4094,16.1612,keygen_C,50,5,15,15,256,6096,0.776,16.1612,11.3132,5.4742,7.0547
4095,16.1612,keygen_C,50,5,17,9,256,4976,0.6334,16.1612,10.6603,5.4418,8.5913
4096,16.1612,keygen_C,50,5,8,15,256,4304,0.5479,16.1612,11.0031,5.4213,9.8955
4097,16.1612,keygen_C,40,4,10,15,256,4368,0.556,16.1612,8.962,4.3643,7.8493
4098,16.1612,keygen_C,50,5,9,18,256,4992,0.6354,16.1612,13.839,5.4413,8.5631
4099,16.1612,keygen_C,40,4,10,19,256,5008,0.6375,16.1612,15.6087,4.3828,6.8753
4100,16.1612,keygen_C,40,4,16,17,256,6416,0.8167,16.1612,11.3548,4.4246,5.4176
4101,16.1612,keygen_C,40,4,18,15,256,6416,0.8167,16.1612,9.3165,4.4246,5.4176
4102,16.1612,keygen_C,40,4,24,11,256,6416,0.8167,16.1612,8.5853,4.4255,5.4188
4103,16.1612,keygen_C,40,4,20,9,256,5008,0.6375,16.1612,8.5327,4.3842,6.8775
4104,16.1612,keygen_C,50,5,7,17,256,4272,0.5438,16.1612,11.8893,5.4204,9.9679
4105,16.1612,keygen_C,50,5,20,12,256,6416,0.8167,16.1612,10.7593,5.484,6.7148
4106,16.1612,keygen_C,50,5,22,13,256,7184,0.9145,16.1612,10.8923,5.5063,6.0213
4107,16.1612,keygen_C,40,4,24,13,256,7184,0.9145,16.1612,8.7847,4.4478,4.8638
4108,16.1612,keygen_C,40,4,21,15,256,7184,0.9145,16.1612,9.4494,4.4473,4.8633
4109,16.1612,keygen_C,40,4,17,16,256,6432,0.8187,16.1612,10.0254,4.4251,5.4047
4110,16.1612,keygen_C,40,4,9,16,256,4256,0.5418,16.1612,9.3165,4.361,8.0499
4111,16.1612,keygen_C,50,5,17,13,256,6064,0.7719,16.1612,10.8369,5.4733,7.0908
4112,16.1612,keygen_C,50,5,19,8,256,4992,0.6354,16.1612,10.6551,5.4427,8.5653
4113,16.1612,keygen_C,40,4,21,16,256,7520,0.9572,16.1612,10.3799,4.4571,4.6562
4114,16.1612,keygen_C,50,5,11,11,256,4368,0.556,16.1612,10.679,5.4237,9.7547
4115,16.1612,keygen_C,50,5,13,12,256,4960,0.6314,16.1612,10.7206,5.4408,8.6176
4116,16.1612,keygen_C,50,5,16,15,256,6352,0.8086,16.1612,11.3576,5.4817,6.7796
4117,16.1612,keygen_C,40,4,15,18,256,6368,0.8106,16.1612,13.8362,4.4232,5.4568
4118,16.1612,keygen_C,40,4,12,15,256,4880,0.6212,16.1612,9.0506,4.3796,7.0504
4119,16.1612,keygen_C,40,4,16,11,256,4880,0.6212,16.1612,8.5632,4.38,7.0512
4120,16.1612,keygen_C,40,4,19,14,256,6368,0.8106,16.1612,8.9398,4.4237,5.4573
4121,16.1612,keygen_C,50,5,11,14,256,4896,0.6232,16.1612,10.8923,5.439,8.7273
4122,16.1612,keygen_C,50,5,15,10,256,4896,0.6232,16.1612,10.6693,5.4394,8.728
4123,16.1612,keygen_C,40,4,17,15,256,6160,0.7841,16.1612,9.2721,4.4172,5.6333
4124,16.1612,keygen_C,40,4,16,16,256,6160,0.7841,16.1612,9.9368,4.4172,5.6333
4125,16.1612,keygen_C,50,5,9,14,256,4416,0.5621,16.1612,10.848,5.4246,9.6503
4126,16.1612,keygen_C,50,5,24,12,256,7248,0.9226,16.1612,10.7815,5.5086,5.9707
4127,16.1612,keygen_C,50,5,22,14,256,7536,0.9593,16.1612,11.136,5.5165,5.7507
4128,16.1612,keygen_C,40,4,9,17,256,4400,0.5601,16.1612,10.1141,4.3652,7.7939
4129,16.1612,keygen_C,50,5,12,10,256,4368,0.556,16.1612,10.6652,5.4237,9.7547
4130,16.1612,keygen_C,50,5,18,14,256,6576,0.8371,16.1612,11.0474,5.4882,6.5564
4131,16.1612,keygen_C,40,4,20,16,256,7248,0.9226,16.1612,10.2913,4.4492,4.8224
4132,16.1612,keygen_C,40,4,13,14,256,4928,0.6273,16.1612,8.8069,4.381,6.984
4133,16.1612,keygen_C,40,4,15,12,256,4928,0.6273,16.1612,8.6019,4.3814,6.9847
4134,16.1612,keygen_C,40,4,16,18,256,6672,0.8493,16.1612,14.1907,4.432,5.2185
4135,16.1612,keygen_C,40,4,19,15,256,6672,0.8493,16.1612,9.3608,4.4325,5.2191
4136,16.1612,keygen_C,50,5,15,17,256,6576,0.8371,16.1612,13.3073,5.4882,6.5564
4137,16.1612,keygen_C,50,5,22,10,256,6128,0.78,16.1612,10.679,5.4756,7.0197
4138,16.1612,keygen_C,40,4,14,13,256,4944,0.6293,16.1612,8.6739,4.3814,6.9621
4139,16.1612,keygen_C,50,5,12,13,256,4944,0.6293,16.1612,10.7815,5.4404,8.6447
4140,16.1612,keygen_C,50,5,14,11,256,4944,0.6293,16.1612,10.6873,5.4404,8.6447
4141,16.1612,keygen_C,40,4,18,14,256,6128,0.78,16.1612,8.9177,4.4162,5.6616
4142,16.1612,keygen_C,40,4,15,17,256,6128,0.78,16.1612,11.1775,4.4162,5.6616
4143,16.1612,keygen_C,50,5,7,18,256,4384,0.558,16.1612,13.13,5.4237,9.7191
4144,16.1612,keygen_C,40,4,22,12,256,6384,0.8126,16.1612,8.6407,4.4241,5.4442
4145,16.1612,keygen_C,40,4,20,17,256,7568,0.9633,16.1612,12.0638,4.4585,4.6281
4146,16.1612,keygen_C,50,5,23,11,256,6672,0.8493,16.1612,10.7123,5.4919,6.4665
4147,16.1612,keygen_C,40,4,23,9,256,5488,0.6986,16.1612,8.5348,4.3986,6.2965
4148,16.1612,keygen_C,50,5,16,13,256,5840,0.7434,16.1612,10.8258,5.4668,7.354
4149,16.1612,keygen_C,50,5,14,15,256,5840,0.7434,16.1612,11.2689,5.4664,7.3534
4150,16.1612,keygen_C,40,4,21,11,256,5840,0.7434,16.1612,8.577,4.4084,5.9301
4151,16.1612,keygen_C,40,4,18,13,256,5840,0.7434,16.1612,8.7183,4.4079,5.9295
4152,16.1612,keygen_C,40,4,14,17,256,5840,0.7434,16.1612,11.0003,4.4074,5.9289
4153,16.1612,keygen_C,50,5,21,13,256,6960,0.8859,16.1612,10.8812,5.4998,6.2078
4154,16.1612,keygen_C,40,4,12,18,256,5456,0.6945,16.1612,12.7727,4.3963,6.3301
4155,16.1612,keygen_C,40,4,19,11,256,5456,0.6945,16.1612,8.5715,4.3972,6.3315
4156,16.1612,keygen_C,50,5,23,9,256,5936,0.7556,16.1612,10.6645,5.4705,7.24
4157,16.1612,keygen_C,50,5,20,9,256,5456,0.6945,16.1612,10.6624,5.4561,7.8562
4158,16.1612,keygen_C,40,4,17,18,256,6976,0.888,16.1612,14.5452,4.4408,5.001
4159,16.1612,keygen_C,40,4,23,13,256,6960,0.8859,16.1612,8.7736,4.4413,5.0131
4160,16.1612,keygen_C,40,4,24,12,256,6800,0.8656,16.1612,8.6518,4.4367,5.1256
4161,16.1612,keygen_C,50,5,10,18,256,5296,0.6741,16.1612,14.1935,5.4501,8.0846
4162,16.1612,keygen_C,40,4,21,10,256,5504,0.7006,16.1612,8.5479,4.3986,6.2782
4163,16.1612,keygen_C,50,5,17,12,256,5792,0.7373,16.1612,10.7427,5.4654,7.4131
4164,16.1612,keygen_C,50,5,13,16,256,5792,0.7373,16.1612,11.8007,5.465,7.4124
4165,16.1612,keygen_C,40,4,20,15,256,6928,0.8819,16.1612,9.4051,4.4399,5.0346
4166,16.1612,keygen_C,50,5,12,16,256,5520,0.7026,16.1612,11.712,5.4571,7.7664
4167,16.1612,keygen_C,50,5,17,11,256,5520,0.7026,16.1612,10.6956,5.4575,7.7671
4168,16.1612,keygen_C,50,5,22,9,256,5776,0.7352,16.1612,10.6638,5.4654,7.4336
4169,16.1612,keygen_C,50,5,20,10,256,5776,0.7352,16.1612,10.6763,5.4654,7.4336
4170,16.1612,keygen_C,50,5,21,8,256,5280,0.6721,16.1612,10.6558,5.451,8.1105
4171,16.1612,keygen_C,40,4,19,16,256,6976,0.888,16.1612,10.2027,4.4413,5.0016
4172,16.1612,keygen_C,40,4,23,10,256,5856,0.7454,16.1612,8.5507,4.4093,5.9152
4173,16.1612,keygen_C,50,5,22,8,256,5424,0.6904,16.1612,10.6562,5.4552,7.9012
4174,16.1612,keygen_C,50,5,19,9,256,5296,0.6741,16.1612,10.6617,5.4515,8.0867
4175,16.1612,keygen_C,40,4,20,10,256,5328,0.6782,16.1612,8.5465,4.3935,6.4781
4176,16.1612,keygen_C,40,4,22,9,256,5328,0.6782,16.1612,8.5341,4.3935,6.4781
4177,16.1612,keygen_C,50,5,19,11,256,5904,0.7515,16.1612,10.7012,5.4691,7.2774
4178,16.1612,keygen_C,50,5,12,18,256,5904,0.7515,16.1612,14.9025,5.4682,7.2761
4179,16.1612,keygen_C,50,5,12,15,256,5328,0.6782,16.1612,11.1803,5.4515,8.0381
4180,16.1612,keygen_C,50,5,16,11,256,5328,0.6782,16.1612,10.6929,5.452,8.0388
4181,16.1612,keygen_C,40,4,16,15,256,5904,0.7515,16.1612,9.2278,4.4097,5.8677
4182,16.1612,keygen_C,40,4,13,16,256,5344,0.6802,16.1612,9.671,4.393,6.458
4183,16.1612,keygen_C,40,4,17,12,256,5344,0.6802,16.1612,8.613,4.3935,6.4587
4184,16.1612,keygen_C,50,5,20,13,256,6736,0.8574,16.1612,10.8701,5.4933,6.4066
4185,16.1612,keygen_C,40,4,17,14,256,5888,0.7495,16.1612,8.8955,4.4093,5.883
4186,16.1612,keygen_C,40,4,15,16,256,5888,0.7495,16.1612,9.8482,4.4093,5.883
4187,16.1612,keygen_C,50,5,13,14,256,5376,0.6843,16.1612,10.9366,5.4529,7.9684
4188,16.1612,keygen_C,50,5,15,12,256,5376,0.6843,16.1612,10.7317,5.4534,7.9691
4189,16.1612,keygen_C,40,4,14,15,256,5392,0.6864,16.1612,9.1392,4.3944,6.4026
4190,16.1612,keygen_C,40,4,16,13,256,5392,0.6864,16.1612,8.6961,4.3949,6.4032
4191,16.1612,keygen_C,50,5,14,13,256,5392,0.6864,16.1612,10.8037,5.4534,7.9454
4192,16.1612,keygen_C,40,4,18,17,256,6992,0.89,16.1612,11.7093,4.4413,4.9901
4193,16.1612,keygen_C,40,4,15,14,256,5408,0.6884,16.1612,8.8512,4.3954,6.385
4194,16.1612,keygen_C,50,5,15,14,256,5856,0.7454,16.1612,10.9809,5.4673,7.3345
4195,16.1612,keygen_C,50,5,11,17,256,5424,0.6904,16.1612,12.5983,5.4543,7.8999
4196,16.1612,keygen_C,50,5,18,10,256,5424,0.6904,16.1612,10.6735,5.4548,7.9005
4197,16.1612,keygen_C,40,4,13,17,256,5552,0.7067,16.1612,10.823,4.3991,6.2246
4198,16.1612,keygen_C,40,4,18,12,256,5552,0.7067,16.1612,8.6186,4.3995,6.2253
4199,16.1612,keygen_C,50,5,23,12,256,7040,0.8961,16.1612,10.776,5.5026,6.1403
4200,16.1612,keygen_C,50,5,18,11,256,5712,0.7271,16.1612,10.6984,5.4631,7.5137
4201,16.1612,keygen_C,50,5,18,15,256,6864,0.8737,16.1612,11.4462,5.4965,6.2909
4202,16.1612,keygen_C,40,4,14,16,256,5616,0.7149,16.1612,9.7596,4.4009,6.1563
4203,16.1612,keygen_C,40,4,17,13,256,5616,0.7149,16.1612,8.7072,4.4014,6.1569
4204,16.1612,keygen_C,50,5,14,14,256,5616,0.7149,16.1612,10.9587,5.4599,7.6376
4205,16.1612,keygen_C,50,5,15,13,256,5616,0.7149,16.1612,10.8147,5.4603,7.6382
4206,16.1612,keygen_C,50,5,17,16,256,6880,0.8758,16.1612,12.1552,5.497,6.2768
4207,16.1612,keygen_C,40,4,12,17,256,5264,0.6701,16.1612,10.6458,4.3907,6.5527
4208,16.1612,keygen_C,50,5,24,8,256,5712,0.7271,16.1612,10.6569,5.464,7.515
4209,16.1612,keygen_C,50,5,16,17,256,6864,0.8737,16.1612,13.4845,5.4965,6.2909
4210,16.1612,keygen_C,50,5,23,8,256,5568,0.7088,16.1612,10.6565,5.4599,7.7034
4211,16.1612,keygen_C,50,5,22,12,256,6832,0.8697,16.1612,10.7704,5.4961,6.3198
4212,16.1612,keygen_C,50,5,24,11,256,6864,0.8737,16.1612,10.715,5.4974,6.292
4213,16.1612,keygen_C,40,4,15,15,256,5648,0.7189,16.1612,9.1835,4.4023,6.1233
4214,16.1612,keygen_C,40,4,24,8,256,5264,0.6701,16.1612,8.5272,4.3921,6.5548
4215,16.1612,keygen_C,40,4,16,14,256,5648,0.7189,16.1612,8.8733,4.4023,6.1233
4216,16.1612,keygen_C,40,4,20,11,256,5648,0.7189,16.1612,8.5742,4.4028,6.124
4217,16.1612,keygen_C,40,4,24,9,256,5648,0.7189,16.1612,8.5355,4.4032,6.1246
4218,16.1612,keygen_C,40,4,18,11,256,5264,0.6701,16.1612,8.5687,4.3912,6.5534
4219,16.1612,keygen_C,50,5,12,17,256,5712,0.7271,16.1612,12.7755,5.4626,7.513
4220,16.1612,keygen_C,50,5,19,10,256,5600,0.7128,16.1612,10.6749,5.4603,7.6601
4221,16.1612,keygen_C,50,5,21,9,256,5616,0.7149,16.1612,10.6631,5.4608,7.6389
4222,16.1612,keygen_C,50,5,13,15,256,5584,0.7108,16.1612,11.2246,5.4589,7.68
4223,16.1612,keygen_C,50,5,19,14,256,6816,0.8676,16.1612,11.0695,5.4956,6.3341
4224,16.1612,keygen_C,50,5,11,18,256,5600,0.7128,16.1612,14.548,5.4594,7.6588
4225,16.1612,keygen_C,40,4,13,18,256,5760,0.7332,16.1612,13.1272,4.4051,6.0081
4226,16.1612,keygen_C,40,4,19,12,256,5760,0.7332,16.1612,8.6241,4.406,6.0093
4227,16.1612,keygen_C,40,4,21,14,256,6848,0.8717,16.1612,8.9841,4.4376,5.0908
4228,16.1612,keygen_C,50,5,16,12,256,5584,0.7108,16.1612,10.7372,5.4594,7.6807
4229,16.1612,keygen_C,50,5,15,18,256,6816,0.8676,16.1612,15.9659,5.4951,6.3336
4230,16.1612,keygen_C,40,4,22,10,256,5680,0.723,16.1612,8.5493,4.4037,6.0908
4231,16.1966,sign_C,45,9,11,20,256,7024,0.8941,0.505,16.1966,9.7364,10.8897
4232,16.2242,sign_C,48,6,11,20,32,7168,0.9124,0.7925,16.2242,1.3629,1.4937
4233,16.2279,c_per_byte,42,14,8,19,256,7280,0.9267,0.1263,5.9048,15.0381,16.2279
4234,16.2279,c_per_byte,42,14,10,15,256,7280,0.9267,0.1263,0.676,15.0381,16.2279
4235,16.2442,c_per_byte,45,15,9,18,256,7792,0.9919,0.1263,3.44,16.1118,16.2442
4236,16.2456,c_per_byte,45,15,19,8,256,7792,0.9919,0.1263,0.2561,16.1132,16.2456
4237,16.2565,sign_C,45,5,11,20,16,7232,0.9206,1.0,16.2565,0.7619,0.8277
4238,16.2631,sign_C,50,10,11,20,256,7392,0.9409,0.505,16.2631,10.806,11.4843
4239,16.2683,sign_C,50,5,10,20,32,6416,0.8167,3.1699,16.2683,1.1485,1.4063
4240,16.2771,c_per_byte,45,15,10,16,256,7776,0.9898,0.1263,1.1358,16.1114,16.2771
4241,16.2781,c_per_byte,45,15,17,9,256,7776,0.9898,0.1263,0.2613,16.1123,16.2781
4242,16.2881,sign_C,44,4,10,20,16,6320,0.8045,4.0,16.2881,0.6251,0.777
4243,16.3107,c_per_byte,45,15,13,12,256,7760,0.9878,0.1263,0.3216,16.1114,16.3107
4244,16.3177,sign_C,40,4,11,19,256,5328,0.6782,16.1612,16.3177,4.3926,6.4767
4245,16.3204,sign_C,50,5,16,18,256,7120,0.9063,16.1612,16.3204,5.5039,6.0729
4246,16.3204,sign_C,50,5,8,19,256,4816,0.613,16.1612,16.3204,5.4362,8.8677
4247,16.3434,c_per_byte,45,15,8,20,256,7744,0.9857,0.1263,11.5933,16.1104,16.3434
4248,16.3439,c_per_byte,45,15,14,11,256,7744,0.9857,0.1263,0.2883,16.1109,16.3439
4249,16.3439,c_per_byte,45,15,12,13,256,7744,0.9857,0.1263,0.3825,16.1109,16.3439
4250,16.3703,c_per_byte,42,14,12,12,256,7216,0.9185,0.1263,0.2994,15.0367,16.3703
4251,16.3703,c_per_byte,42,14,13,11,256,7216,0.9185,0.1263,0.2689,15.0367,16.3703
4252,16.4422,c_per_byte,42,14,11,13,256,7184,0.9145,0.1263,0.3548,15.0357,16.4422
4253,16.4444,c_per_byte,45,15,11,14,256,7696,0.9796,0.1263,0.4933,16.1095,16.4444
4254,16.4449,c_per_byte,45,15,15,10,256,7696,0.9796,0.1263,0.2703,16.11,16.4449
4255,16.4779,c_per_byte,42,14,9,16,256,7168,0.9124,0.1263,1.0305,15.0348,16.4779
4256,16.5142,c_per_byte,42,14,8,18,256,7152,0.9104,0.1263,3.0689,15.0343,16.5142
4257,16.5293,sign_C,42,7,11,20,256,6400,0.8147,1.0101,16.5293,7.6005,9.3296
4258,16.5457,c_per_byte,45,15,9,17,256,7648,0.9735,0.1263,1.8448,16.1077,16.5457
4259,16.5467,c_per_byte,45,15,18,8,256,7648,0.9735,0.1263,0.2558,16.1086,16.5467
4260,16.5874,c_per_byte,42,14,10,14,256,7120,0.9063,0.1263,0.4545,15.0334,16.5874
4261,16.6094,sign_C,48,4,14,19,32,7056,0.8982,12.6795,16.6094,0.9754,1.086
4262,16.6094,sign_C,48,4,7,20,32,4928,0.6273,12.6795,16.6094,0.9132,1.4558
4263,16.6143,c_per_byte,45,15,10,15,256,7616,0.9695,0.1263,0.6927,16.1067,16.6143
4264,16.6143,c_per_byte,45,15,8,19,256,7616,0.9695,0.1263,5.9214,16.1067,16.6143
4265,16.6153,c_per_byte,45,15,16,9,256,7616,0.9695,0.1263,0.2606,16.1077,16.6153
4266,16.6419,sign_C,45,5,11,20,32,6672,0.8493,1.5849,16.6419,1.1564,1.3616
4267,16.6518,sign_C,40,4,11,20,16,6592,0.8391,2.0,16.6518,0.6334,0.7549
4268,16.6625,sign_C,48,8,11,20,256,6784,0.8635,1.0101,16.6625,8.6705,10.0406
4269,16.668,sign_C,45,5,16,19,256,7296,0.9287,8.0806,16.668,5.509,5.9319
4270,16.668,sign_C,45,5,8,20,256,4864,0.6191,8.0806,16.668,5.4376,8.7824
4271,16.6749,sign_C,50,5,17,18,256,7424,0.945,16.1612,16.6749,5.5128,5.8335
4272,16.6985,c_per_byte,42,14,7,20,256,7072,0.9002,0.1263,10.1587,15.032,16.6985
4273,16.7536,c_per_byte,45,15,13,11,256,7552,0.9613,0.1263,0.2856,16.1053,16.7536
4274,16.7536,c_per_byte,45,15,12,12,256,7552,0.9613,0.1263,0.316,16.1053,16.7536
4275,16.811,c_per_byte,42,14,8,17,256,7024,0.8941,0.1263,1.6509,15.0306,16.811
4276,16.811,c_per_byte,42,14,9,15,256,7024,0.8941,0.1263,0.6317,15.0306,16.811
4277,16.824,c_per_byte,45,15,14,10,256,7520,0.9572,0.1263,0.269,16.1044,16.824
4278,16.824,c_per_byte,45,15,11,13,256,7520,0.9572,0.1263,0.3714,16.1044,16.824
4279,16.8418,sign_C,40,5,10,20,256,5456,0.6945,4.0403,16.8418,5.4548,7.8542
4280,16.8589,c_per_byte,45,15,9,16,256,7504,0.9552,0.1263,1.0472,16.1035,16.8589
4281,16.8944,c_per_byte,45,15,8,18,256,7488,0.9532,0.1263,3.0855,16.103,16.8944
4282,16.9154,sign_C,50,5,11,20,16,7312,0.9308,2.0,16.9154,0.7643,0.8211
4283,16.9635,c_per_byte,42,14,7,19,256,6960,0.8859,0.1263,5.1958,15.0288,16.9635
4284,16.9659,c_per_byte,45,15,10,14,256,7456,0.9491,0.1263,0.4711,16.1021,16.9659
4285,16.9786,sign_C,48,4,9,20,16,6048,0.7699,8.0,16.9786,0.6172,0.8017
4286,17.0266,sign_C,40,4,12,19,256,5648,0.7189,16.1612,17.0266,4.4019,6.1227
4287,17.0294,sign_C,50,5,18,18,256,7728,0.9837,16.1612,17.0294,5.5216,5.613
4288,17.0294,sign_C,50,5,9,19,256,5136,0.6538,16.1612,17.0294,5.4455,8.3294
4289,17.0744,c_per_byte,45,15,7,20,256,7408,0.943,0.1263,10.1753,16.1007,17.0744
4290,17.1843,c_per_byte,45,15,8,17,256,7360,0.9369,0.1263,1.6675,16.0993,17.1843
4291,17.1843,c_per_byte,45,15,9,15,256,7360,0.9369,0.1263,0.6484,16.0993,17.1843
4292,17.1848,c_per_byte,45,15,12,11,256,7360,0.9369,0.1263,0.2828,16.0998,17.1848
4293,17.1949,sign_C,42,6,11,20,256,6112,0.778,2.0201,17.1949,6.5332,8.3974
4294,17.2072,c_per_byte,48,16,9,16,256,7840,0.998,0.1263,1.0638,17.1722,17.2072
4295,17.2081,c_per_byte,48,16,17,8,256,7840,0.998,0.1263,0.2721,17.1731,17.2081
4296,17.2217,c_per_byte,45,15,11,12,256,7344,0.9348,0.1263,0.3105,16.0993,17.2217
4297,17.2419,c_per_byte,48,16,8,18,256,7824,0.9959,0.1263,3.1021,17.1717,17.2419
4298,17.2685,sign_C,40,4,11,20,32,6144,0.7821,3.1699,17.2685,0.949,1.2134
4299,17.3118,c_per_byte,48,16,10,14,256,7792,0.9919,0.1263,0.4878,17.1708,17.3118
4300,17.3127,c_per_byte,48,16,15,9,256,7792,0.9919,0.1263,0.2766,17.1717,17.3127
4301,17.3184,sign_C,48,4,15,19,32,7376,0.9389,12.6795,17.3184,0.9852,1.0493
4302,17.3289,sign_C,42,6,12,20,32,7408,0.943,0.3962,17.3289,1.3698,1.4527
4303,17.333,c_per_byte,45,15,10,13,256,7296,0.9287,0.1263,0.3603,16.0974,17.333
4304,17.333,c_per_byte,45,15,7,19,256,7296,0.9287,0.1263,5.2124,16.0974,17.333
4305,17.345,sign_C,40,5,12,20,16,7488,0.9532,0.5,17.345,0.7694,0.8072
4306,17.3483,sign_C,40,10,12,20,256,7568,0.9633,0.2525,17.3483,10.8111,11.2226
4307,17.3742,sign_C,48,6,10,20,256,5872,0.7475,4.0403,17.3742,6.5258,8.7306
4308,17.377,sign_C,45,5,17,19,256,7616,0.9695,8.0806,17.377,5.5183,5.6922
4309,17.4177,c_per_byte,48,16,7,20,256,7744,0.9857,0.1263,10.192,17.1694,17.4177
4310,17.4611,sign_C,49,7,11,20,256,6512,0.8289,2.0201,17.4611,7.6037,9.173
4311,17.4844,c_per_byte,45,15,8,16,256,7232,0.9206,0.1263,0.9586,16.0956,17.4844
4312,17.5214,sign_C,44,4,10,20,32,5872,0.7475,6.3398,17.5214,0.9406,1.2584
4313,17.5249,c_per_byte,48,16,9,15,256,7696,0.9796,0.1263,0.665,17.168,17.5249
4314,17.5249,c_per_byte,48,16,8,17,256,7696,0.9796,0.1263,1.6842,17.168,17.5249
4315,17.5254,c_per_byte,48,16,12,11,256,7696,0.9796,0.1263,0.2994,17.1684,17.5254
4316,17.5259,c_per_byte,48,16,16,8,256,7696,0.9796,0.1263,0.2717,17.1689,17.5259
4317,17.5377,sign_C,40,5,12,20,32,6928,0.8819,0.7925,17.5377,1.1638,1.3197
4318,17.548,sign_C,40,8,12,20,256,6992,0.89,0.505,17.548,8.6766,9.7487
4319,17.5614,c_per_byte,48,16,13,10,256,7680,0.9776,0.1263,0.2842,17.168,17.5614
4320,17.5614,c_per_byte,48,16,11,12,256,7680,0.9776,0.1263,0.3271,17.168,17.5614
4321,17.5997,c_per_byte,45,15,7,18,256,7184,0.9145,0.1263,2.731,16.0942,17.5997
4322,17.6145,sign_C,45,9,12,20,256,7360,0.9369,0.505,17.6145,9.7462,10.403
4323,17.6421,sign_C,48,6,12,20,32,7504,0.9552,0.7925,17.6421,1.3726,1.437
4324,17.67,c_per_byte,48,16,7,19,256,7632,0.9715,0.1263,5.2291,17.1661,17.67
4325,17.67,c_per_byte,48,16,10,13,256,7632,0.9715,0.1263,0.377,17.1661,17.67
4326,17.6704,c_per_byte,48,16,14,9,256,7632,0.9715,0.1263,0.2759,17.1666,17.6704
4327,17.6745,sign_C,45,5,12,20,16,7568,0.9633,1.0,17.6745,0.7717,0.8011
4328,17.6811,sign_C,50,10,12,20,256,7728,0.9837,0.505,17.6811,10.8158,10.9949
4329,17.6862,sign_C,50,5,11,20,32,6752,0.8595,3.1699,17.6862,1.1587,1.3482
4330,17.7061,sign_C,44,4,11,20,16,6656,0.8473,4.0,17.7061,0.6353,0.7498
4331,17.7356,sign_C,40,4,13,19,256,5968,0.7597,16.1612,17.7356,4.4111,5.8066
4332,17.7384,sign_C,50,5,10,19,256,5456,0.6945,16.1612,17.7384,5.4548,7.8542
4333,17.8175,c_per_byte,48,16,8,16,256,7568,0.9633,0.1263,0.9752,17.1643,17.8175
4334,17.8547,c_per_byte,48,16,9,14,256,7552,0.9613,0.1263,0.4656,17.1638,17.8547
4335,17.9297,c_per_byte,48,16,7,18,256,7520,0.9572,0.1263,2.7476,17.1629,17.9297
4336,17.9473,sign_C,42,7,12,20,256,6736,0.8574,1.0101,17.9473,7.6102,8.8756
4337,18.0273,sign_C,48,4,16,19,32,7696,0.9796,12.6795,18.0273,0.9944,1.0151
4338,18.0273,sign_C,48,4,8,20,32,5264,0.6701,12.6795,18.0273,0.923,1.3774
4339,18.0599,sign_C,45,5,12,20,32,7008,0.8921,1.5849,18.0599,1.1661,1.3072
4340,18.0698,sign_C,40,4,12,20,16,6928,0.8819,2.0,18.0698,0.6432,0.7293
4341,18.0804,sign_C,48,8,12,20,256,7120,0.9063,1.0101,18.0804,8.6803,9.5776
4342,18.086,sign_C,45,5,9,20,256,5200,0.6619,8.0806,18.086,5.4473,8.2297
4343,18.2597,sign_C,40,5,11,20,256,5792,0.7373,4.0403,18.2597,5.465,7.4124
4344,18.3334,sign_C,50,5,12,20,16,7648,0.9735,2.0,18.3334,0.774,0.7951
4345,18.3966,sign_C,48,4,10,20,16,6384,0.8126,8.0,18.3966,0.6269,0.7715
4346,18.4446,sign_C,40,4,14,19,256,6288,0.8004,16.1612,18.4446,4.4204,5.5227
4347,18.4446,sign_C,40,4,7,20,256,4160,0.5295,16.1612,18.4446,4.3582,8.2304
4348,18.4474,sign_C,50,5,11,19,256,5776,0.7352,16.1612,18.4474,5.4645,7.4323
4349,18.6128,sign_C,42,6,12,20,256,6448,0.8208,2.0201,18.6128,6.5429,7.9717
4350,18.6865,sign_C,40,4,12,20,32,6480,0.8248,3.1699,18.6865,0.9587,1.1623
4351,18.7468,sign_C,42,6,13,20,32,7744,0.9857,0.3962,18.7468,1.3796,1.3995
4352,18.763,sign_C,40,5,13,20,16,7824,0.9959,0.5,18.763,0.7791,0.7823
4353,18.7922,sign_C,48,6,11,20,256,6208,0.7902,4.0403,18.7922,6.536,8.271
4354,18.8791,sign_C,49,7,12,20,256,6848,0.8717,2.0201,18.8791,7.6135,8.7341
4355,18.9394,sign_C,44,4,11,20,32,6208,0.7902,6.3398,18.9394,0.9508,1.2032
4356,18.9557,sign_C,40,5,13,20,32,7264,0.9246,0.7925,18.9557,1.1735,1.2692
4357,18.9659,sign_C,40,8,13,20,256,7328,0.9328,0.505,18.9659,8.6863,9.3122
4358,19.0325,sign_C,45,9,13,20,256,7696,0.9796,0.505,19.0325,9.7559,9.9587
4359,19.0601,sign_C,48,6,13,20,32,7840,0.998,0.7925,19.0601,1.3824,1.3852
4360,19.1042,sign_C,50,5,12,20,32,7088,0.9022,3.1699,19.1042,1.1684,1.295
4361,19.124,sign_C,44,4,12,20,16,6992,0.89,4.0,19.124,0.645,0.7247
4362,19.1536,sign_C,40,4,15,19,256,6608,0.8411,16.1612,19.1536,4.4302,5.2669
4363,19.1564,sign_C,50,5,12,19,256,6096,0.776,16.1612,19.1564,5.4738,7.0541
4364,19.1564,sign_C,50,5,6,20,256,4272,0.5438,16.1612,19.1564,5.42,9.967
4365,19.3653,sign_C,42,7,13,20,256,7072,0.9002,1.0101,19.3653,7.62,8.4647
4366,19.4453,sign_C,48,4,9,20,32,5600,0.7128,12.6795,19.4453,0.9327,1.3085
4367,19.4778,sign_C,45,5,13,20,32,7344,0.9348,1.5849,19.4778,1.1759,1.2578
4368,19.4878,sign_C,40,4,13,20,16,7264,0.9246,2.0,19.4878,0.6529,0.7061
4369,19.4984,sign_C,48,8,13,20,256,7456,0.9491,1.0101,19.4984,8.69,9.1562
4370,19.5039,sign_C,45,5,10,20,256,5536,0.7047,8.0806,19.5039,5.4571,7.744
4371,19.6777,sign_C,40,5,12,20,256,6128,0.78,4.0403,19.6777,5.4747,7.0185
4372,19.8146,sign_C,48,4,11,20,16,6720,0.8554,8.0,19.8146,0.6371,0.7448
4373,19.8626,sign_C,40,4,16,19,256,6928,0.8819,16.1612,19.8626,4.4394,5.0341
4374,19.8626,sign_C,40,4,8,20,256,4496,0.5723,16.1612,19.8626,4.368,7.6323
4375,19.8653,sign_C,50,5,13,19,256,6416,0.8167,16.1612,19.8653,5.4831,6.7137
4376,20.0308,sign_C,42,6,13,20,256,6784,0.8635,2.0201,20.0308,6.5527,7.5881
4377,20.1044,sign_C,40,4,13,20,32,6816,0.8676,3.1699,20.1044,0.9684,1.1162
4378,20.2101,sign_C,48,6,12,20,256,6544,0.833,4.0403,20.2101,6.5457,7.8581
4379,20.297,sign_C,49,7,13,20,256,7184,0.9145,2.0201,20.297,7.6232,8.3363
4380,20.3574,sign_C,44,4,12,20,32,6544,0.833,6.3398,20.3574,0.9606,1.1531
4381,20.3736,sign_C,40,5,14,20,32,7600,0.9674,0.7925,20.3736,1.1833,1.2232
4382,20.3839,sign_C,40,8,14,20,256,7664,0.9756,0.505,20.3839,8.6961,8.9139
4383,20.5222,sign_C,50,5,13,20,32,7424,0.945,3.1699,20.5222,1.1782,1.2467
4384,20.542,sign_C,44,4,13,20,16,7328,0.9328,4.0,20.542,0.6548,0.7019
4385,20.5715,sign_C,40,4,17,19,256,7248,0.9226,16.1612,20.5715,4.4487,4.8219
4386,20.5743,sign_C,50,5,14,19,256,6736,0.8574,16.1612,20.5743,5.4923,6.4056
4387,20.5743,sign_C,50,5,7,20,256,4608,0.5866,16.1612,20.5743,5.4302,9.2577
4388,20.7832,sign_C,42,7,14,20,256,7408,0.943,1.0101,20.7832,7.6297,8.0911
4389,20.8633,sign_C,48,4,10,20,32,5936,0.7556,12.6795,20.8633,0.9425,1.2473
4390,20.8958,sign_C,45,5,14,20,32,7680,0.9776,1.5849,20.8958,1.1856,1.2128
4391,20.9057,sign_C,40,4,14,20,16,7600,0.9674,2.0,20.9057,0.6626,0.685
4392,20.9163,sign_C,48,8,14,20,256,7792,0.9919,1.0101,20.9163,8.6998,8.7712
4393,20.9219,sign_C,45,5,11,20,256,5872,0.7475,8.0806,20.9219,5.4673,7.3145
4394,21.0957,sign_C,40,5,13,20,256,6464,0.8228,4.0403,21.0957,5.4845,6.6655
4395,21.2325,sign_C,48,4,12,20,16,7056,0.8982,8.0,21.2325,0.6469,0.7202
4396,21.2805,sign_C,40,4,18,19,256,7568,0.9633,16.1612,21.2805,4.458,4.6277
4397,21.2805,sign_C,40,4,9,20,256,4832,0.6151,16.1612,21.2805,4.3777,7.1174
4398,21.2833,sign_C,50,5,15,19,256,7056,0.8982,16.1612,21.2833,5.5021,6.1259
4399,21.4488,sign_C,42,6,14,20,256,7120,0.9063,2.0201,21.4488,6.5624,7.2408
4400,21.5224,sign_C,40,4,14,20,32,7152,0.9104,3.1699,21.5224,0.9782,1.0745
4401,21.6281,sign_C,48,6,13,20,256,6880,0.8758,4.0403,21.6281,6.5555,7.4854
4402,21.715,sign_C,49,7,14,20,256,7520,0.9572,2.0201,21.715,7.6329,7.974
4403,21.7753,sign_C,44,4,13,20,32,6880,0.8758,6.3398,21.7753,0.9703,1.1079
4404,21.9401,sign_C,50,5,14,20,32,7760,0.9878,3.1699,21.9401,1.1879,1.2026
4405,21.96,sign_C,44,4,14,20,16,7664,0.9756,4.0,21.96,0.6645,0.6811
4406,21.9923,sign_C,50,5,16,19,256,7376,0.9389,16.1612,21.9923,5.5114,5.87
4407,21.9923,sign_C,50,5,8,20,256,4944,0.6293,16.1612,21.9923,5.4399,8.644
4408,22.2012,sign_C,42,7,15,20,256,7744,0.9857,1.0101,22.2012,7.6399,7.7504
4409,22.2812,sign_C,48,4,11,20,32,6272,0.7984,12.6795,22.2812,0.9527,1.1933
4410,22.3398,sign_C,45,5,12,20,256,6208,0.7902,8.0806,22.3398,5.477,6.931
4411,22.5136,sign_C,40,5,14,20,256,6800,0.8656,4.0403,22.5136,5.4942,6.3474
4412,22.6505,sign_C,48,4,13,20,16,7392,0.9409,8.0,22.6505,0.6566,0.6978
4413,22.6985,sign_C,40,4,10,20,256,5168,0.6578,16.1612,22.6985,4.3875,6.6695
4414,22.7013,sign_C,50,5,17,19,256,7696,0.9796,16.1612,22.7013,5.5206,5.6354
4415,22.8667,sign_C,42,6,15,20,256,7456,0.9491,2.0201,22.8667,6.5726,6.9252
4416,22.9404,sign_C,40,4,15,20,32,7488,0.9532,3.1699,22.9404,0.9884,1.037
4417,23.0461,sign_C,48,6,14,20,256,7216,0.9185,4.0403,23.0461,6.5652,7.1475
4418,23.1933,sign_C,44,4,14,20,32,7216,0.9185,6.3398,23.1933,0.98,1.067
4419,23.4102,sign_C,50,5,9,20,256,5280,0.6721,16.1612,23.4102,5.4497,8.1084
4420,23.6992,sign_C,48,4,12,20,32,6608,0.8411,12.6795,23.6992,0.9624,1.1442
4421,23.7578,sign_C,45,5,13,20,256,6544,0.833,8.0806,23.7578,5.4868,6.5868
4422,23.9316,sign_C,40,5,15,20,256,7136,0.9084,4.0403,23.9316,5.5044,6.0598
4423,24.0684,sign_C,48,4,14,20,16,7728,0.9837,8.0,24.0684,0.6664,0.6774
4424,24.1165,sign_C,40,4,11,20,256,5504,0.7006,16.1612,24.1165,4.3977,6.2769
4425,24.2847,sign_C,42,6,16,20,256,7792,0.9919,2.0201,24.2847,6.5824,6.6364
4426,24.3583,sign_C,40,4,16,20,32,7824,0.9959,3.1699,24.3583,0.9981,1.0022
4427,24.464,sign_C,48,6,15,20,256,7552,0.9613,4.0403,24.464,6.5754,6.8401
4428,24.6113,sign_C,44,4,15,20,32,7552,0.9613,6.3398,24.6113,0.9903,1.0301
4429,24.8282,sign_C,50,5,10,20,256,5616,0.7149,16.1612,24.8282,5.4594,7.6369
4430,25.1172,sign_C,48,4,13,20,32,6944,0.8839,12.6795,25.1172,0.9722,1.0998
4431,25.1758,sign_C,45,5,14,20,256,6880,0.8758,8.0806,25.1758,5.4965,6.2763
4432,25.3496,sign_C,40,5,16,20,256,7472,0.9511,4.0403,25.3496,5.5142,5.7975
4433,25.5344,sign_C,40,4,12,20,256,5840,0.7434,16.1612,25.5344,4.4074,5.9289
4434,26.2462,sign_C,50,5,11,20,256,5952,0.7576,16.1612,26.2462,5.4696,7.2193
4435,26.5351,sign_C,48,4,14,20,32,7280,0.9267,12.6795,26.5351,0.9819,1.0596
4436,26.5937,sign_C,45,5,15,20,256,7216,0.9185,8.0806,26.5937,5.5067,5.9951
4437,26.7675,sign_C,40,5,17,20,256,7808,0.9939,4.0403,26.7675,5.5239,5.5579
4438,26.9524,sign_C,40,4,13,20,256,6176,0.7862,16.1612,26.9524,4.4172,5.6187
4439,27.6641,sign_C,50,5,12,20,256,6288,0.8004,16.1612,27.6641,5.4794,6.8457
4440,27.9531,sign_C,48,4,15,20,32,7616,0.9695,12.6795,27.9531,0.9921,1.0234
4441,28.0117,sign_C,45,5,16,20,256,7552,0.9613,8.0806,28.0117,5.5165,5.7385
4442,28.3703,sign_C,40,4,14,20,256,6512,0.8289,16.1612,28.3703,4.4269,5.3406
4443,29.0821,sign_C,50,5,13,20,256,6624,0.8432,16.1612,29.0821,5.4891,6.51
4444,29.7883,sign_C,40,4,15,20,256,6848,0.8717,16.1612,29.7883,4.4371,5.0903
4445,30.5001,sign_C,50,5,14,20,256,6960,0.8859,16.1612,30.5001,5.4988,6.2067
4446,31.2063,sign_C,40,4,16,20,256,7184,0.9145,16.1612,31.2063,4.4469,4.8628
4447,31.918,sign_C,50,5,15,20,256,7296,0.9287,16.1612,31.918,5.509,5.9319
4448,32.0001,keygen_C,42,3,9,17,16,4960,0.6314,32.0001,14.2461,0.4756,0.7533
4449,32.0001,keygen_C,42,3,13,18,16,6320,0.8045,32.0001,17.2593,0.5155,0.6408
4450,32.0001,keygen_C,42,3,22,14,16,7648,0.9735,32.0001,13.1383,0.555,0.5701
4451,32.0001,keygen_C,42,3,19,9,16,5408,0.6884,32.0001,12.664,0.49,0.7118
4452,32.0001,keygen_C,42,3,18,14,16,6688,0.8513,32.0001,13.0497,0.5267,0.6187
4453,32.0001,keygen_C,42,3,19,15,16,7232,0.9206,32.0001,13.4928,0.5429,0.5898
4454,32.0001,keygen_C,42,3,9,20,16,5392,0.6864,32.0001,25.4126,0.4882,0.7112
4455,32.0001,keygen_C,42,3,10,18,16,5408,0.6884,32.0001,16.1958,0.4886,0.7098
4456,32.0001,keygen_C,42,3,16,18,16,7232,0.9206,32.0001,18.3227,0.5425,0.5893
4457,32.0001,keygen_C,42,3,17,14,16,6448,0.8208,32.0001,13.0275,0.5197,0.6332
4458,32.0001,keygen_C,42,3,21,8,16,5392,0.6864,32.0001,12.6582,0.4896,0.7133
4459,32.0001,keygen_C,42,3,22,9,16,5888,0.7495,32.0001,12.6661,0.5039,0.6724
4460,32.0001,keygen_C,42,3,7,19,16,4608,0.5866,32.0001,17.6138,0.4654,0.7935
4461,32.0001,keygen_C,42,3,19,12,16,6320,0.8045,32.0001,12.7561,0.5165,0.642
4462,32.0001,keygen_C,42,3,23,11,16,6784,0.8635,32.0001,12.7146,0.5304,0.6142
4463,32.0001,keygen_C,42,3,15,14,16,5968,0.7597,32.0001,12.9832,0.5058,0.6658
4464,32.0001,keygen_C,42,3,22,12,16,6944,0.8839,32.0001,12.7727,0.5346,0.6048
4465,32.0001,keygen_C,42,3,20,10,16,5888,0.7495,32.0001,12.6786,0.5039,0.6724
4466,32.0001,keygen_C,42,3,13,17,16,6112,0.778,32.0001,14.9551,0.5095,0.6549
4467,32.0001,keygen_C,42,3,16,15,16,6464,0.8228,32.0001,13.3599,0.5202,0.6322
4468,32.0001,keygen_C,42,3,21,13,16,7072,0.9002,32.0001,12.8835,0.5383,0.598
4469,32.0001,keygen_C,42,3,11,19,16,5888,0.7495,32.0001,20.4497,0.503,0.6711
4470,32.0001,keygen_C,42,3,15,17,16,6688,0.8513,32.0001,15.3096,0.5267,0.6187
4471,32.0001,keygen_C,42,3,18,12,16,6112,0.778,32.0001,12.7506,0.51,0.6555
4472,32.0001,keygen_C,42,3,12,17,16,5824,0.7413,32.0001,14.7778,0.5012,0.676
4473,32.0001,keygen_C,42,3,10,15,16,4928,0.6273,32.0001,13.094,0.4747,0.7568
4474,32.0001,keygen_C,42,3,24,11,16,6976,0.888,32.0001,12.7174,0.536,0.6036
4475,32.0001,keygen_C,42,3,18,15,16,6976,0.888,32.0001,13.4485,0.535,0.6025
4476,32.0001,keygen_C,42,3,16,17,16,6976,0.888,32.0001,15.4868,0.535,0.6025
4477,32.0001,keygen_C,42,3,8,18,16,4800,0.611,32.0001,15.4868,0.471,0.7709
4478,32.0001,keygen_C,42,3,18,17,16,7552,0.9613,32.0001,15.8413,0.5517,0.574
4479,32.0001,keygen_C,42,3,15,18,16,6928,0.8819,32.0001,17.9683,0.5336,0.6051
4480,32.0001,keygen_C,42,3,19,14,16,6928,0.8819,32.0001,13.0718,0.5341,0.6056
4481,32.0001,keygen_C,42,3,22,11,16,6592,0.8391,32.0001,12.7118,0.5244,0.6249
4482,32.0001,keygen_C,42,3,24,10,16,6592,0.8391,32.0001,12.6841,0.5248,0.6255
4483,32.0001,keygen_C,42,3,10,14,16,4768,0.6069,32.0001,12.8724,0.4701,0.7745
4484,32.0001,keygen_C,42,3,20,9,16,5568,0.7088,32.0001,12.6647,0.4947,0.6979
4485,32.0001,keygen_C,42,3,22,10,16,6240,0.7943,32.0001,12.6814,0.5142,0.6473
4486,32.0001,keygen_C,42,3,19,16,16,7536,0.9593,32.0001,14.3347,0.5517,0.5752
4487,32.0001,keygen_C,42,3,17,18,16,7536,0.9593,32.0001,18.6772,0.5513,0.5747
4488,32.0001,keygen_C,42,3,24,12,16,7360,0.9369,32.0001,12.7838,0.5471,0.584
4489,32.0001,keygen_C,42,3,10,19,16,5568,0.7088,32.0001,19.7407,0.4933,0.696
4490,32.0001,keygen_C,42,3,14,13,16,5504,0.7006,32.0001,12.806,0.4919,0.7021
4491,32.0001,keygen_C,42,3,13,14,16,5488,0.6986,32.0001,12.9389,0.4914,0.7035
4492,32.0001,keygen_C,42,3,15,12,16,5488,0.6986,32.0001,12.734,0.4919,0.7041
4493,32.0001,keygen_C,42,3,23,13,16,7520,0.9572,32.0001,12.9057,0.5517,0.5764
4494,32.0001,keygen_C,42,3,7,20,16,4720,0.6008,32.0001,22.5766,0.4687,0.7801
4495,32.0001,keygen_C,42,3,16,19,16,7488,0.9532,32.0001,23.9946,0.5499,0.5769
4496,32.0001,keygen_C,42,3,19,13,16,6624,0.8432,32.0001,12.8614,0.5253,0.623
4497,32.0001,keygen_C,42,3,8,17,16,4672,0.5947,32.0001,14.0689,0.4673,0.7857
4498,32.0001,keygen_C,42,3,14,18,16,6624,0.8432,32.0001,17.6138,0.5244,0.6219
4499,32.0001,keygen_C,42,3,21,14,16,7408,0.943,32.0001,13.1162,0.548,0.5812
4500,32.0001,keygen_C,42,3,24,8,16,5824,0.7413,32.0001,12.6592,0.5026,0.6779
4501,32.0001,keygen_C,42,3,18,11,16,5824,0.7413,32.0001,12.7007,0.5016,0.6766
4502,32.0001,keygen_C,42,3,20,15,16,7488,0.9532,32.0001,13.5371,0.5503,0.5774
4503,32.0001,keygen_C,42,3,9,16,16,4816,0.613,32.0001,13.4485,0.4715,0.7691
4504,32.0001,keygen_C,42,3,12,20,16,6400,0.8147,32.0001,29.6665,0.5179,0.6357
4505,32.0001,keygen_C,42,3,14,17,16,6400,0.8147,32.0001,15.1323,0.5179,0.6357
4506,32.0001,keygen_C,42,3,18,13,16,6400,0.8147,32.0001,12.8503,0.5183,0.6362
4507,32.0001,keygen_C,42,3,8,19,16,4928,0.6273,32.0001,18.3227,0.4747,0.7568
4508,32.0001,keygen_C,42,3,17,17,16,7264,0.9246,32.0001,15.6641,0.5434,0.5877
4509,32.0001,keygen_C,42,3,18,16,16,7264,0.9246,32.0001,14.2461,0.5434,0.5877
4510,32.0001,keygen_C,42,3,17,11,16,5632,0.7169,32.0001,12.698,0.4961,0.6919
4511,32.0001,keygen_C,42,3,12,16,16,5632,0.7169,32.0001,13.7144,0.4956,0.6913
4512,32.0001,keygen_C,42,3,14,16,16,6176,0.7862,32.0001,13.8916,0.5114,0.6505
4513,32.0001,keygen_C,42,3,17,13,16,6176,0.7862,32.0001,12.8392,0.5118,0.6511
4514,32.0001,keygen_C,42,3,17,16,16,6992,0.89,32.0001,14.1575,0.5355,0.6017
4515,32.0001,keygen_C,42,3,11,17,16,5536,0.7047,32.0001,14.6006,0.4928,0.6993
4516,32.0001,keygen_C,42,3,12,15,16,5440,0.6925,32.0001,13.1826,0.49,0.7077
4517,32.0001,keygen_C,42,3,16,11,16,5440,0.6925,32.0001,12.6952,0.4905,0.7083
4518,32.0001,keygen_C,42,3,13,11,16,4864,0.6191,32.0001,12.6869,0.4733,0.7645
4519,32.0001,keygen_C,42,3,12,12,16,4864,0.6191,32.0001,12.7174,0.4733,0.7645
4520,32.0001,keygen_C,42,3,22,13,16,7296,0.9287,32.0001,12.8946,0.5448,0.5866
4521,32.0001,keygen_C,42,3,15,16,16,6448,0.8208,32.0001,13.9802,0.5197,0.6332
4522,32.0001,keygen_C,42,3,18,10,16,5536,0.7047,32.0001,12.6758,0.4933,0.7
4523,32.0001,keygen_C,42,3,9,15,16,4672,0.5947,32.0001,13.0497,0.4673,0.7857
4524,32.0001,keygen_C,42,3,11,13,16,4832,0.6151,32.0001,12.7727,0.4724,0.768
4525,32.0001,keygen_C,42,3,23,10,16,6416,0.8167,32.0001,12.6827,0.5197,0.6364
4526,32.0001,keygen_C,42,3,20,8,16,5248,0.668,32.0001,12.6578,0.4854,0.7266
4527,32.0001,keygen_C,42,3,18,9,16,5248,0.668,32.0001,12.6634,0.4849,0.7259
4528,32.0001,keygen_C,42,3,15,11,16,5248,0.668,32.0001,12.6924,0.4849,0.7259
4529,32.0001,keygen_C,42,3,12,19,16,6208,0.7902,32.0001,21.1587,0.5123,0.6483
4530,32.0001,keygen_C,42,3,15,15,16,6208,0.7902,32.0001,13.3156,0.5128,0.6489
4531,32.0001,keygen_C,42,3,16,14,16,6208,0.7902,32.0001,13.0054,0.5128,0.6489
4532,32.0001,keygen_C,42,3,20,11,16,6208,0.7902,32.0001,12.7063,0.5132,0.6495
4533,32.0001,keygen_C,42,3,24,9,16,6208,0.7902,32.0001,12.6675,0.5137,0.6501
4534,32.0001,keygen_C,42,3,10,17,16,5248,0.668,32.0001,14.4233,0.484,0.7245
4535,32.0001,keygen_C,42,3,9,19,16,5248,0.668,32.0001,19.0317,0.484,0.7245
4536,32.0001,keygen_C,42,3,21,11,16,6400,0.8147,32.0001,12.709,0.5188,0.6368
4537,32.0001,keygen_C,42,3,22,8,16,5536,0.7047,32.0001,12.6585,0.4937,0.7006
4538,32.0001,keygen_C,42,3,12,14,16,5248,0.668,32.0001,12.9168,0.4845,0.7252
4539,32.0001,keygen_C,42,3,14,15,16,5952,0.7576,32.0001,13.2712,0.5049,0.6664
4540,32.0001,keygen_C,42,3,20,16,16,7808,0.9939,32.0001,14.4233,0.5596,0.5631
4541,32.0001,keygen_C,42,3,14,19,16,6848,0.8717,32.0001,22.5766,0.5309,0.609
4542,32.0001,keygen_C,42,3,19,10,16,5712,0.7271,32.0001,12.6772,0.4988,0.6861
4543,32.0001,keygen_C,42,3,24,13,16,7744,0.9857,32.0001,12.9168,0.5582,0.5663
4544,32.0001,keygen_C,42,3,16,13,16,5952,0.7576,32.0001,12.8281,0.5053,0.667
4545,32.0001,keygen_C,42,3,10,20,16,5728,0.7291,32.0001,26.8305,0.4979,0.6829
4546,32.0001,keygen_C,42,3,11,20,16,6064,0.7719,32.0001,28.2485,0.5081,0.6583
4547,32.0001,keygen_C,42,3,21,10,16,6064,0.7719,32.0001,12.68,0.509,0.6595
4548,32.0001,keygen_C,42,3,12,18,16,6016,0.7658,32.0001,16.9048,0.5067,0.6617
4549,32.0001,keygen_C,42,3,17,10,16,5360,0.6823,32.0001,12.6744,0.4882,0.7155
4550,32.0001,keygen_C,42,3,19,11,16,6016,0.7658,32.0001,12.7035,0.5077,0.6629
4551,32.0001,keygen_C,42,3,14,12,16,5280,0.6721,32.0001,12.7284,0.4854,0.7222
4552,32.0001,keygen_C,42,3,16,16,16,6720,0.8554,32.0001,14.0689,0.5276,0.6168
4553,32.0001,keygen_C,42,3,19,17,16,7840,0.998,32.0001,16.0186,0.5606,0.5617
4554,32.0001,keygen_C,42,3,23,8,16,5680,0.723,32.0001,12.6588,0.4984,0.6893
4555,32.0001,keygen_C,42,3,18,18,16,7840,0.998,32.0001,19.0317,0.5601,0.5612
4556,32.0001,keygen_C,42,3,17,15,16,6720,0.8554,32.0001,13.4042,0.5276,0.6168
4557,32.0001,keygen_C,42,3,17,12,16,5904,0.7515,32.0001,12.7451,0.5039,0.6706
4558,32.0001,keygen_C,42,3,17,19,16,7808,0.9939,32.0001,24.7036,0.5592,0.5626
4559,32.0001,keygen_C,42,3,23,12,16,7152,0.9104,32.0001,12.7783,0.5411,0.5943
4560,32.0001,keygen_C,42,3,13,12,16,5072,0.6456,32.0001,12.7229,0.4794,0.7425
4561,32.0001,keygen_C,42,3,11,16,16,5360,0.6823,32.0001,13.6257,0.4877,0.7148
4562,32.0001,keygen_C,42,3,13,16,16,5904,0.7515,32.0001,13.803,0.5035,0.6699
4563,32.0001,keygen_C,42,3,21,12,16,6736,0.8574,32.0001,12.7672,0.5285,0.6164
4564,32.0001,keygen_C,42,3,13,13,16,5280,0.6721,32.0001,12.7949,0.4854,0.7222
4565,32.0001,keygen_C,42,3,13,20,16,6736,0.8574,32.0001,31.0844,0.5276,0.6153
4566,32.0001,keygen_C,42,3,12,13,16,5056,0.6436,32.0001,12.7838,0.4789,0.7441
4567,32.0001,keygen_C,42,3,16,10,16,5184,0.6599,32.0001,12.673,0.4831,0.732
4568,32.0001,keygen_C,42,3,9,18,16,5104,0.6497,32.0001,15.8413,0.4798,0.7385
4569,32.0001,keygen_C,42,3,20,13,16,6848,0.8717,32.0001,12.8724,0.5318,0.6101
4570,32.0001,keygen_C,42,3,11,15,16,5184,0.6599,32.0001,13.1383,0.4826,0.7313
4571,32.0001,keygen_C,42,3,11,14,16,5008,0.6375,32.0001,12.8946,0.4775,0.749
4572,32.0001,keygen_C,42,3,15,10,16,5008,0.6375,32.0001,12.6717,0.478,0.7498
4573,32.0001,keygen_C,42,3,16,12,16,5696,0.7251,32.0001,12.7395,0.4979,0.6867
4574,32.0001,keygen_C,42,3,13,15,16,5696,0.7251,32.0001,13.2269,0.4974,0.6861
4575,32.0001,keygen_C,42,3,15,19,16,7168,0.9124,32.0001,23.2856,0.5406,0.5925
4576,32.0001,keygen_C,42,3,20,14,16,7168,0.9124,32.0001,13.094,0.5411,0.593
4577,32.0001,keygen_C,42,3,23,9,16,6048,0.7699,32.0001,12.6668,0.509,0.6612
4578,32.0001,keygen_C,42,3,8,20,16,5056,0.6436,32.0001,23.9946,0.4784,0.7434
4579,32.0001,keygen_C,42,3,21,15,16,7744,0.9857,32.0001,13.5814,0.5578,0.5658
4580,32.0001,keygen_C,42,3,15,13,16,5728,0.7291,32.0001,12.8171,0.4988,0.6842
4581,32.0001,keygen_C,42,3,11,18,16,5712,0.7271,32.0001,16.5503,0.4979,0.6848
4582,32.0001,keygen_C,42,3,17,9,16,5088,0.6477,32.0001,12.6627,0.4803,0.7416
4583,32.0001,keygen_C,42,3,14,11,16,5056,0.6436,32.0001,12.6897,0.4789,0.7441
4584,32.0001,keygen_C,42,3,21,9,16,5728,0.7291,32.0001,12.6654,0.4993,0.6848
4585,32.0001,keygen_C,42,3,10,16,16,5088,0.6477,32.0001,13.5371,0.4794,0.7401
4586,32.0001,keygen_C,42,3,14,14,16,5728,0.7291,32.0001,12.9611,0.4984,0.6835
4587,32.0001,keygen_C,42,3,20,12,16,6528,0.831,32.0001,12.7617,0.5225,0.6288
4588,32.0001,keygen_C,42,3,13,19,16,6528,0.831,32.0001,21.8677,0.5216,0.6277
4589,32.3223,keygen_C,44,4,18,18,256,7344,0.9348,32.3223,23.4185,4.4515,4.7619
4590,32.3223,keygen_C,44,4,19,17,256,7344,0.9348,32.3223,20.4054,4.452,4.7623
4591,32.3223,keygen_C,44,4,12,17,256,5328,0.6782,32.3223,19.1647,4.3926,6.4767
4592,32.3223,keygen_C,44,4,13,16,256,5408,0.6884,32.3223,18.1898,4.3949,6.3843
4593,32.3223,keygen_C,44,4,9,20,256,4896,0.6232,32.3223,29.7994,4.3796,7.0274
4594,32.3223,keygen_C,44,4,8,19,256,4432,0.5642,32.3223,22.7096,4.3661,7.7392
4595,32.3223,keygen_C,44,4,10,15,256,4432,0.5642,32.3223,17.4808,4.3661,7.7392
4596,32.3223,keygen_C,44,4,17,12,256,5408,0.6884,32.3223,17.1319,4.3954,6.385
4597,32.3223,keygen_C,44,4,16,9,256,4432,0.5642,32.3223,17.0488,4.3671,7.7409
4598,32.3223,keygen_C,44,4,21,12,256,6240,0.7943,32.3223,17.154,4.42,5.5646
4599,32.3223,keygen_C,44,4,21,8,256,4896,0.6232,32.3223,17.045,4.381,7.0296
4600,32.3223,keygen_C,44,4,22,10,256,5744,0.7312,32.3223,17.0682,4.4056,6.0254
4601,32.3223,keygen_C,44,4,13,17,256,5616,0.7149,32.3223,19.3419,4.4009,6.1563
4602,32.3223,keygen_C,44,4,19,11,256,5520,0.7026,32.3223,17.0903,4.3991,6.2607
4603,32.3223,keygen_C,44,4,21,9,256,5232,0.666,32.3223,17.0523,4.3907,6.5928
4604,32.3223,keygen_C,44,4,16,10,256,4688,0.5967,32.3223,17.0599,4.3745,7.3306
4605,32.3223,keygen_C,44,4,14,19,256,6352,0.8086,32.3223,26.9635,4.4223,5.4694
4606,32.3223,keygen_C,44,4,20,13,256,6352,0.8086,32.3223,17.2593,4.4232,5.4705
4607,32.3223,keygen_C,44,4,13,18,256,5824,0.7413,32.3223,21.6461,4.407,5.9446
4608,32.3223,keygen_C,44,4,24,9,256,5712,0.7271,32.3223,17.0543,4.4051,6.0586
4609,32.3223,keygen_C,44,4,19,9,256,4912,0.6253,32.3223,17.0509,4.3814,7.0074
4610,32.3223,keygen_C,44,4,10,18,256,4912,0.6253,32.3223,20.5826,4.38,7.0052
4611,32.3223,keygen_C,44,4,19,14,256,6432,0.8187,32.3223,17.4587,4.4255,5.4053
4612,32.3223,keygen_C,44,4,15,18,256,6432,0.8187,32.3223,22.3551,4.4251,5.4047
4613,32.3223,keygen_C,44,4,16,13,256,5456,0.6945,32.3223,17.215,4.3968,6.3308
4614,32.3223,keygen_C,44,4,16,14,256,5712,0.7271,32.3223,17.3922,4.4042,6.0573
4615,32.3223,keygen_C,44,4,23,9,256,5552,0.7067,32.3223,17.0536,4.4005,6.2266
4616,32.3223,keygen_C,44,4,23,13,256,7024,0.8941,32.3223,17.2925,4.4432,4.9695
4617,32.3223,keygen_C,44,4,10,14,256,4272,0.5438,32.3223,17.2593,4.3615,8.0206
4618,32.3223,keygen_C,44,4,19,10,256,5216,0.664,32.3223,17.064,4.3903,6.6123
4619,32.3223,keygen_C,44,4,15,14,256,5472,0.6965,32.3223,17.37,4.3972,6.313
4620,32.3223,keygen_C,44,4,18,12,256,5616,0.7149,32.3223,17.1374,4.4014,6.1569
4621,32.3223,keygen_C,44,4,11,18,256,5216,0.664,32.3223,20.9371,4.3893,6.6109
4622,32.3223,keygen_C,44,4,20,11,256,5712,0.7271,32.3223,17.0931,4.4046,6.0579
4623,32.3223,keygen_C,44,4,17,16,256,6496,0.8269,32.3223,18.5443,4.4269,5.3537
4624,32.3223,keygen_C,44,4,10,17,256,4752,0.6049,32.3223,18.8102,4.3754,7.2334
4625,32.3223,keygen_C,44,4,14,10,256,4336,0.5519,32.3223,17.0571,4.3638,7.9064
4626,32.3223,keygen_C,44,4,20,16,256,7312,0.9308,32.3223,18.8102,4.451,4.7822
4627,32.3223,keygen_C,44,4,17,19,256,7312,0.9308,32.3223,29.0904,4.4506,4.7817
4628,32.3223,keygen_C,44,4,13,19,256,6032,0.7678,32.3223,26.2545,4.413,5.7474
4629,32.3223,keygen_C,44,4,13,15,256,5200,0.6619,32.3223,17.6138,4.3889,6.6306
4630,32.3223,keygen_C,44,4,20,12,256,6032,0.7678,32.3223,17.1485,4.4139,5.7486
4631,32.3223,keygen_C,44,4,14,17,256,5904,0.7515,32.3223,19.5191,4.4093,5.8671
4632,32.3223,keygen_C,44,4,17,14,256,5952,0.7576,32.3223,17.4144,4.4111,5.8222
4633,32.3223,keygen_C,44,4,10,19,256,5072,0.6456,32.3223,24.1275,4.3847,6.7914
4634,32.3223,keygen_C,44,4,19,15,256,6736,0.8574,32.3223,17.8796,4.4343,5.1716
4635,32.3223,keygen_C,44,4,20,9,256,5072,0.6456,32.3223,17.0516,4.3861,6.7936
4636,32.3223,keygen_C,44,4,21,14,256,6912,0.8798,32.3223,17.503,4.4394,5.0458
4637,32.3223,keygen_C,44,4,16,12,256,5200,0.6619,32.3223,17.1263,4.3893,6.6313
4638,32.3223,keygen_C,44,4,15,16,256,5952,0.7576,32.3223,18.3671,4.4111,5.8222
4639,32.3223,keygen_C,44,4,15,17,256,6192,0.7882,32.3223,19.6964,4.4181,5.6054
4640,32.3223,keygen_C,44,4,18,14,256,6192,0.7882,32.3223,17.4365,4.4181,5.6054
4641,32.3223,keygen_C,44,4,12,12,256,4368,0.556,32.3223,17.1042,4.3647,7.8501
4642,32.3223,keygen_C,44,4,13,11,256,4368,0.556,32.3223,17.0737,4.3647,7.8501
4643,32.3223,keygen_C,44,4,21,13,256,6576,0.8371,32.3223,17.2703,4.4297,5.2919
4644,32.3223,keygen_C,44,4,23,15,256,7760,0.9878,32.3223,18.0569,4.4645,4.5197
4645,32.3223,keygen_C,44,4,22,14,256,7152,0.9104,32.3223,17.5251,4.4464,4.8841
4646,32.3223,keygen_C,44,4,11,13,256,4336,0.5519,32.3223,17.1596,4.3638,7.9064
4647,32.3223,keygen_C,44,4,9,19,256,4752,0.6049,32.3223,23.4186,4.3754,7.2334
4648,32.3223,keygen_C,44,4,18,13,256,5904,0.7515,32.3223,17.2371,4.4097,5.8677
4649,32.3223,keygen_C,44,4,13,13,256,4784,0.609,32.3223,17.1817,4.3768,7.1873
4650,32.3223,keygen_C,44,4,12,14,256,4752,0.6049,32.3223,17.3036,4.3759,7.2342
4651,32.3223,keygen_C,44,4,15,11,256,4752,0.6049,32.3223,17.0793,4.3763,7.2349
4652,32.3223,keygen_C,44,4,18,9,256,4752,0.6049,32.3223,17.0502,4.3763,7.2349
4653,32.3223,keygen_C,44,4,20,8,256,4752,0.6049,32.3223,17.0446,4.3768,7.2357
4654,32.3223,keygen_C,44,4,15,15,256,5712,0.7271,32.3223,17.7024,4.4042,6.0573
4655,32.3223,keygen_C,44,4,12,19,256,5712,0.7271,32.3223,25.5455,4.4037,6.0566
4656,32.3223,keygen_C,44,4,23,12,256,6656,0.8473,32.3223,17.1651,4.4325,5.2316
4657,32.3223,keygen_C,44,4,17,15,256,6224,0.7923,32.3223,17.791,4.419,5.5777
4658,32.3223,keygen_C,44,4,16,16,256,6224,0.7923,32.3223,18.4557,4.419,5.5777
4659,32.3223,keygen_C,44,4,14,15,256,5456,0.6945,32.3223,17.6581,4.3963,6.3301
4660,32.3223,keygen_C,44,4,17,10,256,4864,0.6191,32.3223,17.0613,4.3796,7.0736
4661,32.3223,keygen_C,44,4,11,16,256,4864,0.6191,32.3223,18.0126,4.3791,7.0729
4662,32.3223,keygen_C,44,4,21,16,256,7584,0.9654,32.3223,18.8988,4.4589,4.6189
4663,32.3223,keygen_C,44,4,17,17,256,6768,0.8615,32.3223,20.0509,4.4348,5.1477
4664,32.3223,keygen_C,44,4,8,18,256,4304,0.5479,32.3223,19.8736,4.3624,7.9626
4665,32.3223,keygen_C,44,4,21,10,256,5568,0.7088,32.3223,17.0668,4.4005,6.2087
4666,32.3223,keygen_C,44,4,9,16,256,4320,0.5499,32.3223,17.8353,4.3629,7.934
4667,32.3223,keygen_C,44,4,16,18,256,6736,0.8574,32.3223,22.7096,4.4339,5.1711
4668,32.3223,keygen_C,44,4,18,11,256,5328,0.6782,32.3223,17.0876,4.393,6.4774
4669,32.3223,keygen_C,44,4,24,8,256,5328,0.6782,32.3223,17.046,4.394,6.4788
4670,32.3223,keygen_C,44,4,21,11,256,5904,0.7515,32.3223,17.0959,4.4102,5.8683
4671,32.3223,keygen_C,44,4,14,12,256,4784,0.609,32.3223,17.1153,4.3768,7.1873
4672,32.3223,keygen_C,44,4,24,13,256,7248,0.9226,32.3223,17.3036,4.4497,4.8229
4673,32.3223,keygen_C,44,4,19,12,256,5824,0.7413,32.3223,17.143,4.4079,5.9458
4674,32.3223,keygen_C,44,4,11,15,256,4688,0.5967,32.3223,17.5251,4.374,7.3298
4675,32.3223,keygen_C,44,4,22,13,256,6800,0.8656,32.3223,17.2814,4.4362,5.1251
4676,32.3223,keygen_C,44,4,15,13,256,5232,0.666,32.3223,17.2039,4.3903,6.5921
4677,32.3223,keygen_C,44,4,19,16,256,7040,0.8961,32.3223,18.7215,4.4432,4.9582
4678,32.3223,keygen_C,44,4,20,15,256,6992,0.89,32.3223,17.9239,4.4418,4.9906
4679,32.3223,keygen_C,44,4,23,10,256,5920,0.7536,32.3223,17.0696,4.4111,5.8537
4680,32.3223,keygen_C,44,4,17,18,256,7040,0.8961,32.3223,23.0641,4.4427,4.9576
4681,32.3223,keygen_C,44,4,8,16,256,4048,0.5153,32.3223,17.7467,4.355,8.4518
4682,32.3223,keygen_C,44,4,16,19,256,6992,0.89,32.3223,28.3814,4.4413,4.9901
4683,32.3223,keygen_C,44,4,21,15,256,7248,0.9226,32.3223,17.9682,4.4492,4.8224
4684,32.3223,keygen_C,44,4,22,12,256,6448,0.8208,32.3223,17.1596,4.426,5.3925
4685,32.3223,keygen_C,44,4,12,16,256,5136,0.6538,32.3223,18.1012,4.387,6.7103
4686,32.3223,keygen_C,44,4,16,17,256,6480,0.8248,32.3223,19.8736,4.4265,5.3664
4687,32.3223,keygen_C,44,4,15,10,256,4512,0.5743,32.3223,17.0585,4.3694,7.6077
4688,32.3223,keygen_C,44,4,11,14,256,4512,0.5743,32.3223,17.2814,4.3689,7.6069
4689,32.3223,keygen_C,44,4,16,15,256,5968,0.7597,32.3223,17.7467,4.4116,5.8072
4690,32.3223,keygen_C,44,4,24,14,256,7632,0.9715,32.3223,17.5694,4.4608,4.5917
4691,32.3223,keygen_C,44,4,23,14,256,7392,0.9409,32.3223,17.5473,4.4538,4.7334
4692,32.3223,keygen_C,44,4,20,17,256,7632,0.9715,32.3223,20.5826,4.4603,4.5912
4693,32.3223,keygen_C,44,4,18,19,256,7632,0.9715,32.3223,29.7994,4.4599,4.5908
4694,32.3223,keygen_C,44,4,11,19,256,5392,0.6864,32.3223,24.8365,4.3944,6.4026
4695,32.3223,keygen_C,44,4,20,14,256,6672,0.8493,32.3223,17.4808,4.4325,5.2191
4696,32.3223,keygen_C,44,4,14,14,256,5232,0.666,32.3223,17.3479,4.3898,6.5914
4697,32.3223,keygen_C,44,4,15,19,256,6672,0.8493,32.3223,27.6724,4.432,5.2185
4698,32.3223,keygen_C,44,4,14,16,256,5680,0.723,32.3223,18.2784,4.4028,6.0895
4699,32.3223,keygen_C,44,4,10,20,256,5232,0.666,32.3223,31.2174,4.3893,6.5907
4700,32.3223,keygen_C,44,4,12,18,256,5520,0.7026,32.3223,21.2916,4.3981,6.2594
4701,32.3223,keygen_C,44,4,15,12,256,4992,0.6354,32.3223,17.1208,4.3833,6.8981
4702,32.3223,keygen_C,44,4,13,14,256,4992,0.6354,32.3223,17.3257,4.3828,6.8973
4703,32.3223,keygen_C,44,4,10,16,256,4592,0.5845,32.3223,17.9239,4.3708,7.4775
4704,32.3223,keygen_C,44,4,7,19,256,4112,0.5234,32.3223,22.0006,4.3568,8.3238
4705,32.3223,keygen_C,44,4,17,9,256,4592,0.5845,32.3223,17.0495,4.3717,7.4791
4706,32.3223,keygen_C,44,4,22,11,256,6096,0.776,32.3223,17.0986,4.4158,5.6907
4707,32.3223,keygen_C,44,4,24,10,256,6096,0.776,32.3223,17.0709,4.4162,5.6913
4708,32.3223,keygen_C,44,4,11,12,256,4160,0.5295,32.3223,17.0986,4.3587,8.2312
4709,32.3223,keygen_C,44,4,9,18,256,4608,0.5866,32.3223,20.2281,4.3712,7.4523
4710,32.3223,keygen_C,44,4,19,8,256,4608,0.5866,32.3223,17.0443,4.3726,7.4547
4711,32.3223,keygen_C,44,4,23,8,256,5184,0.6599,32.3223,17.0457,4.3898,6.6524
4712,32.3223,keygen_C,44,4,13,12,256,4576,0.5825,32.3223,17.1097,4.3708,7.5037
4713,32.3223,keygen_C,44,4,14,13,256,5008,0.6375,32.3223,17.1928,4.3833,6.876
4714,32.3223,keygen_C,44,4,14,11,256,4560,0.5804,32.3223,17.0765,4.3703,7.5292
4715,32.3223,keygen_C,44,4,12,13,256,4560,0.5804,32.3223,17.1706,4.3703,7.5292
4716,32.3223,keygen_C,44,4,23,11,256,6288,0.8004,32.3223,17.1014,4.4218,5.5244
4717,32.3223,keygen_C,44,4,8,20,256,4560,0.5804,32.3223,28.3814,4.3698,7.5284
4718,32.3223,keygen_C,44,4,19,18,256,7648,0.9735,32.3223,23.773,4.4608,4.5821
4719,32.3223,keygen_C,44,4,8,17,256,4176,0.5316,32.3223,18.4557,4.3587,8.1997
4720,32.3223,keygen_C,44,4,9,15,256,4176,0.5316,32.3223,17.4365,4.3587,8.1997
4721,32.3223,keygen_C,44,4,17,13,256,5680,0.723,32.3223,17.226,4.4032,6.0901
4722,32.3223,keygen_C,44,4,20,10,256,5392,0.6864,32.3223,17.0654,4.3954,6.4039
4723,32.3223,keygen_C,44,4,17,11,256,5136,0.6538,32.3223,17.0848,4.3875,6.7111
4724,32.3223,keygen_C,44,4,19,13,256,6128,0.78,32.3223,17.2482,4.4167,5.6621
4725,32.3223,keygen_C,44,4,24,11,256,6480,0.8248,32.3223,17.1042,4.4274,5.3675
4726,32.3223,keygen_C,44,4,22,8,256,5040,0.6415,32.3223,17.0453,4.3852,6.8353
4727,32.3223,keygen_C,44,4,11,17,256,5040,0.6415,32.3223,18.9874,4.3842,6.8338
4728,32.3223,keygen_C,44,4,7,20,256,4224,0.5377,32.3223,26.9635,4.3601,8.1091
4729,32.3223,keygen_C,44,4,18,10,256,5040,0.6415,32.3223,17.0626,4.3847,6.8345
4730,32.3223,keygen_C,44,4,14,18,256,6128,0.78,32.3223,22.0006,4.4158,5.661
4731,32.3223,keygen_C,44,4,22,15,256,7504,0.9552,32.3223,18.0126,4.4566,4.6657
4732,32.3223,keygen_C,44,4,18,15,256,6480,0.8248,32.3223,17.8353,4.4265,5.3664
4733,32.3223,keygen_C,44,4,12,15,256,4944,0.6293,32.3223,17.5695,4.3814,6.9621
4734,32.3223,keygen_C,44,4,9,17,256,4464,0.5682,32.3223,18.6329,4.3671,7.6854
4735,32.3223,keygen_C,44,4,18,17,256,7056,0.8982,32.3223,20.2281,4.4432,4.9469
4736,32.3223,keygen_C,44,4,24,12,256,6864,0.8737,32.3223,17.1706,4.4385,5.08
4737,32.3223,keygen_C,44,4,18,16,256,6768,0.8615,32.3223,18.6329,4.4348,5.1477
4738,32.3223,keygen_C,44,4,22,9,256,5392,0.6864,32.3223,17.0529,4.3954,6.4039
4739,32.3223,keygen_C,44,4,16,11,256,4944,0.6293,32.3223,17.082,4.3819,6.9628
4740,32.5024,sign_C,42,3,14,20,16,7072,0.9002,32.0001,32.5024,0.5374,0.5969
4741,32.6242,sign_C,40,4,17,20,256,7520,0.9572,16.1612,32.6242,4.4566,4.6557
4742,32.6353,sign_C,44,4,11,20,256,5568,0.7088,32.3223,32.6353,4.3995,6.2074
4743,33.336,sign_C,50,5,16,20,256,7632,0.9715,16.1612,33.336,5.5188,5.6808
4744,33.9203,sign_C,42,3,15,20,16,7408,0.943,32.0001,33.9203,0.5476,0.5807
4745,34.0533,sign_C,44,4,12,20,256,5904,0.7515,32.3223,34.0533,4.4093,5.8671
4746,35.3383,sign_C,42,3,16,20,16,7744,0.9857,32.0001,35.3383,0.5573,0.5654
4747,35.4712,sign_C,44,4,13,20,256,6240,0.7943,32.3223,35.4712,4.419,5.5634
4748,36.8892,sign_C,44,4,14,20,256,6576,0.8371,32.3223,36.8892,4.4288,5.2908
4749,38.3072,sign_C,44,4,15,20,256,6912,0.8798,32.3223,38.3072,4.439,5.0452
4750,39.7251,sign_C,44,4,16,20,256,7248,0.9226,32.3223,39.7251,4.4487,4.8219
4751,41.1431,sign_C,44,4,17,20,256,7584,0.9654,32.3223,41.1431,4.4585,4.6184
4752,50.7182,keygen_C,42,3,23,14,32,7552,0.9613,50.7182,20.5605,0.7991,0.8312
4753,50.7182,keygen_C,42,3,20,9,32,5232,0.666,50.7182,20.0647,0.7313,1.0981
4754,50.7182,keygen_C,42,3,18,18,32,7504,0.9552,50.7182,26.4317,0.7968,0.8341
4755,50.7182,keygen_C,42,3,22,9,32,5552,0.7067,50.7182,20.0661,0.7406,1.0479
4756,50.7182,keygen_C,42,3,20,13,32,6512,0.8289,50.7182,20.2724,0.7684,0.927
4757,50.7182,keygen_C,42,3,15,20,32,7072,0.9002,50.7182,41.3203,0.7842,0.8712
4758,50.7182,keygen_C,42,3,12,13,32,4720,0.6008,50.7182,20.1838,0.7155,1.191
4759,50.7182,keygen_C,42,3,20,15,32,7152,0.9104,50.7182,20.9371,0.787,0.8645
4760,50.7182,keygen_C,42,3,8,20,32,4720,0.6008,50.7182,31.3946,0.7151,1.1902
4761,50.7182,keygen_C,42,3,16,19,32,7152,0.9104,50.7182,31.3946,0.7865,0.864
4762,50.7182,keygen_C,42,3,9,17,32,4624,0.5886,50.7182,21.6461,0.7123,1.2102
4763,50.7182,keygen_C,42,3,8,18,32,4464,0.5682,50.7182,22.8868,0.7077,1.2454
4764,50.7182,keygen_C,42,3,14,11,32,4720,0.6008,50.7182,20.0897,0.7155,1.191
4765,50.7182,keygen_C,42,3,21,12,32,6400,0.8147,50.7182,20.1672,0.7652,0.9393
4766,50.7182,keygen_C,42,3,21,13,32,6736,0.8574,50.7182,20.2835,0.7749,0.9038
4767,50.7182,keygen_C,42,3,13,20,32,6400,0.8147,50.7182,38.4844,0.7643,0.9381
4768,50.7182,keygen_C,42,3,18,16,32,6928,0.8819,50.7182,21.6461,0.78,0.8845
4769,50.7182,keygen_C,42,3,24,8,32,5488,0.6986,50.7182,20.0592,0.7392,1.0582
4770,50.7182,keygen_C,42,3,22,13,32,6960,0.8859,50.7182,20.2946,0.7814,0.882
4771,50.7182,keygen_C,42,3,18,11,32,5488,0.6986,50.7182,20.1007,0.7383,1.0568
4772,50.7182,keygen_C,42,3,22,14,32,7312,0.9308,50.7182,20.5383,0.7916,0.8505
4773,50.7182,keygen_C,42,3,14,13,32,5168,0.6578,50.7182,20.206,0.7285,1.1075
4774,50.7182,keygen_C,42,3,17,17,32,6928,0.8819,50.7182,23.0641,0.78,0.8845
4775,50.7182,keygen_C,42,3,16,11,32,5104,0.6497,50.7182,20.0952,0.7271,1.1192
4776,50.7182,keygen_C,42,3,12,17,32,5488,0.6986,50.7182,22.1778,0.7378,1.0562
4777,50.7182,keygen_C,42,3,9,16,32,4480,0.5703,50.7182,20.8485,0.7081,1.2417
4778,50.7182,keygen_C,42,3,23,9,32,5712,0.7271,50.7182,20.0668,0.7457,1.0256
4779,50.7182,keygen_C,42,3,17,19,32,7472,0.9511,50.7182,32.1036,0.7958,0.8367
4780,50.7182,keygen_C,42,3,8,19,32,4592,0.5845,50.7182,25.7227,0.7114,1.217
4781,50.7182,keygen_C,42,3,10,19,32,5232,0.666,50.7182,27.1407,0.7299,1.096
4782,50.7182,keygen_C,42,3,19,17,32,7504,0.9552,50.7182,23.4185,0.7972,0.8346
4783,50.7182,keygen_C,42,3,23,12,32,6816,0.8676,50.7182,20.1783,0.7777,0.8964
4784,50.7182,keygen_C,42,3,12,15,32,5104,0.6497,50.7182,20.5826,0.7267,1.1185
4785,50.7182,keygen_C,42,3,10,15,32,4592,0.5845,50.7182,20.494,0.7114,1.217
4786,50.7182,keygen_C,42,3,19,14,32,6592,0.8391,50.7182,20.4718,0.7708,0.9186
4787,50.7182,keygen_C,42,3,17,15,32,6384,0.8126,50.7182,20.8042,0.7643,0.9405
4788,50.7182,keygen_C,42,3,15,18,32,6592,0.8391,50.7182,25.3682,0.7703,0.918
4789,50.7182,keygen_C,42,3,14,19,32,6512,0.8289,50.7182,29.9766,0.7675,0.9259
4790,50.7182,keygen_C,42,3,24,11,32,6640,0.8452,50.7182,20.1174,0.7726,0.9141
4791,50.7182,keygen_C,42,3,18,14,32,6352,0.8086,50.7182,20.4497,0.7633,0.9441
4792,50.7182,keygen_C,42,3,13,16,32,5568,0.7088,50.7182,21.203,0.7401,1.0443
4793,50.7182,keygen_C,42,3,18,15,32,6640,0.8452,50.7182,20.8485,0.7717,0.913
4794,50.7182,keygen_C,42,3,16,17,32,6640,0.8452,50.7182,22.8868,0.7717,0.913
4795,50.7182,keygen_C,42,3,13,11,32,4528,0.5764,50.7182,20.0869,0.71,1.2318
4796,50.7182,keygen_C,42,3,15,17,32,6352,0.8086,50.7182,22.7096,0.7633,0.9441
4797,50.7182,keygen_C,42,3,12,12,32,4528,0.5764,50.7182,20.1174,0.71,1.2318
4798,50.7182,keygen_C,42,3,19,18,32,7808,0.9939,50.7182,26.7862,0.806,0.811
4799,50.7182,keygen_C,42,3,18,19,32,7792,0.9919,50.7182,32.8126,0.8051,0.8117
4800,50.7182,keygen_C,42,3,20,17,32,7792,0.9919,50.7182,23.5958,0.8056,0.8122
4801,50.7182,keygen_C,42,3,17,13,32,5840,0.7434,50.7182,20.2392,0.7485,1.0069
4802,50.7182,keygen_C,42,3,17,9,32,4752,0.6049,50.7182,20.0627,0.7169,1.1852
4803,50.7182,keygen_C,42,3,10,16,32,4752,0.6049,50.7182,20.9371,0.716,1.1837
4804,50.7182,keygen_C,42,3,14,16,32,5840,0.7434,50.7182,21.2916,0.748,1.0063
4805,50.7182,keygen_C,42,3,11,19,32,5552,0.7067,50.7182,27.8497,0.7397,1.0466
4806,50.7182,keygen_C,42,3,13,12,32,4736,0.6029,50.7182,20.1229,0.716,1.1877
4807,50.7182,keygen_C,42,3,24,14,32,7792,0.9919,50.7182,20.5826,0.806,0.8127
4808,50.7182,keygen_C,42,3,14,20,32,6736,0.8574,50.7182,39.9024,0.774,0.9027
4809,50.7182,keygen_C,42,3,15,10,32,4672,0.5947,50.7182,20.0717,0.7146,1.2016
4810,50.7182,keygen_C,42,3,11,14,32,4672,0.5947,50.7182,20.2946,0.7142,1.2009
4811,50.7182,keygen_C,42,3,11,13,32,4496,0.5723,50.7182,20.1727,0.709,1.2389
4812,50.7182,keygen_C,42,3,15,12,32,5152,0.6558,50.7182,20.134,0.7285,1.1109
4813,50.7182,keygen_C,42,3,24,10,32,6256,0.7963,50.7182,20.0841,0.7615,0.9562
4814,50.7182,keygen_C,42,3,13,14,32,5152,0.6558,50.7182,20.3389,0.7281,1.1102
4815,50.7182,keygen_C,42,3,17,11,32,5296,0.6741,50.7182,20.098,0.7327,1.0869
4816,50.7182,keygen_C,42,3,19,11,32,5680,0.723,50.7182,20.1035,0.7443,1.0295
4817,50.7182,keygen_C,42,3,19,13,32,6288,0.8004,50.7182,20.2614,0.7619,0.952
4818,50.7182,keygen_C,42,3,16,16,32,6384,0.8126,50.7182,21.4688,0.7643,0.9405
4819,50.7182,keygen_C,42,3,14,18,32,6288,0.8004,50.7182,25.0138,0.761,0.9508
4820,50.7182,keygen_C,42,3,21,14,32,7072,0.9002,50.7182,20.5162,0.7847,0.8717
4821,50.7182,keygen_C,42,3,20,16,32,7472,0.9511,50.7182,21.8233,0.7963,0.8372
4822,50.7182,keygen_C,42,3,12,18,32,5680,0.723,50.7182,24.3048,0.7434,1.0282
4823,50.7182,keygen_C,42,3,21,15,32,7408,0.943,50.7182,20.9814,0.7944,0.8425
4824,50.7182,keygen_C,42,3,22,11,32,6256,0.7963,50.7182,20.1118,0.761,0.9557
4825,50.7182,keygen_C,42,3,10,14,32,4432,0.5642,50.7182,20.2724,0.7067,1.2527
4826,50.7182,keygen_C,42,3,20,10,32,5552,0.7067,50.7182,20.0786,0.7406,1.0479
4827,50.7182,keygen_C,42,3,16,20,32,7408,0.943,50.7182,42.7383,0.794,0.842
4828,50.7182,keygen_C,42,3,9,18,32,4768,0.6069,50.7182,23.2413,0.7165,1.1805
4829,50.7182,keygen_C,42,3,13,17,32,5776,0.7352,50.7182,22.3551,0.7462,1.0149
4830,50.7182,keygen_C,42,3,18,12,32,5776,0.7352,50.7182,20.1506,0.7466,1.0155
4831,50.7182,keygen_C,42,3,17,12,32,5568,0.7088,50.7182,20.145,0.7406,1.0449
4832,50.7182,keygen_C,42,3,24,13,32,7408,0.943,50.7182,20.3168,0.7949,0.843
4833,50.7182,keygen_C,42,3,19,10,32,5376,0.6843,50.7182,20.0772,0.7355,1.0748
4834,50.7182,keygen_C,42,3,11,18,32,5376,0.6843,50.7182,23.9503,0.7346,1.0734
4835,50.7182,keygen_C,42,3,21,8,32,5056,0.6436,50.7182,20.0582,0.7262,1.1284
4836,50.7182,keygen_C,42,3,15,15,32,5872,0.7475,50.7182,20.7156,0.7494,1.0026
4837,50.7182,keygen_C,42,3,12,19,32,5872,0.7475,50.7182,28.5587,0.749,1.002
4838,50.7182,keygen_C,42,3,18,13,32,6064,0.7719,50.7182,20.2503,0.755,0.9781
4839,50.7182,keygen_C,42,3,13,13,32,4944,0.6293,50.7182,20.1949,0.722,1.1473
4840,50.7182,keygen_C,42,3,14,12,32,4944,0.6293,50.7182,20.1284,0.722,1.1473
4841,50.7182,keygen_C,42,3,14,17,32,6064,0.7719,50.7182,22.5323,0.7545,0.9775
4842,50.7182,keygen_C,42,3,12,20,32,6064,0.7719,50.7182,37.0664,0.7545,0.9775
4843,50.7182,keygen_C,42,3,23,11,32,6448,0.8208,50.7182,20.1146,0.7671,0.9345
4844,50.7182,keygen_C,42,3,24,12,32,7024,0.8941,50.7182,20.1838,0.7838,0.8766
4845,50.7182,keygen_C,42,3,13,15,32,5360,0.6823,50.7182,20.6269,0.7341,1.076
4846,50.7182,keygen_C,42,3,22,8,32,5200,0.6619,50.7182,20.0585,0.7304,1.1035
4847,50.7182,keygen_C,42,3,16,13,32,5616,0.7149,50.7182,20.2281,0.742,1.0379
4848,50.7182,keygen_C,42,3,18,10,32,5200,0.6619,50.7182,20.0758,0.7299,1.1028
4849,50.7182,keygen_C,42,3,16,12,32,5360,0.6823,50.7182,20.1395,0.7346,1.0766
4850,50.7182,keygen_C,42,3,23,10,32,6080,0.7739,50.7182,20.0827,0.7564,0.9773
4851,50.7182,keygen_C,42,3,21,10,32,5728,0.7291,50.7182,20.08,0.7457,1.0227
4852,50.7182,keygen_C,42,3,11,20,32,5728,0.7291,50.7182,35.6485,0.7448,1.0215
4853,50.7182,keygen_C,42,3,15,11,32,4912,0.6253,50.7182,20.0924,0.7216,1.1541
4854,50.7182,keygen_C,42,3,16,15,32,6128,0.78,50.7182,20.7599,0.7568,0.9703
4855,50.7182,keygen_C,42,3,16,14,32,5872,0.7475,50.7182,20.4054,0.7494,1.0026
4856,50.7182,keygen_C,42,3,12,16,32,5296,0.6741,50.7182,21.1144,0.7323,1.0862
4857,50.7182,keygen_C,42,3,20,11,32,5872,0.7475,50.7182,20.1063,0.7499,1.0033
4858,50.7182,keygen_C,42,3,19,9,32,5072,0.6456,50.7182,20.064,0.7267,1.1256
4859,50.7182,keygen_C,42,3,12,14,32,4912,0.6253,50.7182,20.3168,0.7211,1.1533
4860,50.7182,keygen_C,42,3,10,17,32,4912,0.6253,50.7182,21.8233,0.7206,1.1526
4861,50.7182,keygen_C,42,3,9,19,32,4912,0.6253,50.7182,26.4317,0.7206,1.1526
4862,50.7182,keygen_C,42,3,18,9,32,4912,0.6253,50.7182,20.0633,0.7216,1.1541
4863,50.7182,keygen_C,42,3,20,8,32,4912,0.6253,50.7182,20.0578,0.722,1.1548
4864,50.7182,keygen_C,42,3,22,12,32,6608,0.8411,50.7182,20.1727,0.7712,0.9169
4865,50.7182,keygen_C,42,3,7,19,32,4272,0.5438,50.7182,25.0138,0.7021,1.2911
4866,50.7182,keygen_C,42,3,20,14,32,6832,0.8697,50.7182,20.494,0.7777,0.8943
4867,50.7182,keygen_C,42,3,19,15,32,6896,0.8778,50.7182,20.8928,0.7796,0.8881
4868,50.7182,keygen_C,42,3,16,18,32,6896,0.8778,50.7182,25.7227,0.7791,0.8876
4869,50.7182,keygen_C,42,3,23,13,32,7184,0.9145,50.7182,20.3057,0.7884,0.8621
4870,50.7182,keygen_C,42,3,15,14,32,5632,0.7169,50.7182,20.3832,0.7425,1.0356
4871,50.7182,keygen_C,42,3,9,20,32,5056,0.6436,50.7182,32.8126,0.7248,1.1262
4872,50.7182,keygen_C,42,3,22,10,32,5904,0.7515,50.7182,20.0813,0.7508,0.999
4873,50.7182,keygen_C,42,3,24,9,32,5872,0.7475,50.7182,20.0675,0.7503,1.0039
4874,50.7182,keygen_C,42,3,10,18,32,5072,0.6456,50.7182,23.5958,0.7253,1.1234
4875,50.7182,keygen_C,42,3,15,19,32,6832,0.8697,50.7182,30.6856,0.7773,0.8938
4876,50.7182,keygen_C,42,3,13,18,32,5984,0.7617,50.7182,24.6593,0.7522,0.9875
4877,50.7182,keygen_C,42,3,19,12,32,5984,0.7617,50.7182,20.1561,0.7531,0.9887
4878,50.7182,keygen_C,42,3,21,11,32,6064,0.7719,50.7182,20.109,0.7555,0.9787
4879,50.7182,keygen_C,42,3,8,17,32,4336,0.5519,50.7182,21.4689,0.7039,1.2754
4880,50.7182,keygen_C,42,3,14,15,32,5616,0.7149,50.7182,20.6712,0.7415,1.0373
4881,50.7182,keygen_C,42,3,17,14,32,6112,0.778,50.7182,20.4275,0.7564,0.9722
4882,50.7182,keygen_C,42,3,11,17,32,5200,0.6619,50.7182,22.0006,0.7295,1.1021
4883,50.7182,keygen_C,42,3,19,16,32,7200,0.9165,50.7182,21.7347,0.7884,0.8602
4884,50.7182,keygen_C,42,3,15,13,32,5392,0.6864,50.7182,20.2171,0.7355,1.0716
4885,50.7182,keygen_C,42,3,17,18,32,7200,0.9165,50.7182,26.0772,0.7879,0.8597
4886,50.7182,keygen_C,42,3,11,16,32,5024,0.6395,50.7182,21.0257,0.7244,1.1327
4887,50.7182,keygen_C,42,3,23,8,32,5344,0.6802,50.7182,20.0588,0.735,1.0805
4888,50.7182,keygen_C,42,3,13,19,32,6192,0.7882,50.7182,29.2677,0.7582,0.962
4889,50.7182,keygen_C,42,3,20,12,32,6192,0.7882,50.7182,20.1617,0.7592,0.9632
4890,50.7182,keygen_C,42,3,16,10,32,4848,0.6171,50.7182,20.073,0.7197,1.1663
4891,50.7182,keygen_C,42,3,7,20,32,4384,0.558,50.7182,29.9766,0.7053,1.2639
4892,50.7182,keygen_C,42,3,10,20,32,5392,0.6864,50.7182,34.2305,0.7346,1.0702
4893,50.7182,keygen_C,42,3,11,15,32,4848,0.6171,50.7182,20.5383,0.7193,1.1655
4894,50.7182,keygen_C,42,3,17,20,32,7744,0.9857,50.7182,44.1563,0.8037,0.8153
4895,50.7182,keygen_C,42,3,18,17,32,7216,0.9185,50.7182,23.2413,0.7884,0.8583
4896,50.7182,keygen_C,42,3,17,10,32,5024,0.6395,50.7182,20.0744,0.7248,1.1334
4897,50.7182,keygen_C,42,3,14,14,32,5392,0.6864,50.7182,20.3611,0.735,1.0709
4898,50.7182,keygen_C,42,3,9,15,32,4336,0.5519,50.7182,20.4497,0.7039,1.2754
4899,50.7182,keygen_C,42,3,15,16,32,6112,0.778,50.7182,21.3802,0.7564,0.9722
4900,50.7182,keygen_C,42,3,21,9,32,5392,0.6864,50.7182,20.0654,0.736,1.0723
4901,50.7182,keygen_C,42,3,22,15,32,7664,0.9756,50.7182,21.0257,0.8019,0.8219
4902,50.7182,keygen_C,42,3,17,16,32,6656,0.8473,50.7182,21.5575,0.7722,0.9114
4903,50.7182,keygen_C,42,3,21,16,32,7744,0.9857,50.7182,21.912,0.8042,0.8158
4904,64.0002,keygen_C,45,3,12,20,16,6448,0.8208,64.0002,42.3173,0.5193,0.6326
4905,64.0002,keygen_C,45,3,13,17,16,6160,0.7841,64.0002,27.606,0.5109,0.6516
4906,64.0002,keygen_C,45,3,21,10,16,6112,0.778,64.0002,25.3309,0.5104,0.6561
4907,64.0002,keygen_C,45,3,15,10,16,5056,0.6436,64.0002,25.3226,0.4794,0.7448
4908,64.0002,keygen_C,45,3,11,14,16,5056,0.6436,64.0002,25.5455,0.4789,0.7441
4909,64.0002,keygen_C,45,3,17,10,16,5408,0.6884,64.0002,25.3253,0.4896,0.7112
4910,64.0002,keygen_C,45,3,11,16,16,5408,0.6884,64.0002,26.2766,0.4891,0.7105
4911,64.0002,keygen_C,45,3,11,12,16,4704,0.5988,64.0002,25.3627,0.4687,0.7827
4912,64.0002,keygen_C,45,3,16,17,16,7024,0.8941,64.0002,28.1377,0.5364,0.6
4913,64.0002,keygen_C,45,3,15,12,16,5536,0.7047,64.0002,25.3849,0.4933,0.7
4914,64.0002,keygen_C,45,3,20,13,16,6896,0.8778,64.0002,25.5233,0.5332,0.6074
4915,64.0002,keygen_C,45,3,22,14,16,7696,0.9796,64.0002,25.7892,0.5564,0.5679
4916,64.0002,keygen_C,45,3,9,17,16,5008,0.6375,64.0002,26.897,0.477,0.7483
4917,64.0002,keygen_C,45,3,16,11,16,5488,0.6986,64.0002,25.3461,0.4919,0.7041
4918,64.0002,keygen_C,45,3,18,14,16,6736,0.8574,64.0002,25.7006,0.5281,0.6159
4919,64.0002,keygen_C,45,3,18,8,16,5008,0.6375,64.0002,25.308,0.478,0.7498
4920,64.0002,keygen_C,45,3,20,14,16,7216,0.9185,64.0002,25.7449,0.5425,0.5906
4921,64.0002,keygen_C,45,3,20,10,16,5936,0.7556,64.0002,25.3295,0.5053,0.6688
4922,64.0002,keygen_C,45,3,15,19,16,7216,0.9185,64.0002,35.9365,0.542,0.5901
4923,64.0002,keygen_C,45,3,11,19,16,5936,0.7556,64.0002,33.1006,0.5044,0.6676
4924,64.0002,keygen_C,45,3,8,16,16,4592,0.5845,64.0002,26.0108,0.465,0.7955
4925,64.0002,keygen_C,45,3,14,11,16,5104,0.6497,64.0002,25.3406,0.4803,0.7392
4926,64.0002,keygen_C,45,3,12,11,16,4720,0.6008,64.0002,25.335,0.4691,0.7808
4927,64.0002,keygen_C,45,3,9,15,16,4720,0.6008,64.0002,25.7006,0.4687,0.7801
4928,64.0002,keygen_C,45,3,8,17,16,4720,0.6008,64.0002,26.7197,0.4687,0.7801
4929,64.0002,keygen_C,45,3,11,20,16,6112,0.778,64.0002,40.8994,0.5095,0.6549
4930,64.0002,keygen_C,45,3,15,20,16,7456,0.9491,64.0002,46.5712,0.549,0.5784
4931,64.0002,keygen_C,45,3,21,14,16,7456,0.9491,64.0002,25.767,0.5494,0.5789
4932,64.0002,keygen_C,45,3,18,12,16,6160,0.7841,64.0002,25.4015,0.5114,0.6522
4933,64.0002,keygen_C,45,3,14,19,16,6896,0.8778,64.0002,35.2275,0.5323,0.6063
4934,64.0002,keygen_C,45,3,15,14,16,6016,0.7658,64.0002,25.6341,0.5072,0.6623
4935,64.0002,keygen_C,45,3,14,17,16,6448,0.8208,64.0002,27.7832,0.5193,0.6326
4936,64.0002,keygen_C,45,3,24,11,16,7024,0.8941,64.0002,25.3682,0.5374,0.601
4937,64.0002,keygen_C,45,3,24,12,16,7408,0.943,64.0002,25.4347,0.5485,0.5817
4938,64.0002,keygen_C,45,3,17,16,16,7040,0.8961,64.0002,26.8084,0.5369,0.5991
4939,64.0002,keygen_C,45,3,13,14,16,5536,0.7047,64.0002,25.5898,0.4928,0.6993
4940,64.0002,keygen_C,45,3,11,15,16,5232,0.666,64.0002,25.7892,0.484,0.7267
4941,64.0002,keygen_C,45,3,18,15,16,7024,0.8941,64.0002,26.0994,0.5364,0.6
4942,64.0002,keygen_C,45,3,23,8,16,5728,0.7291,64.0002,25.3097,0.4998,0.6854
4943,64.0002,keygen_C,45,3,22,10,16,6288,0.8004,64.0002,25.3322,0.5155,0.6441
4944,64.0002,keygen_C,45,3,18,9,16,5296,0.6741,64.0002,25.3142,0.4863,0.7214
4945,64.0002,keygen_C,45,3,23,12,16,7200,0.9165,64.0002,25.4292,0.5425,0.5919
4946,64.0002,keygen_C,45,3,8,19,16,4976,0.6334,64.0002,30.9736,0.4761,0.7517
4947,64.0002,keygen_C,45,3,9,18,16,5152,0.6558,64.0002,28.4922,0.4812,0.7338
4948,64.0002,keygen_C,45,3,19,8,16,5152,0.6558,64.0002,25.3084,0.4826,0.7359
4949,64.0002,keygen_C,45,3,10,13,16,4656,0.5927,64.0002,25.4126,0.4668,0.7877
4950,64.0002,keygen_C,45,3,7,19,16,4656,0.5927,64.0002,30.2647,0.4668,0.7877
4951,64.0002,keygen_C,45,3,13,13,16,5328,0.6782,64.0002,25.4458,0.4868,0.7177
4952,64.0002,keygen_C,45,3,13,16,16,5952,0.7576,64.0002,26.4539,0.5049,0.6664
4953,64.0002,keygen_C,45,3,13,20,16,6784,0.8635,64.0002,43.7353,0.529,0.6126
4954,64.0002,keygen_C,45,3,14,12,16,5328,0.6782,64.0002,25.3793,0.4868,0.7177
4955,64.0002,keygen_C,45,3,18,13,16,6448,0.8208,64.0002,25.5012,0.5197,0.6332
4956,64.0002,keygen_C,45,3,21,11,16,6448,0.8208,64.0002,25.3599,0.5202,0.6338
4957,64.0002,keygen_C,45,3,16,12,16,5744,0.7312,64.0002,25.3904,0.4993,0.6829
4958,64.0002,keygen_C,45,3,16,10,16,5232,0.666,64.0002,25.3239,0.4845,0.7274
4959,64.0002,keygen_C,45,3,13,15,16,5744,0.7312,64.0002,25.8778,0.4988,0.6823
4960,64.0002,keygen_C,45,3,23,10,16,6464,0.8228,64.0002,25.3336,0.5211,0.6333
4961,64.0002,keygen_C,45,3,22,9,16,5936,0.7556,64.0002,25.317,0.5053,0.6688
4962,64.0002,keygen_C,45,3,7,18,16,4544,0.5784,64.0002,27.7832,0.4636,0.8015
4963,64.0002,keygen_C,45,3,14,13,16,5552,0.7067,64.0002,25.4569,0.4933,0.698
4964,64.0002,keygen_C,45,3,12,16,16,5680,0.723,64.0002,26.3653,0.497,0.6874
4965,64.0002,keygen_C,45,3,23,9,16,6096,0.776,64.0002,25.3177,0.5104,0.6578
4966,64.0002,keygen_C,45,3,20,8,16,5296,0.6741,64.0002,25.3087,0.4868,0.7221
4967,64.0002,keygen_C,45,3,21,12,16,6784,0.8635,64.0002,25.4181,0.5299,0.6137
4968,64.0002,keygen_C,45,3,16,9,16,4976,0.6334,64.0002,25.3129,0.477,0.7531
4969,64.0002,keygen_C,45,3,10,15,16,4976,0.6334,64.0002,25.7449,0.4761,0.7517
4970,64.0002,keygen_C,45,3,17,11,16,5680,0.723,64.0002,25.3489,0.4974,0.688
4971,64.0002,keygen_C,45,3,12,15,16,5488,0.6986,64.0002,25.8335,0.4914,0.7035
4972,64.0002,keygen_C,45,3,18,16,16,7312,0.9308,64.0002,26.897,0.5448,0.5853
4973,64.0002,keygen_C,45,3,18,17,16,7600,0.9674,64.0002,28.4922,0.5531,0.5718
4974,64.0002,keygen_C,45,3,10,19,16,5616,0.7149,64.0002,32.3916,0.4947,0.692
4975,64.0002,keygen_C,45,3,22,13,16,7344,0.9348,64.0002,25.5455,0.5462,0.5842
4976,64.0002,keygen_C,45,3,19,10,16,5760,0.7332,64.0002,25.3281,0.5002,0.6823
4977,64.0002,keygen_C,45,3,15,11,16,5296,0.6741,64.0002,25.3433,0.4863,0.7214
4978,64.0002,keygen_C,45,3,20,12,16,6576,0.8371,64.0002,25.4126,0.5239,0.6259
4979,64.0002,keygen_C,45,3,11,18,16,5760,0.7332,64.0002,29.2012,0.4993,0.681
4980,64.0002,keygen_C,45,3,10,18,16,5456,0.6945,64.0002,28.8467,0.49,0.7056
4981,64.0002,keygen_C,45,3,20,9,16,5616,0.7149,64.0002,25.3156,0.4961,0.6939
4982,64.0002,keygen_C,45,3,13,19,16,6576,0.8371,64.0002,34.5185,0.523,0.6248
4983,64.0002,keygen_C,45,3,17,12,16,5952,0.7576,64.0002,25.3959,0.5053,0.667
4984,64.0002,keygen_C,45,3,13,12,16,5120,0.6517,64.0002,25.3738,0.4807,0.7376
4985,64.0002,keygen_C,45,3,19,9,16,5456,0.6945,64.0002,25.3149,0.4914,0.7076
4986,64.0002,keygen_C,45,3,20,15,16,7536,0.9593,64.0002,26.188,0.5517,0.5752
4987,64.0002,keygen_C,45,3,16,19,16,7536,0.9593,64.0002,36.6455,0.5513,0.5747
4988,64.0002,keygen_C,45,3,7,20,16,4768,0.6069,64.0002,35.2275,0.4701,0.7745
4989,64.0002,keygen_C,45,3,16,20,16,7792,0.9919,64.0002,47.9892,0.5587,0.5633
4990,64.0002,keygen_C,45,3,21,15,16,7792,0.9919,64.0002,26.2323,0.5592,0.5638
4991,64.0002,keygen_C,45,3,15,17,16,6736,0.8574,64.0002,27.9605,0.5281,0.6159
4992,64.0002,keygen_C,45,3,11,13,16,4880,0.6212,64.0002,25.4236,0.4738,0.7627
4993,64.0002,keygen_C,45,3,19,16,16,7584,0.9654,64.0002,26.9856,0.5531,0.573
4994,64.0002,keygen_C,45,3,11,17,16,5584,0.7108,64.0002,27.2515,0.4942,0.6953
4995,64.0002,keygen_C,45,3,18,10,16,5584,0.7108,64.0002,25.3267,0.4947,0.6959
4996,64.0002,keygen_C,45,3,22,8,16,5584,0.7108,64.0002,25.3094,0.4951,0.6966
4997,64.0002,keygen_C,45,3,23,11,16,6832,0.8697,64.0002,25.3655,0.5318,0.6115
4998,64.0002,keygen_C,45,3,8,18,16,4848,0.6171,64.0002,28.1377,0.4724,0.7655
4999,64.0002,keygen_C,45,3,21,9,16,5776,0.7352,64.0002,25.3163,0.5007,0.681
5000,64.0002,keygen_C,45,3,12,18,16,6064,0.7719,64.0002,29.5557,0.5081,0.6583
5001,64.0002,keygen_C,45,3,14,14,16,5776,0.7352,64.0002,25.612,0.4998,0.6797
5002,64.0002,keygen_C,45,3,10,20,16,5776,0.7352,64.0002,39.4814,0.4993,0.6791
5003,64.0002,keygen_C,45,3,14,16,16,6224,0.7923,64.0002,26.5425,0.5128,0.6472
5004,64.0002,keygen_C,45,3,17,13,16,6224,0.7923,64.0002,25.4901,0.5132,0.6478
5005,64.0002,keygen_C,45,3,10,14,16,4816,0.613,64.0002,25.5233,0.4715,0.7691
5006,64.0002,keygen_C,45,3,8,20,16,5104,0.6497,64.0002,36.6455,0.4798,0.7385
5007,64.0002,keygen_C,45,3,19,11,16,6064,0.7719,64.0002,25.3544,0.509,0.6595
5008,64.0002,keygen_C,45,3,17,18,16,7584,0.9654,64.0002,31.3281,0.5527,0.5725
5009,64.0002,keygen_C,45,3,12,14,16,5296,0.6741,64.0002,25.5677,0.4858,0.7207
5010,64.0002,keygen_C,45,3,23,13,16,7568,0.9633,64.0002,25.5566,0.5531,0.5742
5011,64.0002,keygen_C,45,3,15,18,16,6976,0.888,64.0002,30.6191,0.535,0.6025
5012,64.0002,keygen_C,45,3,21,8,16,5440,0.6925,64.0002,25.3091,0.491,0.709
5013,64.0002,keygen_C,45,3,9,20,16,5440,0.6925,64.0002,38.0635,0.4896,0.707
5014,64.0002,keygen_C,45,3,17,14,16,6496,0.8269,64.0002,25.6784,0.5211,0.6302
5015,64.0002,keygen_C,45,3,15,16,16,6496,0.8269,64.0002,26.6311,0.5211,0.6302
5016,64.0002,keygen_C,45,3,9,16,16,4864,0.6191,64.0002,26.0994,0.4729,0.7637
5017,64.0002,keygen_C,45,3,14,20,16,7120,0.9063,64.0002,45.1533,0.5387,0.5944
5018,64.0002,keygen_C,45,3,19,14,16,6976,0.888,64.0002,25.7227,0.5355,0.6031
5019,64.0002,keygen_C,45,3,15,13,16,5776,0.7352,64.0002,25.468,0.5002,0.6804
5020,64.0002,keygen_C,45,3,22,11,16,6640,0.8452,64.0002,25.3627,0.5258,0.622
5021,64.0002,keygen_C,45,3,16,14,16,6256,0.7963,64.0002,25.6563,0.5142,0.6457
5022,64.0002,keygen_C,45,3,10,17,16,5296,0.6741,64.0002,27.0742,0.4854,0.72
5023,64.0002,keygen_C,45,3,15,15,16,6256,0.7963,64.0002,25.9665,0.5142,0.6457
5024,64.0002,keygen_C,45,3,19,15,16,7280,0.9267,64.0002,26.1437,0.5443,0.5874
5025,64.0002,keygen_C,45,3,16,18,16,7280,0.9267,64.0002,30.9736,0.5439,0.5869
5026,64.0002,keygen_C,45,3,17,9,16,5136,0.6538,64.0002,25.3136,0.4817,0.7368
5027,64.0002,keygen_C,45,3,17,17,16,7312,0.9308,64.0002,28.315,0.5448,0.5853
5028,64.0002,keygen_C,45,3,12,19,16,6256,0.7963,64.0002,33.8096,0.5137,0.6451
5029,64.0002,keygen_C,45,3,13,11,16,4912,0.6253,64.0002,25.3378,0.4747,0.7592
5030,64.0002,keygen_C,45,3,14,15,16,6000,0.7637,64.0002,25.9221,0.5063,0.6629
5031,64.0002,keygen_C,45,3,14,18,16,6672,0.8493,64.0002,30.2647,0.5258,0.6191
5032,64.0002,keygen_C,45,3,19,12,16,6368,0.8106,64.0002,25.407,0.5179,0.6389
5033,64.0002,keygen_C,45,3,13,18,16,6368,0.8106,64.0002,29.9102,0.5169,0.6377
5034,64.0002,keygen_C,45,3,9,19,16,5296,0.6741,64.0002,31.6826,0.4854,0.72
5035,64.0002,keygen_C,45,3,12,12,16,4912,0.6253,64.0002,25.3683,0.4747,0.7592
5036,64.0002,keygen_C,45,3,16,13,16,6000,0.7637,64.0002,25.479,0.5067,0.6635
5037,64.0002,keygen_C,45,3,24,10,16,6640,0.8452,64.0002,25.335,0.5262,0.6226
5038,64.0002,keygen_C,45,3,19,13,16,6672,0.8493,64.0002,25.5123,0.5267,0.6201
5039,64.0002,keygen_C,45,3,20,11,16,6256,0.7963,64.0002,25.3572,0.5146,0.6462
5040,64.0002,keygen_C,45,3,14,10,16,4880,0.6212,64.0002,25.3212,0.4738,0.7627
5041,64.0002,keygen_C,45,3,21,13,16,7120,0.9063,64.0002,25.5344,0.5397,0.5955
5042,64.0002,keygen_C,45,3,16,16,16,6768,0.8615,64.0002,26.7197,0.529,0.614
5043,64.0002,keygen_C,45,3,12,13,16,5104,0.6497,64.0002,25.4347,0.4803,0.7392
5044,64.0002,keygen_C,45,3,16,15,16,6512,0.8289,64.0002,26.0108,0.5216,0.6292
5045,64.0002,keygen_C,45,3,10,16,16,5136,0.6538,64.0002,26.188,0.4807,0.7353
5046,64.0002,keygen_C,45,3,17,15,16,6768,0.8615,64.0002,26.0551,0.529,0.614
5047,64.0002,keygen_C,45,3,22,12,16,6992,0.89,64.0002,25.4236,0.536,0.6022
5048,64.0002,keygen_C,45,3,12,17,16,5872,0.7475,64.0002,27.4287,0.5026,0.6724
5049,64.0002,keygen_C,45,3,18,11,16,5872,0.7475,64.0002,25.3516,0.503,0.673
5050,64.0002,keygen_C,45,3,24,8,16,5872,0.7475,64.0002,25.3101,0.5039,0.6742
5051,64.0002,keygen_C,45,3,24,9,16,6256,0.7963,64.0002,25.3184,0.5151,0.6468
5052,64.0002,keygen_C,45,3,24,13,16,7792,0.9919,64.0002,25.5676,0.5596,0.5642
5053,64.6447,keygen_C,48,4,7,19,256,4176,0.5316,64.6447,39.0383,4.3587,8.1997
5054,64.6447,keygen_C,48,4,16,17,256,6544,0.833,64.6447,36.9114,4.4283,5.3161
5055,64.6447,keygen_C,48,4,23,14,256,7456,0.9491,64.6447,34.585,4.4557,4.6947
5056,64.6447,keygen_C,48,4,21,12,256,6304,0.8024,64.6447,34.1917,4.4218,5.5104
5057,64.6447,keygen_C,48,4,17,8,256,4384,0.558,64.6447,34.0813,4.3657,7.8231
5058,64.6447,keygen_C,48,4,13,20,256,6304,0.8024,64.6447,52.509,4.4209,5.5093
5059,64.6447,keygen_C,48,4,8,18,256,4368,0.556,64.6447,36.9114,4.3643,7.8493
5060,64.6447,keygen_C,48,4,22,12,256,6512,0.8289,64.6447,34.1973,4.4278,5.3417
5061,64.6447,keygen_C,48,4,20,17,256,7696,0.9796,64.6447,37.6203,4.4622,4.5549
5062,64.6447,keygen_C,48,4,17,20,256,7648,0.9735,64.6447,58.1808,4.4603,4.5816
5063,64.6447,keygen_C,48,4,8,16,256,4112,0.5234,64.6447,34.7844,4.3568,8.3238
5064,64.6447,keygen_C,48,4,14,15,256,5520,0.7026,64.6447,34.6958,4.3981,6.2594
5065,64.6447,keygen_C,48,4,24,14,256,7696,0.9796,64.6447,34.6072,4.4626,4.5554
5066,64.6447,keygen_C,48,4,15,10,256,4576,0.5825,64.6447,34.0962,4.3712,7.5045
5067,64.6447,keygen_C,48,4,11,14,256,4576,0.5825,64.6447,34.3191,4.3708,7.5037
5068,64.6447,keygen_C,48,4,18,15,256,6544,0.833,64.6447,34.873,4.4283,5.3161
5069,64.6447,keygen_C,48,4,21,16,256,7648,0.9735,64.6447,35.9365,4.4608,4.5821
5070,64.6447,keygen_C,48,4,15,19,256,6736,0.8574,64.6447,44.7102,4.4339,5.1711
5071,64.6447,keygen_C,48,4,19,11,256,5584,0.7108,64.6447,34.1281,4.4009,6.1916
5072,64.6447,keygen_C,48,4,23,8,256,5248,0.668,64.6447,34.0834,4.3916,6.5741
5073,64.6447,keygen_C,48,4,9,14,256,4096,0.5214,64.6447,34.2748,4.3564,8.3554
5074,64.6447,keygen_C,48,4,16,19,256,7056,0.8982,64.6447,45.4191,4.4432,4.9469
5075,64.6447,keygen_C,48,4,18,12,256,5680,0.723,64.6447,34.1751,4.4032,6.0901
5076,64.6447,keygen_C,48,4,20,15,256,7056,0.8982,64.6447,34.9617,4.4436,4.9474
5077,64.6447,keygen_C,48,4,13,17,256,5680,0.723,64.6447,36.3796,4.4028,6.0895
5078,64.6447,keygen_C,48,4,18,19,256,7696,0.9796,64.6447,46.8371,4.4617,4.5545
5079,64.6447,keygen_C,48,4,16,13,256,5520,0.7026,64.6447,34.2527,4.3986,6.26
5080,64.6447,keygen_C,48,4,12,18,256,5584,0.7108,64.6447,38.3293,4.4,6.1903
5081,64.6447,keygen_C,48,4,20,14,256,6736,0.8574,64.6447,34.5185,4.4343,5.1716
5082,64.6447,keygen_C,48,4,17,16,256,6560,0.835,64.6447,35.582,4.4288,5.3037
5083,64.6447,keygen_C,48,4,16,14,256,5776,0.7352,64.6447,34.4299,4.406,5.9927
5084,64.6447,keygen_C,48,4,7,18,256,4064,0.5173,64.6447,36.5569,4.3555,8.4194
5085,64.6447,keygen_C,48,4,17,17,256,6832,0.8697,64.6447,37.0886,4.4367,5.1016
5086,64.6447,keygen_C,48,4,21,10,256,5632,0.7169,64.6447,34.1045,4.4023,6.1407
5087,64.6447,keygen_C,48,4,11,20,256,5632,0.7169,64.6447,49.673,4.4014,6.1394
5088,64.6447,keygen_C,48,4,11,12,256,4224,0.5377,64.6447,34.1364,4.3606,8.11
5089,64.6447,keygen_C,48,4,13,10,256,4224,0.5377,64.6447,34.0934,4.3606,8.11
5090,64.6447,keygen_C,48,4,7,20,256,4288,0.5458,64.6447,44.0012,4.3619,7.9915
5091,64.6447,keygen_C,48,4,15,18,256,6496,0.8269,64.6447,39.3928,4.4269,5.3537
5092,64.6447,keygen_C,48,4,14,19,256,6416,0.8167,64.6447,44.0012,4.4241,5.4171
5093,64.6447,keygen_C,48,4,20,13,256,6416,0.8167,64.6447,34.297,4.4251,5.4182
5094,64.6447,keygen_C,48,4,19,14,256,6496,0.8269,64.6447,34.4964,4.4274,5.3543
5095,64.6447,keygen_C,48,4,8,17,256,4240,0.5397,64.6447,35.4934,4.3606,8.0794
5096,64.6447,keygen_C,48,4,9,15,256,4240,0.5397,64.6447,34.4742,4.3606,8.0794
5097,64.6447,keygen_C,48,4,16,12,256,5264,0.6701,64.6447,34.1641,4.3912,6.5534
5098,64.6447,keygen_C,48,4,12,11,256,4240,0.5397,64.6447,34.1087,4.361,8.0802
5099,64.6447,keygen_C,48,4,16,8,256,4240,0.5397,64.6447,34.081,4.3615,8.0811
5100,64.6447,keygen_C,48,4,12,12,256,4432,0.5642,64.6447,34.1419,4.3666,7.7401
5101,64.6447,keygen_C,48,4,13,11,256,4432,0.5642,64.6447,34.1114,4.3666,7.7401
5102,64.6447,keygen_C,48,4,23,9,256,5616,0.7149,64.6447,34.0914,4.4023,6.1582
5103,64.6447,keygen_C,48,4,22,13,256,6864,0.8737,64.6447,34.3191,4.4381,5.0794
5104,64.6447,keygen_C,48,4,18,16,256,6832,0.8697,64.6447,35.6706,4.4367,5.1016
5105,64.6447,keygen_C,48,4,8,19,256,4496,0.5723,64.6447,39.7473,4.368,7.6323
5106,64.6447,keygen_C,48,4,10,15,256,4496,0.5723,64.6447,34.5185,4.368,7.6323
5107,64.6447,keygen_C,48,4,16,9,256,4496,0.5723,64.6447,34.0865,4.3689,7.6339
5108,64.6447,keygen_C,48,4,15,9,256,4336,0.5519,64.6447,34.0858,4.3643,7.9072
5109,64.6447,keygen_C,48,4,10,14,256,4336,0.5519,64.6447,34.297,4.3633,7.9055
5110,64.6447,keygen_C,48,4,10,13,256,4176,0.5316,64.6447,34.1862,4.3587,8.1997
5111,64.6447,keygen_C,48,4,18,8,256,4528,0.5764,64.6447,34.0817,4.3698,7.5816
5112,64.6447,keygen_C,48,4,9,17,256,4528,0.5764,64.6447,35.6706,4.3689,7.58
5113,64.6447,keygen_C,48,4,22,15,256,7568,0.9633,64.6447,35.0503,4.4585,4.6281
5114,64.6447,keygen_C,48,4,14,9,256,4176,0.5316,64.6447,34.0851,4.3592,8.2006
5115,64.6447,keygen_C,48,4,11,13,256,4400,0.5601,64.6447,34.1973,4.3657,7.7947
5116,64.6447,keygen_C,48,4,24,9,256,5776,0.7352,64.6447,34.092,4.407,5.994
5117,64.6447,keygen_C,48,4,24,11,256,6544,0.833,64.6447,34.1419,4.4292,5.3172
5118,64.6447,keygen_C,48,4,13,15,256,5264,0.6701,64.6447,34.6515,4.3907,6.5527
5119,64.6447,keygen_C,48,4,23,15,256,7824,0.9959,64.6447,35.0946,4.4664,4.4846
5120,64.6447,keygen_C,48,4,20,11,256,5776,0.7352,64.6447,34.1308,4.4065,5.9933
5121,64.6447,keygen_C,48,4,23,11,256,6352,0.8086,64.6447,34.1391,4.4237,5.4711
5122,64.6447,keygen_C,48,4,15,15,256,5776,0.7352,64.6447,34.7401,4.406,5.9927
5123,64.6447,keygen_C,48,4,12,19,256,5776,0.7352,64.6447,42.5832,4.4056,5.9921
5124,64.6447,keygen_C,48,4,19,18,256,7712,0.9817,64.6447,40.8108,4.4626,4.546
5125,64.6447,keygen_C,48,4,17,13,256,5744,0.7312,64.6447,34.2638,4.4051,6.0248
5126,64.6447,keygen_C,48,4,14,16,256,5744,0.7312,64.6447,35.3161,4.4046,6.0242
5127,64.6447,keygen_C,48,4,15,14,256,5536,0.7047,64.6447,34.4078,4.3991,6.2426
5128,64.6447,keygen_C,48,4,14,10,256,4400,0.5601,64.6447,34.0948,4.3657,7.7947
5129,64.6447,keygen_C,48,4,9,16,256,4384,0.558,64.6447,34.873,4.3647,7.8215
5130,64.6447,keygen_C,48,4,18,14,256,6256,0.7963,64.6447,34.4742,4.42,5.5504
5131,64.6447,keygen_C,48,4,9,20,256,4960,0.6314,64.6447,46.8371,4.3814,6.9396
5132,64.6447,keygen_C,48,4,9,19,256,4816,0.613,64.6447,40.4563,4.3773,7.1403
5133,64.6447,keygen_C,48,4,24,10,256,6160,0.7841,64.6447,34.1087,4.4181,5.6345
5134,64.6447,keygen_C,48,4,22,11,256,6160,0.7841,64.6447,34.1364,4.4176,5.6339
5135,64.6447,keygen_C,48,4,17,18,256,7104,0.9043,64.6447,40.1018,4.4445,4.915
5136,64.6447,keygen_C,48,4,17,12,256,5472,0.6965,64.6447,34.1696,4.3972,6.313
5137,64.6447,keygen_C,48,4,13,16,256,5472,0.6965,64.6447,35.2275,4.3968,6.3123
5138,64.6447,keygen_C,48,4,17,9,256,4656,0.5927,64.6447,34.0872,4.3735,7.3794
5139,64.6447,keygen_C,48,4,10,16,256,4656,0.5927,64.6447,34.9617,4.3726,7.3779
5140,64.6447,keygen_C,48,4,19,12,256,5888,0.7495,64.6447,34.1807,4.4097,5.8837
5141,64.6447,keygen_C,48,4,22,10,256,5808,0.7393,64.6447,34.1059,4.4074,5.9616
5142,64.6447,keygen_C,48,4,10,17,256,4816,0.613,64.6447,35.8479,4.3773,7.1403
5143,64.6447,keygen_C,48,4,13,12,256,4640,0.5906,64.6447,34.1474,4.3726,7.4033
5144,64.6447,keygen_C,48,4,19,16,256,7104,0.9043,64.6447,35.7593,4.445,4.9155
5145,64.6447,keygen_C,48,4,12,16,256,5200,0.6619,64.6447,35.1389,4.3889,6.6306
5146,64.6447,keygen_C,48,4,17,11,256,5200,0.6619,64.6447,34.1225,4.3893,6.6313
5147,64.6447,keygen_C,48,4,21,13,256,6640,0.8452,64.6447,34.3081,4.4316,5.2431
5148,64.6447,keygen_C,48,4,14,20,256,6640,0.8452,64.6447,53.9269,4.4306,5.242
5149,64.6447,keygen_C,48,4,15,12,256,5056,0.6436,64.6447,34.1585,4.3852,6.8136
5150,64.6447,keygen_C,48,4,15,16,256,6016,0.7658,64.6447,35.4048,4.413,5.7627
5151,64.6447,keygen_C,48,4,13,14,256,5056,0.6436,64.6447,34.3635,4.3847,6.8129
5152,64.6447,keygen_C,48,4,22,9,256,5456,0.6945,64.6447,34.0907,4.3972,6.3315
5153,64.6447,keygen_C,48,4,20,10,256,5456,0.6945,64.6447,34.1031,4.3972,6.3315
5154,64.6447,keygen_C,48,4,13,19,256,6096,0.776,64.6447,43.2922,4.4148,5.6895
5155,64.6447,keygen_C,48,4,11,19,256,5456,0.6945,64.6447,41.8742,4.3963,6.3301
5156,64.6447,keygen_C,48,4,19,10,256,5280,0.6721,64.6447,34.1017,4.3921,6.5349
5157,64.6447,keygen_C,48,4,12,15,256,5008,0.6375,64.6447,34.6072,4.3833,6.876
5158,64.6447,keygen_C,48,4,23,10,256,5984,0.7617,64.6447,34.1073,4.413,5.7935
5159,64.6447,keygen_C,48,4,10,19,256,5136,0.6538,64.6447,41.1653,4.3865,6.7096
5160,64.6447,keygen_C,48,4,20,9,256,5136,0.6538,64.6447,34.0893,4.3879,6.7118
5161,64.6447,keygen_C,48,4,19,9,256,4976,0.6334,64.6447,34.0886,4.3833,6.9202
5162,64.6447,keygen_C,48,4,20,16,256,7376,0.9389,64.6447,35.8479,4.4529,4.7427
5163,64.6447,keygen_C,48,4,10,18,256,4976,0.6334,64.6447,37.6203,4.3819,6.9181
5164,64.6447,keygen_C,48,4,20,8,256,4816,0.613,64.6447,34.0824,4.3787,7.1426
5165,64.6447,keygen_C,48,4,17,19,256,7376,0.9389,64.6447,46.1281,4.4524,4.7422
5166,64.6447,keygen_C,48,4,18,17,256,7120,0.9063,64.6447,37.2658,4.445,4.9045
5167,64.6447,keygen_C,48,4,15,17,256,6256,0.7963,64.6447,36.7341,4.42,5.5504
5168,64.6447,keygen_C,48,4,23,13,256,7088,0.9022,64.6447,34.3302,4.445,4.9266
5169,64.6447,keygen_C,48,4,13,13,256,4848,0.6171,64.6447,34.2194,4.3787,7.0954
5170,64.6447,keygen_C,48,4,18,9,256,4816,0.613,64.6447,34.0879,4.3782,7.1418
5171,64.6447,keygen_C,48,4,15,11,256,4816,0.613,64.6447,34.117,4.3782,7.1418
5172,64.6447,keygen_C,48,4,14,18,256,6192,0.7882,64.6447,39.0383,4.4176,5.6048
5173,64.6447,keygen_C,48,4,15,20,256,6976,0.888,64.6447,55.3449,4.4408,5.001
5174,64.6447,keygen_C,48,4,21,14,256,6976,0.888,64.6447,34.5407,4.4413,5.0016
5175,64.6447,keygen_C,48,4,19,13,256,6192,0.7882,64.6447,34.2859,4.4186,5.606
5176,64.6447,keygen_C,48,4,12,14,256,4816,0.613,64.6447,34.3413,4.3777,7.1411
5177,64.6447,keygen_C,48,4,19,8,256,4672,0.5947,64.6447,34.082,4.3745,7.3557
5178,64.6447,keygen_C,48,4,14,13,256,5072,0.6456,64.6447,34.2305,4.3852,6.7921
5179,64.6447,keygen_C,48,4,9,18,256,4672,0.5947,64.6447,37.2659,4.3731,7.3534
5180,64.6447,keygen_C,48,4,14,12,256,4848,0.6171,64.6447,34.153,4.3787,7.0954
5181,64.6447,keygen_C,48,4,14,11,256,4624,0.5886,64.6447,34.1142,4.3722,7.4281
5182,64.6447,keygen_C,48,4,17,14,256,6016,0.7658,64.6447,34.4521,4.413,5.7627
5183,64.6447,keygen_C,48,4,16,15,256,6032,0.7678,64.6447,34.7844,4.4135,5.748
5184,64.6447,keygen_C,48,4,10,20,256,5296,0.6741,64.6447,48.2551,4.3912,6.5138
5185,64.6447,keygen_C,48,4,12,20,256,5968,0.7597,64.6447,51.091,4.4111,5.8066
5186,64.6447,keygen_C,48,4,16,11,256,5008,0.6375,64.6447,34.1197,4.3838,6.8768
5187,64.6447,keygen_C,48,4,14,17,256,5968,0.7597,64.6447,36.5569,4.4111,5.8066
5188,64.6447,keygen_C,48,4,22,8,256,5104,0.6497,64.6447,34.083,4.387,6.7524
5189,64.6447,keygen_C,48,4,12,13,256,4624,0.5886,64.6447,34.2084,4.3722,7.4281
5190,64.6447,keygen_C,48,4,18,11,256,5392,0.6864,64.6447,34.1253,4.3949,6.4032
5191,64.6447,keygen_C,48,4,12,17,256,5392,0.6864,64.6447,36.2024,4.3944,6.4026
5192,64.6447,keygen_C,48,4,23,12,256,6720,0.8554,64.6447,34.2028,4.4343,5.184
5193,64.6447,keygen_C,48,4,24,12,256,6928,0.8819,64.6447,34.2084,4.4404,5.0352
5194,64.6447,keygen_C,48,4,22,14,256,7216,0.9185,64.6447,34.5629,4.4483,4.8428
5195,64.6447,keygen_C,48,4,20,12,256,6096,0.776,64.6447,34.1862,4.4158,5.6907
5196,64.6447,keygen_C,48,4,18,13,256,5968,0.7597,64.6447,34.2748,4.4116,5.8072
5197,64.6447,keygen_C,48,4,21,8,256,4960,0.6314,64.6447,34.0827,4.3828,6.9418
5198,64.6447,keygen_C,48,4,13,18,256,5888,0.7495,64.6447,38.6838,4.4088,5.8824
5199,64.6447,keygen_C,48,4,16,20,256,7312,0.9308,64.6447,56.7628,4.4506,4.7817
5200,64.6447,keygen_C,48,4,21,15,256,7312,0.9308,64.6447,35.006,4.451,4.7822
5201,64.6447,keygen_C,48,4,21,11,256,5968,0.7597,64.6447,34.1336,4.4121,5.8078
5202,64.6447,keygen_C,48,4,24,13,256,7312,0.9308,64.6447,34.3413,4.4515,4.7827
5203,64.6447,keygen_C,48,4,17,10,256,4928,0.6273,64.6447,34.099,4.3814,6.9847
5204,64.6447,keygen_C,48,4,17,15,256,6288,0.8004,64.6447,34.8287,4.4209,5.5233
5205,64.6447,keygen_C,48,4,24,8,256,5392,0.6864,64.6447,34.0837,4.3958,6.4046
5206,64.6447,keygen_C,48,4,18,18,256,7408,0.943,64.6447,40.4563,4.4534,4.7227
5207,64.6447,keygen_C,48,4,11,16,256,4928,0.6273,64.6447,35.0503,4.381,6.984
5208,64.6447,keygen_C,48,4,16,18,256,6800,0.8656,64.6447,39.7473,4.4357,5.1246
5209,64.6447,keygen_C,48,4,19,17,256,7408,0.943,64.6447,37.4431,4.4538,4.7232
5210,64.6447,keygen_C,48,4,21,9,256,5296,0.6741,64.6447,34.09,4.3926,6.5159
5211,64.6447,keygen_C,48,4,15,13,256,5296,0.6741,64.6447,34.2416,4.3921,6.5152
5212,64.6447,keygen_C,48,4,8,20,256,4624,0.5886,64.6447,45.4191,4.3717,7.4273
5213,64.6447,keygen_C,48,4,11,17,256,5104,0.6497,64.6447,36.0251,4.3861,6.751
5214,64.6447,keygen_C,48,4,19,15,256,6800,0.8656,64.6447,34.9173,4.4362,5.1251
5215,64.6447,keygen_C,48,4,18,10,256,5104,0.6497,64.6447,34.1004,4.3865,6.7517
5216,64.6447,keygen_C,48,4,16,10,256,4752,0.6049,64.6447,34.0976,4.3763,7.2349
5217,64.6447,keygen_C,48,4,11,15,256,4752,0.6049,64.6447,34.5629,4.3759,7.2342
5218,64.6447,keygen_C,48,4,14,14,256,5296,0.6741,64.6447,34.3856,4.3916,6.5145
5219,64.6447,keygen_C,48,4,16,16,256,6288,0.8004,64.6447,35.4934,4.4209,5.5233
5220,64.6447,keygen_C,48,4,11,18,256,5280,0.6721,64.6447,37.9748,4.3912,6.5335
5221,101.4364,keygen_C,45,3,20,10,32,5600,0.7128,101.4364,40.1295,0.742,1.0409
5222,101.4364,keygen_C,45,3,18,18,32,7552,0.9613,101.4364,46.4826,0.7981,0.8303
5223,101.4364,keygen_C,45,3,9,20,32,5104,0.6497,101.4364,52.8635,0.7262,1.1178
5224,101.4364,keygen_C,45,3,11,12,32,4368,0.556,101.4364,40.1627,0.7053,1.2686
5225,101.4364,keygen_C,45,3,22,10,32,5952,0.7576,101.4364,40.1322,0.7522,0.9928
5226,101.4364,keygen_C,45,3,18,15,32,6688,0.8513,101.4364,40.8994,0.7731,0.9081
5227,101.4364,keygen_C,45,3,14,13,32,5216,0.664,101.4364,40.2569,0.7299,1.0994
5228,101.4364,keygen_C,45,3,19,9,32,5120,0.6517,101.4364,40.1149,0.7281,1.1171
5229,101.4364,keygen_C,45,3,22,9,32,5600,0.7128,101.4364,40.117,0.742,1.0409
5230,101.4364,keygen_C,45,3,10,18,32,5120,0.6517,101.4364,43.6467,0.7267,1.115
5231,101.4364,keygen_C,45,3,9,15,32,4384,0.558,101.4364,40.5006,0.7053,1.2639
5232,101.4364,keygen_C,45,3,18,16,32,6976,0.888,101.4364,41.697,0.7814,0.88
5233,101.4364,keygen_C,45,3,19,17,32,7552,0.9613,101.4364,43.4694,0.7986,0.8308
5234,101.4364,keygen_C,45,3,16,17,32,6688,0.8513,101.4364,42.9377,0.7731,0.9081
5235,101.4364,keygen_C,45,3,17,17,32,6976,0.888,101.4364,43.1149,0.7814,0.88
5236,101.4364,keygen_C,45,3,21,8,32,5104,0.6497,101.4364,40.109,0.7276,1.1199
5237,101.4364,keygen_C,45,3,16,13,32,5664,0.721,101.4364,40.279,0.7434,1.0311
5238,101.4364,keygen_C,45,3,17,9,32,4800,0.611,101.4364,40.1135,0.7183,1.1757
5239,101.4364,keygen_C,45,3,14,15,32,5664,0.721,101.4364,40.7221,0.7429,1.0304
5240,101.4364,keygen_C,45,3,19,8,32,4816,0.613,101.4364,40.1084,0.7193,1.1733
5241,101.4364,keygen_C,45,3,9,18,32,4816,0.613,101.4364,43.2922,0.7179,1.171
5242,101.4364,keygen_C,45,3,15,17,32,6400,0.8147,101.4364,42.7605,0.7647,0.9387
5243,101.4364,keygen_C,45,3,18,14,32,6400,0.8147,101.4364,40.5006,0.7647,0.9387
5244,101.4364,keygen_C,45,3,8,17,32,4384,0.558,101.4364,41.5197,0.7053,1.2639
5245,101.4364,keygen_C,45,3,12,11,32,4384,0.558,101.4364,40.135,0.7058,1.2648
5246,101.4364,keygen_C,45,3,11,19,32,5600,0.7128,101.4364,47.9006,0.7411,1.0396
5247,101.4364,keygen_C,45,3,22,13,32,7008,0.8921,101.4364,40.3455,0.7828,0.8776
5248,101.4364,keygen_C,45,3,18,10,32,5248,0.668,101.4364,40.1267,0.7313,1.0948
5249,101.4364,keygen_C,45,3,21,9,32,5440,0.6925,101.4364,40.1163,0.7374,1.0648
5250,101.4364,keygen_C,45,3,8,16,32,4256,0.5418,101.4364,40.8108,0.7016,1.2951
5251,101.4364,keygen_C,45,3,20,13,32,6560,0.835,101.4364,40.3233,0.7698,0.9219
5252,101.4364,keygen_C,45,3,13,14,32,5200,0.6619,101.4364,40.3898,0.7295,1.1021
5253,101.4364,keygen_C,45,3,14,19,32,6560,0.835,101.4364,50.0275,0.7689,0.9208
5254,101.4364,keygen_C,45,3,13,15,32,5408,0.6884,101.4364,40.6778,0.7355,1.0684
5255,101.4364,keygen_C,45,3,21,13,32,6784,0.8635,101.4364,40.3344,0.7763,0.899
5256,101.4364,keygen_C,45,3,14,20,32,6784,0.8635,101.4364,59.9533,0.7754,0.8979
5257,101.4364,keygen_C,45,3,18,13,32,6112,0.778,101.4364,40.3012,0.7564,0.9722
5258,101.4364,keygen_C,45,3,21,11,32,6112,0.778,101.4364,40.1599,0.7568,0.9728
5259,101.4364,keygen_C,45,3,23,8,32,5392,0.6864,101.4364,40.1097,0.7364,1.073
5260,101.4364,keygen_C,45,3,19,16,32,7248,0.9226,101.4364,41.7856,0.7898,0.856
5261,101.4364,keygen_C,45,3,17,18,32,7248,0.9226,101.4364,46.1281,0.7893,0.8555
5262,101.4364,keygen_C,45,3,13,20,32,6448,0.8208,101.4364,58.5353,0.7657,0.9329
5263,101.4364,keygen_C,45,3,16,12,32,5408,0.6884,101.4364,40.1904,0.736,1.0691
5264,101.4364,keygen_C,45,3,21,12,32,6448,0.8208,101.4364,40.2181,0.7666,0.934
5265,101.4364,keygen_C,45,3,19,11,32,5728,0.7291,101.4364,40.1544,0.7457,1.0227
5266,101.4364,keygen_C,45,3,12,18,32,5728,0.7291,101.4364,44.3557,0.7448,1.0215
5267,101.4364,keygen_C,45,3,9,19,32,4960,0.6314,101.4364,46.4826,0.722,1.1436
5268,101.4364,keygen_C,45,3,10,17,32,4960,0.6314,101.4364,41.8742,0.722,1.1436
5269,101.4364,keygen_C,45,3,12,14,32,4960,0.6314,101.4364,40.3676,0.7225,1.1444
5270,101.4364,keygen_C,45,3,15,11,32,4960,0.6314,101.4364,40.1433,0.723,1.1451
5271,101.4364,keygen_C,45,3,23,10,32,6128,0.78,101.4364,40.1336,0.7578,0.9715
5272,101.4364,keygen_C,45,3,18,9,32,4960,0.6314,101.4364,40.1142,0.723,1.1451
5273,101.4364,keygen_C,45,3,20,8,32,4960,0.6314,101.4364,40.1087,0.7234,1.1458
5274,101.4364,keygen_C,45,3,20,14,32,6880,0.8758,101.4364,40.5449,0.7791,0.8896
5275,101.4364,keygen_C,45,3,15,19,32,6880,0.8758,101.4364,50.7365,0.7787,0.8891
5276,101.4364,keygen_C,45,3,7,18,32,4208,0.5356,101.4364,42.5832,0.7002,1.3073
5277,101.4364,keygen_C,45,3,23,13,32,7232,0.9206,101.4364,40.3566,0.7898,0.8579
5278,101.4364,keygen_C,45,3,22,15,32,7712,0.9817,101.4364,41.0766,0.8032,0.8182
5279,101.4364,keygen_C,45,3,18,17,32,7264,0.9246,101.4364,43.2922,0.7898,0.8542
5280,101.4364,keygen_C,45,3,15,16,32,6160,0.7841,101.4364,41.4311,0.7578,0.9664
5281,101.4364,keygen_C,45,3,17,14,32,6160,0.7841,101.4364,40.4784,0.7578,0.9664
5282,101.4364,keygen_C,45,3,15,13,32,5440,0.6925,101.4364,40.2679,0.7369,1.0642
5283,101.4364,keygen_C,45,3,23,11,32,6496,0.8269,101.4364,40.1655,0.7684,0.9293
5284,101.4364,keygen_C,45,3,12,20,32,6112,0.778,101.4364,57.1173,0.7559,0.9716
5285,101.4364,keygen_C,45,3,14,14,32,5440,0.6925,101.4364,40.412,0.7364,1.0635
5286,101.4364,keygen_C,45,3,23,9,32,5760,0.7332,101.4364,40.1177,0.7471,1.019
5287,101.4364,keygen_C,45,3,10,20,32,5440,0.6925,101.4364,54.2814,0.736,1.0628
5288,101.4364,keygen_C,45,3,17,16,32,6704,0.8534,101.4364,41.6084,0.7735,0.9065
5289,101.4364,keygen_C,45,3,10,13,32,4320,0.5499,101.4364,40.2126,0.7035,1.2793
5290,101.4364,keygen_C,45,3,11,17,32,5248,0.668,101.4364,42.0515,0.7309,1.0941
5291,101.4364,keygen_C,45,3,7,19,32,4320,0.5499,101.4364,45.0647,0.7035,1.2793
5292,101.4364,keygen_C,45,3,13,12,32,4784,0.609,101.4364,40.1738,0.7174,1.1781
5293,101.4364,keygen_C,45,3,19,10,32,5424,0.6904,101.4364,40.1281,0.7369,1.0673
5294,101.4364,keygen_C,45,3,16,15,32,6176,0.7862,101.4364,40.8108,0.7582,0.9645
5295,101.4364,keygen_C,45,3,11,18,32,5424,0.6904,101.4364,44.0012,0.736,1.066
5296,101.4364,keygen_C,45,3,13,16,32,5616,0.7149,101.4364,41.2539,0.7415,1.0373
5297,101.4364,keygen_C,45,3,17,12,32,5616,0.7149,101.4364,40.1959,0.742,1.0379
5298,101.4364,keygen_C,45,3,22,8,32,5248,0.668,101.4364,40.1094,0.7318,1.0954
5299,101.4364,keygen_C,45,3,23,14,32,7600,0.9674,101.4364,40.6114,0.8005,0.8274
5300,101.4364,keygen_C,45,3,11,15,32,4896,0.6232,101.4364,40.5892,0.7206,1.1563
5301,101.4364,keygen_C,45,3,16,10,32,4896,0.6232,101.4364,40.1239,0.7211,1.1571
5302,101.4364,keygen_C,45,3,12,16,32,5344,0.6802,101.4364,41.1653,0.7336,1.0785
5303,101.4364,keygen_C,45,3,15,12,32,5200,0.6619,101.4364,40.1849,0.7299,1.1028
5304,101.4364,keygen_C,45,3,14,17,32,6112,0.778,101.4364,42.5832,0.7559,0.9716
5305,101.4364,keygen_C,45,3,17,11,32,5344,0.6802,101.4364,40.1489,0.7341,1.0792
5306,101.4364,keygen_C,45,3,10,19,32,5280,0.6721,101.4364,47.1916,0.7313,1.0881
5307,101.4364,keygen_C,45,3,17,10,32,5072,0.6456,101.4364,40.1253,0.7262,1.1248
5308,101.4364,keygen_C,45,3,11,16,32,5072,0.6456,101.4364,41.0766,0.7258,1.1241
5309,101.4364,keygen_C,45,3,16,16,32,6432,0.8187,101.4364,41.5197,0.7657,0.9352
5310,101.4364,keygen_C,45,3,17,15,32,6432,0.8187,101.4364,40.8551,0.7657,0.9352
5311,101.4364,keygen_C,45,3,22,12,32,6656,0.8473,101.4364,40.2236,0.7726,0.9119
5312,101.4364,keygen_C,45,3,13,13,32,4992,0.6354,101.4364,40.2458,0.7234,1.1385
5313,101.4364,keygen_C,45,3,10,16,32,4800,0.611,101.4364,40.988,0.7174,1.1741
5314,101.4364,keygen_C,45,3,18,11,32,5536,0.7047,101.4364,40.1516,0.7397,1.0497
5315,101.4364,keygen_C,45,3,24,13,32,7456,0.9491,101.4364,40.3676,0.7963,0.839
5316,101.4364,keygen_C,45,3,21,15,32,7456,0.9491,101.4364,41.0323,0.7958,0.8385
5317,101.4364,keygen_C,45,3,16,20,32,7456,0.9491,101.4364,62.7892,0.7954,0.838
5318,101.4364,keygen_C,45,3,24,12,32,7072,0.9002,101.4364,40.2347,0.7852,0.8722
5319,101.4364,keygen_C,45,3,23,12,32,6864,0.8737,101.4364,40.2292,0.7791,0.8917
5320,101.4364,keygen_C,45,3,10,14,32,4480,0.5703,101.4364,40.3233,0.7081,1.2417
5321,101.4364,keygen_C,45,3,16,18,32,6944,0.8839,101.4364,45.7736,0.7805,0.883
5322,101.4364,keygen_C,45,3,24,9,32,5920,0.7536,101.4364,40.1184,0.7517,0.9976
5323,101.4364,keygen_C,45,3,14,16,32,5888,0.7495,101.4364,41.3425,0.7494,0.9999
5324,101.4364,keygen_C,45,3,12,12,32,4576,0.5825,101.4364,40.1682,0.7114,1.2213
5325,101.4364,keygen_C,45,3,20,11,32,5920,0.7536,101.4364,40.1572,0.7513,0.997
5326,101.4364,keygen_C,45,3,18,19,32,7840,0.998,101.4364,52.8634,0.8065,0.8081
5327,101.4364,keygen_C,45,3,11,14,32,4720,0.6008,101.4364,40.3455,0.7155,1.191
5328,101.4364,keygen_C,45,3,15,10,32,4720,0.6008,101.4364,40.1225,0.716,1.1917
5329,101.4364,keygen_C,45,3,16,14,32,5920,0.7536,101.4364,40.4563,0.7508,0.9963
5330,101.4364,keygen_C,45,3,17,19,32,7520,0.9572,101.4364,52.1545,0.7972,0.8328
5331,101.4364,keygen_C,45,3,20,16,32,7520,0.9572,101.4364,41.8742,0.7977,0.8333
5332,101.4364,keygen_C,45,3,15,15,32,5920,0.7536,101.4364,40.7664,0.7508,0.9963
5333,101.4364,keygen_C,45,3,13,11,32,4576,0.5825,101.4364,40.1378,0.7114,1.2213
5334,101.4364,keygen_C,45,3,12,15,32,5152,0.6558,101.4364,40.6335,0.7281,1.1102
5335,101.4364,keygen_C,45,3,18,12,32,5824,0.7413,101.4364,40.2015,0.748,1.009
5336,101.4364,keygen_C,45,3,13,17,32,5824,0.7413,101.4364,42.406,0.7476,1.0084
5337,101.4364,keygen_C,45,3,20,15,32,7200,0.9165,101.4364,40.988,0.7884,0.8602
5338,101.4364,keygen_C,45,3,19,15,32,6944,0.8839,101.4364,40.9437,0.781,0.8835
5339,101.4364,keygen_C,45,3,9,17,32,4672,0.5947,101.4364,41.697,0.7137,1.2001
5340,101.4364,keygen_C,45,3,18,8,32,4672,0.5947,101.4364,40.108,0.7146,1.2016
5341,101.4364,keygen_C,45,3,9,16,32,4528,0.5764,101.4364,40.8994,0.7095,1.231
5342,101.4364,keygen_C,45,3,16,9,32,4640,0.5906,101.4364,40.1129,0.7137,1.2083
5343,101.4364,keygen_C,45,3,10,15,32,4640,0.5906,101.4364,40.5449,0.7128,1.2068
5344,101.4364,keygen_C,45,3,8,19,32,4640,0.5906,101.4364,45.7736,0.7128,1.2068
5345,101.4364,keygen_C,45,3,12,17,32,5536,0.7047,101.4364,42.2287,0.7392,1.049
5346,101.4364,keygen_C,45,3,8,18,32,4512,0.5743,101.4364,42.9377,0.709,1.2345
5347,101.4364,keygen_C,45,3,24,8,32,5536,0.7047,101.4364,40.1101,0.7406,1.051
5348,101.4364,keygen_C,45,3,17,13,32,5888,0.7495,101.4364,40.2901,0.7499,1.0005
5349,101.4364,keygen_C,45,3,19,13,32,6336,0.8065,101.4364,40.3123,0.7633,0.9465
5350,101.4364,keygen_C,45,3,16,19,32,7200,0.9165,101.4364,51.4455,0.7879,0.8597
5351,101.4364,keygen_C,45,3,15,14,32,5680,0.723,101.4364,40.4341,0.7439,1.0288
5352,101.4364,keygen_C,45,3,14,18,32,6336,0.8065,101.4364,45.0646,0.7624,0.9453
5353,101.4364,keygen_C,45,3,11,13,32,4544,0.5784,101.4364,40.2236,0.7104,1.2283
5354,101.4364,keygen_C,45,3,16,11,32,5152,0.6558,101.4364,40.1461,0.7285,1.1109
5355,101.4364,keygen_C,45,3,14,10,32,4544,0.5784,101.4364,40.1212,0.7104,1.2283
5356,101.4364,keygen_C,45,3,12,19,32,5920,0.7536,101.4364,48.6096,0.7503,0.9957
5357,101.4364,keygen_C,45,3,24,11,32,6688,0.8513,101.4364,40.1682,0.774,0.9092
5358,101.4364,keygen_C,45,3,14,12,32,4992,0.6354,101.4364,40.1793,0.7234,1.1385
5359,101.4364,keygen_C,45,3,7,20,32,4432,0.5642,101.4364,50.0275,0.7067,1.2527
5360,101.4364,keygen_C,45,3,17,20,32,7792,0.9919,101.4364,64.2072,0.8051,0.8117
5361,101.4364,keygen_C,45,3,13,19,32,6240,0.7943,101.4364,49.3185,0.7596,0.9564
5362,101.4364,keygen_C,45,3,21,14,32,7120,0.9063,101.4364,40.567,0.7861,0.8673
5363,101.4364,keygen_C,45,3,20,9,32,5280,0.6721,101.4364,40.1156,0.7327,1.0902
5364,101.4364,keygen_C,45,3,13,18,32,6032,0.7678,101.4364,44.7102,0.7536,0.9815
5365,101.4364,keygen_C,45,3,20,12,32,6240,0.7943,101.4364,40.2126,0.7606,0.9575
5366,101.4364,keygen_C,45,3,15,18,32,6640,0.8452,101.4364,45.4191,0.7717,0.913
5367,101.4364,keygen_C,45,3,24,10,32,6304,0.8024,101.4364,40.135,0.7629,0.9507
5368,101.4364,keygen_C,45,3,19,14,32,6640,0.8452,101.4364,40.5227,0.7722,0.9136
5369,101.4364,keygen_C,45,3,20,17,32,7840,0.998,101.4364,43.6467,0.807,0.8086
5370,101.4364,keygen_C,45,3,21,16,32,7792,0.9919,101.4364,41.9629,0.8056,0.8122
5371,101.4364,keygen_C,45,3,22,11,32,6304,0.8024,101.4364,40.1627,0.7624,0.9501
5372,101.4364,keygen_C,45,3,14,11,32,4768,0.6069,101.4364,40.1405,0.7169,1.1813
5373,101.4364,keygen_C,45,3,12,13,32,4768,0.6069,101.4364,40.2347,0.7169,1.1813
5374,101.4364,keygen_C,45,3,15,20,32,7120,0.9063,101.4364,61.3712,0.7856,0.8668
5375,101.4364,keygen_C,45,3,19,12,32,6032,0.7678,101.4364,40.207,0.7545,0.9827
5376,101.4364,keygen_C,45,3,8,20,32,4768,0.6069,101.4364,51.4455,0.7165,1.1805
5377,101.4364,keygen_C,45,3,11,20,32,5776,0.7352,101.4364,55.6994,0.7462,1.0149
5378,101.4364,keygen_C,45,3,24,14,32,7840,0.998,101.4364,40.6335,0.8074,0.8091
5379,101.4364,keygen_C,45,3,22,14,32,7360,0.9369,101.4364,40.5892,0.793,0.8465
5380,101.4364,keygen_C,45,3,21,10,32,5776,0.7352,101.4364,40.1309,0.7471,1.0161
5381,128.0004,keygen_C,48,3,18,8,16,5056,0.6436,128.0004,50.6098,0.4794,0.7448
5382,128.0004,keygen_C,48,3,15,19,16,7264,0.9246,128.0004,61.2383,0.5434,0.5877
5383,128.0004,keygen_C,48,3,24,13,16,7840,0.998,128.0004,50.8694,0.561,0.5622
5384,128.0004,keygen_C,48,3,13,13,16,5376,0.6843,128.0004,50.7476,0.4882,0.7134
5385,128.0004,keygen_C,48,3,21,15,16,7840,0.998,128.0004,51.5341,0.5606,0.5617
5386,128.0004,keygen_C,48,3,20,14,16,7264,0.9246,128.0004,51.0467,0.5439,0.5882
5387,128.0004,keygen_C,48,3,13,12,16,5168,0.6578,128.0004,50.6756,0.4821,0.7329
5388,128.0004,keygen_C,48,3,24,10,16,6688,0.8513,128.0004,50.6368,0.5276,0.6198
5389,128.0004,keygen_C,48,3,22,8,16,5632,0.7169,128.0004,50.6112,0.4965,0.6926
5390,128.0004,keygen_C,48,3,19,9,16,5504,0.7006,128.0004,50.6167,0.4928,0.7034
5391,128.0004,keygen_C,48,3,18,10,16,5632,0.7169,128.0004,50.6285,0.4961,0.6919
5392,128.0004,keygen_C,48,3,10,18,16,5504,0.7006,128.0004,54.1485,0.4914,0.7014
5393,128.0004,keygen_C,48,3,11,17,16,5632,0.7169,128.0004,52.5533,0.4956,0.6913
5394,128.0004,keygen_C,48,3,16,20,16,7840,0.998,128.0004,73.291,0.5601,0.5612
5395,128.0004,keygen_C,48,3,17,11,16,5728,0.7291,128.0004,50.6506,0.4988,0.6842
5396,128.0004,keygen_C,48,3,16,17,16,7072,0.9002,128.0004,53.4395,0.5378,0.5974
5397,128.0004,keygen_C,48,3,12,15,16,5536,0.7047,128.0004,51.1353,0.4928,0.6993
5398,128.0004,keygen_C,48,3,16,11,16,5536,0.7047,128.0004,50.6479,0.4933,0.7
5399,128.0004,keygen_C,48,3,17,9,16,5184,0.6599,128.0004,50.6153,0.4831,0.732
5400,128.0004,keygen_C,48,3,10,16,16,5184,0.6599,128.0004,51.4898,0.4821,0.7306
5401,128.0004,keygen_C,48,3,12,16,16,5728,0.7291,128.0004,51.667,0.4984,0.6835
5402,128.0004,keygen_C,48,3,14,12,16,5376,0.6843,128.0004,50.6811,0.4882,0.7134
5403,128.0004,keygen_C,48,3,23,13,16,7616,0.9695,128.0004,50.8584,0.5545,0.572
5404,128.0004,keygen_C,48,3,8,16,16,4640,0.5906,128.0004,51.3126,0.4664,0.7896
5405,128.0004,keygen_C,48,3,13,15,16,5792,0.7373,128.0004,51.1796,0.5002,0.6785
5406,128.0004,keygen_C,48,3,22,10,16,6336,0.8065,128.0004,50.634,0.5169,0.641
5407,128.0004,keygen_C,48,3,16,14,16,6304,0.8024,128.0004,50.9581,0.5155,0.6425
5408,128.0004,keygen_C,48,3,19,16,16,7632,0.9715,128.0004,52.2874,0.5545,0.5708
5409,128.0004,keygen_C,48,3,23,9,16,6144,0.7821,128.0004,50.6195,0.5118,0.6545
5410,128.0004,keygen_C,48,3,23,12,16,7248,0.9226,128.0004,50.731,0.5439,0.5895
5411,128.0004,keygen_C,48,3,15,15,16,6304,0.8024,128.0004,51.2682,0.5155,0.6425
5412,128.0004,keygen_C,48,3,19,8,16,5200,0.6619,128.0004,50.6101,0.484,0.7312
5413,128.0004,keygen_C,48,3,15,17,16,6784,0.8635,128.0004,53.2623,0.5295,0.6131
5414,128.0004,keygen_C,48,3,8,19,16,5024,0.6395,128.0004,56.2754,0.4775,0.7467
5415,128.0004,keygen_C,48,3,18,14,16,6784,0.8635,128.0004,51.0024,0.5295,0.6131
5416,128.0004,keygen_C,48,3,16,9,16,5024,0.6395,128.0004,50.6146,0.4784,0.7481
5417,128.0004,keygen_C,48,3,16,16,16,6816,0.8676,128.0004,52.0215,0.5304,0.6113
5418,128.0004,keygen_C,48,3,11,15,16,5280,0.6721,128.0004,51.091,0.4854,0.7222
5419,128.0004,keygen_C,48,3,19,14,16,7024,0.8941,128.0004,51.0245,0.5369,0.6005
5420,128.0004,keygen_C,48,3,15,18,16,7024,0.8941,128.0004,55.9209,0.5364,0.6
5421,128.0004,keygen_C,48,3,17,15,16,6816,0.8676,128.0004,51.3569,0.5304,0.6113
5422,128.0004,keygen_C,48,3,9,14,16,4624,0.5886,128.0004,50.803,0.4659,0.7915
5423,128.0004,keygen_C,48,3,22,11,16,6688,0.8513,128.0004,50.6645,0.5271,0.6192
5424,128.0004,keygen_C,48,3,17,18,16,7632,0.9715,128.0004,56.6299,0.5541,0.5703
5425,128.0004,keygen_C,48,3,21,10,16,6160,0.7841,128.0004,50.6326,0.5118,0.6528
5426,128.0004,keygen_C,48,3,16,15,16,6560,0.835,128.0004,51.3126,0.523,0.6263
5427,128.0004,keygen_C,48,3,24,12,16,7456,0.9491,128.0004,50.7365,0.5499,0.5794
5428,128.0004,keygen_C,48,3,11,20,16,6160,0.7841,128.0004,66.2012,0.5109,0.6516
5429,128.0004,keygen_C,48,3,12,19,16,6304,0.8024,128.0004,59.1114,0.5151,0.6419
5430,128.0004,keygen_C,48,3,24,9,16,6304,0.8024,128.0004,50.6202,0.5165,0.6436
5431,128.0004,keygen_C,48,3,20,11,16,6304,0.8024,128.0004,50.659,0.516,0.643
5432,128.0004,keygen_C,48,3,16,12,16,5792,0.7373,128.0004,50.6922,0.5007,0.6791
5433,128.0004,keygen_C,48,3,7,18,16,4592,0.5845,128.0004,53.085,0.465,0.7955
5434,128.0004,keygen_C,48,3,10,15,16,5024,0.6395,128.0004,51.0467,0.4775,0.7467
5435,128.0004,keygen_C,48,3,11,13,16,4928,0.6273,128.0004,50.7254,0.4752,0.7575
5436,128.0004,keygen_C,48,3,14,10,16,4928,0.6273,128.0004,50.623,0.4752,0.7575
5437,128.0004,keygen_C,48,3,9,17,16,5056,0.6436,128.0004,52.1988,0.4784,0.7434
5438,128.0004,keygen_C,48,3,20,13,16,6944,0.8839,128.0004,50.8251,0.5346,0.6048
5439,128.0004,keygen_C,48,3,9,18,16,5200,0.6619,128.0004,53.794,0.4826,0.7291
5440,128.0004,keygen_C,48,3,16,10,16,5280,0.6721,128.0004,50.6257,0.4858,0.7229
5441,128.0004,keygen_C,48,3,13,11,16,4960,0.6314,128.0004,50.6396,0.4761,0.7541
5442,128.0004,keygen_C,48,3,12,12,16,4960,0.6314,128.0004,50.67,0.4761,0.7541
5443,128.0004,keygen_C,48,3,14,19,16,6944,0.8839,128.0004,60.5293,0.5336,0.6037
5444,128.0004,keygen_C,48,3,19,10,16,5808,0.7393,128.0004,50.6299,0.5016,0.6785
5445,128.0004,keygen_C,48,3,11,18,16,5808,0.7393,128.0004,54.503,0.5007,0.6773
5446,128.0004,keygen_C,48,3,15,14,16,6064,0.7719,128.0004,50.9359,0.5086,0.6589
5447,128.0004,keygen_C,48,3,13,14,16,5584,0.7108,128.0004,50.8916,0.4942,0.6953
5448,128.0004,keygen_C,48,3,23,11,16,6880,0.8758,128.0004,50.6673,0.5332,0.6088
5449,128.0004,keygen_C,48,3,18,16,16,7360,0.9369,128.0004,52.1988,0.5462,0.583
5450,128.0004,keygen_C,48,3,24,8,16,5920,0.7536,128.0004,50.6119,0.5053,0.6706
5451,128.0004,keygen_C,48,3,13,17,16,6208,0.7902,128.0004,52.9078,0.5123,0.6483
5452,128.0004,keygen_C,48,3,11,16,16,5456,0.6945,128.0004,51.5784,0.4905,0.7062
5453,128.0004,keygen_C,48,3,12,18,16,6112,0.778,128.0004,54.8575,0.5095,0.6549
5454,128.0004,keygen_C,48,3,9,20,16,5488,0.6986,128.0004,63.3652,0.491,0.7028
5455,128.0004,keygen_C,48,3,14,13,16,5600,0.7128,128.0004,50.7587,0.4947,0.6939
5456,128.0004,keygen_C,48,3,21,8,16,5488,0.6986,128.0004,50.6108,0.4923,0.7048
5457,128.0004,keygen_C,48,3,17,10,16,5456,0.6945,128.0004,50.6271,0.491,0.7069
5458,128.0004,keygen_C,48,3,14,9,16,4704,0.5988,128.0004,50.6133,0.4687,0.7827
5459,128.0004,keygen_C,48,3,10,13,16,4704,0.5988,128.0004,50.7143,0.4682,0.7819
5460,128.0004,keygen_C,48,3,7,19,16,4704,0.5988,128.0004,55.5664,0.4682,0.7819
5461,128.0004,keygen_C,48,3,16,13,16,6048,0.7699,128.0004,50.7808,0.5081,0.66
5462,128.0004,keygen_C,48,3,19,13,16,6720,0.8554,128.0004,50.814,0.5281,0.6173
5463,128.0004,keygen_C,48,3,10,19,16,5664,0.721,128.0004,57.6934,0.4961,0.688
5464,128.0004,keygen_C,48,3,24,11,16,7072,0.9002,128.0004,50.67,0.5387,0.5985
5465,128.0004,keygen_C,48,3,19,11,16,6112,0.778,128.0004,50.6562,0.5104,0.6561
5466,128.0004,keygen_C,48,3,22,12,16,7040,0.8961,128.0004,50.7254,0.5374,0.5996
5467,128.0004,keygen_C,48,3,14,18,16,6720,0.8554,128.0004,55.5664,0.5271,0.6163
5468,128.0004,keygen_C,48,3,17,17,16,7360,0.9369,128.0004,53.6167,0.5462,0.583
5469,128.0004,keygen_C,48,3,11,12,16,4752,0.6049,128.0004,50.6645,0.4701,0.7771
5470,128.0004,keygen_C,48,3,13,10,16,4752,0.6049,128.0004,50.6216,0.4701,0.7771
5471,128.0004,keygen_C,48,3,15,12,16,5584,0.7108,128.0004,50.6867,0.4947,0.6959
5472,128.0004,keygen_C,48,3,13,16,16,6000,0.7637,128.0004,51.7557,0.5063,0.6629
5473,128.0004,keygen_C,48,3,16,18,16,7328,0.9328,128.0004,56.2754,0.5452,0.5845
5474,128.0004,keygen_C,48,3,19,15,16,7328,0.9328,128.0004,51.4455,0.5457,0.585
5475,128.0004,keygen_C,48,3,17,16,16,7088,0.9022,128.0004,52.1102,0.5383,0.5966
5476,128.0004,keygen_C,48,3,17,14,16,6544,0.833,128.0004,50.9802,0.5225,0.6273
5477,128.0004,keygen_C,48,3,15,16,16,6544,0.833,128.0004,51.9329,0.5225,0.6273
5478,128.0004,keygen_C,48,3,23,8,16,5776,0.7352,128.0004,50.6115,0.5012,0.6816
5479,128.0004,keygen_C,48,3,16,8,16,4768,0.6069,128.0004,50.6091,0.471,0.776
5480,128.0004,keygen_C,48,3,18,17,16,7648,0.9735,128.0004,53.794,0.5545,0.5696
5481,128.0004,keygen_C,48,3,12,11,16,4768,0.6069,128.0004,50.6368,0.4705,0.7753
5482,128.0004,keygen_C,48,3,12,17,16,5920,0.7536,128.0004,52.7305,0.5039,0.6687
5483,128.0004,keygen_C,48,3,7,20,16,4816,0.613,128.0004,60.5293,0.4715,0.7691
5484,128.0004,keygen_C,48,3,23,10,16,6512,0.8289,128.0004,50.6354,0.5225,0.6303
5485,128.0004,keygen_C,48,3,18,11,16,5920,0.7536,128.0004,50.6534,0.5044,0.6694
5486,128.0004,keygen_C,48,3,9,15,16,4768,0.6069,128.0004,51.0024,0.4701,0.7745
5487,128.0004,keygen_C,48,3,8,17,16,4768,0.6069,128.0004,52.0215,0.4701,0.7745
5488,128.0004,keygen_C,48,3,20,9,16,5664,0.721,128.0004,50.6174,0.4974,0.69
5489,128.0004,keygen_C,48,3,14,15,16,6048,0.7699,128.0004,51.2239,0.5077,0.6594
5490,128.0004,keygen_C,48,3,8,20,16,5152,0.6558,128.0004,61.9473,0.4812,0.7338
5491,128.0004,keygen_C,48,3,17,8,16,4912,0.6253,128.0004,50.6095,0.4752,0.76
5492,128.0004,keygen_C,48,3,18,12,16,6208,0.7902,128.0004,50.7033,0.5128,0.6489
5493,128.0004,keygen_C,48,3,12,13,16,5152,0.6558,128.0004,50.7365,0.4817,0.7345
5494,128.0004,keygen_C,48,3,15,13,16,5824,0.7413,128.0004,50.7697,0.5016,0.6766
5495,128.0004,keygen_C,48,3,20,10,16,5984,0.7617,128.0004,50.6313,0.5067,0.6653
5496,128.0004,keygen_C,48,3,14,20,16,7168,0.9124,128.0004,70.4551,0.5401,0.592
5497,128.0004,keygen_C,48,3,22,9,16,5984,0.7617,128.0004,50.6188,0.5067,0.6653
5498,128.0004,keygen_C,48,3,17,12,16,6000,0.7637,128.0004,50.6977,0.5067,0.6635
5499,128.0004,keygen_C,48,3,21,13,16,7168,0.9124,128.0004,50.8362,0.5411,0.593
5500,128.0004,keygen_C,48,3,14,14,16,5824,0.7413,128.0004,50.9137,0.5012,0.676
5501,128.0004,keygen_C,48,3,14,16,16,6272,0.7984,128.0004,51.8443,0.5142,0.644
5502,128.0004,keygen_C,48,3,11,19,16,5984,0.7617,128.0004,58.4024,0.5058,0.664
5503,128.0004,keygen_C,48,3,20,8,16,5344,0.6802,128.0004,50.6105,0.4882,0.7176
5504,128.0004,keygen_C,48,3,10,20,16,5824,0.7413,128.0004,64.7832,0.5007,0.6754
5505,128.0004,keygen_C,48,3,22,14,16,7744,0.9857,128.0004,51.091,0.5578,0.5658
5506,128.0004,keygen_C,48,3,21,11,16,6496,0.8269,128.0004,50.6617,0.5216,0.6308
5507,128.0004,keygen_C,48,3,18,13,16,6496,0.8269,128.0004,50.803,0.5211,0.6302
5508,128.0004,keygen_C,48,3,8,18,16,4896,0.6232,128.0004,53.4395,0.4738,0.7602
5509,128.0004,keygen_C,48,3,14,17,16,6496,0.8269,128.0004,53.085,0.5206,0.6297
5510,128.0004,keygen_C,48,3,12,20,16,6496,0.8269,128.0004,67.6191,0.5206,0.6297
5511,128.0004,keygen_C,48,3,9,16,16,4912,0.6253,128.0004,51.4012,0.4742,0.7585
5512,128.0004,keygen_C,48,3,17,13,16,6272,0.7984,128.0004,50.7919,0.5146,0.6446
5513,128.0004,keygen_C,48,3,18,9,16,5344,0.6802,128.0004,50.616,0.4877,0.717
5514,128.0004,keygen_C,48,3,15,11,16,5344,0.6802,128.0004,50.6451,0.4877,0.717
5515,128.0004,keygen_C,48,3,21,9,16,5824,0.7413,128.0004,50.6181,0.5021,0.6773
5516,128.0004,keygen_C,48,3,13,20,16,6832,0.8697,128.0004,69.0371,0.5304,0.6099
5517,128.0004,keygen_C,48,3,15,10,16,5104,0.6497,128.0004,50.6243,0.4807,0.74
5518,128.0004,keygen_C,48,3,14,11,16,5152,0.6558,128.0004,50.6423,0.4817,0.7345
5519,128.0004,keygen_C,48,3,11,14,16,5104,0.6497,128.0004,50.8473,0.4803,0.7392
5520,128.0004,keygen_C,48,3,20,12,16,6624,0.8432,128.0004,50.7143,0.5253,0.623
5521,128.0004,keygen_C,48,3,13,18,16,6416,0.8167,128.0004,55.212,0.5183,0.6347
5522,128.0004,keygen_C,48,3,19,12,16,6416,0.8167,128.0004,50.7088,0.5193,0.6358
5523,128.0004,keygen_C,48,3,13,19,16,6624,0.8432,128.0004,59.8203,0.5244,0.6219
5524,128.0004,keygen_C,48,3,21,12,16,6832,0.8697,128.0004,50.7199,0.5313,0.611
5525,128.0004,keygen_C,48,3,21,14,16,7504,0.9552,128.0004,51.0688,0.5508,0.5766
5526,128.0004,keygen_C,48,3,15,20,16,7504,0.9552,128.0004,71.873,0.5503,0.5762
5527,128.0004,keygen_C,48,3,9,19,16,5344,0.6802,128.0004,56.9844,0.4868,0.7156
5528,128.0004,keygen_C,48,3,10,17,16,5344,0.6802,128.0004,52.376,0.4868,0.7156
5529,128.0004,keygen_C,48,3,16,19,16,7584,0.9654,128.0004,61.9473,0.5527,0.5725
5530,128.0004,keygen_C,48,3,20,15,16,7584,0.9654,128.0004,51.4898,0.5531,0.573
5531,128.0004,keygen_C,48,3,22,13,16,7392,0.9409,128.0004,50.8473,0.5476,0.5819
5532,128.0004,keygen_C,48,3,12,14,16,5344,0.6802,128.0004,50.8694,0.4872,0.7163
5533,128.0004,keygen_C,48,3,10,14,16,4864,0.6191,128.0004,50.8251,0.4729,0.7637
5534,128.0004,keygen_C,48,3,15,9,16,4864,0.6191,128.0004,50.614,0.4738,0.7652
5535,128.0004,keygen_C,48,3,18,15,16,7072,0.9002,128.0004,51.4012,0.5378,0.5974
5536,202.8728,keygen_C,48,3,11,19,32,5648,0.7189,202.8728,88.0024,0.7425,1.0327
5537,202.8728,keygen_C,48,3,14,19,32,6608,0.8411,202.8728,90.1293,0.7703,0.9158
5538,202.8728,keygen_C,48,3,16,16,32,6480,0.8248,202.8728,81.6215,0.7671,0.9299
5539,202.8728,keygen_C,48,3,17,12,32,5664,0.721,202.8728,80.2977,0.7434,1.0311
5540,202.8728,keygen_C,48,3,11,17,32,5296,0.6741,202.8728,82.1533,0.7323,1.0862
5541,202.8728,keygen_C,48,3,18,10,32,5296,0.6741,202.8728,80.2285,0.7327,1.0869
5542,202.8728,keygen_C,48,3,22,8,32,5296,0.6741,202.8728,80.2112,0.7332,1.0876
5543,202.8728,keygen_C,48,3,20,9,32,5328,0.6782,202.8728,80.2174,0.7341,1.0824
5544,202.8728,keygen_C,48,3,10,19,32,5328,0.6782,202.8728,87.2934,0.7327,1.0804
5545,202.8728,keygen_C,48,3,17,16,32,6752,0.8595,202.8728,81.7101,0.7749,0.9017
5546,202.8728,keygen_C,48,3,14,13,32,5264,0.6701,202.8728,80.3586,0.7313,1.0914
5547,202.8728,keygen_C,48,3,9,20,32,5152,0.6558,202.8728,92.9652,0.7276,1.1095
5548,202.8728,keygen_C,48,3,21,8,32,5152,0.6558,202.8728,80.2108,0.729,1.1116
5549,202.8728,keygen_C,48,3,22,10,32,6000,0.7637,202.8728,80.234,0.7536,0.9867
5550,202.8728,keygen_C,48,3,24,12,32,7120,0.9063,202.8728,80.3365,0.7865,0.8678
5551,202.8728,keygen_C,48,3,17,20,32,7840,0.998,202.8728,104.3089,0.8065,0.8081
5552,202.8728,keygen_C,48,3,21,16,32,7840,0.998,202.8728,82.0646,0.807,0.8086
5553,202.8728,keygen_C,48,3,10,18,32,5168,0.6578,202.8728,83.7485,0.7281,1.1068
5554,202.8728,keygen_C,48,3,17,10,32,5120,0.6517,202.8728,80.2271,0.7276,1.1164
5555,202.8728,keygen_C,48,3,11,16,32,5120,0.6517,202.8728,81.1784,0.7271,1.1157
5556,202.8728,keygen_C,48,3,13,16,32,5664,0.721,202.8728,81.3557,0.7429,1.0304
5557,202.8728,keygen_C,48,3,14,15,32,5712,0.7271,202.8728,80.8239,0.7443,1.0237
5558,202.8728,keygen_C,48,3,17,15,32,6480,0.8248,202.8728,80.9569,0.7671,0.9299
5559,202.8728,keygen_C,48,3,13,13,32,5040,0.6415,202.8728,80.3476,0.7248,1.1298
5560,202.8728,keygen_C,48,3,19,12,32,6080,0.7739,202.8728,80.3088,0.7559,0.9767
5561,202.8728,keygen_C,48,3,13,18,32,6080,0.7739,202.8728,84.8119,0.755,0.9755
5562,202.8728,keygen_C,48,3,14,12,32,5040,0.6415,202.8728,80.2811,0.7248,1.1298
5563,202.8728,keygen_C,48,3,17,17,32,7024,0.8941,202.8728,83.2167,0.7828,0.8756
5564,202.8728,keygen_C,48,3,18,16,32,7024,0.8941,202.8728,81.7988,0.7828,0.8756
5565,202.8728,keygen_C,48,3,23,11,32,6544,0.833,202.8728,80.2673,0.7698,0.9242
5566,202.8728,keygen_C,48,3,20,10,32,5648,0.7189,202.8728,80.2313,0.7434,1.034
5567,202.8728,keygen_C,48,3,21,14,32,7168,0.9124,202.8728,80.6688,0.7875,0.8631
5568,202.8728,keygen_C,48,3,15,20,32,7168,0.9124,202.8728,101.473,0.787,0.8625
5569,202.8728,keygen_C,48,3,22,12,32,6704,0.8534,202.8728,80.3254,0.774,0.907
5570,202.8728,keygen_C,48,3,22,15,32,7760,0.9878,202.8728,81.1784,0.8046,0.8146
5571,202.8728,keygen_C,48,3,13,20,32,6496,0.8269,202.8728,98.6371,0.7671,0.9276
5572,202.8728,keygen_C,48,3,21,12,32,6496,0.8269,202.8728,80.3199,0.768,0.9288
5573,202.8728,keygen_C,48,3,16,13,32,5712,0.7271,202.8728,80.3808,0.7448,1.0243
5574,202.8728,keygen_C,48,3,22,9,32,5648,0.7189,202.8728,80.2188,0.7434,1.034
5575,202.8728,keygen_C,48,3,20,8,32,5008,0.6375,202.8728,80.2105,0.7248,1.137
5576,202.8728,keygen_C,48,3,18,15,32,6736,0.8574,202.8728,81.0012,0.7745,0.9033
5577,202.8728,keygen_C,48,3,8,20,32,4816,0.613,202.8728,91.5473,0.7179,1.171
5578,202.8728,keygen_C,48,3,15,15,32,5968,0.7597,202.8728,80.8682,0.7522,0.9902
5579,202.8728,keygen_C,48,3,9,17,32,4720,0.6008,202.8728,81.7988,0.7151,1.1902
5580,202.8728,keygen_C,48,3,18,8,32,4720,0.6008,202.8728,80.2098,0.716,1.1917
5581,202.8728,keygen_C,48,3,19,11,32,5776,0.7352,202.8728,80.2562,0.7471,1.0161
5582,202.8728,keygen_C,48,3,12,18,32,5776,0.7352,202.8728,84.4574,0.7462,1.0149
5583,202.8728,keygen_C,48,3,12,19,32,5968,0.7597,202.8728,88.7113,0.7517,0.9896
5584,202.8728,keygen_C,48,3,19,10,32,5472,0.6965,202.8728,80.2299,0.7383,1.0599
5585,202.8728,keygen_C,48,3,11,18,32,5472,0.6965,202.8728,84.103,0.7374,1.0586
5586,202.8728,keygen_C,48,3,16,8,32,4432,0.5642,202.8728,80.2091,0.7077,1.2544
5587,202.8728,keygen_C,48,3,12,11,32,4432,0.5642,202.8728,80.2368,0.7072,1.2535
5588,202.8728,keygen_C,48,3,9,15,32,4432,0.5642,202.8728,80.6024,0.7067,1.2527
5589,202.8728,keygen_C,48,3,8,17,32,4432,0.5642,202.8728,81.6215,0.7067,1.2527
5590,202.8728,keygen_C,48,3,11,14,32,4768,0.6069,202.8728,80.4473,0.7169,1.1813
5591,202.8728,keygen_C,48,3,15,10,32,4768,0.6069,202.8728,80.2243,0.7174,1.182
5592,202.8728,keygen_C,48,3,16,15,32,6224,0.7923,202.8728,80.9125,0.7596,0.9588
5593,202.8728,keygen_C,48,3,13,10,32,4416,0.5621,202.8728,80.2216,0.7067,1.2573
5594,202.8728,keygen_C,48,3,11,12,32,4416,0.5621,202.8728,80.2645,0.7067,1.2573
5595,202.8728,keygen_C,48,3,15,16,32,6208,0.7902,202.8728,81.5329,0.7592,0.9607
5596,202.8728,keygen_C,48,3,23,12,32,6912,0.8798,202.8728,80.331,0.7805,0.8871
5597,202.8728,keygen_C,48,3,17,14,32,6208,0.7902,202.8728,80.5802,0.7592,0.9607
5598,202.8728,keygen_C,48,3,14,11,32,4816,0.613,202.8728,80.2423,0.7183,1.1718
5599,202.8728,keygen_C,48,3,12,13,32,4816,0.613,202.8728,80.3365,0.7183,1.1718
5600,202.8728,keygen_C,48,3,18,9,32,5008,0.6375,202.8728,80.216,0.7244,1.1363
5601,202.8728,keygen_C,48,3,16,14,32,5968,0.7597,202.8728,80.558,0.7522,0.9902
5602,202.8728,keygen_C,48,3,18,17,32,7312,0.9308,202.8728,83.394,0.7912,0.85
5603,202.8728,keygen_C,48,3,24,8,32,5584,0.7108,202.8728,80.2119,0.742,1.0439
5604,202.8728,keygen_C,48,3,18,11,32,5584,0.7108,202.8728,80.2534,0.7411,1.0426
5605,202.8728,keygen_C,48,3,16,12,32,5456,0.6945,202.8728,80.2922,0.7374,1.0617
5606,202.8728,keygen_C,48,3,12,17,32,5584,0.7108,202.8728,82.3305,0.7406,1.0419
5607,202.8728,keygen_C,48,3,19,13,32,6384,0.8126,202.8728,80.414,0.7647,0.9411
5608,202.8728,keygen_C,48,3,14,18,32,6384,0.8126,202.8728,85.1664,0.7638,0.9399
5609,202.8728,keygen_C,48,3,13,15,32,5456,0.6945,202.8728,80.7796,0.7369,1.061
5610,202.8728,keygen_C,48,3,16,17,32,6736,0.8574,202.8728,83.0395,0.7745,0.9033
5611,202.8728,keygen_C,48,3,20,11,32,5968,0.7597,202.8728,80.2589,0.7527,0.9908
5612,202.8728,keygen_C,48,3,21,10,32,5824,0.7413,202.8728,80.2326,0.7485,1.0096
5613,202.8728,keygen_C,48,3,20,13,32,6608,0.8411,202.8728,80.4251,0.7712,0.9169
5614,202.8728,keygen_C,48,3,22,13,32,7056,0.8982,202.8728,80.4473,0.7842,0.8731
5615,202.8728,keygen_C,48,3,14,10,32,4592,0.5845,202.8728,80.2229,0.7118,1.2178
5616,202.8728,keygen_C,48,3,11,13,32,4592,0.5845,202.8728,80.3254,0.7118,1.2178
5617,202.8728,keygen_C,48,3,17,8,32,4576,0.5825,202.8728,80.2094,0.7118,1.2221
5618,202.8728,keygen_C,48,3,9,16,32,4576,0.5825,202.8728,81.0012,0.7109,1.2205
5619,202.8728,keygen_C,48,3,12,12,32,4624,0.5886,202.8728,80.27,0.7128,1.211
5620,202.8728,keygen_C,48,3,13,11,32,4624,0.5886,202.8728,80.2396,0.7128,1.211
5621,202.8728,keygen_C,48,3,8,18,32,4560,0.5804,202.8728,83.0395,0.7104,1.224
5622,202.8728,keygen_C,48,3,23,9,32,5808,0.7393,202.8728,80.2195,0.7485,1.0124
5623,202.8728,keygen_C,48,3,20,12,32,6288,0.8004,202.8728,80.3143,0.7619,0.952
5624,202.8728,keygen_C,48,3,13,19,32,6288,0.8004,202.8728,89.4203,0.761,0.9508
5625,202.8728,keygen_C,48,3,22,14,32,7408,0.943,202.8728,80.691,0.7944,0.8425
5626,202.8728,keygen_C,48,3,15,9,32,4528,0.5764,202.8728,80.2139,0.7104,1.2326
5627,202.8728,keygen_C,48,3,10,14,32,4528,0.5764,202.8728,80.4251,0.7095,1.231
5628,202.8728,keygen_C,48,3,21,9,32,5488,0.6986,202.8728,80.2181,0.7387,1.0575
5629,202.8728,keygen_C,48,3,15,13,32,5488,0.6986,202.8728,80.3697,0.7383,1.0568
5630,202.8728,keygen_C,48,3,15,19,32,6928,0.8819,202.8728,90.8383,0.78,0.8845
5631,202.8728,keygen_C,48,3,11,20,32,5824,0.7413,202.8728,95.8012,0.7476,1.0084
5632,202.8728,keygen_C,48,3,20,14,32,6928,0.8819,202.8728,80.6467,0.7805,0.8851
5633,202.8728,keygen_C,48,3,24,13,32,7504,0.9552,202.8728,80.4694,0.7977,0.8351
5634,202.8728,keygen_C,48,3,21,15,32,7504,0.9552,202.8728,81.1341,0.7972,0.8346
5635,202.8728,keygen_C,48,3,16,20,32,7504,0.9552,202.8728,102.891,0.7968,0.8341
5636,202.8728,keygen_C,48,3,10,20,32,5488,0.6986,202.8728,94.3832,0.7374,1.0555
5637,202.8728,keygen_C,48,3,7,20,32,4480,0.5703,202.8728,90.1293,0.7081,1.2417
5638,202.8728,keygen_C,48,3,10,15,32,4688,0.5967,202.8728,80.6467,0.7142,1.1968
5639,202.8728,keygen_C,48,3,24,10,32,6352,0.8086,202.8728,80.2368,0.7643,0.9452
5640,202.8728,keygen_C,48,3,22,11,32,6352,0.8086,202.8728,80.2645,0.7638,0.9447
5641,202.8728,keygen_C,48,3,24,9,32,5968,0.7597,202.8728,80.2202,0.7531,0.9914
5642,202.8728,keygen_C,48,3,8,19,32,4688,0.5967,202.8728,85.8754,0.7142,1.1968
5643,202.8728,keygen_C,48,3,14,14,32,5488,0.6986,202.8728,80.5137,0.7378,1.0562
5644,202.8728,keygen_C,48,3,16,9,32,4688,0.5967,202.8728,80.2146,0.7151,1.1983
5645,202.8728,keygen_C,48,3,14,9,32,4368,0.556,202.8728,80.2133,0.7053,1.2686
5646,202.8728,keygen_C,48,3,19,9,32,5168,0.6578,202.8728,80.2167,0.7295,1.1089
5647,202.8728,keygen_C,48,3,7,19,32,4368,0.556,202.8728,85.1664,0.7049,1.2677
5648,202.8728,keygen_C,48,3,9,19,32,5008,0.6375,202.8728,86.5844,0.7234,1.1348
5649,202.8728,keygen_C,48,3,19,14,32,6688,0.8513,202.8728,80.6245,0.7735,0.9086
5650,202.8728,keygen_C,48,3,21,11,32,6160,0.7841,202.8728,80.2617,0.7582,0.967
5651,202.8728,keygen_C,48,3,18,13,32,6160,0.7841,202.8728,80.403,0.7578,0.9664
5652,202.8728,keygen_C,48,3,24,11,32,6736,0.8574,202.8728,80.27,0.7754,0.9043
5653,202.8728,keygen_C,48,3,14,17,32,6160,0.7841,202.8728,82.685,0.7573,0.9658
5654,202.8728,keygen_C,48,3,12,20,32,6160,0.7841,202.8728,97.2191,0.7573,0.9658
5655,202.8728,keygen_C,48,3,14,20,32,6832,0.8697,202.8728,100.055,0.7768,0.8932
5656,202.8728,keygen_C,48,3,21,13,32,6832,0.8697,202.8728,80.4362,0.7777,0.8943
5657,202.8728,keygen_C,48,3,10,13,32,4368,0.556,202.8728,80.3143,0.7049,1.2677
5658,202.8728,keygen_C,48,3,15,18,32,6688,0.8513,202.8728,85.5209,0.7731,0.9081
5659,202.8728,keygen_C,48,3,7,18,32,4256,0.5418,202.8728,82.685,0.7016,1.2951
5660,202.8728,keygen_C,48,3,13,17,32,5872,0.7475,202.8728,82.5077,0.749,1.002
5661,202.8728,keygen_C,48,3,23,14,32,7648,0.9735,202.8728,80.7131,0.8019,0.8237
5662,202.8728,keygen_C,48,3,18,12,32,5872,0.7475,202.8728,80.3033,0.7494,1.0026
5663,202.8728,keygen_C,48,3,13,14,32,5248,0.668,202.8728,80.4916,0.7309,1.0941
5664,202.8728,keygen_C,48,3,15,12,32,5248,0.668,202.8728,80.2866,0.7313,1.0948
5665,202.8728,keygen_C,48,3,20,15,32,7248,0.9226,202.8728,81.0898,0.7898,0.856
5666,202.8728,keygen_C,48,3,16,19,32,7248,0.9226,202.8728,91.5473,0.7893,0.8555
5667,202.8728,keygen_C,48,3,11,15,32,4944,0.6293,202.8728,80.691,0.722,1.1473
5668,202.8728,keygen_C,48,3,12,16,32,5392,0.6864,202.8728,81.267,0.735,1.0709
5669,202.8728,keygen_C,48,3,16,10,32,4944,0.6293,202.8728,80.2257,0.7225,1.1481
5670,202.8728,keygen_C,48,3,17,11,32,5392,0.6864,202.8728,80.2506,0.7355,1.0716
5671,202.8728,keygen_C,48,3,15,17,32,6448,0.8208,202.8728,82.8622,0.7661,0.9334
5672,202.8728,keygen_C,48,3,15,14,32,5728,0.7291,202.8728,80.5359,0.7452,1.0221
5673,202.8728,keygen_C,48,3,19,17,32,7600,0.9674,202.8728,83.5712,0.8,0.8269
5674,202.8728,keygen_C,48,3,19,15,32,6992,0.89,202.8728,81.0455,0.7824,0.879
5675,202.8728,keygen_C,48,3,18,14,32,6448,0.8208,202.8728,80.6024,0.7661,0.9334
5676,202.8728,keygen_C,48,3,18,18,32,7600,0.9674,202.8728,86.5844,0.7995,0.8265
5677,202.8728,keygen_C,48,3,17,19,32,7568,0.9633,202.8728,92.2562,0.7986,0.829
5678,202.8728,keygen_C,48,3,20,16,32,7568,0.9633,202.8728,81.976,0.7991,0.8295
5679,202.8728,keygen_C,48,3,23,8,32,5440,0.6925,202.8728,80.2115,0.7378,1.0655
5680,202.8728,keygen_C,48,3,13,12,32,4832,0.6151,202.8728,80.2756,0.7188,1.1686
5681,202.8728,keygen_C,48,3,19,16,32,7296,0.9287,202.8728,81.8874,0.7912,0.8519
5682,202.8728,keygen_C,48,3,17,18,32,7296,0.9287,202.8728,86.2299,0.7907,0.8514
5683,202.8728,keygen_C,48,3,10,16,32,4848,0.6171,202.8728,81.0898,0.7188,1.1648
5684,202.8728,keygen_C,48,3,17,9,32,4848,0.6171,202.8728,80.2153,0.7197,1.1663
5685,202.8728,keygen_C,48,3,15,11,32,5008,0.6375,202.8728,80.2451,0.7244,1.1363
5686,202.8728,keygen_C,48,3,12,14,32,5008,0.6375,202.8728,80.4694,0.7239,1.1356
5687,202.8728,keygen_C,48,3,17,13,32,5936,0.7556,202.8728,80.3919,0.7513,0.9943
5688,202.8728,keygen_C,48,3,23,13,32,7280,0.9267,202.8728,80.4583,0.7912,0.8538
5689,202.8728,keygen_C,48,3,12,15,32,5200,0.6619,202.8728,80.7353,0.7295,1.1021
5690,202.8728,keygen_C,48,3,16,11,32,5200,0.6619,202.8728,80.2479,0.7299,1.1028
5691,202.8728,keygen_C,48,3,9,18,32,4864,0.6191,202.8728,83.394,0.7193,1.1617
5692,202.8728,keygen_C,48,3,19,8,32,4864,0.6191,202.8728,80.2101,0.7206,1.1639
5693,202.8728,keygen_C,48,3,23,10,32,6176,0.7862,202.8728,80.2354,0.7592,0.9657
5694,202.8728,keygen_C,48,3,8,16,32,4304,0.5479,202.8728,80.9125,0.703,1.2832
5695,202.8728,keygen_C,48,3,16,18,32,6992,0.89,202.8728,85.8754,0.7819,0.8785
5696,202.8728,keygen_C,48,3,10,17,32,5008,0.6375,202.8728,81.976,0.7234,1.1348
5697,202.8728,keygen_C,48,3,14,16,32,5936,0.7556,202.8728,81.4443,0.7508,0.9937
5698,202.8728,keygen_C,48,3,9,14,32,4288,0.5458,202.8728,80.403,0.7026,1.2871
5699,258.5788,keygen_C,42,3,22,15,256,7184,0.9145,258.5788,103.2012,3.3884,3.7054
5700,258.5788,keygen_C,42,3,24,13,256,6928,0.8819,258.5788,102.4922,3.3814,3.8344
5701,258.5788,keygen_C,42,3,17,19,256,6992,0.89,258.5788,114.279,3.3824,3.8003
5702,258.5788,keygen_C,42,3,20,16,256,6992,0.89,258.5788,103.9988,3.3828,3.8008
5703,258.5788,keygen_C,42,3,23,15,256,7440,0.947,258.5788,103.2455,3.3963,3.5862
5704,258.5788,keygen_C,42,3,21,15,256,6928,0.8819,258.5788,103.1568,3.381,3.8339
5705,258.5788,keygen_C,42,3,24,15,256,7696,0.9796,258.5788,103.2898,3.4037,3.4745
5706,258.5788,keygen_C,42,3,17,18,256,6720,0.8554,258.5788,108.2526,3.3745,3.9449
5707,258.5788,keygen_C,42,3,19,16,256,6720,0.8554,258.5788,103.9101,3.3749,3.9455
5708,258.5788,keygen_C,42,3,16,20,256,6928,0.8819,258.5788,124.9137,3.3805,3.8333
5709,258.5788,keygen_C,42,3,19,17,256,7024,0.8941,258.5788,105.594,3.3838,3.7846
5710,258.5788,keygen_C,42,3,21,14,256,6592,0.8391,258.5788,102.6916,3.3712,4.0177
5711,258.5788,keygen_C,42,3,18,19,256,7312,0.9308,258.5788,114.988,3.3916,3.644
5712,258.5788,keygen_C,42,3,20,17,256,7312,0.9308,258.5788,105.7712,3.3921,3.6445
5713,258.5788,keygen_C,42,3,24,14,256,7312,0.9308,258.5788,102.758,3.3926,3.645
5714,258.5788,keygen_C,42,3,23,14,256,7072,0.9002,258.5788,102.7359,3.3856,3.7609
5715,258.5788,keygen_C,42,3,19,18,256,7328,0.9328,258.5788,108.9616,3.3926,3.637
5716,258.5788,keygen_C,42,3,22,16,256,7536,0.9593,258.5788,104.176,3.3986,3.5429
5717,258.5788,keygen_C,42,3,23,13,256,6704,0.8534,258.5788,102.4811,3.3749,3.9549
5718,258.5788,keygen_C,42,3,21,16,256,7264,0.9246,258.5788,104.0874,3.3907,3.6671
5719,258.5788,keygen_C,42,3,18,20,256,7600,0.9674,258.5788,127.7496,3.4,3.5145
5720,258.5788,keygen_C,42,3,21,17,256,7600,0.9674,258.5788,105.9485,3.4005,3.515
5721,258.5788,keygen_C,42,3,17,20,256,7264,0.9246,258.5788,126.3317,3.3903,3.6666
5722,258.5788,keygen_C,42,3,18,17,256,6736,0.8574,258.5788,105.4167,3.3749,3.9361
5723,258.5788,keygen_C,42,3,18,18,256,7024,0.8941,258.5788,108.6071,3.3833,3.784
5724,258.5788,keygen_C,42,3,23,16,256,7808,0.9939,258.5788,104.2646,3.407,3.4279
5725,258.5788,keygen_C,42,3,22,14,256,6832,0.8697,258.5788,102.7137,3.3782,3.8845
5726,258.5788,keygen_C,42,3,19,19,256,7632,0.9715,258.5788,115.697,3.4014,3.5012
5727,258.5788,keygen_C,42,3,16,19,256,6672,0.8493,258.5788,113.57,3.3731,3.9717
5728,258.5788,keygen_C,42,3,20,15,256,6672,0.8493,258.5788,103.1125,3.3735,3.9722
5729,258.5788,keygen_C,42,3,15,20,256,6592,0.8391,258.5788,123.4958,3.3708,4.0171
5730,258.5788,keygen_C,42,3,20,18,256,7632,0.9715,258.5788,109.3161,3.4014,3.5012
5731,258.5788,keygen_C,42,3,24,12,256,6544,0.833,258.5788,102.3592,3.3703,4.046
5732,258.5788,keygen_C,42,3,15,18,256,6112,0.778,258.5788,107.5437,3.3568,4.3147
5733,258.5788,keygen_C,42,3,16,13,256,5136,0.6538,258.5788,102.4035,3.3285,5.0913
5734,258.5788,keygen_C,42,3,18,11,256,5008,0.6375,258.5788,102.2762,3.3248,5.2156
5735,258.5788,keygen_C,42,3,18,13,256,5584,0.7108,258.5788,102.4257,3.3415,4.7011
5736,258.5788,keygen_C,42,3,14,17,256,5584,0.7108,258.5788,104.7077,3.3411,4.7005
5737,258.5788,keygen_C,42,3,12,20,256,5584,0.7108,258.5788,119.2419,3.3411,4.7005
5738,258.5788,keygen_C,42,3,12,17,256,5008,0.6375,258.5788,104.3533,3.3244,5.2149
5739,258.5788,keygen_C,42,3,10,19,256,4752,0.6049,258.5788,109.3161,3.3165,5.4828
5740,258.5788,keygen_C,42,3,11,20,256,5248,0.668,258.5788,117.8239,3.3313,4.9868
5741,258.5788,keygen_C,42,3,24,8,256,5008,0.6375,258.5788,102.2346,3.3258,5.2171
5742,258.5788,keygen_C,42,3,20,9,256,4752,0.6049,258.5788,102.2402,3.3179,5.4851
5743,258.5788,keygen_C,42,3,19,14,256,6112,0.778,258.5788,102.6473,3.3573,4.3153
5744,258.5788,keygen_C,42,3,9,18,256,4288,0.5458,258.5788,105.4167,3.303,6.0514
5745,258.5788,keygen_C,42,3,22,12,256,6128,0.78,258.5788,102.3482,3.3578,4.3046
5746,258.5788,keygen_C,42,3,17,9,256,4272,0.5438,258.5788,102.2381,3.3035,6.0749
5747,258.5788,keygen_C,42,3,10,16,256,4272,0.5438,258.5788,103.1125,3.3026,6.0732
5748,258.5788,keygen_C,42,3,19,12,256,5504,0.7006,258.5788,102.3315,3.3397,4.7668
5749,258.5788,keygen_C,42,3,13,18,256,5504,0.7006,258.5788,106.8347,3.3387,4.7655
5750,258.5788,keygen_C,42,3,21,10,256,5248,0.668,258.5788,102.2554,3.3323,4.9882
5751,258.5788,keygen_C,42,3,21,11,256,5584,0.7108,258.5788,102.2845,3.342,4.7018
5752,258.5788,keygen_C,42,3,23,10,256,5600,0.7128,258.5788,102.2582,3.3429,4.6896
5753,258.5788,keygen_C,42,3,13,11,256,4048,0.5153,258.5788,102.2623,3.2965,6.3976
5754,258.5788,keygen_C,42,3,11,15,256,4368,0.556,258.5788,102.7137,3.3058,5.9456
5755,258.5788,keygen_C,42,3,14,13,256,4688,0.5967,258.5788,102.3814,3.3151,5.5553
5756,258.5788,keygen_C,42,3,20,10,256,5072,0.6456,258.5788,102.254,3.3271,5.1534
5757,258.5788,keygen_C,42,3,11,19,256,5072,0.6456,258.5788,110.0251,3.3262,5.152
5758,258.5788,keygen_C,42,3,12,18,256,5200,0.6619,258.5788,106.4802,3.3299,5.0308
5759,258.5788,keygen_C,42,3,19,11,256,5200,0.6619,258.5788,102.2789,3.3309,5.0322
5760,258.5788,keygen_C,42,3,16,15,256,5648,0.7189,258.5788,102.9353,3.3434,4.6504
5761,258.5788,keygen_C,42,3,17,14,256,5632,0.7169,258.5788,102.603,3.3429,4.663
5762,258.5788,keygen_C,42,3,15,16,256,5632,0.7169,258.5788,103.5556,3.3429,4.663
5763,258.5788,keygen_C,42,3,14,19,256,6032,0.7678,258.5788,112.152,3.3541,4.3683
5764,258.5788,keygen_C,42,3,20,13,256,6032,0.7678,258.5788,102.4479,3.355,4.3695
5765,258.5788,keygen_C,42,3,11,17,256,4720,0.6008,258.5788,104.176,3.316,5.5192
5766,258.5788,keygen_C,42,3,18,10,256,4720,0.6008,258.5788,102.2512,3.3165,5.52
5767,258.5788,keygen_C,42,3,19,15,256,6416,0.8167,258.5788,103.0682,3.3661,4.1216
5768,258.5788,keygen_C,42,3,16,18,256,6416,0.8167,258.5788,107.8982,3.3657,4.121
5769,258.5788,keygen_C,42,3,22,8,256,4720,0.6008,258.5788,102.2339,3.3169,5.5207
5770,258.5788,keygen_C,42,3,12,12,256,4048,0.5153,258.5788,102.2928,3.2965,6.3976
5771,258.5788,keygen_C,42,3,12,16,256,4816,0.613,258.5788,103.2898,3.3188,5.4137
5772,258.5788,keygen_C,42,3,17,11,256,4816,0.613,258.5788,102.2734,3.3193,5.4145
5773,258.5788,keygen_C,42,3,13,12,256,4256,0.5418,258.5788,102.2983,3.3026,6.0961
5774,258.5788,keygen_C,42,3,16,17,256,6160,0.7841,258.5788,105.0622,3.3582,4.2828
5775,258.5788,keygen_C,42,3,15,15,256,5392,0.6864,258.5788,102.891,3.336,4.8604
5776,258.5788,keygen_C,42,3,12,19,256,5392,0.6864,258.5788,110.7341,3.3355,4.8597
5777,258.5788,keygen_C,42,3,11,18,256,4896,0.6232,258.5788,106.1257,3.3211,5.329
5778,258.5788,keygen_C,42,3,19,10,256,4896,0.6232,258.5788,102.2526,3.322,5.3305
5779,258.5788,keygen_C,42,3,8,17,256,3856,0.4908,258.5788,103.6443,3.2905,6.7039
5780,258.5788,keygen_C,42,3,9,15,256,3856,0.4908,258.5788,102.6251,3.2905,6.7039
5781,258.5788,keygen_C,42,3,15,10,256,4192,0.5336,258.5788,102.2471,3.3012,6.1865
5782,258.5788,keygen_C,42,3,11,14,256,4192,0.5336,258.5788,102.47,3.3007,6.1857
5783,258.5788,keygen_C,42,3,9,17,256,4144,0.5275,258.5788,103.8215,3.2988,6.2538
5784,258.5788,keygen_C,42,3,17,13,256,5360,0.6823,258.5788,102.4146,3.335,4.8881
5785,258.5788,keygen_C,42,3,14,20,256,6256,0.7963,258.5788,122.0778,3.3606,4.22
5786,258.5788,keygen_C,42,3,21,13,256,6256,0.7963,258.5788,102.4589,3.3615,4.2212
5787,258.5788,keygen_C,42,3,10,20,256,4912,0.6253,258.5788,116.4059,3.3211,5.3116
5788,258.5788,keygen_C,42,3,14,16,256,5360,0.6823,258.5788,103.467,3.3346,4.8874
5789,258.5788,keygen_C,42,3,14,14,256,4912,0.6253,258.5788,102.5365,3.3216,5.3124
5790,258.5788,keygen_C,42,3,15,13,256,4912,0.6253,258.5788,102.3925,3.322,5.3131
5791,258.5788,keygen_C,42,3,21,9,256,4912,0.6253,258.5788,102.2408,3.3225,5.3138
5792,258.5788,keygen_C,42,3,16,14,256,5392,0.6864,258.5788,102.5808,3.336,4.8604
5793,258.5788,keygen_C,42,3,11,13,256,4016,0.5112,258.5788,102.3482,3.2956,6.4468
5794,258.5788,keygen_C,42,3,20,11,256,5392,0.6864,258.5788,102.2817,3.3364,4.8611
5795,258.5788,keygen_C,42,3,16,12,256,4880,0.6212,258.5788,102.3149,3.3211,5.3464
5796,258.5788,keygen_C,42,3,18,15,256,6160,0.7841,258.5788,103.0239,3.3582,4.2828
5797,258.5788,keygen_C,42,3,24,11,256,6160,0.7841,258.5788,102.2928,3.3592,4.284
5798,258.5788,keygen_C,42,3,7,19,256,3792,0.4827,258.5788,107.1892,3.2886,6.8132
5799,258.5788,keygen_C,42,3,17,16,256,6176,0.7862,258.5788,103.7329,3.3587,4.2723
5800,258.5788,keygen_C,42,3,20,14,256,6352,0.8086,258.5788,102.6694,3.3643,4.1608
5801,258.5788,keygen_C,42,3,15,19,256,6352,0.8086,258.5788,112.861,3.3638,4.1603
5802,258.5788,keygen_C,42,3,23,8,256,4864,0.6191,258.5788,102.2343,3.3216,5.3648
5803,258.5788,keygen_C,42,3,22,10,256,5424,0.6904,258.5788,102.2568,3.3374,4.8338
5804,258.5788,keygen_C,42,3,14,11,256,4240,0.5397,258.5788,102.2651,3.3021,6.1182
5805,258.5788,keygen_C,42,3,23,12,256,6336,0.8065,258.5788,102.3537,3.3643,4.1714
5806,258.5788,keygen_C,42,3,13,17,256,5296,0.6741,258.5788,104.5305,3.3327,4.9437
5807,258.5788,keygen_C,42,3,18,12,256,5296,0.6741,258.5788,102.326,3.3332,4.9444
5808,258.5788,keygen_C,42,3,12,13,256,4240,0.5397,258.5788,102.3592,3.3021,6.1182
5809,258.5788,keygen_C,42,3,8,20,256,4240,0.5397,258.5788,113.57,3.3016,6.1173
5810,258.5788,keygen_C,42,3,8,19,256,4112,0.5234,258.5788,107.8982,3.2979,6.3007
5811,258.5788,keygen_C,42,3,10,15,256,4112,0.5234,258.5788,102.6694,3.2979,6.3007
5812,258.5788,keygen_C,42,3,13,15,256,4880,0.6212,258.5788,102.8024,3.3206,5.3457
5813,258.5788,keygen_C,42,3,24,9,256,5392,0.6864,258.5788,102.2429,3.3369,4.8618
5814,258.5788,keygen_C,42,3,22,9,256,5072,0.6456,258.5788,102.2415,3.3271,5.1534
5815,258.5788,keygen_C,42,3,23,9,256,5232,0.666,258.5788,102.2422,3.3323,5.0035
5816,258.5788,keygen_C,42,3,20,8,256,4432,0.5642,258.5788,102.2332,3.3086,5.8647
5817,258.5788,keygen_C,42,3,16,16,256,5904,0.7515,258.5788,103.6443,3.3508,4.4587
5818,258.5788,keygen_C,42,3,14,18,256,5808,0.7393,258.5788,107.1892,3.3476,4.528
5819,258.5788,keygen_C,42,3,17,15,256,5904,0.7515,258.5788,102.9796,3.3508,4.4587
5820,258.5788,keygen_C,42,3,11,16,256,4544,0.5784,258.5788,103.2012,3.3109,5.7241
5821,258.5788,keygen_C,42,3,17,10,256,4544,0.5784,258.5788,102.2498,3.3114,5.7249
5822,258.5788,keygen_C,42,3,17,12,256,5088,0.6477,258.5788,102.3205,3.3271,5.1372
5823,258.5788,keygen_C,42,3,14,12,256,4464,0.5682,258.5788,102.3038,3.3086,5.8226
5824,258.5788,keygen_C,42,3,16,11,256,4624,0.5886,258.5788,102.2706,3.3137,5.6298
5825,258.5788,keygen_C,42,3,12,15,256,4624,0.5886,258.5788,102.758,3.3132,5.629
5826,258.5788,keygen_C,42,3,13,13,256,4464,0.5682,258.5788,102.3703,3.3086,5.8226
5827,258.5788,keygen_C,42,3,13,20,256,5920,0.7536,258.5788,120.6598,3.3508,4.4466
5828,258.5788,keygen_C,42,3,21,12,256,5920,0.7536,258.5788,102.3426,3.3517,4.4478
5829,258.5788,keygen_C,42,3,15,14,256,5152,0.6558,258.5788,102.5586,3.329,5.0762
5830,258.5788,keygen_C,42,3,19,9,256,4592,0.5845,258.5788,102.2395,3.3132,5.6683
5831,258.5788,keygen_C,42,3,10,17,256,4432,0.5642,258.5788,103.9988,3.3072,5.8622
5832,258.5788,keygen_C,42,3,12,14,256,4432,0.5642,258.5788,102.4922,3.3077,5.863
5833,258.5788,keygen_C,42,3,15,11,256,4432,0.5642,258.5788,102.2678,3.3081,5.8639
5834,258.5788,keygen_C,42,3,18,9,256,4432,0.5642,258.5788,102.2388,3.3081,5.8639
5835,258.5788,keygen_C,42,3,16,10,256,4368,0.556,258.5788,102.2485,3.3063,5.9464
5836,258.5788,keygen_C,42,3,10,18,256,4592,0.5845,258.5788,105.7712,3.3118,5.6659
5837,258.5788,keygen_C,42,3,22,13,256,6480,0.8248,258.5788,102.47,3.368,4.0832
5838,258.5788,keygen_C,42,3,14,15,256,5136,0.6538,258.5788,102.8467,3.3281,5.0906
5839,258.5788,keygen_C,42,3,24,10,256,5776,0.7352,258.5788,102.2595,3.348,4.5537
5840,258.5788,keygen_C,42,3,22,11,256,5776,0.7352,258.5788,102.2872,3.3476,4.5531
5841,258.5788,keygen_C,42,3,10,14,256,3952,0.5031,258.5788,102.4479,3.2933,6.5465
5842,258.5788,keygen_C,42,3,9,20,256,4576,0.5825,258.5788,114.988,3.3114,5.6849
5843,258.5788,keygen_C,42,3,9,19,256,4432,0.5642,258.5788,108.6071,3.3072,5.8622
5844,258.5788,keygen_C,42,3,19,13,256,5808,0.7393,258.5788,102.4368,3.3485,4.5292
5845,258.5788,keygen_C,42,3,21,8,256,4576,0.5825,258.5788,102.2336,3.3128,5.6873
5846,258.5788,keygen_C,42,3,8,18,256,3984,0.5071,258.5788,105.0622,3.2942,6.4958
5847,258.5788,keygen_C,42,3,7,20,256,3904,0.4969,258.5788,112.1521,3.2919,6.6242
5848,258.5788,keygen_C,42,3,20,12,256,5712,0.7271,258.5788,102.3371,3.3457,4.6015
5849,258.5788,keygen_C,42,3,13,14,256,4672,0.5947,258.5788,102.5143,3.3146,5.5736
5850,258.5788,keygen_C,42,3,15,12,256,4672,0.5947,258.5788,102.3094,3.3151,5.5743
5851,258.5788,keygen_C,42,3,9,16,256,4000,0.5092,258.5788,103.0239,3.2947,6.4707
5852,258.5788,keygen_C,42,3,13,19,256,5712,0.7271,258.5788,111.4431,3.3448,4.6002
5853,258.5788,keygen_C,42,3,23,11,256,5968,0.7597,258.5788,102.29,3.3536,4.4145
5854,258.5788,keygen_C,42,3,18,16,256,6448,0.8208,258.5788,103.8215,3.3666,4.1017
5855,258.5788,keygen_C,42,3,17,17,256,6448,0.8208,258.5788,105.2395,3.3666,4.1017
5856,258.5788,keygen_C,42,3,18,14,256,5872,0.7475,258.5788,102.6251,3.3499,4.4817
5857,258.5788,keygen_C,42,3,15,17,256,5872,0.7475,258.5788,104.885,3.3499,4.4817
5858,258.5788,keygen_C,42,3,13,16,256,5088,0.6477,258.5788,103.3784,3.3267,5.1365
5859,517.1576,keygen_C,45,3,24,13,256,6976,0.888,517.1576,204.7185,3.3828,3.8096
5860,517.1576,keygen_C,45,3,21,15,256,6976,0.888,517.1576,205.3831,3.3824,3.809
5861,517.1576,keygen_C,45,3,16,20,256,6976,0.888,517.1576,227.14,3.3819,3.8085
5862,517.1576,keygen_C,45,3,12,19,256,5440,0.6925,517.1576,212.9604,3.3369,4.8189
5863,517.1576,keygen_C,45,3,15,15,256,5440,0.6925,517.1576,205.1173,3.3374,4.8195
5864,517.1576,keygen_C,45,3,18,9,256,4480,0.5703,517.1576,204.4651,3.3095,5.8035
5865,517.1576,keygen_C,45,3,15,11,256,4480,0.5703,517.1576,204.4942,3.3095,5.8035
5866,517.1576,keygen_C,45,3,18,20,256,7648,0.9735,517.1576,229.976,3.4014,3.4939
5867,517.1576,keygen_C,45,3,14,12,256,4512,0.5743,517.1576,204.5302,3.31,5.7631
5868,517.1576,keygen_C,45,3,13,13,256,4512,0.5743,517.1576,204.5966,3.31,5.7631
5869,517.1576,keygen_C,45,3,14,18,256,5856,0.7454,517.1576,209.4155,3.349,4.4927
5870,517.1576,keygen_C,45,3,16,14,256,5440,0.6925,517.1576,204.8071,3.3374,4.8195
5871,517.1576,keygen_C,45,3,20,11,256,5440,0.6925,517.1576,204.508,3.3378,4.8202
5872,517.1576,keygen_C,45,3,19,13,256,5856,0.7454,517.1576,204.6631,3.3499,4.494
5873,517.1576,keygen_C,45,3,21,17,256,7648,0.9735,517.1576,208.1748,3.4019,3.4944
5874,517.1576,keygen_C,45,3,18,17,256,6784,0.8635,517.1576,207.643,3.3763,3.9099
5875,517.1576,keygen_C,45,3,22,12,256,6176,0.7862,517.1576,204.5745,3.3592,4.2729
5876,517.1576,keygen_C,45,3,20,8,256,4480,0.5703,517.1576,204.4595,3.31,5.8043
5877,517.1576,keygen_C,45,3,23,13,256,6752,0.8595,517.1576,204.7074,3.3763,3.9284
5878,517.1576,keygen_C,45,3,15,17,256,5920,0.7536,517.1576,207.1113,3.3513,4.4472
5879,517.1576,keygen_C,45,3,15,10,256,4240,0.5397,517.1576,204.4734,3.3026,6.1191
5880,517.1576,keygen_C,45,3,12,14,256,4480,0.5703,517.1576,204.7185,3.309,5.8027
5881,517.1576,keygen_C,45,3,10,17,256,4480,0.5703,517.1576,206.2251,3.3086,5.8018
5882,517.1576,keygen_C,45,3,9,19,256,4480,0.5703,517.1576,210.8335,3.3086,5.8018
5883,517.1576,keygen_C,45,3,22,11,256,5824,0.7413,517.1576,204.5135,3.349,4.5174
5884,517.1576,keygen_C,45,3,17,16,256,6224,0.7923,517.1576,205.9592,3.3601,4.2411
5885,517.1576,keygen_C,45,3,14,16,256,5408,0.6884,517.1576,205.6933,3.336,4.846
5886,517.1576,keygen_C,45,3,24,11,256,6208,0.7902,517.1576,204.5191,3.3606,4.2527
5887,517.1576,keygen_C,45,3,18,15,256,6208,0.7902,517.1576,205.2502,3.3596,4.2515
5888,517.1576,keygen_C,45,3,15,20,256,6640,0.8452,517.1576,225.7221,3.3722,3.9897
5889,517.1576,keygen_C,45,3,18,14,256,5920,0.7536,517.1576,204.8514,3.3513,4.4472
5890,517.1576,keygen_C,45,3,24,9,256,5440,0.6925,517.1576,204.4692,3.3383,4.8209
5891,517.1576,keygen_C,45,3,16,17,256,6208,0.7902,517.1576,207.2885,3.3596,4.2515
5892,517.1576,keygen_C,45,3,17,13,256,5408,0.6884,517.1576,204.6409,3.3364,4.8467
5893,517.1576,keygen_C,45,3,17,11,256,4864,0.6191,517.1576,204.4997,3.3206,5.3633
5894,517.1576,keygen_C,45,3,17,18,256,6768,0.8615,517.1576,210.479,3.3759,3.9186
5895,517.1576,keygen_C,45,3,18,8,256,4192,0.5336,517.1576,204.4588,3.3012,6.1865
5896,517.1576,keygen_C,45,3,12,16,256,4864,0.6191,517.1576,205.5161,3.3202,5.3625
5897,517.1576,keygen_C,45,3,9,17,256,4192,0.5336,517.1576,206.0478,3.3002,6.1848
5898,517.1576,keygen_C,45,3,19,16,256,6768,0.8615,517.1576,206.1364,3.3763,3.9191
5899,517.1576,keygen_C,45,3,11,14,256,4240,0.5397,517.1576,204.6963,3.3021,6.1182
5900,517.1576,keygen_C,45,3,24,10,256,5824,0.7413,517.1576,204.4858,3.3494,4.518
5901,517.1576,keygen_C,45,3,21,14,256,6640,0.8452,517.1576,204.9179,3.3726,3.9903
5902,517.1576,keygen_C,45,3,16,19,256,6720,0.8554,517.1576,215.7963,3.3745,3.9449
5903,517.1576,keygen_C,45,3,15,18,256,6160,0.7841,517.1576,209.77,3.3582,4.2828
5904,517.1576,keygen_C,45,3,10,16,256,4320,0.5499,517.1576,205.3388,3.3039,6.0083
5905,517.1576,keygen_C,45,3,15,12,256,4720,0.6008,517.1576,204.5357,3.3165,5.52
5906,517.1576,keygen_C,45,3,17,9,256,4320,0.5499,517.1576,204.4644,3.3049,6.01
5907,517.1576,keygen_C,45,3,18,19,256,7360,0.9369,517.1576,217.2143,3.393,3.6217
5908,517.1576,keygen_C,45,3,20,17,256,7360,0.9369,517.1576,207.9975,3.3935,3.6222
5909,517.1576,keygen_C,45,3,23,8,256,4912,0.6253,517.1576,204.4606,3.323,5.3146
5910,517.1576,keygen_C,45,3,24,14,256,7360,0.9369,517.1576,204.9843,3.394,3.6227
5911,517.1576,keygen_C,45,3,11,15,256,4416,0.5621,517.1576,204.94,3.3072,5.8834
5912,517.1576,keygen_C,45,3,13,14,256,4720,0.6008,517.1576,204.7406,3.316,5.5192
5913,517.1576,keygen_C,45,3,13,20,256,5968,0.7597,517.1576,222.8861,3.3522,4.4127
5914,517.1576,keygen_C,45,3,21,12,256,5968,0.7597,517.1576,204.5689,3.3531,4.4139
5915,517.1576,keygen_C,45,3,9,18,256,4336,0.5519,517.1576,207.643,3.3044,5.987
5916,517.1576,keygen_C,45,3,19,8,256,4336,0.5519,517.1576,204.4592,3.3058,5.9895
5917,517.1576,keygen_C,45,3,12,20,256,5632,0.7169,517.1576,221.4682,3.3425,4.6624
5918,517.1576,keygen_C,45,3,14,17,256,5632,0.7169,517.1576,206.934,3.3425,4.6624
5919,517.1576,keygen_C,45,3,18,13,256,5632,0.7169,517.1576,204.652,3.3429,4.663
5920,517.1576,keygen_C,45,3,21,11,256,5632,0.7169,517.1576,204.5108,3.3434,4.6636
5921,517.1576,keygen_C,45,3,22,14,256,6880,0.8758,517.1576,204.94,3.3796,3.859
5922,517.1576,keygen_C,45,3,12,15,256,4672,0.5947,517.1576,204.9844,3.3146,5.5736
5923,517.1576,keygen_C,45,3,23,11,256,6016,0.7658,517.1576,204.5163,3.355,4.3811
5924,517.1576,keygen_C,45,3,23,10,256,5648,0.7189,517.1576,204.4845,3.3443,4.6517
5925,517.1576,keygen_C,45,3,19,18,256,7376,0.9389,517.1576,211.1879,3.394,3.6148
5926,517.1576,keygen_C,45,3,16,15,256,5696,0.7251,517.1576,205.1616,3.3448,4.6132
5927,517.1576,keygen_C,45,3,16,11,256,4672,0.5947,517.1576,204.4969,3.3151,5.5743
5928,517.1576,keygen_C,45,3,17,14,256,5680,0.723,517.1576,204.8293,3.3443,4.6255
5929,517.1576,keygen_C,45,3,15,16,256,5680,0.723,517.1576,205.782,3.3443,4.6255
5930,517.1576,keygen_C,45,3,20,15,256,6720,0.8554,517.1576,205.3388,3.3749,3.9455
5931,517.1576,keygen_C,45,3,16,10,256,4416,0.5621,517.1576,204.4748,3.3077,5.8843
5932,517.1576,keygen_C,45,3,19,14,256,6160,0.7841,517.1576,204.8736,3.3587,4.2834
5933,517.1576,keygen_C,45,3,7,19,256,3840,0.4888,517.1576,209.4155,3.29,6.7308
5934,517.1576,keygen_C,45,3,13,12,256,4304,0.5479,517.1576,204.5246,3.3039,6.0306
5935,517.1576,keygen_C,45,3,20,12,256,5760,0.7332,517.1576,204.5634,3.3471,4.5651
5936,517.1576,keygen_C,45,3,13,19,256,5760,0.7332,517.1576,213.6694,3.3462,4.5638
5937,517.1576,keygen_C,45,3,22,10,256,5472,0.6965,517.1576,204.4831,3.3387,4.7933
5938,517.1576,keygen_C,45,3,20,9,256,4800,0.611,517.1576,204.4665,3.3193,5.4325
5939,517.1576,keygen_C,45,3,10,19,256,4800,0.611,517.1576,211.5424,3.3179,5.4302
5940,517.1576,keygen_C,45,3,8,20,256,4288,0.5458,517.1576,215.7963,3.303,6.0514
5941,517.1576,keygen_C,45,3,17,20,256,7312,0.9308,517.1576,228.558,3.3916,3.644
5942,517.1576,keygen_C,45,3,21,16,256,7312,0.9308,517.1576,206.3137,3.3921,3.6445
5943,517.1576,keygen_C,45,3,12,13,256,4288,0.5458,517.1576,204.5855,3.3035,6.0523
5944,517.1576,keygen_C,45,3,14,11,256,4288,0.5458,517.1576,204.4914,3.3035,6.0523
5945,517.1576,keygen_C,45,3,22,8,256,4768,0.6069,517.1576,204.4602,3.3183,5.4674
5946,517.1576,keygen_C,45,3,18,10,256,4768,0.6069,517.1576,204.4775,3.3179,5.4667
5947,517.1576,keygen_C,45,3,11,17,256,4768,0.6069,517.1576,206.4023,3.3174,5.4659
5948,517.1576,keygen_C,45,3,11,16,256,4592,0.5845,517.1576,205.4275,3.3123,5.6667
5949,517.1576,keygen_C,45,3,17,10,256,4592,0.5845,517.1576,204.4762,3.3128,5.6675
5950,517.1576,keygen_C,45,3,16,16,256,5952,0.7576,517.1576,205.8706,3.3522,4.4245
5951,517.1576,keygen_C,45,3,17,15,256,5952,0.7576,517.1576,205.2059,3.3522,4.4245
5952,517.1576,keygen_C,45,3,13,18,256,5552,0.7067,517.1576,209.061,3.3401,4.7262
5953,517.1576,keygen_C,45,3,19,12,256,5552,0.7067,517.1576,204.5579,3.3411,4.7276
5954,517.1576,keygen_C,45,3,9,20,256,4624,0.5886,517.1576,217.2143,3.3128,5.6283
5955,517.1576,keygen_C,45,3,21,8,256,4624,0.5886,517.1576,204.4599,3.3142,5.6306
5956,517.1576,keygen_C,45,3,10,18,256,4640,0.5906,517.1576,207.9975,3.3132,5.6096
5957,517.1576,keygen_C,45,3,19,9,256,4640,0.5906,517.1576,204.4658,3.3146,5.612
5958,517.1576,keygen_C,45,3,20,13,256,6080,0.7739,517.1576,204.6742,3.3564,4.3368
5959,517.1576,keygen_C,45,3,14,19,256,6080,0.7739,517.1576,214.3784,3.3555,4.3356
5960,517.1576,keygen_C,45,3,14,13,256,4736,0.6029,517.1576,204.6077,3.3165,5.5013
5961,517.1576,keygen_C,45,3,22,16,256,7584,0.9654,517.1576,206.4023,3.4,3.5219
5962,517.1576,keygen_C,45,3,10,13,256,3840,0.4888,517.1576,204.5634,3.29,6.7308
5963,517.1576,keygen_C,45,3,16,9,256,4160,0.5295,517.1576,204.4637,3.3002,6.2324
5964,517.1576,keygen_C,45,3,23,15,256,7488,0.9532,517.1576,205.4718,3.3977,3.5647
5965,517.1576,keygen_C,45,3,23,12,256,6384,0.8126,517.1576,204.58,3.3657,4.1417
5966,517.1576,keygen_C,45,3,19,10,256,4944,0.6293,517.1576,204.4789,3.3234,5.2809
5967,517.1576,keygen_C,45,3,21,13,256,6304,0.8024,517.1576,204.6852,3.3629,4.1908
5968,517.1576,keygen_C,45,3,14,20,256,6304,0.8024,517.1576,224.3041,3.3619,4.1896
5969,517.1576,keygen_C,45,3,11,18,256,4944,0.6293,517.1576,208.352,3.3225,5.2795
5970,517.1576,keygen_C,45,3,20,16,256,7040,0.8961,517.1576,206.2251,3.3842,3.7765
5971,517.1576,keygen_C,45,3,12,11,256,3904,0.4969,517.1576,204.4858,3.2923,6.6252
5972,517.1576,keygen_C,45,3,17,19,256,7040,0.8961,517.1576,216.5053,3.3838,3.776
5973,517.1576,keygen_C,45,3,11,19,256,5120,0.6517,517.1576,212.2514,3.3276,5.1058
5974,517.1576,keygen_C,45,3,20,18,256,7680,0.9776,517.1576,211.5424,3.4028,3.4808
5975,517.1576,keygen_C,45,3,10,14,256,4000,0.5092,517.1576,204.6742,3.2947,6.4707
5976,517.1576,keygen_C,45,3,18,18,256,7072,0.9002,517.1576,210.8334,3.3847,3.7599
5977,517.1576,keygen_C,45,3,19,17,256,7072,0.9002,517.1576,207.8203,3.3852,3.7604
5978,517.1576,keygen_C,45,3,24,12,256,6592,0.8391,517.1576,204.5855,3.3717,4.0182
5979,517.1576,keygen_C,45,3,9,15,256,3904,0.4969,517.1576,204.8514,3.2919,6.6242
5980,517.1576,keygen_C,45,3,8,17,256,3904,0.4969,517.1576,205.8706,3.2919,6.6242
5981,517.1576,keygen_C,45,3,23,9,256,5280,0.6721,517.1576,204.4685,3.3336,4.9601
5982,517.1576,keygen_C,45,3,19,19,256,7680,0.9776,517.1576,217.9233,3.4028,3.4808
5983,517.1576,keygen_C,45,3,17,17,256,6496,0.8269,517.1576,207.4658,3.368,4.0731
5984,517.1576,keygen_C,45,3,15,19,256,6400,0.8147,517.1576,215.0873,3.3652,4.1308
5985,517.1576,keygen_C,45,3,14,15,256,5184,0.6599,517.1576,205.073,3.3295,5.0456
5986,517.1576,keygen_C,45,3,10,20,256,4960,0.6314,517.1576,218.6323,3.3225,5.2624
5987,517.1576,keygen_C,45,3,22,15,256,7232,0.9206,517.1576,205.4275,3.3898,3.6823
5988,517.1576,keygen_C,45,3,19,15,256,6464,0.8228,517.1576,205.2945,3.3675,4.0927
5989,517.1576,keygen_C,45,3,11,20,256,5296,0.6741,517.1576,220.0502,3.3327,4.9437
5990,517.1576,keygen_C,45,3,18,16,256,6496,0.8269,517.1576,206.0478,3.368,4.0731
5991,517.1576,keygen_C,45,3,20,10,256,5120,0.6517,517.1576,204.4803,3.3285,5.1072
5992,517.1576,keygen_C,45,3,14,14,256,4960,0.6314,517.1576,204.7628,3.323,5.2632
5993,517.1576,keygen_C,45,3,22,9,256,5120,0.6517,517.1576,204.4678,3.3285,5.1072
5994,517.1576,keygen_C,45,3,14,10,256,4064,0.5173,517.1576,204.472,3.297,6.3733
5995,517.1576,keygen_C,45,3,15,13,256,4960,0.6314,517.1576,204.6188,3.3234,5.2639
5996,517.1576,keygen_C,45,3,16,18,256,6464,0.8228,517.1576,210.1245,3.3671,4.0921
5997,517.1576,keygen_C,45,3,11,13,256,4064,0.5173,517.1576,204.5745,3.297,6.3733
5998,517.1576,keygen_C,45,3,21,10,256,5296,0.6741,517.1576,204.4817,3.3336,4.9451
5999,517.1576,keygen_C,45,3,21,9,256,4960,0.6314,517.1576,204.4672,3.3239,5.2646
6000,517.1576,keygen_C,45,3,16,13,256,5184,0.6599,517.1576,204.6299,3.3299,5.0463
6001,517.1576,keygen_C,45,3,23,14,256,7120,0.9063,517.1576,204.9622,3.387,3.7371
6002,517.1576,keygen_C,45,3,9,16,256,4048,0.5153,517.1576,205.2502,3.2961,6.3967
6003,517.1576,keygen_C,45,3,17,12,256,5136,0.6538,517.1576,204.5468,3.3285,5.0913
6004,517.1576,keygen_C,45,3,13,16,256,5136,0.6538,517.1576,205.6047,3.3281,5.0906
6005,517.1576,keygen_C,45,3,20,14,256,6400,0.8147,517.1576,204.8957,3.3657,4.1313
6006,517.1576,keygen_C,45,3,13,17,256,5344,0.6802,517.1576,206.7568,3.3341,4.9013
6007,517.1576,keygen_C,45,3,18,12,256,5344,0.6802,517.1576,204.5523,3.3346,4.902
6008,517.1576,keygen_C,45,3,13,15,256,4928,0.6273,517.1576,205.0287,3.322,5.2959
6009,517.1576,keygen_C,45,3,16,12,256,4928,0.6273,517.1576,204.5412,3.3225,5.2966
6010,517.1576,keygen_C,45,3,13,11,256,4096,0.5214,517.1576,204.4886,3.2979,6.3253
6011,517.1576,keygen_C,45,3,8,18,256,4032,0.5132,517.1576,207.2885,3.2956,6.4212
6012,517.1576,keygen_C,45,3,12,12,256,4096,0.5214,517.1576,204.5191,3.2979,6.3253
6013,517.1576,keygen_C,45,3,7,18,256,3728,0.4745,517.1576,206.9341,3.2868,6.9262
6014,517.1576,keygen_C,45,3,22,13,256,6528,0.831,517.1576,204.6963,3.3694,4.0548
6015,517.1576,keygen_C,45,3,8,19,256,4160,0.5295,517.1576,210.1245,3.2993,6.2306
6016,517.1576,keygen_C,45,3,24,8,256,5056,0.6436,517.1576,204.4609,3.3271,5.1697
6017,517.1576,keygen_C,45,3,11,12,256,3888,0.4949,517.1576,204.5135,3.2919,6.6515
6018,517.1576,keygen_C,45,3,18,11,256,5056,0.6436,517.1576,204.5025,3.3262,5.1683
6019,517.1576,keygen_C,45,3,10,15,256,4160,0.5295,517.1576,204.8957,3.2993,6.2306
6020,517.1576,keygen_C,45,3,24,15,256,7744,0.9857,517.1576,205.5161,3.4051,3.4544
6021,517.1576,keygen_C,45,3,8,16,256,3776,0.4807,517.1576,205.1616,3.2882,6.8411
6022,517.1576,keygen_C,45,3,12,17,256,5056,0.6436,517.1576,206.5796,3.3258,5.1675
6023,517.1576,keygen_C,45,3,12,18,256,5248,0.668,517.1576,208.7065,3.3313,4.9868
6024,517.1576,keygen_C,45,3,15,14,256,5200,0.6619,517.1576,204.7849,3.3304,5.0315
6025,517.1576,keygen_C,45,3,19,11,256,5248,0.668,517.1576,204.5052,3.3323,4.9882
6026,517.1576,keygen_C,45,3,7,20,256,3952,0.5031,517.1576,214.3784,3.2933,6.5465
6027,1034.3153,keygen_C,48,3,15,20,256,6688,0.8513,1034.3153,430.1747,3.3735,3.9627
6028,1034.3153,keygen_C,48,3,20,13,256,6128,0.78,1034.3153,409.1268,3.3578,4.3046
6029,1034.3153,keygen_C,48,3,14,13,256,4784,0.609,1034.3153,409.0603,3.3179,5.4484
6030,1034.3153,keygen_C,48,3,21,14,256,6688,0.8513,1034.3153,409.3705,3.374,3.9633
6031,1034.3153,keygen_C,48,3,18,17,256,6832,0.8697,1034.3153,412.0956,3.3777,3.884
6032,1034.3153,keygen_C,48,3,12,17,256,5104,0.6497,1034.3153,411.0322,3.3271,5.1211
6033,1034.3153,keygen_C,48,3,11,19,256,5168,0.6578,1034.3153,416.704,3.329,5.0605
6034,1034.3153,keygen_C,48,3,14,19,256,6128,0.78,1034.3153,418.831,3.3568,4.3034
6035,1034.3153,keygen_C,48,3,13,16,256,5184,0.6599,1034.3153,410.0573,3.3295,5.0456
6036,1034.3153,keygen_C,48,3,15,14,256,5248,0.668,1034.3153,409.2376,3.3318,4.9875
6037,1034.3153,keygen_C,48,3,18,11,256,5104,0.6497,1034.3153,408.9551,3.3276,5.1218
6038,1034.3153,keygen_C,48,3,11,16,256,4640,0.5906,1034.3153,409.8801,3.3137,5.6104
6039,1034.3153,keygen_C,48,3,16,8,256,3952,0.5031,1034.3153,408.9108,3.2942,6.5484
6040,1034.3153,keygen_C,48,3,13,14,256,4768,0.6069,1034.3153,409.1933,3.3174,5.4659
6041,1034.3153,keygen_C,48,3,17,8,256,4096,0.5214,1034.3153,408.9111,3.2984,6.3262
6042,1034.3153,keygen_C,48,3,22,10,256,5520,0.7026,1034.3153,408.9357,3.3401,4.7536
6043,1034.3153,keygen_C,48,3,15,12,256,4768,0.6069,1034.3153,408.9883,3.3179,5.4667
6044,1034.3153,keygen_C,48,3,20,10,256,5168,0.6578,1034.3153,408.9329,3.3299,5.0619
6045,1034.3153,keygen_C,48,3,15,10,256,4288,0.5458,1034.3153,408.926,3.3039,6.0531
6046,1034.3153,keygen_C,48,3,22,9,256,5168,0.6578,1034.3153,408.9205,3.3299,5.0619
6047,1034.3153,keygen_C,48,3,9,14,256,3808,0.4847,1034.3153,409.1046,3.2891,6.7855
6048,1034.3153,keygen_C,48,3,11,14,256,4288,0.5458,1034.3153,409.1489,3.3035,6.0523
6049,1034.3153,keygen_C,48,3,22,13,256,6576,0.8371,1034.3153,409.1489,3.3708,4.0269
6050,1034.3153,keygen_C,48,3,18,19,256,7408,0.943,1034.3153,421.6669,3.3944,3.5997
6051,1034.3153,keygen_C,48,3,18,20,256,7696,0.9796,1034.3153,434.4286,3.4028,3.4735
6052,1034.3153,keygen_C,48,3,22,14,256,6928,0.8819,1034.3153,409.3927,3.381,3.8339
6053,1034.3153,keygen_C,48,3,21,17,256,7696,0.9796,1034.3153,412.6274,3.4032,3.474
6054,1034.3153,keygen_C,48,3,9,16,256,4096,0.5214,1034.3153,409.7028,3.2974,6.3244
6055,1034.3153,keygen_C,48,3,17,14,256,5728,0.7291,1034.3153,409.2819,3.3457,4.5887
6056,1034.3153,keygen_C,48,3,8,18,256,4080,0.5193,1034.3153,411.7412,3.297,6.3483
6057,1034.3153,keygen_C,48,3,15,16,256,5728,0.7291,1034.3153,410.2346,3.3457,4.5887
6058,1034.3153,keygen_C,48,3,24,14,256,7408,0.943,1034.3153,409.437,3.3954,3.6007
6059,1034.3153,keygen_C,48,3,20,17,256,7408,0.943,1034.3153,412.4501,3.3949,3.6002
6060,1034.3153,keygen_C,48,3,19,18,256,7424,0.945,1034.3153,415.6406,3.3954,3.5929
6061,1034.3153,keygen_C,48,3,10,19,256,4848,0.6171,1034.3153,415.995,3.3193,5.3787
6062,1034.3153,keygen_C,48,3,10,14,256,4048,0.5153,1034.3153,409.1268,3.2961,6.3967
6063,1034.3153,keygen_C,48,3,8,16,256,3824,0.4868,1034.3153,409.6142,3.2896,6.758
6064,1034.3153,keygen_C,48,3,12,13,256,4336,0.5519,1034.3153,409.0382,3.3049,5.9878
6065,1034.3153,keygen_C,48,3,14,11,256,4336,0.5519,1034.3153,408.944,3.3049,5.9878
6066,1034.3153,keygen_C,48,3,20,18,256,7728,0.9837,1034.3153,415.995,3.4042,3.4606
6067,1034.3153,keygen_C,48,3,21,11,256,5680,0.723,1034.3153,408.9634,3.3448,4.6262
6068,1034.3153,keygen_C,48,3,18,13,256,5680,0.723,1034.3153,409.1046,3.3443,4.6255
6069,1034.3153,keygen_C,48,3,14,17,256,5680,0.723,1034.3153,411.3867,3.3439,4.6249
6070,1034.3153,keygen_C,48,3,13,12,256,4352,0.554,1034.3153,408.9772,3.3053,5.9666
6071,1034.3153,keygen_C,48,3,12,20,256,5680,0.723,1034.3153,425.9208,3.3439,4.6249
6072,1034.3153,keygen_C,48,3,9,20,256,4672,0.5947,1034.3153,421.6669,3.3142,5.5728
6073,1034.3153,keygen_C,48,3,19,8,256,4384,0.558,1034.3153,408.9118,3.3072,5.9264
6074,1034.3153,keygen_C,48,3,21,8,256,4672,0.5947,1034.3153,408.9125,3.3155,5.5751
6075,1034.3153,keygen_C,48,3,23,12,256,6432,0.8187,1034.3153,409.0326,3.3671,4.1125
6076,1034.3153,keygen_C,48,3,21,12,256,6016,0.7658,1034.3153,409.0215,3.3545,4.3805
6077,1034.3153,keygen_C,48,3,13,20,256,6016,0.7658,1034.3153,427.3388,3.3536,4.3793
6078,1034.3153,keygen_C,48,3,9,18,256,4384,0.558,1034.3153,412.0957,3.3058,5.9239
6079,1034.3153,keygen_C,48,3,23,14,256,7168,0.9124,1034.3153,409.4148,3.3884,3.7136
6080,1034.3153,keygen_C,48,3,19,19,256,7728,0.9837,1034.3153,422.3759,3.4042,3.4606
6081,1034.3153,keygen_C,48,3,19,9,256,4688,0.5967,1034.3153,408.9184,3.316,5.5569
6082,1034.3153,keygen_C,48,3,10,18,256,4688,0.5967,1034.3153,412.4501,3.3146,5.5545
6083,1034.3153,keygen_C,48,3,17,19,256,7088,0.9022,1034.3153,420.9579,3.3852,3.7519
6084,1034.3153,keygen_C,48,3,17,9,256,4368,0.556,1034.3153,408.917,3.3063,5.9464
6085,1034.3153,keygen_C,48,3,20,16,256,7088,0.9022,1034.3153,410.6777,3.3856,3.7525
6086,1034.3153,keygen_C,48,3,16,16,256,6000,0.7637,1034.3153,410.3232,3.3536,4.391
6087,1034.3153,keygen_C,48,3,8,20,256,4336,0.5519,1034.3153,420.2489,3.3044,5.987
6088,1034.3153,keygen_C,48,3,17,10,256,4640,0.5906,1034.3153,408.9288,3.3142,5.6112
6089,1034.3153,keygen_C,48,3,7,20,256,4000,0.5092,1034.3153,418.831,3.2947,6.4707
6090,1034.3153,keygen_C,48,3,20,14,256,6448,0.8208,1034.3153,409.3483,3.3671,4.1023
6091,1034.3153,keygen_C,48,3,10,20,256,5008,0.6375,1034.3153,423.0849,3.3239,5.2142
6092,1034.3153,keygen_C,48,3,14,14,256,5008,0.6375,1034.3153,409.2154,3.3244,5.2149
6093,1034.3153,keygen_C,48,3,15,13,256,5008,0.6375,1034.3153,409.0714,3.3248,5.2156
6094,1034.3153,keygen_C,48,3,24,15,256,7792,0.9919,1034.3153,409.9687,3.4065,3.4345
6095,1034.3153,keygen_C,48,3,23,15,256,7536,0.9593,1034.3153,409.9244,3.3991,3.5434
6096,1034.3153,keygen_C,48,3,23,11,256,6064,0.7719,1034.3153,408.9689,3.3564,4.3482
6097,1034.3153,keygen_C,48,3,15,9,256,4048,0.5153,1034.3153,408.9156,3.297,6.3985
6098,1034.3153,keygen_C,48,3,12,11,256,3952,0.5031,1034.3153,408.9385,3.2937,6.5475
6099,1034.3153,keygen_C,48,3,16,11,256,4720,0.6008,1034.3153,408.9495,3.3165,5.52
6100,1034.3153,keygen_C,48,3,12,15,256,4720,0.6008,1034.3153,409.437,3.316,5.5192
6101,1034.3153,keygen_C,48,3,13,18,256,5600,0.7128,1034.3153,413.5136,3.3415,4.6877
6102,1034.3153,keygen_C,48,3,19,12,256,5600,0.7128,1034.3153,409.0105,3.3425,4.689
6103,1034.3153,keygen_C,48,3,21,9,256,5008,0.6375,1034.3153,408.9198,3.3253,5.2163
6104,1034.3153,keygen_C,48,3,17,12,256,5184,0.6599,1034.3153,408.9994,3.3299,5.0463
6105,1034.3153,keygen_C,48,3,17,17,256,6544,0.833,1034.3153,411.9184,3.3694,4.0449
6106,1034.3153,keygen_C,48,3,16,13,256,5232,0.666,1034.3153,409.0825,3.3313,5.0021
6107,1034.3153,keygen_C,48,3,18,16,256,6544,0.833,1034.3153,410.5004,3.3694,4.0449
6108,1034.3153,keygen_C,48,3,14,15,256,5232,0.666,1034.3153,409.5256,3.3309,5.0014
6109,1034.3153,keygen_C,48,3,15,17,256,5968,0.7597,1034.3153,411.5639,3.3527,4.4133
6110,1034.3153,keygen_C,48,3,18,14,256,5968,0.7597,1034.3153,409.304,3.3527,4.4133
6111,1034.3153,keygen_C,48,3,23,10,256,5696,0.7251,1034.3153,408.9371,3.3457,4.6144
6112,1034.3153,keygen_C,48,3,17,20,256,7360,0.9369,1034.3153,433.0106,3.393,3.6217
6113,1034.3153,keygen_C,48,3,21,16,256,7360,0.9369,1034.3153,410.7663,3.3935,3.6222
6114,1034.3153,keygen_C,48,3,15,19,256,6448,0.8208,1034.3153,419.54,3.3666,4.1017
6115,1034.3153,keygen_C,48,3,24,8,256,5104,0.6497,1034.3153,408.9135,3.3285,5.1232
6116,1034.3153,keygen_C,48,3,12,19,256,5488,0.6986,1034.3153,417.413,3.3383,4.7787
6117,1034.3153,keygen_C,48,3,10,16,256,4368,0.556,1034.3153,409.7915,3.3053,5.9448
6118,1034.3153,keygen_C,48,3,16,15,256,5744,0.7312,1034.3153,409.6142,3.3462,4.5765
6119,1034.3153,keygen_C,48,3,20,15,256,6768,0.8615,1034.3153,409.7915,3.3763,3.9191
6120,1034.3153,keygen_C,48,3,12,14,256,4528,0.5764,1034.3153,409.1711,3.3104,5.7436
6121,1034.3153,keygen_C,48,3,16,10,256,4464,0.5682,1034.3153,408.9274,3.309,5.8235
6122,1034.3153,keygen_C,48,3,10,17,256,4528,0.5764,1034.3153,410.6777,3.31,5.7428
6123,1034.3153,keygen_C,48,3,11,15,256,4464,0.5682,1034.3153,409.3927,3.3086,5.8226
6124,1034.3153,keygen_C,48,3,14,18,256,5904,0.7515,1034.3153,413.8681,3.3503,4.4581
6125,1034.3153,keygen_C,48,3,19,13,256,5904,0.7515,1034.3153,409.1157,3.3513,4.4593
6126,1034.3153,keygen_C,48,3,24,12,256,6640,0.8452,1034.3153,409.0382,3.3731,3.9908
6127,1034.3153,keygen_C,48,3,9,17,256,4240,0.5397,1034.3153,410.5004,3.3016,6.1173
6128,1034.3153,keygen_C,48,3,22,15,256,7280,0.9267,1034.3153,409.8801,3.3912,3.6595
6129,1034.3153,keygen_C,48,3,23,13,256,6800,0.8656,1034.3153,409.16,3.3777,3.9023
6130,1034.3153,keygen_C,48,3,18,8,256,4240,0.5397,1034.3153,408.9115,3.3026,6.1191
6131,1034.3153,keygen_C,48,3,16,20,256,7024,0.8941,1034.3153,431.5926,3.3833,3.784
6132,1034.3153,keygen_C,48,3,23,9,256,5328,0.6782,1034.3153,408.9212,3.335,4.9174
6133,1034.3153,keygen_C,48,3,15,11,256,4528,0.5764,1034.3153,408.9468,3.3109,5.7444
6134,1034.3153,keygen_C,48,3,23,8,256,4960,0.6314,1034.3153,408.9132,3.3244,5.2654
6135,1034.3153,keygen_C,48,3,12,12,256,4144,0.5275,1034.3153,408.9717,3.2993,6.2547
6136,1034.3153,keygen_C,48,3,9,19,256,4528,0.5764,1034.3153,415.2861,3.31,5.7428
6137,1034.3153,keygen_C,48,3,13,11,256,4144,0.5275,1034.3153,408.9412,3.2993,6.2547
6138,1034.3153,keygen_C,48,3,12,18,256,5296,0.6741,1034.3153,413.1591,3.3327,4.9437
6139,1034.3153,keygen_C,48,3,11,13,256,4112,0.5234,1034.3153,409.0271,3.2984,6.3016
6140,1034.3153,keygen_C,48,3,10,15,256,4208,0.5356,1034.3153,409.3483,3.3007,6.1621
6141,1034.3153,keygen_C,48,3,22,12,256,6224,0.7923,1034.3153,409.0271,3.3606,4.2417
6142,1034.3153,keygen_C,48,3,21,15,256,7024,0.8941,1034.3153,409.8358,3.3838,3.7846
6143,1034.3153,keygen_C,48,3,24,13,256,7024,0.8941,1034.3153,409.1711,3.3842,3.7851
6144,1034.3153,keygen_C,48,3,18,9,256,4528,0.5764,1034.3153,408.9177,3.3109,5.7444
6145,1034.3153,keygen_C,48,3,20,8,256,4528,0.5764,1034.3153,408.9122,3.3114,5.7452
6146,1034.3153,keygen_C,48,3,8,19,256,4208,0.5356,1034.3153,414.5771,3.3007,6.1621
6147,1034.3153,keygen_C,48,3,20,12,256,5808,0.7393,1034.3153,409.016,3.3485,4.5292
6148,1034.3153,keygen_C,48,3,19,11,256,5296,0.6741,1034.3153,408.9578,3.3336,4.9451
6149,1034.3153,keygen_C,48,3,22,16,256,7632,0.9715,1034.3153,410.8549,3.4014,3.5012
6150,1034.3153,keygen_C,48,3,16,19,256,6768,0.8615,1034.3153,420.2489,3.3759,3.9186
6151,1034.3153,keygen_C,48,3,13,17,256,5392,0.6864,1034.3153,411.2094,3.3355,4.8597
6152,1034.3153,keygen_C,48,3,18,12,256,5392,0.6864,1034.3153,409.0049,3.336,4.8604
6153,1034.3153,keygen_C,48,3,19,14,256,6208,0.7902,1034.3153,409.3262,3.3601,4.2521
6154,1034.3153,keygen_C,48,3,15,18,256,6208,0.7902,1034.3153,414.2226,3.3596,4.2515
6155,1034.3153,keygen_C,48,3,19,17,256,7120,0.9063,1034.3153,412.2729,3.3865,3.7366
6156,1034.3153,keygen_C,48,3,18,18,256,7120,0.9063,1034.3153,415.2861,3.3861,3.7361
6157,1034.3153,keygen_C,48,3,14,10,256,4112,0.5234,1034.3153,408.9246,3.2984,6.3016
6158,1034.3153,keygen_C,48,3,13,19,256,5808,0.7393,1034.3153,418.122,3.3476,4.528
6159,1034.3153,keygen_C,48,3,10,13,256,3888,0.4949,1034.3153,409.016,3.2914,6.6506
6160,1034.3153,keygen_C,48,3,14,9,256,3888,0.4949,1034.3153,408.9149,3.2919,6.6515
6161,1034.3153,keygen_C,48,3,14,20,256,6352,0.8086,1034.3153,428.7567,3.3633,4.1597
6162,1034.3153,keygen_C,48,3,11,17,256,4816,0.613,1034.3153,410.8549,3.3188,5.4137
6163,1034.3153,keygen_C,48,3,24,10,256,5872,0.7475,1034.3153,408.9385,3.3508,4.483
6164,1034.3153,keygen_C,48,3,22,11,256,5872,0.7475,1034.3153,408.9662,3.3503,4.4823
6165,1034.3153,keygen_C,48,3,16,18,256,6512,0.8289,1034.3153,414.5771,3.3684,4.0637
6166,1034.3153,keygen_C,48,3,12,16,256,4912,0.6253,1034.3153,409.9687,3.3216,5.3124
6167,1034.3153,keygen_C,48,3,19,10,256,4992,0.6354,1034.3153,408.9315,3.3248,5.2323
6168,1034.3153,keygen_C,48,3,17,18,256,6816,0.8676,1034.3153,414.9316,3.3773,3.8926
6169,1034.3153,keygen_C,48,3,19,16,256,6816,0.8676,1034.3153,410.5891,3.3777,3.8931
6170,1034.3153,keygen_C,48,3,8,17,256,3952,0.5031,1034.3153,410.3232,3.2933,6.5465
6171,1034.3153,keygen_C,48,3,13,13,256,4560,0.5804,1034.3153,409.0492,3.3114,5.7048
6172,1034.3153,keygen_C,48,3,17,15,256,6000,0.7637,1034.3153,409.6585,3.3536,4.391
6173,1034.3153,keygen_C,48,3,17,11,256,4912,0.6253,1034.3153,408.9523,3.322,5.3131
6174,1034.3153,keygen_C,48,3,15,15,256,5488,0.6986,1034.3153,409.5699,3.3387,4.7794
6175,1034.3153,keygen_C,48,3,16,14,256,5488,0.6986,1034.3153,409.2597,3.3387,4.7794
6176,1034.3153,keygen_C,48,3,20,11,256,5488,0.6986,1034.3153,408.9606,3.3392,4.78
6177,1034.3153,keygen_C,48,3,24,9,256,5488,0.6986,1034.3153,408.9218,3.3397,4.7807
6178,1034.3153,keygen_C,48,3,7,18,256,3776,0.4807,1034.3153,411.3867,3.2882,6.8411
6179,1034.3153,keygen_C,48,3,17,16,256,6272,0.7984,1034.3153,410.4118,3.3615,4.2104
6180,1034.3153,keygen_C,48,3,19,15,256,6512,0.8289,1034.3153,409.7471,3.3689,4.0642
6181,1034.3153,keygen_C,48,3,7,19,256,3888,0.4949,1034.3153,413.8681,3.2914,6.6506
6182,1034.3153,keygen_C,48,3,9,15,256,3952,0.5031,1034.3153,409.304,3.2933,6.5465
6183,1034.3153,keygen_C,48,3,18,10,256,4816,0.613,1034.3153,408.9302,3.3193,5.4145
6184,1034.3153,keygen_C,48,3,11,18,256,4992,0.6354,1034.3153,412.8046,3.3239,5.2309
6185,1034.3153,keygen_C,48,3,16,12,256,4976,0.6334,1034.3153,408.9939,3.3239,5.2477
6186,1034.3153,keygen_C,48,3,21,13,256,6352,0.8086,1034.3153,409.1379,3.3643,4.1608
6187,1034.3153,keygen_C,48,3,20,9,256,4848,0.6171,1034.3153,408.9191,3.3206,5.381
6188,1034.3153,keygen_C,48,3,14,12,256,4560,0.5804,1034.3153,408.9828,3.3114,5.7048
6189,1034.3153,keygen_C,48,3,16,17,256,6256,0.7963,1034.3153,411.7412,3.361,4.2206
6190,1034.3153,keygen_C,48,3,18,15,256,6256,0.7963,1034.3153,409.7028,3.361,4.2206
6191,1034.3153,keygen_C,48,3,22,8,256,4816,0.613,1034.3153,408.9128,3.3197,5.4152
6192,1034.3153,keygen_C,48,3,24,11,256,6256,0.7963,1034.3153,408.9717,3.3619,4.2218
6193,1034.3153,keygen_C,48,3,13,10,256,3936,0.501,1034.3153,408.9232,3.2933,6.5732
6194,1034.3153,keygen_C,48,3,11,12,256,3936,0.501,1034.3153,408.9662,3.2933,6.5732
6195,1034.3153,keygen_C,48,3,16,9,256,4208,0.5356,1034.3153,408.9163,3.3016,6.1639
6196,1034.3153,keygen_C,48,3,17,13,256,5456,0.6945,1034.3153,409.0936,3.3378,4.8061
6197,1034.3153,keygen_C,48,3,11,20,256,5344,0.6802,1034.3153,424.5028,3.3341,4.9013
6198,1034.3153,keygen_C,48,3,13,15,256,4976,0.6334,1034.3153,409.4813,3.3234,5.247
6199,1034.3153,keygen_C,48,3,14,16,256,5456,0.6945,1034.3153,410.1459,3.3374,4.8054
6200,1034.3153,keygen_C,48,3,21,10,256,5344,0.6802,1034.3153,408.9343,3.335,4.9027
6201,2048.007,keygen_C,40,2,10,16,16,4496,0.5723,2048.007,540.6577,0.3522,0.6154
6202,2048.007,keygen_C,40,2,16,15,16,5872,0.7475,2048.007,540.4804,0.393,0.5258
6203,2048.007,keygen_C,40,2,14,12,16,4688,0.5967,2048.007,539.849,0.3582,0.6003
6204,2048.007,keygen_C,40,2,13,13,16,4688,0.5967,2048.007,539.9155,0.3582,0.6003
6205,2048.007,keygen_C,40,2,22,11,16,6000,0.7637,2048.007,539.8324,0.3972,0.5201
6206,2048.007,keygen_C,40,2,22,15,16,7408,0.943,2048.007,540.7463,0.4381,0.4645
6207,2048.007,keygen_C,40,2,21,16,16,7488,0.9532,2048.007,541.6325,0.4404,0.462
6208,2048.007,keygen_C,40,2,17,20,16,7488,0.9532,2048.007,563.8768,0.4399,0.4615
6209,2048.007,keygen_C,40,2,24,10,16,6000,0.7637,2048.007,539.8047,0.3977,0.5207
6210,2048.007,keygen_C,40,2,15,16,16,5856,0.7454,2048.007,541.1008,0.3926,0.5267
6211,2048.007,keygen_C,40,2,17,14,16,5856,0.7454,2048.007,540.1481,0.3926,0.5267
6212,2048.007,keygen_C,40,2,8,20,16,4464,0.5682,2048.007,551.1152,0.3513,0.6182
6213,2048.007,keygen_C,40,2,23,10,16,5824,0.7413,2048.007,539.8033,0.3926,0.5295
6214,2048.007,keygen_C,40,2,16,12,16,5104,0.6497,2048.007,539.8601,0.3708,0.5707
6215,2048.007,keygen_C,40,2,18,20,16,7824,0.9959,2048.007,565.2948,0.4497,0.4515
6216,2048.007,keygen_C,40,2,24,12,16,6768,0.8615,2048.007,539.9044,0.42,0.4875
6217,2048.007,keygen_C,40,2,16,20,16,7152,0.9104,2048.007,562.4589,0.4302,0.4725
6218,2048.007,keygen_C,40,2,21,15,16,7152,0.9104,2048.007,540.702,0.4306,0.473
6219,2048.007,keygen_C,40,2,24,13,16,7152,0.9104,2048.007,540.0373,0.4311,0.4735
6220,2048.007,keygen_C,40,2,13,19,16,5936,0.7556,2048.007,548.9882,0.3944,0.522
6221,2048.007,keygen_C,40,2,13,15,16,5104,0.6497,2048.007,540.3475,0.3703,0.57
6222,2048.007,keygen_C,40,2,20,12,16,5936,0.7556,2048.007,539.8822,0.3954,0.5232
6223,2048.007,keygen_C,40,2,11,18,16,5120,0.6517,2048.007,543.6709,0.3708,0.5689
6224,2048.007,keygen_C,40,2,11,15,16,4592,0.5845,2048.007,540.2589,0.3555,0.6081
6225,2048.007,keygen_C,40,2,12,13,16,4464,0.5682,2048.007,539.9044,0.3517,0.619
6226,2048.007,keygen_C,40,2,22,16,16,7760,0.9878,2048.007,541.7211,0.4483,0.4538
6227,2048.007,keygen_C,40,2,24,14,16,7536,0.9593,2048.007,540.3032,0.4422,0.461
6228,2048.007,keygen_C,40,2,20,17,16,7536,0.9593,2048.007,543.3164,0.4418,0.4605
6229,2048.007,keygen_C,40,2,18,19,16,7536,0.9593,2048.007,552.5331,0.4413,0.46
6230,2048.007,keygen_C,40,2,19,10,16,5120,0.6517,2048.007,539.7978,0.3717,0.5703
6231,2048.007,keygen_C,40,2,12,20,16,5808,0.7393,2048.007,556.787,0.3907,0.5285
6232,2048.007,keygen_C,40,2,14,17,16,5808,0.7393,2048.007,542.2529,0.3907,0.5285
6233,2048.007,keygen_C,40,2,18,13,16,5808,0.7393,2048.007,539.9708,0.3912,0.5291
6234,2048.007,keygen_C,40,2,12,14,16,4656,0.5927,2048.007,540.0373,0.3573,0.6029
6235,2048.007,keygen_C,40,2,19,18,16,7552,0.9613,2048.007,546.5068,0.4422,0.46
6236,2048.007,keygen_C,40,2,10,17,16,4656,0.5927,2048.007,541.5439,0.3568,0.6021
6237,2048.007,keygen_C,40,2,11,14,16,4416,0.5621,2048.007,540.0152,0.3503,0.6233
6238,2048.007,keygen_C,40,2,21,17,16,7824,0.9959,2048.007,543.4936,0.4501,0.452
6239,2048.007,keygen_C,40,2,15,13,16,5136,0.6538,2048.007,539.9376,0.3717,0.5685
6240,2048.007,keygen_C,40,2,13,12,16,4480,0.5703,2048.007,539.8435,0.3522,0.6176
6241,2048.007,keygen_C,40,2,14,14,16,5136,0.6538,2048.007,540.0816,0.3712,0.5678
6242,2048.007,keygen_C,40,2,10,20,16,5136,0.6538,2048.007,553.9511,0.3708,0.5671
6243,2048.007,keygen_C,40,2,9,19,16,4656,0.5927,2048.007,546.1523,0.3568,0.6021
6244,2048.007,keygen_C,40,2,14,20,16,6480,0.8248,2048.007,559.6229,0.4102,0.4973
6245,2048.007,keygen_C,40,2,21,13,16,6480,0.8248,2048.007,540.0041,0.4111,0.4984
6246,2048.007,keygen_C,40,2,13,18,16,5728,0.7291,2048.007,544.3798,0.3884,0.5327
6247,2048.007,keygen_C,40,2,19,12,16,5728,0.7291,2048.007,539.8767,0.3893,0.534
6248,2048.007,keygen_C,40,2,15,20,16,6816,0.8676,2048.007,561.0409,0.4204,0.4846
6249,2048.007,keygen_C,40,2,21,14,16,6816,0.8676,2048.007,540.2367,0.4209,0.4851
6250,2048.007,keygen_C,40,2,21,11,16,5808,0.7393,2048.007,539.8296,0.3916,0.5297
6251,2048.007,keygen_C,40,2,15,11,16,4656,0.5927,2048.007,539.813,0.3578,0.6037
6252,2048.007,keygen_C,40,2,21,9,16,5136,0.6538,2048.007,539.786,0.3722,0.5693
6253,2048.007,keygen_C,40,2,16,13,16,5360,0.6823,2048.007,539.9487,0.3782,0.5543
6254,2048.007,keygen_C,40,2,15,15,16,5616,0.7149,2048.007,540.4361,0.3856,0.5394
6255,2048.007,keygen_C,40,2,15,12,16,4896,0.6232,2048.007,539.8545,0.3647,0.5852
6256,2048.007,keygen_C,40,2,17,10,16,4768,0.6069,2048.007,539.795,0.361,0.5948
6257,2048.007,keygen_C,40,2,11,16,16,4768,0.6069,2048.007,540.7463,0.3606,0.5941
6258,2048.007,keygen_C,40,2,20,16,16,7216,0.9185,2048.007,541.5439,0.4325,0.4708
6259,2048.007,keygen_C,40,2,17,19,16,7216,0.9185,2048.007,551.8241,0.432,0.4703
6260,2048.007,keygen_C,40,2,23,14,16,7296,0.9287,2048.007,540.281,0.4353,0.4687
6261,2048.007,keygen_C,40,2,15,18,16,6336,0.8065,2048.007,545.0888,0.4065,0.504
6262,2048.007,keygen_C,40,2,9,16,16,4224,0.5377,2048.007,540.5691,0.3443,0.6404
6263,2048.007,keygen_C,40,2,17,16,16,6400,0.8147,2048.007,541.278,0.4084,0.5013
6264,2048.007,keygen_C,40,2,14,16,16,5584,0.7108,2048.007,541.0122,0.3842,0.5406
6265,2048.007,keygen_C,40,2,21,10,16,5472,0.6965,2048.007,539.8005,0.3819,0.5483
6266,2048.007,keygen_C,40,2,19,14,16,6336,0.8065,2048.007,540.1924,0.407,0.5046
6267,2048.007,keygen_C,40,2,11,20,16,5472,0.6965,2048.007,555.369,0.381,0.547
6268,2048.007,keygen_C,40,2,18,16,16,6672,0.8493,2048.007,541.3667,0.4162,0.4901
6269,2048.007,keygen_C,40,2,14,19,16,6256,0.7963,2048.007,549.6972,0.4037,0.507
6270,2048.007,keygen_C,40,2,23,13,16,6928,0.8819,2048.007,540.0262,0.4246,0.4815
6271,2048.007,keygen_C,40,2,17,17,16,6672,0.8493,2048.007,542.7846,0.4162,0.4901
6272,2048.007,keygen_C,40,2,22,13,16,6704,0.8534,2048.007,540.0152,0.4176,0.4894
6273,2048.007,keygen_C,40,2,17,13,16,5584,0.7108,2048.007,539.9598,0.3847,0.5412
6274,2048.007,keygen_C,40,2,12,18,16,5424,0.6904,2048.007,544.0253,0.3796,0.5498
6275,2048.007,keygen_C,40,2,16,16,16,6128,0.78,2048.007,541.1894,0.4005,0.5134
6276,2048.007,keygen_C,40,2,13,14,16,4896,0.6232,2048.007,540.0595,0.3643,0.5845
6277,2048.007,keygen_C,40,2,19,9,16,4816,0.613,2048.007,539.7846,0.3629,0.5919
6278,2048.007,keygen_C,40,2,18,17,16,6960,0.8859,2048.007,542.9619,0.4246,0.4793
6279,2048.007,keygen_C,40,2,23,8,16,5088,0.6477,2048.007,539.7794,0.3712,0.5732
6280,2048.007,keygen_C,40,2,10,18,16,4816,0.613,2048.007,543.3164,0.3615,0.5897
6281,2048.007,keygen_C,40,2,13,16,16,5312,0.6762,2048.007,540.9235,0.3763,0.5566
6282,2048.007,keygen_C,40,2,18,15,16,6384,0.8126,2048.007,540.5691,0.4079,0.5019
6283,2048.007,keygen_C,40,2,24,11,16,6384,0.8126,2048.007,539.8379,0.4088,0.5031
6284,2048.007,keygen_C,40,2,17,12,16,5312,0.6762,2048.007,539.8656,0.3768,0.5573
6285,2048.007,keygen_C,40,2,17,15,16,6128,0.78,2048.007,540.5247,0.4005,0.5134
6286,2048.007,keygen_C,40,2,7,20,16,4128,0.5255,2048.007,549.6972,0.3415,0.65
6287,2048.007,keygen_C,40,2,21,12,16,6144,0.7821,2048.007,539.8878,0.4014,0.5132
6288,2048.007,keygen_C,40,2,13,20,16,6144,0.7821,2048.007,558.205,0.4005,0.5121
6289,2048.007,keygen_C,40,2,9,20,16,4800,0.611,2048.007,552.5331,0.361,0.5909
6290,2048.007,keygen_C,40,2,18,12,16,5520,0.7026,2048.007,539.8711,0.3828,0.5448
6291,2048.007,keygen_C,40,2,19,16,16,6944,0.8839,2048.007,541.4553,0.4246,0.4804
6292,2048.007,keygen_C,40,2,17,18,16,6944,0.8839,2048.007,545.7978,0.4241,0.4798
6293,2048.007,keygen_C,40,2,16,17,16,6384,0.8126,2048.007,542.6074,0.4079,0.5019
6294,2048.007,keygen_C,40,2,19,17,16,7248,0.9226,2048.007,543.1391,0.4334,0.4698
6295,2048.007,keygen_C,40,2,13,17,16,5520,0.7026,2048.007,542.0756,0.3824,0.5442
6296,2048.007,keygen_C,40,2,15,17,16,6096,0.776,2048.007,542.4301,0.3995,0.5149
6297,2048.007,keygen_C,40,2,18,14,16,6096,0.776,2048.007,540.1703,0.3995,0.5149
6298,2048.007,keygen_C,40,2,20,13,16,6256,0.7963,2048.007,539.993,0.4046,0.5081
6299,2048.007,keygen_C,40,2,18,10,16,4944,0.6293,2048.007,539.7964,0.3661,0.5818
6300,2048.007,keygen_C,40,2,11,17,16,4944,0.6293,2048.007,541.7212,0.3657,0.581
6301,2048.007,keygen_C,40,2,12,17,16,5232,0.666,2048.007,541.8984,0.374,0.5616
6302,2048.007,keygen_C,40,2,23,9,16,5456,0.6945,2048.007,539.7874,0.3819,0.5499
6303,2048.007,keygen_C,40,2,22,9,16,5296,0.6741,2048.007,539.7867,0.3768,0.5589
6304,2048.007,keygen_C,40,2,23,15,16,7664,0.9756,2048.007,540.7906,0.4459,0.4571
6305,2048.007,keygen_C,40,2,20,15,16,6896,0.8778,2048.007,540.6577,0.4232,0.4821
6306,2048.007,keygen_C,40,2,16,19,16,6896,0.8778,2048.007,551.1152,0.4227,0.4816
6307,2048.007,keygen_C,40,2,20,9,16,4976,0.6334,2048.007,539.7853,0.3675,0.5802
6308,2048.007,keygen_C,40,2,22,10,16,5648,0.7189,2048.007,539.8019,0.387,0.5383
6309,2048.007,keygen_C,40,2,19,13,16,6032,0.7678,2048.007,539.9819,0.3981,0.5185
6310,2048.007,keygen_C,40,2,14,18,16,6032,0.7678,2048.007,544.7343,0.3972,0.5173
6311,2048.007,keygen_C,40,2,9,17,16,4368,0.556,2048.007,541.3667,0.3485,0.6268
6312,2048.007,keygen_C,40,2,10,19,16,4976,0.6334,2048.007,546.8613,0.3661,0.578
6313,2048.007,keygen_C,40,2,23,11,16,6192,0.7882,2048.007,539.8351,0.4032,0.5116
6314,2048.007,keygen_C,40,2,22,14,16,7056,0.8982,2048.007,540.2589,0.4278,0.4764
6315,2048.007,keygen_C,40,2,18,18,16,7248,0.9226,2048.007,546.1523,0.4329,0.4693
6316,2048.007,keygen_C,40,2,23,12,16,6560,0.835,2048.007,539.8988,0.4139,0.4957
6317,2048.007,keygen_C,40,2,22,12,16,6352,0.8086,2048.007,539.8933,0.4074,0.5039
6318,2048.007,keygen_C,40,2,14,13,16,4912,0.6253,2048.007,539.9265,0.3647,0.5833
6319,2048.007,keygen_C,40,2,24,8,16,5232,0.666,2048.007,539.7798,0.3754,0.5637
6320,2048.007,keygen_C,40,2,18,11,16,5232,0.666,2048.007,539.8213,0.3745,0.5623
6321,2048.007,keygen_C,40,2,9,18,16,4512,0.5743,2048.007,542.9619,0.3527,0.614
6322,2048.007,keygen_C,40,2,11,19,16,5296,0.6741,2048.007,547.5703,0.3759,0.5576
6323,2048.007,keygen_C,40,2,20,10,16,5296,0.6741,2048.007,539.7991,0.3768,0.5589
6324,2048.007,keygen_C,40,2,12,19,16,5616,0.7149,2048.007,548.2792,0.3852,0.5388
6325,2048.007,keygen_C,40,2,14,15,16,5360,0.6823,2048.007,540.3918,0.3777,0.5536
6326,2048.007,keygen_C,40,2,19,15,16,6640,0.8452,2048.007,540.6134,0.4158,0.4919
6327,2048.007,keygen_C,40,2,16,14,16,5616,0.7149,2048.007,540.1259,0.3856,0.5394
6328,2048.007,keygen_C,40,2,12,16,16,5040,0.6415,2048.007,540.8349,0.3684,0.5743
6329,2048.007,keygen_C,40,2,8,19,16,4336,0.5519,2048.007,545.4433,0.3476,0.6297
6330,2048.007,keygen_C,40,2,20,11,16,5616,0.7149,2048.007,539.8268,0.3861,0.5401
6331,2048.007,keygen_C,40,2,15,19,16,6576,0.8371,2048.007,550.4062,0.4135,0.4939
6332,2048.007,keygen_C,40,2,19,11,16,5424,0.6904,2048.007,539.8241,0.3805,0.5511
6333,2048.007,keygen_C,40,2,24,9,16,5616,0.7149,2048.007,539.7881,0.3865,0.5407
6334,2048.007,keygen_C,40,2,17,11,16,5040,0.6415,2048.007,539.8185,0.3689,0.575
6335,2048.007,keygen_C,40,2,10,15,16,4336,0.5519,2048.007,540.2146,0.3476,0.6297
6336,2048.007,keygen_C,40,2,16,18,16,6640,0.8452,2048.007,545.4433,0.4153,0.4914
6337,2048.007,keygen_C,40,2,20,14,16,6576,0.8371,2048.007,540.2146,0.4139,0.4945
6338,2048.007,keygen_C,40,2,12,15,16,4848,0.6171,2048.007,540.3032,0.3629,0.588
6339,2048.007,keygen_C,40,2,16,11,16,4848,0.6171,2048.007,539.8158,0.3633,0.5888
6340,2048.007,keygen_C,40,2,8,18,16,4208,0.5356,2048.007,542.6074,0.3439,0.6419
6341,2048.007,keygen_C,40,2,15,14,16,5376,0.6843,2048.007,540.1038,0.3787,0.5533
6342,3245.9656,keygen_C,40,2,22,10,32,5424,0.6904,3245.9656,855.5351,0.5448,0.789
6343,3245.9656,keygen_C,40,2,20,16,32,6992,0.89,3245.9656,857.2771,0.5903,0.6632
6344,3245.9656,keygen_C,40,2,13,15,32,4880,0.6212,3245.9656,856.0807,0.5281,0.8501
6345,3245.9656,keygen_C,40,2,17,19,32,6992,0.89,3245.9656,867.5574,0.5898,0.6627
6346,3245.9656,keygen_C,40,2,16,13,32,5136,0.6538,3245.9656,855.6819,0.536,0.8198
6347,3245.9656,keygen_C,40,2,17,10,32,4544,0.5784,3245.9656,855.5282,0.5188,0.8969
6348,3245.9656,keygen_C,40,2,18,14,32,5872,0.7475,3245.9656,855.9035,0.5573,0.7456
6349,3245.9656,keygen_C,40,2,15,17,32,5872,0.7475,3245.9656,858.1633,0.5573,0.7456
6350,3245.9656,keygen_C,40,2,19,17,32,7024,0.8941,3245.9656,858.8723,0.5912,0.6612
6351,3245.9656,keygen_C,40,2,18,18,32,7024,0.8941,3245.9656,861.8855,0.5907,0.6607
6352,3245.9656,keygen_C,40,2,14,16,32,5360,0.6823,3245.9656,856.7454,0.542,0.7944
6353,3245.9656,keygen_C,40,2,17,13,32,5360,0.6823,3245.9656,855.693,0.5425,0.7951
6354,3245.9656,keygen_C,40,2,17,20,32,7264,0.9246,3245.9656,879.61,0.5977,0.6464
6355,3245.9656,keygen_C,40,2,23,16,32,7808,0.9939,3245.9656,857.543,0.6144,0.6182
6356,3245.9656,keygen_C,40,2,21,16,32,7264,0.9246,3245.9656,857.3657,0.5981,0.6469
6357,3245.9656,keygen_C,40,2,21,9,32,4912,0.6253,3245.9656,855.5192,0.5299,0.8475
6358,3245.9656,keygen_C,40,2,16,12,32,4880,0.6212,3245.9656,855.5933,0.5285,0.8509
6359,3245.9656,keygen_C,40,2,15,13,32,4912,0.6253,3245.9656,855.6708,0.5295,0.8468
6360,3245.9656,keygen_C,40,2,10,20,32,4912,0.6253,3245.9656,869.6843,0.5285,0.8453
6361,3245.9656,keygen_C,40,2,12,19,32,5392,0.6864,3245.9656,864.0124,0.5429,0.791
6362,3245.9656,keygen_C,40,2,15,15,32,5392,0.6864,3245.9656,856.1693,0.5434,0.7917
6363,3245.9656,keygen_C,40,2,16,14,32,5392,0.6864,3245.9656,855.8592,0.5434,0.7917
6364,3245.9656,keygen_C,40,2,20,11,32,5392,0.6864,3245.9656,855.5601,0.5439,0.7924
6365,3245.9656,keygen_C,40,2,24,9,32,5392,0.6864,3245.9656,855.5213,0.5443,0.7931
6366,3245.9656,keygen_C,40,2,19,10,32,4896,0.6232,3245.9656,855.531,0.5295,0.8496
6367,3245.9656,keygen_C,40,2,11,18,32,4896,0.6232,3245.9656,859.4041,0.5285,0.8481
6368,3245.9656,keygen_C,40,2,15,14,32,5152,0.6558,3245.9656,855.837,0.5364,0.818
6369,3245.9656,keygen_C,40,2,11,16,32,4544,0.5784,3245.9656,856.4795,0.5183,0.8961
6370,3245.9656,keygen_C,40,2,14,14,32,4912,0.6253,3245.9656,855.8148,0.529,0.8461
6371,3245.9656,keygen_C,40,2,23,8,32,4864,0.6191,3245.9656,855.5126,0.529,0.8544
6372,3245.9656,keygen_C,40,2,12,18,32,5200,0.6619,3245.9656,859.7586,0.5374,0.8118
6373,3245.9656,keygen_C,40,2,19,13,32,5808,0.7393,3245.9656,855.7151,0.5559,0.7519
6374,3245.9656,keygen_C,40,2,18,13,32,5584,0.7108,3245.9656,855.7041,0.549,0.7723
6375,3245.9656,keygen_C,40,2,21,11,32,5584,0.7108,3245.9656,855.5628,0.5494,0.773
6376,3245.9656,keygen_C,40,2,21,10,32,5248,0.668,3245.9656,855.5337,0.5397,0.8079
6377,3245.9656,keygen_C,40,2,11,20,32,5248,0.668,3245.9656,871.1023,0.5387,0.8065
6378,3245.9656,keygen_C,40,2,23,10,32,5600,0.7128,3245.9656,855.5365,0.5503,0.7721
6379,3245.9656,keygen_C,40,2,23,14,32,7072,0.9002,3245.9656,856.0142,0.593,0.6588
6380,3245.9656,keygen_C,40,2,17,12,32,5088,0.6477,3245.9656,855.5988,0.5346,0.8254
6381,3245.9656,keygen_C,40,2,23,9,32,5232,0.666,3245.9656,855.5206,0.5397,0.8103
6382,3245.9656,keygen_C,40,2,20,12,32,5712,0.7271,3245.9656,855.6154,0.5531,0.7608
6383,3245.9656,keygen_C,40,2,13,19,32,5712,0.7271,3245.9656,864.7214,0.5522,0.7595
6384,3245.9656,keygen_C,40,2,13,14,32,4672,0.5947,3245.9656,855.7927,0.522,0.8778
6385,3245.9656,keygen_C,40,2,14,17,32,5584,0.7108,3245.9656,857.9861,0.5485,0.7717
6386,3245.9656,keygen_C,40,2,15,12,32,4672,0.5947,3245.9656,855.5877,0.5225,0.8786
6387,3245.9656,keygen_C,40,2,18,10,32,4720,0.6008,3245.9656,855.5296,0.5239,0.872
6388,3245.9656,keygen_C,40,2,11,17,32,4720,0.6008,3245.9656,857.4544,0.5234,0.8712
6389,3245.9656,keygen_C,40,2,22,15,32,7184,0.9145,3245.9656,856.4795,0.5958,0.6516
6390,3245.9656,keygen_C,40,2,15,16,32,5632,0.7169,3245.9656,856.834,0.5503,0.7677
6391,3245.9656,keygen_C,40,2,17,14,32,5632,0.7169,3245.9656,855.8813,0.5503,0.7677
6392,3245.9656,keygen_C,40,2,11,19,32,5072,0.6456,3245.9656,863.3035,0.5336,0.8266
6393,3245.9656,keygen_C,40,2,16,15,32,5648,0.7189,3245.9656,856.2136,0.5508,0.7661
6394,3245.9656,keygen_C,40,2,20,10,32,5072,0.6456,3245.9656,855.5324,0.5346,0.828
6395,3245.9656,keygen_C,40,2,22,9,32,5072,0.6456,3245.9656,855.5199,0.5346,0.828
6396,3245.9656,keygen_C,40,2,14,13,32,4688,0.5967,3245.9656,855.6598,0.5225,0.8756
6397,3245.9656,keygen_C,40,2,19,11,32,5200,0.6619,3245.9656,855.5573,0.5383,0.8132
6398,3245.9656,keygen_C,40,2,13,16,32,5088,0.6477,3245.9656,856.6568,0.5341,0.8247
6399,3245.9656,keygen_C,40,2,18,12,32,5296,0.6741,3245.9656,855.6044,0.5406,0.8019
6400,3245.9656,keygen_C,40,2,12,20,32,5584,0.7108,3245.9656,872.5202,0.5485,0.7717
6401,3245.9656,keygen_C,40,2,20,9,32,4752,0.6049,3245.9656,855.5185,0.5253,0.8684
6402,3245.9656,keygen_C,40,2,14,18,32,5808,0.7393,3245.9656,860.4675,0.555,0.7507
6403,3245.9656,keygen_C,40,2,13,17,32,5296,0.6741,3245.9656,857.8089,0.5401,0.8012
6404,3245.9656,keygen_C,40,2,9,20,32,4576,0.5825,3245.9656,868.2663,0.5188,0.8907
6405,3245.9656,keygen_C,40,2,24,10,32,5776,0.7352,3245.9656,855.5379,0.5555,0.7555
6406,3245.9656,keygen_C,40,2,22,11,32,5776,0.7352,3245.9656,855.5656,0.555,0.7548
6407,3245.9656,keygen_C,40,2,18,19,32,7312,0.9308,3245.9656,868.2663,0.5991,0.6436
6408,3245.9656,keygen_C,40,2,20,17,32,7312,0.9308,3245.9656,859.0496,0.5995,0.6441
6409,3245.9656,keygen_C,40,2,24,14,32,7312,0.9308,3245.9656,856.0364,0.6,0.6446
6410,3245.9656,keygen_C,40,2,17,11,32,4816,0.613,3245.9656,855.5517,0.5267,0.8591
6411,3245.9656,keygen_C,40,2,12,16,32,4816,0.613,3245.9656,856.5681,0.5262,0.8584
6412,3245.9656,keygen_C,40,2,10,18,32,4592,0.5845,3245.9656,859.0496,0.5193,0.8883
6413,3245.9656,keygen_C,40,2,10,19,32,4752,0.6049,3245.9656,862.5945,0.5239,0.8661
6414,3245.9656,keygen_C,40,2,23,15,32,7440,0.947,3245.9656,856.5238,0.6037,0.6375
6415,3245.9656,keygen_C,40,2,19,12,32,5504,0.7006,3245.9656,855.6099,0.5471,0.7809
6416,3245.9656,keygen_C,40,2,12,17,32,5008,0.6375,3245.9656,857.6316,0.5318,0.8342
6417,3245.9656,keygen_C,40,2,18,11,32,5008,0.6375,3245.9656,855.5545,0.5323,0.8349
6418,3245.9656,keygen_C,40,2,24,8,32,5008,0.6375,3245.9656,855.513,0.5332,0.8364
6419,3245.9656,keygen_C,40,2,19,18,32,7328,0.9328,3245.9656,862.24,0.6,0.6432
6420,3245.9656,keygen_C,40,2,22,14,32,6832,0.8697,3245.9656,855.9921,0.5856,0.6734
6421,3245.9656,keygen_C,40,2,12,15,32,4624,0.5886,3245.9656,856.0364,0.5206,0.8846
6422,3245.9656,keygen_C,40,2,16,11,32,4624,0.5886,3245.9656,855.549,0.5211,0.8854
6423,3245.9656,keygen_C,40,2,24,13,32,6928,0.8819,3245.9656,855.7705,0.5889,0.6677
6424,3245.9656,keygen_C,40,2,21,15,32,6928,0.8819,3245.9656,856.4352,0.5884,0.6672
6425,3245.9656,keygen_C,40,2,16,20,32,6928,0.8819,3245.9656,878.1921,0.5879,0.6667
6426,3245.9656,keygen_C,40,2,13,18,32,5504,0.7006,3245.9656,860.113,0.5462,0.7796
6427,3245.9656,keygen_C,40,2,19,9,32,4592,0.5845,3245.9656,855.5178,0.5206,0.8907
6428,3245.9656,keygen_C,40,2,14,15,32,5136,0.6538,3245.9656,856.125,0.5355,0.8191
6429,3245.9656,keygen_C,40,2,23,12,32,6336,0.8065,3245.9656,855.6321,0.5717,0.7088
6430,3245.9656,keygen_C,40,2,21,12,32,5920,0.7536,3245.9656,855.621,0.5592,0.742
6431,3245.9656,keygen_C,40,2,13,20,32,5920,0.7536,3245.9656,873.9382,0.5582,0.7408
6432,3245.9656,keygen_C,40,2,17,17,32,6448,0.8208,3245.9656,858.5178,0.574,0.6994
6433,3245.9656,keygen_C,40,2,18,16,32,6448,0.8208,3245.9656,857.0999,0.574,0.6994
6434,3245.9656,keygen_C,40,2,11,14,32,4192,0.5336,3245.9656,855.7484,0.5081,0.9522
6435,3245.9656,keygen_C,40,2,21,13,32,6256,0.7963,3245.9656,855.7373,0.5689,0.7144
6436,3245.9656,keygen_C,40,2,14,20,32,6256,0.7963,3245.9656,875.3562,0.568,0.7132
6437,3245.9656,keygen_C,40,2,9,16,32,4000,0.5092,3245.9656,856.3023,0.5021,0.9861
6438,3245.9656,keygen_C,40,2,23,13,32,6704,0.8534,3245.9656,855.7595,0.5824,0.6824
6439,3245.9656,keygen_C,40,2,8,18,32,3984,0.5071,3245.9656,858.3406,0.5016,0.9891
6440,3245.9656,keygen_C,40,2,17,15,32,5904,0.7515,3245.9656,856.258,0.5582,0.7428
6441,3245.9656,keygen_C,40,2,16,16,32,5904,0.7515,3245.9656,856.9226,0.5582,0.7428
6442,3245.9656,keygen_C,40,2,22,13,32,6480,0.8248,3245.9656,855.7484,0.5754,0.6976
6443,3245.9656,keygen_C,40,2,20,18,32,7632,0.9715,3245.9656,862.5945,0.6088,0.6267
6444,3245.9656,keygen_C,40,2,19,19,32,7632,0.9715,3245.9656,868.9753,0.6088,0.6267
6445,3245.9656,keygen_C,40,2,8,20,32,4240,0.5397,3245.9656,866.8484,0.509,0.9432
6446,3245.9656,keygen_C,40,2,12,13,32,4240,0.5397,3245.9656,855.6376,0.5095,0.944
6447,3245.9656,keygen_C,40,2,14,19,32,6032,0.7678,3245.9656,865.4304,0.5615,0.7313
6448,3245.9656,keygen_C,40,2,17,18,32,6720,0.8554,3245.9656,861.531,0.5819,0.6803
6449,3245.9656,keygen_C,40,2,9,17,32,4144,0.5275,3245.9656,857.0999,0.5063,0.9598
6450,3245.9656,keygen_C,40,2,19,16,32,6720,0.8554,3245.9656,857.1885,0.5824,0.6808
6451,3245.9656,keygen_C,40,2,9,19,32,4432,0.5642,3245.9656,861.8855,0.5146,0.9122
6452,3245.9656,keygen_C,40,2,18,17,32,6736,0.8574,3245.9656,858.6951,0.5824,0.6792
6453,3245.9656,keygen_C,40,2,10,17,32,4432,0.5642,3245.9656,857.2771,0.5146,0.9122
6454,3245.9656,keygen_C,40,2,12,14,32,4432,0.5642,3245.9656,855.7705,0.5151,0.913
6455,3245.9656,keygen_C,40,2,15,11,32,4432,0.5642,3245.9656,855.5462,0.5155,0.9138
6456,3245.9656,keygen_C,40,2,15,20,32,6592,0.8391,3245.9656,876.7741,0.5782,0.6891
6457,3245.9656,keygen_C,40,2,21,14,32,6592,0.8391,3245.9656,855.9699,0.5787,0.6896
6458,3245.9656,keygen_C,40,2,8,19,32,4112,0.5234,3245.9656,861.1765,0.5053,0.9654
6459,3245.9656,keygen_C,40,2,15,18,32,6112,0.778,3245.9656,860.822,0.5643,0.7253
6460,3245.9656,keygen_C,40,2,10,15,32,4112,0.5234,3245.9656,855.9478,0.5053,0.9654
6461,3245.9656,keygen_C,40,2,16,18,32,6416,0.8167,3245.9656,861.1765,0.5731,0.7017
6462,3245.9656,keygen_C,40,2,22,16,32,7536,0.9593,3245.9656,857.4544,0.606,0.6318
6463,3245.9656,keygen_C,40,2,15,19,32,6352,0.8086,3245.9656,866.1394,0.5712,0.7065
6464,3245.9656,keygen_C,40,2,24,15,32,7696,0.9796,3245.9656,856.5681,0.6111,0.6238
6465,3245.9656,keygen_C,40,2,19,15,32,6416,0.8167,3245.9656,856.3466,0.5735,0.7023
6466,3245.9656,keygen_C,40,2,11,15,32,4368,0.556,3245.9656,855.9921,0.5132,0.9231
6467,3245.9656,keygen_C,40,2,13,13,32,4464,0.5682,3245.9656,855.6487,0.516,0.9081
6468,3245.9656,keygen_C,40,2,14,12,32,4464,0.5682,3245.9656,855.5822,0.516,0.9081
6469,3245.9656,keygen_C,40,2,20,14,32,6352,0.8086,3245.9656,855.9478,0.5717,0.7071
6470,3245.9656,keygen_C,40,2,19,14,32,6112,0.778,3245.9656,855.9256,0.5647,0.7259
6471,3245.9656,keygen_C,40,2,20,13,32,6032,0.7678,3245.9656,855.7262,0.5624,0.7325
6472,3245.9656,keygen_C,40,2,23,11,32,5968,0.7597,3245.9656,855.5684,0.561,0.7385
6473,3245.9656,keygen_C,40,2,10,16,32,4272,0.5438,3245.9656,856.3909,0.51,0.9378
6474,3245.9656,keygen_C,40,2,9,18,32,4288,0.5458,3245.9656,858.6951,0.5104,0.9352
6475,3245.9656,keygen_C,40,2,16,17,32,6160,0.7841,3245.9656,858.3406,0.5657,0.7214
6476,3245.9656,keygen_C,40,2,21,17,32,7600,0.9674,3245.9656,859.2268,0.6079,0.6284
6477,3245.9656,keygen_C,40,2,13,12,32,4256,0.5418,3245.9656,855.5767,0.51,0.9413
6478,3245.9656,keygen_C,40,2,24,12,32,6544,0.833,3245.9656,855.6376,0.5777,0.6936
6479,3245.9656,keygen_C,40,2,22,12,32,6128,0.78,3245.9656,855.6265,0.5652,0.7246
6480,3245.9656,keygen_C,40,2,18,15,32,6160,0.7841,3245.9656,856.3023,0.5657,0.7214
6481,3245.9656,keygen_C,40,2,24,11,32,6160,0.7841,3245.9656,855.5711,0.5666,0.7226
6482,3245.9656,keygen_C,40,2,18,20,32,7600,0.9674,3245.9656,881.028,0.6074,0.6279
6483,3245.9656,keygen_C,40,2,7,20,32,3904,0.4969,3245.9656,865.4304,0.4993,1.0047
6484,3245.9656,keygen_C,40,2,16,19,32,6672,0.8493,3245.9656,866.8484,0.5805,0.6835
6485,3245.9656,keygen_C,40,2,20,15,32,6672,0.8493,3245.9656,856.3909,0.581,0.6841
6486,3245.9656,keygen_C,40,2,17,16,32,6176,0.7862,3245.9656,857.0112,0.5661,0.7201
6487,4096.014,keygen_C,42,2,23,9,16,5488,0.6986,4096.014,1079.5588,0.3828,0.548
6488,4096.014,keygen_C,42,2,21,8,16,4832,0.6151,4096.014,1079.5502,0.3633,0.5907
6489,4096.014,keygen_C,42,2,9,19,16,4688,0.5967,4096.014,1085.9237,0.3578,0.5995
6490,4096.014,keygen_C,42,2,12,17,16,5264,0.6701,4096.014,1081.6698,0.3749,0.5596
6491,4096.014,keygen_C,42,2,17,15,16,6160,0.7841,4096.014,1080.2962,0.4014,0.5119
6492,4096.014,keygen_C,42,2,10,17,16,4688,0.5967,4096.014,1081.3154,0.3578,0.5995
6493,4096.014,keygen_C,42,2,12,14,16,4688,0.5967,4096.014,1079.8088,0.3582,0.6003
6494,4096.014,keygen_C,42,2,15,11,16,4688,0.5967,4096.014,1079.5844,0.3587,0.6011
6495,4096.014,keygen_C,42,2,18,9,16,4688,0.5967,4096.014,1079.5554,0.3587,0.6011
6496,4096.014,keygen_C,42,2,20,8,16,4688,0.5967,4096.014,1079.5498,0.3592,0.6019
6497,4096.014,keygen_C,42,2,20,14,16,6608,0.8411,4096.014,1079.986,0.4148,0.4932
6498,4096.014,keygen_C,42,2,16,16,16,6160,0.7841,4096.014,1080.9609,0.4014,0.5119
6499,4096.014,keygen_C,42,2,23,15,16,7696,0.9796,4096.014,1080.5621,0.4469,0.4562
6500,4096.014,keygen_C,42,2,17,19,16,7248,0.9226,4096.014,1091.5956,0.4329,0.4693
6501,4096.014,keygen_C,42,2,22,10,16,5680,0.723,4096.014,1079.5734,0.3879,0.5366
6502,4096.014,keygen_C,42,2,20,16,16,7248,0.9226,4096.014,1081.3154,0.4334,0.4698
6503,4096.014,keygen_C,42,2,11,19,16,5328,0.6782,4096.014,1087.3417,0.3768,0.5556
6504,4096.014,keygen_C,42,2,11,20,16,5504,0.7006,4096.014,1095.1405,0.3819,0.5451
6505,4096.014,keygen_C,42,2,20,10,16,5328,0.6782,4096.014,1079.5706,0.3777,0.5569
6506,4096.014,keygen_C,42,2,22,9,16,5328,0.6782,4096.014,1079.5581,0.3777,0.5569
6507,4096.014,keygen_C,42,2,10,15,16,4368,0.556,4096.014,1079.986,0.3485,0.6268
6508,4096.014,keygen_C,42,2,15,19,16,6608,0.8411,4096.014,1090.1776,0.4144,0.4926
6509,4096.014,keygen_C,42,2,18,11,16,5264,0.6701,4096.014,1079.5928,0.3754,0.5603
6510,4096.014,keygen_C,42,2,24,14,16,7568,0.9633,4096.014,1080.0746,0.4432,0.46
6511,4096.014,keygen_C,42,2,24,8,16,5264,0.6701,4096.014,1079.5512,0.3763,0.5616
6512,4096.014,keygen_C,42,2,15,20,16,6848,0.8717,4096.014,1100.8124,0.4213,0.4834
6513,4096.014,keygen_C,42,2,21,14,16,6848,0.8717,4096.014,1080.0082,0.4218,0.4839
6514,4096.014,keygen_C,42,2,20,9,16,5008,0.6375,4096.014,1079.5567,0.3684,0.578
6515,4096.014,keygen_C,42,2,10,19,16,5008,0.6375,4096.014,1086.6327,0.3671,0.5758
6516,4096.014,keygen_C,42,2,23,12,16,6592,0.8391,4096.014,1079.6703,0.4148,0.4944
6517,4096.014,keygen_C,42,2,11,13,16,4272,0.5438,4096.014,1079.6648,0.3462,0.6366
6518,4096.014,keygen_C,42,2,22,8,16,4976,0.6334,4096.014,1079.5505,0.3675,0.5802
6519,4096.014,keygen_C,42,2,19,14,16,6368,0.8106,4096.014,1079.9639,0.4079,0.5032
6520,4096.014,keygen_C,42,2,15,18,16,6368,0.8106,4096.014,1084.8603,0.4074,0.5026
6521,4096.014,keygen_C,42,2,23,13,16,6960,0.8859,4096.014,1079.7977,0.4255,0.4803
6522,4096.014,keygen_C,42,2,18,10,16,4976,0.6334,4096.014,1079.5678,0.3671,0.5795
6523,4096.014,keygen_C,42,2,22,12,16,6384,0.8126,4096.014,1079.6648,0.4084,0.5025
6524,4096.014,keygen_C,42,2,9,20,16,4832,0.6151,4096.014,1092.3046,0.3619,0.5885
6525,4096.014,keygen_C,42,2,19,15,16,6672,0.8493,4096.014,1080.3848,0.4167,0.4907
6526,4096.014,keygen_C,42,2,16,18,16,6672,0.8493,4096.014,1085.2148,0.4162,0.4901
6527,4096.014,keygen_C,42,2,9,17,16,4400,0.5601,4096.014,1081.1381,0.3494,0.6239
6528,4096.014,keygen_C,42,2,9,15,16,4112,0.5234,4096.014,1079.9417,0.3411,0.6516
6529,4096.014,keygen_C,42,2,22,13,16,6736,0.8574,4096.014,1079.7866,0.4186,0.4882
6530,4096.014,keygen_C,42,2,18,19,16,7568,0.9633,4096.014,1092.3046,0.4422,0.4591
6531,4096.014,keygen_C,42,2,20,17,16,7568,0.9633,4096.014,1083.0878,0.4427,0.4595
6532,4096.014,keygen_C,42,2,11,17,16,4976,0.6334,4096.014,1081.4926,0.3666,0.5788
6533,4096.014,keygen_C,42,2,21,10,16,5504,0.7006,4096.014,1079.572,0.3828,0.5464
6534,4096.014,keygen_C,42,2,18,12,16,5552,0.7067,4096.014,1079.6426,0.3838,0.543
6535,4096.014,keygen_C,42,2,17,10,16,4800,0.611,4096.014,1079.5664,0.3619,0.5924
6536,4096.014,keygen_C,42,2,14,16,16,5616,0.7149,4096.014,1080.7836,0.3852,0.5388
6537,4096.014,keygen_C,42,2,10,14,16,4208,0.5356,4096.014,1079.7645,0.3439,0.6419
6538,4096.014,keygen_C,42,2,14,15,16,5392,0.6864,4096.014,1080.1633,0.3787,0.5517
6539,4096.014,keygen_C,42,2,16,13,16,5392,0.6864,4096.014,1079.7201,0.3791,0.5524
6540,4096.014,keygen_C,42,2,18,18,16,7280,0.9267,4096.014,1085.9237,0.4339,0.4682
6541,4096.014,keygen_C,42,2,19,17,16,7280,0.9267,4096.014,1082.9106,0.4343,0.4687
6542,4096.014,keygen_C,42,2,18,16,16,6704,0.8534,4096.014,1081.1381,0.4172,0.4889
6543,4096.014,keygen_C,42,2,17,17,16,6704,0.8534,4096.014,1082.5561,0.4172,0.4889
6544,4096.014,keygen_C,42,2,8,18,16,4240,0.5397,4096.014,1082.3788,0.3448,0.6388
6545,4096.014,keygen_C,42,2,13,20,16,6176,0.7862,4096.014,1097.9764,0.4014,0.5106
6546,4096.014,keygen_C,42,2,23,11,16,6224,0.7923,4096.014,1079.6066,0.4042,0.5102
6547,4096.014,keygen_C,42,2,23,14,16,7328,0.9328,4096.014,1080.0525,0.4362,0.4676
6548,4096.014,keygen_C,42,2,19,11,16,5456,0.6945,4096.014,1079.5955,0.3814,0.5492
6549,4096.014,keygen_C,42,2,15,14,16,5408,0.6884,4096.014,1079.8752,0.3796,0.5514
6550,4096.014,keygen_C,42,2,21,12,16,6176,0.7862,4096.014,1079.6592,0.4023,0.5118
6551,4096.014,keygen_C,42,2,16,19,16,6928,0.8819,4096.014,1090.8866,0.4237,0.4804
6552,4096.014,keygen_C,42,2,20,15,16,6928,0.8819,4096.014,1080.4291,0.4241,0.4809
6553,4096.014,keygen_C,42,2,18,14,16,6128,0.78,4096.014,1079.9417,0.4005,0.5134
6554,4096.014,keygen_C,42,2,15,17,16,6128,0.78,4096.014,1082.2016,0.4005,0.5134
6555,4096.014,keygen_C,42,2,18,17,16,6992,0.89,4096.014,1082.7333,0.4255,0.4781
6556,4096.014,keygen_C,42,2,16,11,16,4880,0.6212,4096.014,1079.5872,0.3643,0.5864
6557,4096.014,keygen_C,42,2,12,15,16,4880,0.6212,4096.014,1080.0746,0.3638,0.5857
6558,4096.014,keygen_C,42,2,12,12,16,4304,0.5479,4096.014,1079.6094,0.3471,0.6336
6559,4096.014,keygen_C,42,2,13,11,16,4304,0.5479,4096.014,1079.5789,0.3471,0.6336
6560,4096.014,keygen_C,42,2,12,18,16,5456,0.6945,4096.014,1083.7968,0.3805,0.5479
6561,4096.014,keygen_C,42,2,17,13,16,5616,0.7149,4096.014,1079.7312,0.3856,0.5394
6562,4096.014,keygen_C,42,2,19,13,16,6064,0.7719,4096.014,1079.7534,0.3991,0.517
6563,4096.014,keygen_C,42,2,14,18,16,6064,0.7719,4096.014,1084.5058,0.3981,0.5158
6564,4096.014,keygen_C,42,2,13,17,16,5552,0.7067,4096.014,1081.8471,0.3833,0.5424
6565,4096.014,keygen_C,42,2,9,16,16,4256,0.5418,4096.014,1080.3405,0.3452,0.6373
6566,4096.014,keygen_C,42,2,13,16,16,5344,0.6802,4096.014,1080.695,0.3773,0.5546
6567,4096.014,keygen_C,42,2,17,12,16,5344,0.6802,4096.014,1079.6371,0.3777,0.5553
6568,4096.014,keygen_C,42,2,7,20,16,4160,0.5295,4096.014,1089.4686,0.3425,0.6467
6569,4096.014,keygen_C,42,2,13,13,16,4720,0.6008,4096.014,1079.6869,0.3592,0.5978
6570,4096.014,keygen_C,42,2,14,12,16,4720,0.6008,4096.014,1079.6204,0.3592,0.5978
6571,4096.014,keygen_C,42,2,24,9,16,5648,0.7189,4096.014,1079.5595,0.3875,0.5389
6572,4096.014,keygen_C,42,2,20,11,16,5648,0.7189,4096.014,1079.5983,0.387,0.5383
6573,4096.014,keygen_C,42,2,16,14,16,5648,0.7189,4096.014,1079.8974,0.3865,0.5377
6574,4096.014,keygen_C,42,2,15,15,16,5648,0.7189,4096.014,1080.2076,0.3865,0.5377
6575,4096.014,keygen_C,42,2,12,19,16,5648,0.7189,4096.014,1088.0507,0.3861,0.537
6576,4096.014,keygen_C,42,2,22,11,16,6032,0.7678,4096.014,1079.6038,0.3981,0.5185
6577,4096.014,keygen_C,42,2,24,10,16,6032,0.7678,4096.014,1079.5761,0.3986,0.5191
6578,4096.014,keygen_C,42,2,15,12,16,4928,0.6273,4096.014,1079.626,0.3657,0.5829
6579,4096.014,keygen_C,42,2,13,14,16,4928,0.6273,4096.014,1079.8309,0.3652,0.5822
6580,4096.014,keygen_C,42,2,20,13,16,6288,0.8004,4096.014,1079.7645,0.4056,0.5067
6581,4096.014,keygen_C,42,2,11,16,16,4800,0.611,4096.014,1080.5178,0.3615,0.5916
6582,4096.014,keygen_C,42,2,10,18,16,4848,0.6171,4096.014,1083.0878,0.3624,0.5873
6583,4096.014,keygen_C,42,2,19,9,16,4848,0.6171,4096.014,1079.5561,0.3638,0.5895
6584,4096.014,keygen_C,42,2,17,18,16,6976,0.888,4096.014,1085.5692,0.4251,0.4787
6585,4096.014,keygen_C,42,2,8,17,16,4112,0.5234,4096.014,1080.9609,0.3411,0.6516
6586,4096.014,keygen_C,42,2,14,19,16,6288,0.8004,4096.014,1089.4686,0.4046,0.5055
6587,4096.014,keygen_C,42,2,19,18,16,7584,0.9654,4096.014,1086.2782,0.4432,0.459
6588,4096.014,keygen_C,42,2,19,16,16,6976,0.888,4096.014,1081.2267,0.4255,0.4792
6589,4096.014,keygen_C,42,2,8,19,16,4368,0.556,4096.014,1085.2148,0.3485,0.6268
6590,4096.014,keygen_C,42,2,14,13,16,4944,0.6293,4096.014,1079.698,0.3657,0.581
6591,4096.014,keygen_C,42,2,19,12,16,5760,0.7332,4096.014,1079.6481,0.3903,0.5323
6592,4096.014,keygen_C,42,2,11,15,16,4624,0.5886,4096.014,1080.0303,0.3564,0.6055
6593,4096.014,keygen_C,42,2,24,12,16,6800,0.8656,4096.014,1079.6758,0.4209,0.4862
6594,4096.014,keygen_C,42,2,8,20,16,4496,0.5723,4096.014,1090.8866,0.3522,0.6154
6595,4096.014,keygen_C,42,2,16,17,16,6416,0.8167,4096.014,1082.3788,0.4088,0.5006
6596,4096.014,keygen_C,42,2,9,18,16,4544,0.5784,4096.014,1082.7333,0.3536,0.6113
6597,4096.014,keygen_C,42,2,17,9,16,4528,0.5764,4096.014,1079.5547,0.3541,0.6143
6598,4096.014,keygen_C,42,2,7,19,16,4048,0.5153,4096.014,1084.5058,0.3392,0.6583
6599,4096.014,keygen_C,42,2,17,11,16,5072,0.6456,4096.014,1079.59,0.3698,0.5728
6600,4096.014,keygen_C,42,2,18,15,16,6416,0.8167,4096.014,1080.3405,0.4088,0.5006
6601,4096.014,keygen_C,42,2,24,13,16,7184,0.9145,4096.014,1079.8088,0.432,0.4724
6602,4096.014,keygen_C,42,2,17,16,16,6432,0.8187,4096.014,1081.0495,0.4093,0.4999
6603,4096.014,keygen_C,42,2,16,10,16,4624,0.5886,4096.014,1079.5651,0.3568,0.6063
6604,4096.014,keygen_C,42,2,23,8,16,5120,0.6517,4096.014,1079.5509,0.3722,0.571
6605,4096.014,keygen_C,42,2,24,11,16,6416,0.8167,4096.014,1079.6094,0.4097,0.5017
6606,4096.014,keygen_C,42,2,22,15,16,7440,0.947,4096.014,1080.5177,0.439,0.4635
6607,4096.014,keygen_C,42,2,17,20,16,7520,0.9572,4096.014,1103.6483,0.4408,0.4605
6608,4096.014,keygen_C,42,2,11,14,16,4448,0.5662,4096.014,1079.7866,0.3513,0.6204
6609,4096.014,keygen_C,42,2,15,10,16,4448,0.5662,4096.014,1079.5637,0.3517,0.6212
6610,4096.014,keygen_C,42,2,21,15,16,7184,0.9145,4096.014,1080.4734,0.4316,0.4719
6611,4096.014,keygen_C,42,2,16,20,16,7184,0.9145,4096.014,1102.2303,0.4311,0.4714
6612,4096.014,keygen_C,42,2,13,18,16,5760,0.7332,4096.014,1084.1513,0.3893,0.531
6613,4096.014,keygen_C,42,2,14,11,16,4496,0.5723,4096.014,1079.5817,0.3527,0.6162
6614,4096.014,keygen_C,42,2,12,13,16,4496,0.5723,4096.014,1079.6758,0.3527,0.6162
6615,4096.014,keygen_C,42,2,21,16,16,7520,0.9572,4096.014,1081.404,0.4413,0.461
6616,4096.014,keygen_C,42,2,23,10,16,5856,0.7454,4096.014,1079.5747,0.3935,0.5279
6617,4096.014,keygen_C,42,2,16,15,16,5904,0.7515,4096.014,1080.2519,0.394,0.5242
6618,4096.014,keygen_C,42,2,10,16,16,4528,0.5764,4096.014,1080.4291,0.3531,0.6127
6619,4096.014,keygen_C,42,2,22,16,16,7792,0.9919,4096.014,1081.4926,0.4492,0.4529
6620,4096.014,keygen_C,42,2,11,18,16,5152,0.6558,4096.014,1083.4423,0.3717,0.5668
6621,4096.014,keygen_C,42,2,14,17,16,5840,0.7434,4096.014,1082.0243,0.3916,0.5268
6622,4096.014,keygen_C,42,2,19,10,16,5152,0.6558,4096.014,1079.5692,0.3726,0.5682
6623,4096.014,keygen_C,42,2,22,14,16,7088,0.9022,4096.014,1080.0303,0.4288,0.4752
6624,4096.014,keygen_C,42,2,20,12,16,5968,0.7597,4096.014,1079.6537,0.3963,0.5217
6625,4096.014,keygen_C,42,2,13,19,16,5968,0.7597,4096.014,1088.7597,0.3954,0.5204
6626,4096.014,keygen_C,42,2,16,12,16,5136,0.6538,4096.014,1079.6315,0.3717,0.5685
6627,4096.014,keygen_C,42,2,13,12,16,4512,0.5743,4096.014,1079.6149,0.3531,0.6149
6628,4096.014,keygen_C,42,2,13,15,16,5136,0.6538,4096.014,1080.119,0.3712,0.5678
6629,4096.014,keygen_C,42,2,21,11,16,5840,0.7434,4096.014,1079.6011,0.3926,0.5281
6630,4096.014,keygen_C,42,2,14,14,16,5168,0.6578,4096.014,1079.8531,0.3722,0.5657
6631,4096.014,keygen_C,42,2,10,20,16,5168,0.6578,4096.014,1093.7225,0.3717,0.565
6632,4096.014,keygen_C,42,2,21,13,16,6512,0.8289,4096.014,1079.7755,0.4121,0.4971
6633,4096.014,keygen_C,42,2,15,13,16,5168,0.6578,4096.014,1079.7091,0.3726,0.5664
6634,4096.014,keygen_C,42,2,21,9,16,5168,0.6578,4096.014,1079.5574,0.3731,0.5671
6635,4096.014,keygen_C,42,2,14,20,16,6512,0.8289,4096.014,1099.3944,0.4111,0.496
6636,4096.014,keygen_C,42,2,12,16,16,5072,0.6456,4096.014,1080.6064,0.3694,0.5721
6637,4096.014,keygen_C,42,2,15,16,16,5888,0.7495,4096.014,1080.8722,0.3935,0.525
6638,4096.014,keygen_C,42,2,12,20,16,5840,0.7434,4096.014,1096.5585,0.3916,0.5268
6639,4096.014,keygen_C,42,2,18,13,16,5840,0.7434,4096.014,1079.7423,0.3921,0.5275
6640,4096.014,keygen_C,42,2,17,14,16,5888,0.7495,4096.014,1079.9195,0.3935,0.525
6641,6491.9311,keygen_C,42,2,17,16,32,6208,0.7902,6491.9311,1712.5159,0.5671,0.7176
6642,6491.9311,keygen_C,42,2,15,10,32,4224,0.5377,6491.9311,1711.0301,0.5095,0.9476
6643,6491.9311,keygen_C,42,2,21,17,32,7632,0.9715,6491.9311,1714.7315,0.6088,0.6267
6644,6491.9311,keygen_C,42,2,18,20,32,7632,0.9715,6491.9311,1736.5327,0.6084,0.6262
6645,6491.9311,keygen_C,42,2,15,17,32,5904,0.7515,6491.9311,1713.668,0.5582,0.7428
6646,6491.9311,keygen_C,42,2,23,15,32,7472,0.9511,6491.9311,1712.0285,0.6046,0.6357
6647,6491.9311,keygen_C,42,2,17,17,32,6480,0.8248,6491.9311,1714.0225,0.5749,0.697
6648,6491.9311,keygen_C,42,2,11,17,32,4752,0.6049,6491.9311,1712.959,0.5244,0.8669
6649,6491.9311,keygen_C,42,2,11,19,32,5104,0.6497,6491.9311,1718.8081,0.5346,0.8228
6650,6491.9311,keygen_C,42,2,15,19,32,6384,0.8126,6491.9311,1721.6441,0.5722,0.7041
6651,6491.9311,keygen_C,42,2,19,18,32,7360,0.9369,6491.9311,1717.7447,0.6009,0.6414
6652,6491.9311,keygen_C,42,2,11,14,32,4224,0.5377,6491.9311,1711.253,0.509,0.9468
6653,6491.9311,keygen_C,42,2,16,12,32,4912,0.6253,6491.9311,1711.098,0.5295,0.8468
6654,6491.9311,keygen_C,42,2,22,11,32,5808,0.7393,6491.9311,1711.0703,0.5559,0.7519
6655,6491.9311,keygen_C,42,2,21,11,32,5616,0.7149,6491.9311,1711.0675,0.5503,0.7699
6656,6491.9311,keygen_C,42,2,18,13,32,5616,0.7149,6491.9311,1711.2087,0.5499,0.7692
6657,6491.9311,keygen_C,42,2,14,17,32,5616,0.7149,6491.9311,1713.4908,0.5494,0.7686
6658,6491.9311,keygen_C,42,2,12,20,32,5616,0.7149,6491.9311,1728.0249,0.5494,0.7686
6659,6491.9311,keygen_C,42,2,24,10,32,5808,0.7393,6491.9311,1711.0426,0.5564,0.7526
6660,6491.9311,keygen_C,42,2,13,15,32,4912,0.6253,6491.9311,1711.5854,0.529,0.8461
6661,6491.9311,keygen_C,42,2,20,14,32,6384,0.8126,6491.9311,1711.4524,0.5726,0.7047
6662,6491.9311,keygen_C,42,2,23,14,32,7104,0.9043,6491.9311,1711.5189,0.594,0.6568
6663,6491.9311,keygen_C,42,2,14,19,32,6064,0.7719,6491.9311,1720.9351,0.5624,0.7286
6664,6491.9311,keygen_C,42,2,20,13,32,6064,0.7719,6491.9311,1711.2309,0.5633,0.7298
6665,6491.9311,keygen_C,42,2,20,15,32,6704,0.8534,6491.9311,1711.8956,0.5819,0.6819
6666,6491.9311,keygen_C,42,2,16,19,32,6704,0.8534,6491.9311,1722.353,0.5814,0.6814
6667,6491.9311,keygen_C,42,2,9,18,32,4320,0.5499,6491.9311,1714.1998,0.5114,0.9299
6668,6491.9311,keygen_C,42,2,18,17,32,6768,0.8615,6491.9311,1714.1997,0.5833,0.6771
6669,6491.9311,keygen_C,42,2,9,15,32,3888,0.4949,6491.9311,1711.4081,0.4988,1.0079
6670,6491.9311,keygen_C,42,2,14,16,32,5392,0.6864,6491.9311,1712.25,0.5429,0.791
6671,6491.9311,keygen_C,42,2,17,13,32,5392,0.6864,6491.9311,1711.1977,0.5434,0.7917
6672,6491.9311,keygen_C,42,2,10,14,32,3984,0.5071,6491.9311,1711.2309,0.5016,0.9891
6673,6491.9311,keygen_C,42,2,18,14,32,5904,0.7515,6491.9311,1711.4081,0.5582,0.7428
6674,6491.9311,keygen_C,42,2,23,8,32,4896,0.6232,6491.9311,1711.0173,0.5299,0.8503
6675,6491.9311,keygen_C,42,2,17,9,32,4304,0.5479,6491.9311,1711.0211,0.5118,0.9342
6676,6491.9311,keygen_C,42,2,19,13,32,5840,0.7434,6491.9311,1711.2198,0.5568,0.7491
6677,6491.9311,keygen_C,42,2,10,16,32,4304,0.5479,6491.9311,1711.8956,0.5109,0.9325
6678,6491.9311,keygen_C,42,2,20,9,32,4784,0.609,6491.9311,1711.0232,0.5262,0.8641
6679,6491.9311,keygen_C,42,2,17,20,32,7296,0.9287,6491.9311,1735.1147,0.5986,0.6446
6680,6491.9311,keygen_C,42,2,21,16,32,7296,0.9287,6491.9311,1712.8704,0.5991,0.6451
6681,6491.9311,keygen_C,42,2,17,11,32,4848,0.6171,6491.9311,1711.0564,0.5276,0.855
6682,6491.9311,keygen_C,42,2,13,16,32,5120,0.6517,6491.9311,1712.1614,0.535,0.8209
6683,6491.9311,keygen_C,42,2,17,12,32,5120,0.6517,6491.9311,1711.1035,0.5355,0.8217
6684,6491.9311,keygen_C,42,2,13,12,32,4288,0.5458,6491.9311,1711.0813,0.5109,0.936
6685,6491.9311,keygen_C,42,2,12,16,32,4848,0.6171,6491.9311,1712.0728,0.5271,0.8542
6686,6491.9311,keygen_C,42,2,22,10,32,5456,0.6945,6491.9311,1711.0398,0.5457,0.7858
6687,6491.9311,keygen_C,42,2,22,9,32,5104,0.6497,6491.9311,1711.0246,0.5355,0.8242
6688,6491.9311,keygen_C,42,2,16,13,32,5168,0.6578,6491.9311,1711.1866,0.5369,0.8161
6689,6491.9311,keygen_C,42,2,7,20,32,3936,0.501,6491.9311,1720.9351,0.5002,0.9984
6690,6491.9311,keygen_C,42,2,15,18,32,6144,0.7821,6491.9311,1716.3267,0.5652,0.7227
6691,6491.9311,keygen_C,42,2,19,14,32,6144,0.7821,6491.9311,1711.4303,0.5657,0.7233
6692,6491.9311,keygen_C,42,2,14,11,32,4272,0.5438,6491.9311,1711.0481,0.5104,0.9387
6693,6491.9311,keygen_C,42,2,12,13,32,4272,0.5438,6491.9311,1711.1423,0.5104,0.9387
6694,6491.9311,keygen_C,42,2,8,20,32,4272,0.5438,6491.9311,1722.353,0.51,0.9378
6695,6491.9311,keygen_C,42,2,22,13,32,6512,0.8289,6491.9311,1711.253,0.5763,0.6953
6696,6491.9311,keygen_C,42,2,22,12,32,6160,0.7841,6491.9311,1711.1312,0.5661,0.722
6697,6491.9311,keygen_C,42,2,16,20,32,6960,0.8859,6491.9311,1733.6967,0.5889,0.6647
6698,6491.9311,keygen_C,42,2,14,15,32,5168,0.6578,6491.9311,1711.6297,0.5364,0.8154
6699,6491.9311,keygen_C,42,2,18,10,32,4752,0.6049,6491.9311,1711.0343,0.5248,0.8676
6700,6491.9311,keygen_C,42,2,10,19,32,4784,0.609,6491.9311,1718.0991,0.5248,0.8618
6701,6491.9311,keygen_C,42,2,13,13,32,4496,0.5723,6491.9311,1711.1533,0.5169,0.9033
6702,6491.9311,keygen_C,42,2,12,19,32,5424,0.6904,6491.9311,1719.5171,0.5439,0.7877
6703,6491.9311,keygen_C,42,2,22,8,32,4752,0.6049,6491.9311,1711.0169,0.5253,0.8684
6704,6491.9311,keygen_C,42,2,15,15,32,5424,0.6904,6491.9311,1711.674,0.5443,0.7884
6705,6491.9311,keygen_C,42,2,16,14,32,5424,0.6904,6491.9311,1711.3638,0.5443,0.7884
6706,6491.9311,keygen_C,42,2,20,11,32,5424,0.6904,6491.9311,1711.0647,0.5448,0.789
6707,6491.9311,keygen_C,42,2,24,9,32,5424,0.6904,6491.9311,1711.0259,0.5452,0.7897
6708,6491.9311,keygen_C,42,2,14,18,32,5840,0.7434,6491.9311,1715.9722,0.5559,0.7478
6709,6491.9311,keygen_C,42,2,24,14,32,7344,0.9348,6491.9311,1711.5411,0.6009,0.6428
6710,6491.9311,keygen_C,42,2,20,17,32,7344,0.9348,6491.9311,1714.5542,0.6005,0.6423
6711,6491.9311,keygen_C,42,2,14,12,32,4496,0.5723,6491.9311,1711.0869,0.5169,0.9033
6712,6491.9311,keygen_C,42,2,18,19,32,7344,0.9348,6491.9311,1723.771,0.6,0.6418
6713,6491.9311,keygen_C,42,2,18,15,32,6192,0.7882,6491.9311,1711.8069,0.5666,0.7189
6714,6491.9311,keygen_C,42,2,23,16,32,7840,0.998,6491.9311,1713.0477,0.6153,0.6166
6715,6491.9311,keygen_C,42,2,20,8,32,4464,0.5682,6491.9311,1711.0163,0.5169,0.9097
6716,6491.9311,keygen_C,42,2,16,17,32,6192,0.7882,6491.9311,1713.8453,0.5666,0.7189
6717,6491.9311,keygen_C,42,2,15,14,32,5184,0.6599,6491.9311,1711.3417,0.5374,0.8143
6718,6491.9311,keygen_C,42,2,19,12,32,5536,0.7047,6491.9311,1711.1146,0.548,0.7777
6719,6491.9311,keygen_C,42,2,13,18,32,5536,0.7047,6491.9311,1715.6177,0.5471,0.7764
6720,6491.9311,keygen_C,42,2,18,16,32,6480,0.8248,6491.9311,1712.6045,0.5749,0.697
6721,6491.9311,keygen_C,42,2,20,10,32,5104,0.6497,6491.9311,1711.037,0.5355,0.8242
6722,6491.9311,keygen_C,42,2,24,11,32,6192,0.7882,6491.9311,1711.0758,0.5675,0.72
6723,6491.9311,keygen_C,42,2,18,9,32,4464,0.5682,6491.9311,1711.0218,0.5165,0.9089
6724,6491.9311,keygen_C,42,2,24,13,32,6960,0.8859,6491.9311,1711.2752,0.5898,0.6657
6725,6491.9311,keygen_C,42,2,21,14,32,6624,0.8432,6491.9311,1711.4746,0.5796,0.6874
6726,6491.9311,keygen_C,42,2,15,16,32,5664,0.721,6491.9311,1712.3387,0.5513,0.7646
6727,6491.9311,keygen_C,42,2,18,12,32,5328,0.6782,6491.9311,1711.109,0.5415,0.7985
6728,6491.9311,keygen_C,42,2,21,9,32,4944,0.6293,6491.9311,1711.0239,0.5309,0.8435
6729,6491.9311,keygen_C,42,2,19,16,32,6752,0.8595,6491.9311,1712.6932,0.5833,0.6787
6730,6491.9311,keygen_C,42,2,21,10,32,5280,0.6721,6491.9311,1711.0384,0.5406,0.8044
6731,6491.9311,keygen_C,42,2,15,13,32,4944,0.6293,6491.9311,1711.1755,0.5304,0.8428
6732,6491.9311,keygen_C,42,2,11,20,32,5280,0.6721,6491.9311,1726.6069,0.5397,0.803
6733,6491.9311,keygen_C,42,2,14,14,32,4944,0.6293,6491.9311,1711.3195,0.5299,0.8421
6734,6491.9311,keygen_C,42,2,21,12,32,5952,0.7576,6491.9311,1711.1256,0.5601,0.7393
6735,6491.9311,keygen_C,42,2,13,19,32,5744,0.7312,6491.9311,1720.2261,0.5531,0.7565
6736,6491.9311,keygen_C,42,2,23,12,32,6368,0.8106,6491.9311,1711.1367,0.5726,0.7064
6737,6491.9311,keygen_C,42,2,12,12,32,4080,0.5193,6491.9311,1711.0758,0.5049,0.9721
6738,6491.9311,keygen_C,42,2,13,14,32,4704,0.5988,6491.9311,1711.2974,0.523,0.8734
6739,6491.9311,keygen_C,42,2,15,12,32,4704,0.5988,6491.9311,1711.0924,0.5234,0.8742
6740,6491.9311,keygen_C,42,2,11,15,32,4400,0.5601,6491.9311,1711.4968,0.5142,0.918
6741,6491.9311,keygen_C,42,2,8,19,32,4144,0.5275,6491.9311,1716.6812,0.5063,0.9598
6742,6491.9311,keygen_C,42,2,9,19,32,4464,0.5682,6491.9311,1717.3902,0.5155,0.9073
6743,6491.9311,keygen_C,42,2,22,15,32,7216,0.9185,6491.9311,1711.9842,0.5968,0.6497
6744,6491.9311,keygen_C,42,2,19,11,32,5232,0.666,6491.9311,1711.0619,0.5392,0.8096
6745,6491.9311,keygen_C,42,2,10,17,32,4464,0.5682,6491.9311,1712.7818,0.5155,0.9073
6746,6491.9311,keygen_C,42,2,10,20,32,4944,0.6293,6491.9311,1725.189,0.5295,0.8413
6747,6491.9311,keygen_C,42,2,17,10,32,4576,0.5825,6491.9311,1711.0329,0.5197,0.8922
6748,6491.9311,keygen_C,42,2,17,14,32,5664,0.721,6491.9311,1711.386,0.5513,0.7646
6749,6491.9311,keygen_C,42,2,13,17,32,5328,0.6782,6491.9311,1713.3135,0.5411,0.7978
6750,6491.9311,keygen_C,42,2,16,15,32,5680,0.723,6491.9311,1711.7183,0.5517,0.7631
6751,6491.9311,keygen_C,42,2,22,14,32,6864,0.8737,6491.9311,1711.4968,0.5865,0.6713
6752,6491.9311,keygen_C,42,2,12,18,32,5232,0.666,6491.9311,1715.2632,0.5383,0.8082
6753,6491.9311,keygen_C,42,2,24,12,32,6576,0.8371,6491.9311,1711.1423,0.5787,0.6913
6754,6491.9311,keygen_C,42,2,12,17,32,5040,0.6415,6491.9311,1713.1363,0.5327,0.8304
6755,6491.9311,keygen_C,42,2,23,11,32,6000,0.7637,6491.9311,1711.073,0.5619,0.7358
6756,6491.9311,keygen_C,42,2,17,15,32,5936,0.7556,6491.9311,1711.7626,0.5592,0.74
6757,6491.9311,keygen_C,42,2,21,15,32,6960,0.8859,6491.9311,1711.9399,0.5893,0.6652
6758,6491.9311,keygen_C,42,2,13,20,32,5952,0.7576,6491.9311,1729.4429,0.5592,0.738
6759,6491.9311,keygen_C,42,2,22,16,32,7568,0.9633,6491.9311,1712.959,0.607,0.6301
6760,6491.9311,keygen_C,42,2,16,16,32,5936,0.7556,6491.9311,1712.4273,0.5592,0.74
6761,6491.9311,keygen_C,42,2,20,12,32,5744,0.7312,6491.9311,1711.1201,0.5541,0.7578
6762,6491.9311,keygen_C,42,2,21,8,32,4608,0.5866,6491.9311,1711.0166,0.5211,0.8884
6763,6491.9311,keygen_C,42,2,18,11,32,5040,0.6415,6491.9311,1711.0592,0.5332,0.8311
6764,6491.9311,keygen_C,42,2,24,8,32,5040,0.6415,6491.9311,1711.0176,0.5341,0.8325
6765,6491.9311,keygen_C,42,2,18,18,32,7056,0.8982,6491.9311,1717.3902,0.5916,0.6587
6766,6491.9311,keygen_C,42,2,11,13,32,4048,0.5153,6491.9311,1711.1312,0.5039,0.978
6767,6491.9311,keygen_C,42,2,19,17,32,7056,0.8982,6491.9311,1714.377,0.5921,0.6592
6768,6491.9311,keygen_C,42,2,17,18,32,6752,0.8595,6491.9311,1717.0357,0.5828,0.6781
6769,6491.9311,keygen_C,42,2,7,19,32,3824,0.4868,6491.9311,1715.9722,0.497,1.021
6770,6491.9311,keygen_C,42,2,9,20,32,4608,0.5866,6491.9311,1723.771,0.5197,0.8861
6771,6491.9311,keygen_C,42,2,11,16,32,4576,0.5825,6491.9311,1711.9842,0.5193,0.8915
6772,6491.9311,keygen_C,42,2,10,15,32,4144,0.5275,6491.9311,1711.4524,0.5063,0.9598
6773,6491.9311,keygen_C,42,2,21,13,32,6288,0.8004,6491.9311,1711.242,0.5698,0.7119
6774,6491.9311,keygen_C,42,2,15,20,32,6624,0.8432,6491.9311,1732.2788,0.5791,0.6868
6775,6491.9311,keygen_C,42,2,14,13,32,4720,0.6008,6491.9311,1711.1644,0.5234,0.8712
6776,6491.9311,keygen_C,42,2,9,17,32,4176,0.5316,6491.9311,1712.6045,0.5072,0.9541
6777,6491.9311,keygen_C,42,2,8,18,32,4016,0.5112,6491.9311,1713.8453,0.5026,0.9831
6778,6491.9311,keygen_C,42,2,19,15,32,6448,0.8208,6491.9311,1711.8512,0.5745,0.6999
6779,6491.9311,keygen_C,42,2,19,19,32,7664,0.9756,6491.9311,1724.48,0.6097,0.625
6780,6491.9311,keygen_C,42,2,23,10,32,5632,0.7169,6491.9311,1711.0412,0.5513,0.769
6781,6491.9311,keygen_C,42,2,23,13,32,6736,0.8574,6491.9311,1711.2641,0.5833,0.6803
6782,6491.9311,keygen_C,42,2,17,19,32,7024,0.8941,6491.9311,1723.062,0.5907,0.6607
6783,6491.9311,keygen_C,42,2,20,16,32,7024,0.8941,6491.9311,1712.7818,0.5912,0.6612
6784,6491.9311,keygen_C,42,2,16,18,32,6448,0.8208,6491.9311,1716.6812,0.574,0.6994
6785,6491.9311,keygen_C,42,2,16,10,32,4400,0.5601,6491.9311,1711.0315,0.5146,0.9188
6786,6491.9311,keygen_C,42,2,20,18,32,7664,0.9756,6491.9311,1718.0991,0.6097,0.625
6787,6491.9311,keygen_C,42,2,12,15,32,4656,0.5927,6491.9311,1711.5411,0.5216,0.8801
6788,6491.9311,keygen_C,42,2,16,11,32,4656,0.5927,6491.9311,1711.0536,0.522,0.8808
6789,6491.9311,keygen_C,42,2,13,11,32,4080,0.5193,6491.9311,1711.0453,0.5049,0.9721
6790,6491.9311,keygen_C,42,2,11,18,32,4928,0.6273,6491.9311,1714.9087,0.5295,0.8441
6791,6491.9311,keygen_C,42,2,19,9,32,4624,0.5886,6491.9311,1711.0225,0.5216,0.8861
6792,6491.9311,keygen_C,42,2,15,11,32,4464,0.5682,6491.9311,1711.0509,0.5165,0.9089
6793,6491.9311,keygen_C,42,2,24,15,32,7728,0.9837,6491.9311,1712.0728,0.6121,0.6222
6794,6491.9311,keygen_C,42,2,19,10,32,4928,0.6273,6491.9311,1711.0356,0.5304,0.8455
6795,6491.9311,keygen_C,42,2,10,18,32,4624,0.5886,6491.9311,1714.5542,0.5202,0.8838
6796,6491.9311,keygen_C,42,2,12,14,32,4464,0.5682,6491.9311,1711.2752,0.516,0.9081
6797,6491.9311,keygen_C,42,2,14,20,32,6288,0.8004,6491.9311,1730.8608,0.5689,0.7108
6798,6491.9311,keygen_C,42,2,23,9,32,5264,0.6701,6491.9311,1711.0253,0.5406,0.8068
6799,6491.9311,keygen_C,42,2,9,16,32,4032,0.5132,6491.9311,1711.8069,0.503,0.9801
6800,6491.9311,keygen_C,42,2,8,17,32,3888,0.4949,6491.9311,1712.4273,0.4988,1.0079
6801,8192.028,keygen_C,44,2,19,14,16,6400,0.8147,8192.028,2159.5068,0.4088,0.5018
6802,8192.028,keygen_C,44,2,14,13,16,4976,0.6334,8192.028,2159.2409,0.3666,0.5788
6803,8192.028,keygen_C,44,2,22,12,16,6416,0.8167,8192.028,2159.2077,0.4093,0.5011
6804,8192.028,keygen_C,44,2,15,18,16,6400,0.8147,8192.028,2164.4032,0.4084,0.5013
6805,8192.028,keygen_C,44,2,22,16,16,7824,0.9959,8192.028,2161.0355,0.4501,0.452
6806,8192.028,keygen_C,44,2,16,12,16,5168,0.6578,8192.028,2159.1744,0.3726,0.5664
6807,8192.028,keygen_C,44,2,24,13,16,7216,0.9185,8192.028,2159.3517,0.4329,0.4713
6808,8192.028,keygen_C,44,2,7,19,16,4080,0.5193,8192.028,2164.0487,0.3401,0.6549
6809,8192.028,keygen_C,44,2,13,15,16,5168,0.6578,8192.028,2159.6619,0.3722,0.5657
6810,8192.028,keygen_C,44,2,12,18,16,5488,0.6986,8192.028,2163.3397,0.3814,0.546
6811,8192.028,keygen_C,44,2,24,8,16,5296,0.6741,8192.028,2159.0941,0.3773,0.5596
6812,8192.028,keygen_C,44,2,18,11,16,5296,0.6741,8192.028,2159.1357,0.3763,0.5582
6813,8192.028,keygen_C,44,2,17,10,16,4832,0.6151,8192.028,2159.1093,0.3629,0.59
6814,8192.028,keygen_C,44,2,23,8,16,5152,0.6558,8192.028,2159.0938,0.3731,0.5689
6815,8192.028,keygen_C,44,2,21,15,16,7216,0.9185,8192.028,2160.0163,0.4325,0.4708
6816,8192.028,keygen_C,44,2,11,16,16,4832,0.6151,8192.028,2160.0607,0.3624,0.5892
6817,8192.028,keygen_C,44,2,12,17,16,5296,0.6741,8192.028,2161.2128,0.3759,0.5576
6818,8192.028,keygen_C,44,2,16,20,16,7216,0.9185,8192.028,2181.7732,0.432,0.4703
6819,8192.028,keygen_C,44,2,22,8,16,5008,0.6375,8192.028,2159.0934,0.3684,0.578
6820,8192.028,keygen_C,44,2,14,20,16,6544,0.833,8192.028,2178.9373,0.4121,0.4947
6821,8192.028,keygen_C,44,2,21,13,16,6544,0.833,8192.028,2159.3184,0.413,0.4958
6822,8192.028,keygen_C,44,2,18,10,16,5008,0.6375,8192.028,2159.1107,0.368,0.5772
6823,8192.028,keygen_C,44,2,11,17,16,5008,0.6375,8192.028,2161.0355,0.3675,0.5765
6824,8192.028,keygen_C,44,2,18,18,16,7312,0.9308,8192.028,2165.4666,0.4348,0.4672
6825,8192.028,keygen_C,44,2,19,11,16,5488,0.6986,8192.028,2159.1384,0.3824,0.5474
6826,8192.028,keygen_C,44,2,10,19,16,5040,0.6415,8192.028,2166.1756,0.368,0.5736
6827,8192.028,keygen_C,44,2,8,17,16,4144,0.5275,8192.028,2160.5038,0.342,0.6483
6828,8192.028,keygen_C,44,2,15,12,16,4960,0.6314,8192.028,2159.1689,0.3666,0.5806
6829,8192.028,keygen_C,44,2,17,18,16,7008,0.8921,8192.028,2165.1122,0.426,0.4775
6830,8192.028,keygen_C,44,2,19,16,16,7008,0.8921,8192.028,2160.7696,0.4265,0.4781
6831,8192.028,keygen_C,44,2,20,14,16,6640,0.8452,8192.028,2159.5289,0.4158,0.4919
6832,8192.028,keygen_C,44,2,16,17,16,6448,0.8208,8192.028,2161.9217,0.4097,0.4992
6833,8192.028,keygen_C,44,2,10,20,16,5200,0.6619,8192.028,2173.2654,0.3726,0.5629
6834,8192.028,keygen_C,44,2,15,19,16,6640,0.8452,8192.028,2169.7205,0.4153,0.4914
6835,8192.028,keygen_C,44,2,14,14,16,5200,0.6619,8192.028,2159.396,0.3731,0.5636
6836,8192.028,keygen_C,44,2,15,13,16,5200,0.6619,8192.028,2159.252,0.3735,0.5643
6837,8192.028,keygen_C,44,2,12,15,16,4912,0.6253,8192.028,2159.6175,0.3647,0.5833
6838,8192.028,keygen_C,44,2,16,11,16,4912,0.6253,8192.028,2159.1301,0.3652,0.5841
6839,8192.028,keygen_C,44,2,17,19,16,7280,0.9267,8192.028,2171.1385,0.4339,0.4682
6840,8192.028,keygen_C,44,2,18,15,16,6448,0.8208,8192.028,2159.8834,0.4097,0.4992
6841,8192.028,keygen_C,44,2,24,11,16,6448,0.8208,8192.028,2159.1523,0.4107,0.5003
6842,8192.028,keygen_C,44,2,17,12,16,5376,0.6843,8192.028,2159.18,0.3787,0.5533
6843,8192.028,keygen_C,44,2,11,19,16,5360,0.6823,8192.028,2166.8846,0.3777,0.5536
6844,8192.028,keygen_C,44,2,20,10,16,5360,0.6823,8192.028,2159.1135,0.3787,0.555
6845,8192.028,keygen_C,44,2,21,9,16,5200,0.6619,8192.028,2159.1003,0.374,0.565
6846,8192.028,keygen_C,44,2,13,16,16,5376,0.6843,8192.028,2160.2379,0.3782,0.5527
6847,8192.028,keygen_C,44,2,17,16,16,6464,0.8228,8192.028,2160.5924,0.4102,0.4985
6848,8192.028,keygen_C,44,2,22,9,16,5360,0.6823,8192.028,2159.101,0.3787,0.555
6849,8192.028,keygen_C,44,2,23,12,16,6624,0.8432,8192.028,2159.2132,0.4158,0.4931
6850,8192.028,keygen_C,44,2,18,17,16,7024,0.8941,8192.028,2162.2762,0.4265,0.477
6851,8192.028,keygen_C,44,2,23,11,16,6256,0.7963,8192.028,2159.1495,0.4051,0.5087
6852,8192.028,keygen_C,44,2,20,16,16,7280,0.9267,8192.028,2160.8583,0.4343,0.4687
6853,8192.028,keygen_C,44,2,10,14,16,4240,0.5397,8192.028,2159.3074,0.3448,0.6388
6854,8192.028,keygen_C,44,2,12,16,16,5104,0.6497,8192.028,2160.1493,0.3703,0.57
6855,8192.028,keygen_C,44,2,16,16,16,6192,0.7882,8192.028,2160.5038,0.4023,0.5104
6856,8192.028,keygen_C,44,2,13,14,16,4960,0.6314,8192.028,2159.3738,0.3661,0.5799
6857,8192.028,keygen_C,44,2,17,15,16,6192,0.7882,8192.028,2159.8391,0.4023,0.5104
6858,8192.028,keygen_C,44,2,9,20,16,4864,0.6191,8192.028,2171.8475,0.3629,0.5861
6859,8192.028,keygen_C,44,2,11,18,16,5184,0.6599,8192.028,2162.9852,0.3726,0.5647
6860,8192.028,keygen_C,44,2,19,10,16,5184,0.6599,8192.028,2159.1121,0.3735,0.5661
6861,8192.028,keygen_C,44,2,21,8,16,4864,0.6191,8192.028,2159.0931,0.3643,0.5883
6862,8192.028,keygen_C,44,2,22,14,16,7120,0.9063,8192.028,2159.5732,0.4297,0.4741
6863,8192.028,keygen_C,44,2,15,14,16,5440,0.6925,8192.028,2159.4181,0.3805,0.5495
6864,8192.028,keygen_C,44,2,20,13,16,6320,0.8045,8192.028,2159.3074,0.4065,0.5053
6865,8192.028,keygen_C,44,2,14,19,16,6320,0.8045,8192.028,2169.0116,0.4056,0.5041
6866,8192.028,keygen_C,44,2,11,12,16,4128,0.5255,8192.028,2159.1467,0.342,0.6509
6867,8192.028,keygen_C,44,2,7,20,16,4192,0.5336,8192.028,2169.0116,0.3434,0.6435
6868,8192.028,keygen_C,44,2,23,15,16,7728,0.9837,8192.028,2160.105,0.4478,0.4552
6869,8192.028,keygen_C,44,2,23,13,16,6992,0.89,8192.028,2159.3406,0.4265,0.4791
6870,8192.028,keygen_C,44,2,10,18,16,4880,0.6212,8192.028,2162.6307,0.3633,0.5849
6871,8192.028,keygen_C,44,2,19,9,16,4880,0.6212,8192.028,2159.099,0.3647,0.5872
6872,8192.028,keygen_C,44,2,16,13,16,5424,0.6904,8192.028,2159.2631,0.38,0.5505
6873,8192.028,keygen_C,44,2,13,20,16,6208,0.7902,8192.028,2177.5193,0.4023,0.5091
6874,8192.028,keygen_C,44,2,21,12,16,6208,0.7902,8192.028,2159.2021,0.4032,0.5103
6875,8192.028,keygen_C,44,2,14,15,16,5424,0.6904,8192.028,2159.7062,0.3796,0.5498
6876,8192.028,keygen_C,44,2,9,15,16,4144,0.5275,8192.028,2159.4846,0.342,0.6483
6877,8192.028,keygen_C,44,2,17,11,16,5104,0.6497,8192.028,2159.1329,0.3708,0.5707
6878,8192.028,keygen_C,44,2,20,9,16,5040,0.6415,8192.028,2159.0997,0.3694,0.5758
6879,8192.028,keygen_C,44,2,8,16,16,4016,0.5112,8192.028,2159.7948,0.3383,0.6617
6880,8192.028,keygen_C,44,2,19,17,16,7312,0.9308,8192.028,2162.4535,0.4353,0.4676
6881,8192.028,keygen_C,44,2,19,18,16,7616,0.9695,8192.028,2165.8211,0.4441,0.4581
6882,8192.028,keygen_C,44,2,8,18,16,4272,0.5438,8192.028,2161.9217,0.3457,0.6357
6883,8192.028,keygen_C,44,2,20,11,16,5680,0.723,8192.028,2159.1412,0.3879,0.5366
6884,8192.028,keygen_C,44,2,16,14,16,5680,0.723,8192.028,2159.4403,0.3875,0.5359
6885,8192.028,keygen_C,44,2,15,15,16,5680,0.723,8192.028,2159.7505,0.3875,0.5359
6886,8192.028,keygen_C,44,2,12,19,16,5680,0.723,8192.028,2167.5936,0.387,0.5353
6887,8192.028,keygen_C,44,2,15,20,16,6880,0.8758,8192.028,2180.3553,0.4223,0.4822
6888,8192.028,keygen_C,44,2,21,14,16,6880,0.8758,8192.028,2159.5511,0.4227,0.4827
6889,8192.028,keygen_C,44,2,17,13,16,5648,0.7189,8192.028,2159.2741,0.3865,0.5377
6890,8192.028,keygen_C,44,2,14,16,16,5648,0.7189,8192.028,2160.3265,0.3861,0.537
6891,8192.028,keygen_C,44,2,9,19,16,4720,0.6008,8192.028,2165.4666,0.3587,0.597
6892,8192.028,keygen_C,44,2,10,17,16,4720,0.6008,8192.028,2160.8583,0.3587,0.597
6893,8192.028,keygen_C,44,2,12,14,16,4720,0.6008,8192.028,2159.3517,0.3592,0.5978
6894,8192.028,keygen_C,44,2,15,11,16,4720,0.6008,8192.028,2159.1273,0.3596,0.5986
6895,8192.028,keygen_C,44,2,18,9,16,4720,0.6008,8192.028,2159.0983,0.3596,0.5986
6896,8192.028,keygen_C,44,2,20,8,16,4720,0.6008,8192.028,2159.0927,0.3601,0.5993
6897,8192.028,keygen_C,44,2,13,11,16,4336,0.5519,8192.028,2159.1218,0.348,0.6306
6898,8192.028,keygen_C,44,2,12,12,16,4336,0.5519,8192.028,2159.1523,0.348,0.6306
6899,8192.028,keygen_C,44,2,24,14,16,7600,0.9674,8192.028,2159.6175,0.4441,0.459
6900,8192.028,keygen_C,44,2,20,17,16,7600,0.9674,8192.028,2162.6307,0.4436,0.4586
6901,8192.028,keygen_C,44,2,18,19,16,7600,0.9674,8192.028,2171.8475,0.4432,0.4581
6902,8192.028,keygen_C,44,2,13,17,16,5584,0.7108,8192.028,2161.39,0.3842,0.5406
6903,8192.028,keygen_C,44,2,18,12,16,5584,0.7108,8192.028,2159.1855,0.3847,0.5412
6904,8192.028,keygen_C,44,2,19,13,16,6096,0.776,8192.028,2159.2963,0.4,0.5155
6905,8192.028,keygen_C,44,2,20,12,16,6000,0.7637,8192.028,2159.1966,0.3972,0.5201
6906,8192.028,keygen_C,44,2,14,18,16,6096,0.776,8192.028,2164.0487,0.3991,0.5143
6907,8192.028,keygen_C,44,2,19,15,16,6704,0.8534,8192.028,2159.9277,0.4176,0.4894
6908,8192.028,keygen_C,44,2,23,14,16,7360,0.9369,8192.028,2159.5954,0.4371,0.4666
6909,8192.028,keygen_C,44,2,14,12,16,4752,0.6049,8192.028,2159.1634,0.3601,0.5953
6910,8192.028,keygen_C,44,2,13,13,16,4752,0.6049,8192.028,2159.2298,0.3601,0.5953
6911,8192.028,keygen_C,44,2,24,10,16,6064,0.7719,8192.028,2159.119,0.3995,0.5176
6912,8192.028,keygen_C,44,2,22,11,16,6064,0.7719,8192.028,2159.1467,0.3991,0.517
6913,8192.028,keygen_C,44,2,16,18,16,6704,0.8534,8192.028,2164.7577,0.4172,0.4889
6914,8192.028,keygen_C,44,2,13,19,16,6000,0.7637,8192.028,2168.3026,0.3963,0.5189
6915,8192.028,keygen_C,44,2,17,17,16,6736,0.8574,8192.028,2162.099,0.4181,0.4876
6916,8192.028,keygen_C,44,2,18,16,16,6736,0.8574,8192.028,2160.681,0.4181,0.4876
6917,8192.028,keygen_C,44,2,15,16,16,5920,0.7536,8192.028,2160.4151,0.3944,0.5234
6918,8192.028,keygen_C,44,2,10,16,16,4560,0.5804,8192.028,2159.972,0.3541,0.61
6919,8192.028,keygen_C,44,2,22,15,16,7472,0.9511,8192.028,2160.0607,0.4399,0.4625
6920,8192.028,keygen_C,44,2,11,14,16,4480,0.5703,8192.028,2159.3295,0.3522,0.6176
6921,8192.028,keygen_C,44,2,15,10,16,4480,0.5703,8192.028,2159.1066,0.3527,0.6184
6922,8192.028,keygen_C,44,2,13,12,16,4544,0.5784,8192.028,2159.1578,0.3541,0.6121
6923,8192.028,keygen_C,44,2,17,9,16,4560,0.5804,8192.028,2159.0976,0.355,0.6116
6924,8192.028,keygen_C,44,2,14,11,16,4528,0.5764,8192.028,2159.1246,0.3536,0.6135
6925,8192.028,keygen_C,44,2,8,20,16,4528,0.5764,8192.028,2170.4295,0.3531,0.6127
6926,8192.028,keygen_C,44,2,23,10,16,5888,0.7495,8192.028,2159.1177,0.3944,0.5263
6927,8192.028,keygen_C,44,2,12,20,16,5872,0.7475,8192.028,2176.1014,0.3926,0.5252
6928,8192.028,keygen_C,44,2,14,17,16,5872,0.7475,8192.028,2161.5672,0.3926,0.5252
6929,8192.028,keygen_C,44,2,18,13,16,5872,0.7475,8192.028,2159.2852,0.393,0.5258
6930,8192.028,keygen_C,44,2,21,11,16,5872,0.7475,8192.028,2159.144,0.3935,0.5265
6931,8192.028,keygen_C,44,2,12,13,16,4528,0.5764,8192.028,2159.2187,0.3536,0.6135
6932,8192.028,keygen_C,44,2,14,10,16,4304,0.5479,8192.028,2159.1052,0.3471,0.6336
6933,8192.028,keygen_C,44,2,17,14,16,5920,0.7536,8192.028,2159.4625,0.3944,0.5234
6934,8192.028,keygen_C,44,2,19,12,16,5792,0.7373,8192.028,2159.191,0.3912,0.5306
6935,8192.028,keygen_C,44,2,8,19,16,4400,0.5601,8192.028,2164.7577,0.3494,0.6239
6936,8192.028,keygen_C,44,2,22,10,16,5712,0.7271,8192.028,2159.1163,0.3889,0.5348
6937,8192.028,keygen_C,44,2,10,15,16,4400,0.5601,8192.028,2159.5289,0.3494,0.6239
6938,8192.028,keygen_C,44,2,16,9,16,4400,0.5601,8192.028,2159.0969,0.3503,0.6255
6939,8192.028,keygen_C,44,2,16,10,16,4656,0.5927,8192.028,2159.108,0.3578,0.6037
6940,8192.028,keygen_C,44,2,11,15,16,4656,0.5927,8192.028,2159.5732,0.3573,0.6029
6941,8192.028,keygen_C,44,2,22,13,16,6768,0.8615,8192.028,2159.3295,0.4195,0.4869
6942,8192.028,keygen_C,44,2,21,16,16,7552,0.9613,8192.028,2160.9469,0.4422,0.46
6943,8192.028,keygen_C,44,2,9,17,16,4432,0.5642,8192.028,2160.681,0.3503,0.621
6944,8192.028,keygen_C,44,2,24,12,16,6832,0.8697,8192.028,2159.2187,0.4218,0.485
6945,8192.028,keygen_C,44,2,16,15,16,5936,0.7556,8192.028,2159.7948,0.3949,0.5226
6946,8192.028,keygen_C,44,2,19,8,16,4576,0.5825,8192.028,2159.0924,0.3559,0.611
6947,8192.028,keygen_C,44,2,9,18,16,4576,0.5825,8192.028,2162.2762,0.3545,0.6086
6948,8192.028,keygen_C,44,2,13,18,16,5792,0.7373,8192.028,2163.6942,0.3903,0.5293
6949,8192.028,keygen_C,44,2,17,20,16,7552,0.9613,8192.028,2183.1912,0.4418,0.4595
6950,8192.028,keygen_C,44,2,11,13,16,4304,0.5479,8192.028,2159.2077,0.3471,0.6336
6951,8192.028,keygen_C,44,2,24,9,16,5680,0.723,8192.028,2159.1024,0.3884,0.5372
6952,8192.028,keygen_C,44,2,21,10,16,5536,0.7047,8192.028,2159.1149,0.3838,0.5446
6953,8192.028,keygen_C,44,2,23,9,16,5520,0.7026,8192.028,2159.1017,0.3838,0.5462
6954,8192.028,keygen_C,44,2,16,19,16,6960,0.8859,8192.028,2170.4295,0.4246,0.4793
6955,8192.028,keygen_C,44,2,15,17,16,6160,0.7841,8192.028,2161.7445,0.4014,0.5119
6956,8192.028,keygen_C,44,2,9,16,16,4288,0.5458,8192.028,2159.8834,0.3462,0.6342
6957,8192.028,keygen_C,44,2,20,15,16,6960,0.8859,8192.028,2159.972,0.4251,0.4798
6958,8192.028,keygen_C,44,2,18,14,16,6160,0.7841,8192.028,2159.4846,0.4014,0.5119
6959,8192.028,keygen_C,44,2,11,20,16,5536,0.7047,8192.028,2174.6834,0.3828,0.5433
6960,12983.8623,keygen_C,44,2,21,9,32,4976,0.6334,12983.8623,3422.0332,0.5318,0.8396
6961,12983.8623,keygen_C,44,2,15,13,32,4976,0.6334,12983.8623,3422.1848,0.5313,0.8388
6962,12983.8623,keygen_C,44,2,13,20,32,5984,0.7617,12983.8623,3440.4522,0.5601,0.7353
6963,12983.8623,keygen_C,44,2,22,16,32,7600,0.9674,12983.8623,3423.9684,0.6079,0.6284
6964,12983.8623,keygen_C,44,2,19,19,32,7696,0.9796,12983.8623,3435.4893,0.6107,0.6234
6965,12983.8623,keygen_C,44,2,20,16,32,7056,0.8982,12983.8623,3423.7911,0.5921,0.6592
6966,12983.8623,keygen_C,44,2,17,19,32,7056,0.8982,12983.8623,3434.0714,0.5916,0.6587
6967,12983.8623,keygen_C,44,2,14,14,32,4976,0.6334,12983.8623,3422.3288,0.5309,0.8381
6968,12983.8623,keygen_C,44,2,10,20,32,4976,0.6334,12983.8623,3436.1983,0.5304,0.8374
6969,12983.8623,keygen_C,44,2,20,18,32,7696,0.9796,12983.8623,3429.1085,0.6107,0.6234
6970,12983.8623,keygen_C,44,2,20,11,32,5456,0.6945,12983.8623,3422.0741,0.5457,0.7858
6971,12983.8623,keygen_C,44,2,19,9,32,4656,0.5927,12983.8623,3422.0318,0.5225,0.8816
6972,12983.8623,keygen_C,44,2,16,15,32,5712,0.7271,12983.8623,3422.7276,0.5527,0.7601
6973,12983.8623,keygen_C,44,2,19,11,32,5264,0.6701,12983.8623,3422.0713,0.5401,0.8061
6974,12983.8623,keygen_C,44,2,12,18,32,5264,0.6701,12983.8623,3426.2726,0.5392,0.8047
6975,12983.8623,keygen_C,44,2,10,18,32,4656,0.5927,12983.8623,3425.5636,0.5211,0.8793
6976,12983.8623,keygen_C,44,2,24,9,32,5456,0.6945,12983.8623,3422.0353,0.5462,0.7864
6977,12983.8623,keygen_C,44,2,7,19,32,3856,0.4908,12983.8623,3426.9815,0.4979,1.0144
6978,12983.8623,keygen_C,44,2,16,19,32,6736,0.8574,12983.8623,3433.3624,0.5824,0.6792
6979,12983.8623,keygen_C,44,2,20,15,32,6736,0.8574,12983.8623,3422.9049,0.5828,0.6797
6980,12983.8623,keygen_C,44,2,17,15,32,5968,0.7597,12983.8623,3422.772,0.5601,0.7373
6981,12983.8623,keygen_C,44,2,16,16,32,5968,0.7597,12983.8623,3423.4366,0.5601,0.7373
6982,12983.8623,keygen_C,44,2,21,12,32,5984,0.7617,12983.8623,3422.135,0.561,0.7365
6983,12983.8623,keygen_C,44,2,16,14,32,5456,0.6945,12983.8623,3422.3732,0.5452,0.7851
6984,12983.8623,keygen_C,44,2,15,15,32,5456,0.6945,12983.8623,3422.6833,0.5452,0.7851
6985,12983.8623,keygen_C,44,2,17,14,32,5696,0.7251,12983.8623,3422.3953,0.5522,0.7616
6986,12983.8623,keygen_C,44,2,20,17,32,7376,0.9389,12983.8623,3425.5636,0.6014,0.6405
6987,12983.8623,keygen_C,44,2,12,20,32,5648,0.7189,12983.8623,3439.0342,0.5503,0.7655
6988,12983.8623,keygen_C,44,2,14,17,32,5648,0.7189,12983.8623,3424.5001,0.5503,0.7655
6989,12983.8623,keygen_C,44,2,22,15,32,7248,0.9226,12983.8623,3422.9935,0.5977,0.6478
6990,12983.8623,keygen_C,44,2,18,13,32,5648,0.7189,12983.8623,3422.2181,0.5508,0.7661
6991,12983.8623,keygen_C,44,2,21,11,32,5648,0.7189,12983.8623,3422.0768,0.5513,0.7668
6992,12983.8623,keygen_C,44,2,24,14,32,7376,0.9389,12983.8623,3422.5504,0.6019,0.641
6993,12983.8623,keygen_C,44,2,17,20,32,7328,0.9328,12983.8623,3446.124,0.5995,0.6427
6994,12983.8623,keygen_C,44,2,13,15,32,4944,0.6293,12983.8623,3422.5947,0.5299,0.8421
6995,12983.8623,keygen_C,44,2,23,10,32,5664,0.721,12983.8623,3422.0505,0.5522,0.7659
6996,12983.8623,keygen_C,44,2,16,12,32,4944,0.6293,12983.8623,3422.1073,0.5304,0.8428
6997,12983.8623,keygen_C,44,2,16,11,32,4688,0.5967,12983.8623,3422.063,0.523,0.8764
6998,12983.8623,keygen_C,44,2,12,15,32,4688,0.5967,12983.8623,3422.5504,0.5225,0.8756
6999,12983.8623,keygen_C,44,2,24,12,32,6608,0.8411,12983.8623,3422.1516,0.5796,0.689
7000,12983.8623,keygen_C,44,2,11,17,32,4784,0.609,12983.8623,3423.9684,0.5253,0.8626
7001,12983.8623,keygen_C,44,2,18,10,32,4784,0.609,12983.8623,3422.0436,0.5258,0.8634
7002,12983.8623,keygen_C,44,2,21,10,32,5312,0.6762,12983.8623,3422.0477,0.5415,0.8009
7003,12983.8623,keygen_C,44,2,11,20,32,5312,0.6762,12983.8623,3437.6163,0.5406,0.7995
7004,12983.8623,keygen_C,44,2,14,20,32,6320,0.8045,12983.8623,3441.8702,0.5698,0.7083
7005,12983.8623,keygen_C,44,2,21,13,32,6320,0.8045,12983.8623,3422.2513,0.5708,0.7095
7006,12983.8623,keygen_C,44,2,22,8,32,4784,0.609,12983.8623,3422.0263,0.5262,0.8641
7007,12983.8623,keygen_C,44,2,19,18,32,7392,0.9409,12983.8623,3428.754,0.6019,0.6396
7008,12983.8623,keygen_C,44,2,11,18,32,4960,0.6314,12983.8623,3425.9181,0.5304,0.8401
7009,12983.8623,keygen_C,44,2,19,10,32,4960,0.6314,12983.8623,3422.045,0.5313,0.8415
7010,12983.8623,keygen_C,44,2,13,11,32,4112,0.5234,12983.8623,3422.0547,0.5058,0.9663
7011,12983.8623,keygen_C,44,2,23,9,32,5296,0.6741,12983.8623,3422.0346,0.5415,0.8033
7012,12983.8623,keygen_C,44,2,12,12,32,4112,0.5234,12983.8623,3422.0851,0.5058,0.9663
7013,12983.8623,keygen_C,44,2,12,19,32,5456,0.6945,12983.8623,3430.5264,0.5448,0.7844
7014,12983.8623,keygen_C,44,2,15,16,32,5696,0.7251,12983.8623,3423.348,0.5522,0.7616
7015,12983.8623,keygen_C,44,2,21,8,32,4640,0.5906,12983.8623,3422.0259,0.522,0.8839
7016,12983.8623,keygen_C,44,2,9,20,32,4640,0.5906,12983.8623,3434.7803,0.5206,0.8815
7017,12983.8623,keygen_C,44,2,14,10,32,4080,0.5193,12983.8623,3422.0381,0.5049,0.9721
7018,12983.8623,keygen_C,44,2,23,12,32,6400,0.8147,12983.8623,3422.1461,0.5735,0.704
7019,12983.8623,keygen_C,44,2,19,15,32,6480,0.8248,12983.8623,3422.8606,0.5754,0.6976
7020,12983.8623,keygen_C,44,2,22,13,32,6544,0.833,12983.8623,3422.2624,0.5773,0.693
7021,12983.8623,keygen_C,44,2,24,15,32,7760,0.9878,12983.8623,3423.0821,0.613,0.6206
7022,12983.8623,keygen_C,44,2,13,13,32,4528,0.5764,12983.8623,3422.1627,0.5179,0.8985
7023,12983.8623,keygen_C,44,2,10,19,32,4816,0.613,12983.8623,3429.1085,0.5258,0.8576
7024,12983.8623,keygen_C,44,2,20,9,32,4816,0.613,12983.8623,3422.0325,0.5271,0.8599
7025,12983.8623,keygen_C,44,2,9,19,32,4496,0.5723,12983.8623,3428.3995,0.5165,0.9024
7026,12983.8623,keygen_C,44,2,10,17,32,4496,0.5723,12983.8623,3423.7911,0.5165,0.9024
7027,12983.8623,keygen_C,44,2,12,14,32,4496,0.5723,12983.8623,3422.2845,0.5169,0.9033
7028,12983.8623,keygen_C,44,2,15,11,32,4496,0.5723,12983.8623,3422.0602,0.5174,0.9041
7029,12983.8623,keygen_C,44,2,17,12,32,5152,0.6558,12983.8623,3422.1128,0.5364,0.818
7030,12983.8623,keygen_C,44,2,13,16,32,5152,0.6558,12983.8623,3423.1708,0.536,0.8173
7031,12983.8623,keygen_C,44,2,22,10,32,5488,0.6986,12983.8623,3422.0491,0.5466,0.7825
7032,12983.8623,keygen_C,44,2,18,9,32,4496,0.5723,12983.8623,3422.0311,0.5174,0.9041
7033,12983.8623,keygen_C,44,2,20,8,32,4496,0.5723,12983.8623,3422.0256,0.5179,0.9049
7034,12983.8623,keygen_C,44,2,9,15,32,3920,0.499,12983.8623,3422.4175,0.4998,1.0016
7035,12983.8623,keygen_C,44,2,8,17,32,3920,0.499,12983.8623,3423.4366,0.4998,1.0016
7036,12983.8623,keygen_C,44,2,14,18,32,5872,0.7475,12983.8623,3426.9815,0.5568,0.745
7037,12983.8623,keygen_C,44,2,19,13,32,5872,0.7475,12983.8623,3422.2291,0.5578,0.7462
7038,12983.8623,keygen_C,44,2,17,17,32,6512,0.8289,12983.8623,3425.0318,0.5759,0.6947
7039,12983.8623,keygen_C,44,2,18,16,32,6512,0.8289,12983.8623,3423.6139,0.5759,0.6947
7040,12983.8623,keygen_C,44,2,23,14,32,7136,0.9084,12983.8623,3422.5282,0.5949,0.6549
7041,12983.8623,keygen_C,44,2,11,12,32,3904,0.4969,12983.8623,3422.0796,0.4998,1.0057
7042,12983.8623,keygen_C,44,2,19,16,32,6784,0.8635,12983.8623,3423.7025,0.5842,0.6765
7043,12983.8623,keygen_C,44,2,11,19,32,5136,0.6538,12983.8623,3429.8175,0.5355,0.8191
7044,12983.8623,keygen_C,44,2,20,10,32,5136,0.6538,12983.8623,3422.0464,0.5364,0.8205
7045,12983.8623,keygen_C,44,2,22,9,32,5136,0.6538,12983.8623,3422.0339,0.5364,0.8205
7046,12983.8623,keygen_C,44,2,16,18,32,6480,0.8248,12983.8623,3427.6905,0.5749,0.697
7047,12983.8623,keygen_C,44,2,14,12,32,4528,0.5764,12983.8623,3422.0962,0.5179,0.8985
7048,12983.8623,keygen_C,44,2,24,10,32,5840,0.7434,12983.8623,3422.0519,0.5573,0.7497
7049,12983.8623,keygen_C,44,2,7,20,32,3968,0.5051,12983.8623,3431.9444,0.5012,0.9922
7050,12983.8623,keygen_C,44,2,18,19,32,7376,0.9389,12983.8623,3434.7803,0.6009,0.64
7051,12983.8623,keygen_C,44,2,11,13,32,4080,0.5193,12983.8623,3422.1405,0.5049,0.9721
7052,12983.8623,keygen_C,44,2,16,10,32,4432,0.5642,12983.8623,3422.0408,0.5155,0.9138
7053,12983.8623,keygen_C,44,2,17,10,32,4608,0.5866,12983.8623,3422.0422,0.5206,0.8876
7054,12983.8623,keygen_C,44,2,11,16,32,4608,0.5866,12983.8623,3422.9935,0.5202,0.8868
7055,12983.8623,keygen_C,44,2,9,16,32,4064,0.5173,12983.8623,3422.8163,0.5039,0.9742
7056,12983.8623,keygen_C,44,2,18,14,32,5936,0.7556,12983.8623,3422.4175,0.5592,0.74
7057,12983.8623,keygen_C,44,2,15,19,32,6416,0.8167,12983.8623,3432.6534,0.5731,0.7017
7058,12983.8623,keygen_C,44,2,15,17,32,5936,0.7556,12983.8623,3424.6773,0.5592,0.74
7059,12983.8623,keygen_C,44,2,20,14,32,6416,0.8167,12983.8623,3422.4618,0.5735,0.7023
7060,12983.8623,keygen_C,44,2,8,18,32,4048,0.5153,12983.8623,3424.8546,0.5035,0.9771
7061,12983.8623,keygen_C,44,2,15,14,32,5216,0.664,12983.8623,3422.351,0.5383,0.8107
7062,12983.8623,keygen_C,44,2,13,19,32,5776,0.7352,12983.8623,3431.2354,0.5541,0.7536
7063,12983.8623,keygen_C,44,2,11,15,32,4432,0.5642,12983.8623,3422.5061,0.5151,0.913
7064,12983.8623,keygen_C,44,2,18,18,32,7088,0.9022,12983.8623,3428.3995,0.5926,0.6568
7065,12983.8623,keygen_C,44,2,20,12,32,5776,0.7352,12983.8623,3422.1294,0.555,0.7548
7066,12983.8623,keygen_C,44,2,11,14,32,4256,0.5418,12983.8623,3422.2624,0.51,0.9413
7067,12983.8623,keygen_C,44,2,12,17,32,5072,0.6456,12983.8623,3424.1456,0.5336,0.8266
7068,12983.8623,keygen_C,44,2,18,11,32,5072,0.6456,12983.8623,3422.0685,0.5341,0.8273
7069,12983.8623,keygen_C,44,2,24,8,32,5072,0.6456,12983.8623,3422.027,0.535,0.8287
7070,12983.8623,keygen_C,44,2,15,10,32,4256,0.5418,12983.8623,3422.0394,0.5104,0.9422
7071,12983.8623,keygen_C,44,2,16,13,32,5200,0.6619,12983.8623,3422.1959,0.5378,0.8125
7072,12983.8623,keygen_C,44,2,14,15,32,5200,0.6619,12983.8623,3422.639,0.5374,0.8118
7073,12983.8623,keygen_C,44,2,10,14,32,4016,0.5112,12983.8623,3422.2402,0.5026,0.9831
7074,12983.8623,keygen_C,44,2,23,13,32,6768,0.8615,12983.8623,3422.2735,0.5842,0.6781
7075,12983.8623,keygen_C,44,2,23,15,32,7504,0.9552,12983.8623,3423.0378,0.6056,0.634
7076,12983.8623,keygen_C,44,2,22,11,32,5840,0.7434,12983.8623,3422.0796,0.5568,0.7491
7077,12983.8623,keygen_C,44,2,18,17,32,6800,0.8656,12983.8623,3425.2091,0.5842,0.6749
7078,12983.8623,keygen_C,44,2,19,17,32,7088,0.9022,12983.8623,3425.3863,0.593,0.6573
7079,12983.8623,keygen_C,44,2,21,16,32,7328,0.9328,12983.8623,3423.8797,0.6,0.6432
7080,12983.8623,keygen_C,44,2,17,18,32,6784,0.8635,12983.8623,3428.045,0.5838,0.676
7081,12983.8623,keygen_C,44,2,18,20,32,7664,0.9756,12983.8623,3447.542,0.6093,0.6245
7082,12983.8623,keygen_C,44,2,24,13,32,6992,0.89,12983.8623,3422.2845,0.5907,0.6637
7083,12983.8623,keygen_C,44,2,12,16,32,4880,0.6212,12983.8623,3423.0821,0.5281,0.8501
7084,12983.8623,keygen_C,44,2,19,8,32,4352,0.554,12983.8623,3422.0252,0.5137,0.9273
7085,12983.8623,keygen_C,44,2,15,18,32,6176,0.7862,12983.8623,3427.336,0.5661,0.7201
7086,12983.8623,keygen_C,44,2,17,11,32,4880,0.6212,12983.8623,3422.0657,0.5285,0.8509
7087,12983.8623,keygen_C,44,2,19,14,32,6176,0.7862,12983.8623,3422.4396,0.5666,0.7207
7088,12983.8623,keygen_C,44,2,12,13,32,4304,0.5479,12983.8623,3422.1516,0.5114,0.9334
7089,12983.8623,keygen_C,44,2,23,11,32,6032,0.7678,12983.8623,3422.0824,0.5629,0.7331
7090,12983.8623,keygen_C,44,2,9,18,32,4352,0.554,12983.8623,3425.2091,0.5123,0.9248
7091,12983.8623,keygen_C,44,2,8,16,32,3792,0.4827,12983.8623,3422.7276,0.4961,1.0277
7092,12983.8623,keygen_C,44,2,13,14,32,4736,0.6029,12983.8623,3422.3067,0.5239,0.869
7093,12983.8623,keygen_C,44,2,21,15,32,6992,0.89,12983.8623,3422.9492,0.5903,0.6632
7094,12983.8623,keygen_C,44,2,24,11,32,6224,0.7923,12983.8623,3422.0851,0.5684,0.7175
7095,12983.8623,keygen_C,44,2,13,12,32,4320,0.5499,12983.8623,3422.0907,0.5118,0.9308
7096,12983.8623,keygen_C,44,2,18,15,32,6224,0.7923,12983.8623,3422.8163,0.5675,0.7163
7097,12983.8623,keygen_C,44,2,17,9,32,4336,0.5519,12983.8623,3422.0304,0.5128,0.929
7098,12983.8623,keygen_C,44,2,13,17,32,5360,0.6823,12983.8623,3424.3229,0.542,0.7944
7099,12983.8623,keygen_C,44,2,16,17,32,6224,0.7923,12983.8623,3424.8546,0.5675,0.7163
7100,12983.8623,keygen_C,44,2,18,12,32,5360,0.6823,12983.8623,3422.1184,0.5425,0.7951
7101,12983.8623,keygen_C,44,2,8,19,32,4176,0.5316,12983.8623,3427.6905,0.5072,0.9541
7102,12983.8623,keygen_C,44,2,10,15,32,4176,0.5316,12983.8623,3422.4618,0.5072,0.9541
7103,12983.8623,keygen_C,44,2,16,9,32,4176,0.5316,12983.8623,3422.0297,0.5081,0.9559
7104,12983.8623,keygen_C,44,2,10,16,32,4336,0.5519,12983.8623,3422.9049,0.5118,0.9273
7105,12983.8623,keygen_C,44,2,22,14,32,6896,0.8778,12983.8623,3422.5061,0.5875,0.6693
7106,12983.8623,keygen_C,44,2,9,17,32,4208,0.5356,12983.8623,3423.6139,0.5081,0.9486
7107,12983.8623,keygen_C,44,2,16,20,32,6992,0.89,12983.8623,3444.7061,0.5898,0.6627
7108,12983.8623,keygen_C,44,2,8,20,32,4304,0.5479,12983.8623,3433.3624,0.5109,0.9325
7109,12983.8623,keygen_C,44,2,17,16,32,6240,0.7943,12983.8623,3423.5252,0.568,0.7151
7110,12983.8623,keygen_C,44,2,22,12,32,6192,0.7882,12983.8623,3422.1405,0.5671,0.7194
7111,12983.8623,keygen_C,44,2,14,19,32,6096,0.776,12983.8623,3431.9444,0.5633,0.726
7112,12983.8623,keygen_C,44,2,23,8,32,4928,0.6273,12983.8623,3422.0266,0.5309,0.8463
7113,12983.8623,keygen_C,44,2,21,17,32,7664,0.9756,12983.8623,3425.7408,0.6097,0.625
7114,12983.8623,keygen_C,44,2,14,13,32,4752,0.6049,12983.8623,3422.1738,0.5244,0.8669
7115,12983.8623,keygen_C,44,2,15,20,32,6656,0.8473,12983.8623,3443.2881,0.58,0.6846
7116,12983.8623,keygen_C,44,2,13,18,32,5568,0.7088,12983.8623,3426.627,0.548,0.7732
7117,12983.8623,keygen_C,44,2,14,16,32,5424,0.6904,12983.8623,3423.2594,0.5439,0.7877
7118,12983.8623,keygen_C,44,2,19,12,32,5568,0.7088,12983.8623,3422.1239,0.549,0.7745
7119,12983.8623,keygen_C,44,2,21,14,32,6656,0.8473,12983.8623,3422.4839,0.5805,0.6852
7120,12983.8623,keygen_C,44,2,20,13,32,6096,0.776,12983.8623,3422.2402,0.5643,0.7272
7121,12983.8623,keygen_C,44,2,17,13,32,5424,0.6904,12983.8623,3422.207,0.5443,0.7884
7122,12983.8623,keygen_C,44,2,15,12,32,4736,0.6029,12983.8623,3422.1017,0.5244,0.8698
7123,12983.8623,keygen_C,44,2,14,11,32,4304,0.5479,12983.8623,3422.0574,0.5114,0.9334
7124,16384.056,keygen_C,46,2,21,8,16,4896,0.6232,16384.056,4318.1789,0.3652,0.586
7125,16384.056,keygen_C,46,2,23,10,16,5920,0.7536,16384.056,4318.2035,0.3954,0.5247
7126,16384.056,keygen_C,46,2,14,20,16,6576,0.8371,16384.056,4338.0231,0.413,0.4934
7127,16384.056,keygen_C,46,2,21,13,16,6576,0.8371,16384.056,4318.4043,0.4139,0.4945
7128,16384.056,keygen_C,46,2,13,12,16,4576,0.5825,16384.056,4318.2436,0.355,0.6094
7129,16384.056,keygen_C,46,2,10,14,16,4272,0.5438,16384.056,4318.3932,0.3457,0.6357
7130,16384.056,keygen_C,46,2,22,12,16,6448,0.8208,16384.056,4318.2935,0.4102,0.4998
7131,16384.056,keygen_C,46,2,18,9,16,4752,0.6049,16384.056,4318.1841,0.3606,0.5961
7132,16384.056,keygen_C,46,2,9,14,16,4032,0.5132,16384.056,4318.371,0.3387,0.66
7133,16384.056,keygen_C,46,2,17,15,16,6224,0.7923,16384.056,4318.9249,0.4032,0.509
7134,16384.056,keygen_C,46,2,9,19,16,4752,0.6049,16384.056,4324.5525,0.3596,0.5945
7135,16384.056,keygen_C,46,2,9,20,16,4896,0.6232,16384.056,4330.9333,0.3638,0.5838
7136,16384.056,keygen_C,46,2,15,9,16,4272,0.5438,16384.056,4318.182,0.3466,0.6374
7137,16384.056,keygen_C,46,2,15,16,16,5952,0.7576,16384.056,4319.501,0.3954,0.5218
7138,16384.056,keygen_C,46,2,9,17,16,4464,0.5682,16384.056,4319.7668,0.3513,0.6182
7139,16384.056,keygen_C,46,2,10,19,16,5072,0.6456,16384.056,4325.2614,0.3689,0.5714
7140,16384.056,keygen_C,46,2,10,20,16,5232,0.666,16384.056,4332.3513,0.3735,0.5609
7141,16384.056,keygen_C,46,2,14,14,16,5232,0.666,16384.056,4318.4818,0.374,0.5616
7142,16384.056,keygen_C,46,2,10,17,16,4752,0.6049,16384.056,4319.9441,0.3596,0.5945
7143,16384.056,keygen_C,46,2,15,13,16,5232,0.666,16384.056,4318.3378,0.3745,0.5623
7144,16384.056,keygen_C,46,2,18,8,16,4464,0.5682,16384.056,4318.1778,0.3522,0.6198
7145,16384.056,keygen_C,46,2,8,16,16,4048,0.5153,16384.056,4318.8806,0.3392,0.6583
7146,16384.056,keygen_C,46,2,16,16,16,6224,0.7923,16384.056,4319.5896,0.4032,0.509
7147,16384.056,keygen_C,46,2,21,9,16,5232,0.666,16384.056,4318.1862,0.3749,0.563
7148,16384.056,keygen_C,46,2,7,20,16,4224,0.5377,16384.056,4328.0974,0.3443,0.6404
7149,16384.056,keygen_C,46,2,22,8,16,5040,0.6415,16384.056,4318.1792,0.3694,0.5758
7150,16384.056,keygen_C,46,2,17,9,16,4592,0.5845,16384.056,4318.1834,0.3559,0.6089
7151,16384.056,keygen_C,46,2,10,16,16,4592,0.5845,16384.056,4319.0578,0.355,0.6073
7152,16384.056,keygen_C,46,2,12,14,16,4752,0.6049,16384.056,4318.4375,0.3601,0.5953
7153,16384.056,keygen_C,46,2,15,18,16,6432,0.8187,16384.056,4323.489,0.4093,0.4999
7154,16384.056,keygen_C,46,2,19,14,16,6432,0.8187,16384.056,4318.5926,0.4097,0.5005
7155,16384.056,keygen_C,46,2,15,11,16,4752,0.6049,16384.056,4318.2132,0.3606,0.5961
7156,16384.056,keygen_C,46,2,19,10,16,5216,0.664,16384.056,4318.1979,0.3745,0.564
7157,16384.056,keygen_C,46,2,11,17,16,5040,0.6415,16384.056,4320.1213,0.3684,0.5743
7158,16384.056,keygen_C,46,2,11,18,16,5216,0.664,16384.056,4322.071,0.3735,0.5626
7159,16384.056,keygen_C,46,2,20,9,16,5072,0.6456,16384.056,4318.1855,0.3703,0.5736
7160,16384.056,keygen_C,46,2,14,11,16,4560,0.5804,16384.056,4318.2104,0.3545,0.6108
7161,16384.056,keygen_C,46,2,15,14,16,5472,0.6965,16384.056,4318.504,0.3814,0.5476
7162,16384.056,keygen_C,46,2,18,18,16,7344,0.9348,16384.056,4324.5525,0.4357,0.4661
7163,16384.056,keygen_C,46,2,22,14,16,7152,0.9104,16384.056,4318.659,0.4306,0.473
7164,16384.056,keygen_C,46,2,17,16,16,6496,0.8269,16384.056,4319.6782,0.4111,0.4972
7165,16384.056,keygen_C,46,2,23,15,16,7760,0.9878,16384.056,4319.1908,0.4487,0.4543
7166,16384.056,keygen_C,46,2,22,13,16,6800,0.8656,16384.056,4318.4153,0.4204,0.4857
7167,16384.056,keygen_C,46,2,17,10,16,4864,0.6191,16384.056,4318.1952,0.3638,0.5876
7168,16384.056,keygen_C,46,2,19,17,16,7344,0.9348,16384.056,4321.5393,0.4362,0.4666
7169,16384.056,keygen_C,46,2,15,10,16,4512,0.5743,16384.056,4318.1924,0.3536,0.6157
7170,16384.056,keygen_C,46,2,11,14,16,4512,0.5743,16384.056,4318.4153,0.3531,0.6149
7171,16384.056,keygen_C,46,2,22,15,16,7504,0.9552,16384.056,4319.1465,0.4408,0.4615
7172,16384.056,keygen_C,46,2,17,12,16,5408,0.6884,16384.056,4318.2658,0.3796,0.5514
7173,16384.056,keygen_C,46,2,17,19,16,7312,0.9308,16384.056,4330.2243,0.4348,0.4672
7174,16384.056,keygen_C,46,2,20,15,16,6992,0.89,16384.056,4319.0578,0.426,0.4786
7175,16384.056,keygen_C,46,2,16,19,16,6992,0.89,16384.056,4329.5153,0.4255,0.4781
7176,16384.056,keygen_C,46,2,21,10,16,5568,0.7088,16384.056,4318.2007,0.3847,0.5428
7177,16384.056,keygen_C,46,2,24,14,16,7632,0.9715,16384.056,4318.7034,0.445,0.4581
7178,16384.056,keygen_C,46,2,12,16,16,5136,0.6538,16384.056,4319.2351,0.3712,0.5678
7179,16384.056,keygen_C,46,2,20,17,16,7632,0.9715,16384.056,4321.7165,0.4445,0.4576
7180,16384.056,keygen_C,46,2,11,20,16,5568,0.7088,16384.056,4333.7692,0.3838,0.5415
7181,16384.056,keygen_C,46,2,17,11,16,5136,0.6538,16384.056,4318.2187,0.3717,0.5685
7182,16384.056,keygen_C,46,2,8,18,16,4304,0.5479,16384.056,4321.0075,0.3466,0.6327
7183,16384.056,keygen_C,46,2,20,16,16,7312,0.9308,16384.056,4319.9441,0.4353,0.4676
7184,16384.056,keygen_C,46,2,13,16,16,5408,0.6884,16384.056,4319.3237,0.3791,0.5507
7185,16384.056,keygen_C,46,2,12,20,16,5904,0.7515,16384.056,4335.1872,0.3935,0.5236
7186,16384.056,keygen_C,46,2,14,17,16,5904,0.7515,16384.056,4320.6531,0.3935,0.5236
7187,16384.056,keygen_C,46,2,20,8,16,4752,0.6049,16384.056,4318.1785,0.361,0.5968
7188,16384.056,keygen_C,46,2,11,16,16,4864,0.6191,16384.056,4319.1465,0.3633,0.5868
7189,16384.056,keygen_C,46,2,18,16,16,6768,0.8615,16384.056,4319.7668,0.419,0.4864
7190,16384.056,keygen_C,46,2,12,13,16,4560,0.5804,16384.056,4318.3046,0.3545,0.6108
7191,16384.056,keygen_C,46,2,8,20,16,4560,0.5804,16384.056,4329.5153,0.3541,0.61
7192,16384.056,keygen_C,46,2,16,12,16,5200,0.6619,16384.056,4318.2602,0.3735,0.5643
7193,16384.056,keygen_C,46,2,7,18,16,4000,0.5092,16384.056,4320.6531,0.3378,0.6635
7194,16384.056,keygen_C,46,2,13,15,16,5200,0.6619,16384.056,4318.7477,0.3731,0.5636
7195,16384.056,keygen_C,46,2,17,14,16,5952,0.7576,16384.056,4318.5483,0.3954,0.5218
7196,16384.056,keygen_C,46,2,22,11,16,6096,0.776,16384.056,4318.2325,0.4,0.5155
7197,16384.056,keygen_C,46,2,24,10,16,6096,0.776,16384.056,4318.2048,0.4005,0.5161
7198,16384.056,keygen_C,46,2,16,17,16,6480,0.8248,16384.056,4321.0075,0.4107,0.4979
7199,16384.056,keygen_C,46,2,15,19,16,6672,0.8493,16384.056,4328.8063,0.4162,0.4901
7200,16384.056,keygen_C,46,2,18,15,16,6480,0.8248,16384.056,4318.9692,0.4107,0.4979
7201,16384.056,keygen_C,46,2,24,11,16,6480,0.8248,16384.056,4318.2381,0.4116,0.499
7202,16384.056,keygen_C,46,2,13,18,16,5824,0.7413,16384.056,4322.78,0.3912,0.5277
7203,16384.056,keygen_C,46,2,19,12,16,5824,0.7413,16384.056,4318.2769,0.3921,0.5289
7204,16384.056,keygen_C,46,2,20,14,16,6672,0.8493,16384.056,4318.6147,0.4167,0.4907
7205,16384.056,keygen_C,46,2,21,11,16,5904,0.7515,16384.056,4318.2298,0.3944,0.5248
7206,16384.056,keygen_C,46,2,18,13,16,5904,0.7515,16384.056,4318.371,0.394,0.5242
7207,16384.056,keygen_C,46,2,23,8,16,5184,0.6599,16384.056,4318.1796,0.374,0.5668
7208,16384.056,keygen_C,46,2,17,17,16,6768,0.8615,16384.056,4321.1848,0.419,0.4864
7209,16384.056,keygen_C,46,2,9,18,16,4608,0.5866,16384.056,4321.362,0.3555,0.606
7210,16384.056,keygen_C,46,2,18,10,16,5040,0.6415,16384.056,4318.1965,0.3689,0.575
7211,16384.056,keygen_C,46,2,23,9,16,5552,0.7067,16384.056,4318.1875,0.3847,0.5443
7212,16384.056,keygen_C,46,2,8,17,16,4176,0.5316,16384.056,4319.5896,0.3429,0.6451
7213,16384.056,keygen_C,46,2,9,15,16,4176,0.5316,16384.056,4318.5704,0.3429,0.6451
7214,16384.056,keygen_C,46,2,18,17,16,7056,0.8982,16384.056,4321.362,0.4274,0.4758
7215,16384.056,keygen_C,46,2,12,11,16,4176,0.5316,16384.056,4318.2049,0.3434,0.646
7216,16384.056,keygen_C,46,2,14,19,16,6352,0.8086,16384.056,4328.0974,0.4065,0.5027
7217,16384.056,keygen_C,46,2,20,13,16,6352,0.8086,16384.056,4318.3932,0.4074,0.5039
7218,16384.056,keygen_C,46,2,24,12,16,6864,0.8737,16384.056,4318.3046,0.4227,0.4838
7219,16384.056,keygen_C,46,2,19,11,16,5520,0.7026,16384.056,4318.2242,0.3833,0.5455
7220,16384.056,keygen_C,46,2,12,18,16,5520,0.7026,16384.056,4322.4255,0.3824,0.5442
7221,16384.056,keygen_C,46,2,19,8,16,4608,0.5866,16384.056,4318.1782,0.3568,0.6084
7222,16384.056,keygen_C,46,2,10,13,16,4112,0.5234,16384.056,4318.2824,0.3411,0.6516
7223,16384.056,keygen_C,46,2,17,20,16,7584,0.9654,16384.056,4342.277,0.4427,0.4586
7224,16384.056,keygen_C,46,2,21,16,16,7584,0.9654,16384.056,4320.0327,0.4432,0.459
7225,16384.056,keygen_C,46,2,16,18,16,6736,0.8574,16384.056,4323.8435,0.4181,0.4876
7226,16384.056,keygen_C,46,2,14,10,16,4336,0.5519,16384.056,4318.191,0.348,0.6306
7227,16384.056,keygen_C,46,2,23,13,16,7024,0.8941,16384.056,4318.4264,0.4274,0.478
7228,16384.056,keygen_C,46,2,19,15,16,6736,0.8574,16384.056,4319.0135,0.4186,0.4882
7229,16384.056,keygen_C,46,2,18,19,16,7632,0.9715,16384.056,4330.9333,0.4441,0.4571
7230,16384.056,keygen_C,46,2,11,13,16,4336,0.5519,16384.056,4318.2935,0.348,0.6306
7231,16384.056,keygen_C,46,2,12,19,16,5712,0.7271,16384.056,4326.6794,0.3879,0.5335
7232,16384.056,keygen_C,46,2,15,17,16,6192,0.7882,16384.056,4320.8303,0.4023,0.5104
7233,16384.056,keygen_C,46,2,18,12,16,5616,0.7149,16384.056,4318.2713,0.3856,0.5394
7234,16384.056,keygen_C,46,2,15,15,16,5712,0.7271,16384.056,4318.8363,0.3884,0.5342
7235,16384.056,keygen_C,46,2,23,14,16,7392,0.9409,16384.056,4318.6812,0.4381,0.4655
7236,16384.056,keygen_C,46,2,11,15,16,4688,0.5967,16384.056,4318.659,0.3582,0.6003
7237,16384.056,keygen_C,46,2,16,10,16,4688,0.5967,16384.056,4318.1938,0.3587,0.6011
7238,16384.056,keygen_C,46,2,17,13,16,5680,0.723,16384.056,4318.3599,0.3875,0.5359
7239,16384.056,keygen_C,46,2,11,12,16,4160,0.5295,16384.056,4318.2325,0.3429,0.6476
7240,16384.056,keygen_C,46,2,12,15,16,4944,0.6293,16384.056,4318.7034,0.3657,0.581
7241,16384.056,keygen_C,46,2,16,11,16,4944,0.6293,16384.056,4318.2159,0.3661,0.5818
7242,16384.056,keygen_C,46,2,13,10,16,4160,0.5295,16384.056,4318.1896,0.3429,0.6476
7243,16384.056,keygen_C,46,2,14,12,16,4784,0.609,16384.056,4318.2492,0.361,0.5928
7244,16384.056,keygen_C,46,2,13,13,16,4784,0.609,16384.056,4318.3156,0.361,0.5928
7245,16384.056,keygen_C,46,2,13,19,16,6032,0.7678,16384.056,4327.3884,0.3972,0.5173
7246,16384.056,keygen_C,46,2,14,15,16,5456,0.6945,16384.056,4318.792,0.3805,0.5479
7247,16384.056,keygen_C,46,2,12,12,16,4368,0.556,16384.056,4318.2381,0.349,0.6276
7248,16384.056,keygen_C,46,2,20,12,16,6032,0.7678,16384.056,4318.2824,0.3981,0.5185
7249,16384.056,keygen_C,46,2,13,11,16,4368,0.556,16384.056,4318.2076,0.349,0.6276
7250,16384.056,keygen_C,46,2,13,17,16,5616,0.7149,16384.056,4320.4758,0.3852,0.5388
7251,16384.056,keygen_C,46,2,24,8,16,5328,0.6782,16384.056,4318.1799,0.3782,0.5576
7252,16384.056,keygen_C,46,2,12,17,16,5328,0.6782,16384.056,4320.2986,0.3768,0.5556
7253,16384.056,keygen_C,46,2,17,18,16,7040,0.8961,16384.056,4324.198,0.4269,0.4764
7254,16384.056,keygen_C,46,2,19,16,16,7040,0.8961,16384.056,4319.8554,0.4274,0.4769
7255,16384.056,keygen_C,46,2,24,13,16,7248,0.9226,16384.056,4318.4375,0.4339,0.4703
7256,16384.056,keygen_C,46,2,21,15,16,7248,0.9226,16384.056,4319.1022,0.4334,0.4698
7257,16384.056,keygen_C,46,2,16,20,16,7248,0.9226,16384.056,4340.859,0.4329,0.4693
7258,16384.056,keygen_C,46,2,23,11,16,6288,0.8004,16384.056,4318.2353,0.406,0.5073
7259,16384.056,keygen_C,46,2,16,13,16,5456,0.6945,16384.056,4318.3489,0.381,0.5486
7260,16384.056,keygen_C,46,2,19,13,16,6128,0.78,16384.056,4318.3821,0.4009,0.514
7261,16384.056,keygen_C,46,2,14,18,16,6128,0.78,16384.056,4323.1345,0.4,0.5128
7262,16384.056,keygen_C,46,2,14,16,16,5680,0.723,16384.056,4319.4123,0.387,0.5353
7263,16384.056,keygen_C,46,2,18,11,16,5328,0.6782,16384.056,4318.2215,0.3773,0.5563
7264,16384.056,keygen_C,46,2,16,14,16,5712,0.7271,16384.056,4318.5261,0.3884,0.5342
7265,16384.056,keygen_C,46,2,23,12,16,6656,0.8473,16384.056,4318.299,0.4167,0.4918
7266,16384.056,keygen_C,46,2,18,14,16,6192,0.7882,16384.056,4318.5704,0.4023,0.5104
7267,16384.056,keygen_C,46,2,16,15,16,5968,0.7597,16384.056,4318.8806,0.3958,0.521
7268,16384.056,keygen_C,46,2,21,12,16,6240,0.7943,16384.056,4318.2879,0.4042,0.5088
7269,16384.056,keygen_C,46,2,16,9,16,4432,0.5642,16384.056,4318.1827,0.3513,0.6227
7270,16384.056,keygen_C,46,2,9,16,16,4320,0.5499,16384.056,4318.9692,0.3471,0.6312
7271,16384.056,keygen_C,46,2,13,20,16,6240,0.7943,16384.056,4336.6051,0.4032,0.5077
7272,16384.056,keygen_C,46,2,8,19,16,4432,0.5642,16384.056,4323.8435,0.3503,0.621
7273,16384.056,keygen_C,46,2,22,10,16,5744,0.7312,16384.056,4318.2021,0.3898,0.5331
7274,16384.056,keygen_C,46,2,10,18,16,4912,0.6253,16384.056,4321.7165,0.3643,0.5826
7275,16384.056,keygen_C,46,2,19,9,16,4912,0.6253,16384.056,4318.1848,0.3657,0.5848
7276,16384.056,keygen_C,46,2,17,8,16,4320,0.5499,16384.056,4318.1775,0.348,0.6329
7277,16384.056,keygen_C,46,2,11,19,16,5392,0.6864,16384.056,4325.9704,0.3787,0.5517
7278,16384.056,keygen_C,46,2,7,19,16,4112,0.5234,16384.056,4323.1345,0.3411,0.6516
7279,16384.056,keygen_C,46,2,15,20,16,6912,0.8798,16384.056,4339.4411,0.4232,0.481
7280,16384.056,keygen_C,46,2,13,14,16,4992,0.6354,16384.056,4318.4596,0.3671,0.5776
7281,16384.056,keygen_C,46,2,15,12,16,4992,0.6354,16384.056,4318.2547,0.3675,0.5784
7282,16384.056,keygen_C,46,2,14,13,16,5008,0.6375,16384.056,4318.3267,0.3675,0.5765
7283,16384.056,keygen_C,46,2,21,14,16,6912,0.8798,16384.056,4318.6369,0.4237,0.4815
7284,16384.056,keygen_C,46,2,20,10,16,5392,0.6864,16384.056,4318.1993,0.3796,0.553
7285,16384.056,keygen_C,46,2,20,11,16,5712,0.7271,16384.056,4318.227,0.3889,0.5348
7286,16384.056,keygen_C,46,2,22,9,16,5392,0.6864,16384.056,4318.1868,0.3796,0.553
7287,16384.056,keygen_C,46,2,10,15,16,4432,0.5642,16384.056,4318.6147,0.3503,0.621
7288,16384.056,keygen_C,46,2,24,9,16,5712,0.7271,16384.056,4318.1882,0.3893,0.5355
7289,16384.056,keygen_C,46,2,19,18,16,7648,0.9735,16384.056,4324.9069,0.445,0.4571
7290,16549.0443,keygen_C,40,2,15,14,256,4832,0.6151,16549.0443,4361.9882,2.2608,3.6757
7291,16549.0443,keygen_C,40,2,8,20,256,3920,0.499,16549.0443,4372.9995,2.2334,4.4759
7292,16549.0443,keygen_C,40,2,10,20,256,4592,0.5845,16549.0443,4375.8355,2.2529,3.8543
7293,16549.0443,keygen_C,40,2,13,14,256,4352,0.554,16549.0443,4361.9439,2.2464,4.0551
7294,16549.0443,keygen_C,40,2,14,15,256,4816,0.613,16549.0443,4362.2762,2.2599,3.6864
7295,16549.0443,keygen_C,40,2,15,12,256,4352,0.554,16549.0443,4361.7389,2.2469,4.0559
7296,16549.0443,keygen_C,40,2,12,13,256,3920,0.499,16549.0443,4361.7888,2.2339,4.4769
7297,16549.0443,keygen_C,40,2,13,12,256,3936,0.501,16549.0443,4361.7278,2.2343,4.4596
7298,16549.0443,keygen_C,40,2,15,13,256,4592,0.5845,16549.0443,4361.822,2.2538,3.8559
7299,16549.0443,keygen_C,40,2,24,16,256,7760,0.9878,16549.0443,4363.7828,2.3466,2.3757
7300,16549.0443,keygen_C,40,2,14,14,256,4592,0.5845,16549.0443,4361.966,2.2534,3.8551
7301,16549.0443,keygen_C,40,2,12,17,256,4688,0.5967,16549.0443,4363.7828,2.2561,3.7808
7302,16549.0443,keygen_C,40,2,18,11,256,4688,0.5967,16549.0443,4361.7057,2.2566,3.7816
7303,16549.0443,keygen_C,40,2,13,17,256,4976,0.6334,16549.0443,4363.96,2.2645,3.5751
7304,16549.0443,keygen_C,40,2,16,13,256,4816,0.613,16549.0443,4361.8331,2.2603,3.6871
7305,16549.0443,keygen_C,40,2,14,12,256,4144,0.5275,16549.0443,4361.7334,2.2404,4.2472
7306,16549.0443,keygen_C,40,2,13,13,256,4144,0.5275,16549.0443,4361.7998,2.2404,4.2472
7307,16549.0443,keygen_C,40,2,22,9,256,4752,0.6049,16549.0443,4361.6711,2.2589,3.7345
7308,16549.0443,keygen_C,40,2,10,19,256,4432,0.5642,16549.0443,4368.7457,2.2483,3.9852
7309,16549.0443,keygen_C,40,2,21,10,256,4928,0.6273,16549.0443,4361.6849,2.264,3.6092
7310,16549.0443,keygen_C,40,2,20,10,256,4752,0.6049,16549.0443,4361.6835,2.2589,3.7345
7311,16549.0443,keygen_C,40,2,11,19,256,4752,0.6049,16549.0443,4369.4546,2.258,3.7329
7312,16549.0443,keygen_C,40,2,11,20,256,4928,0.6273,16549.0443,4377.2534,2.2631,3.6077
7313,16549.0443,keygen_C,40,2,17,12,256,4768,0.6069,16549.0443,4361.75,2.2589,3.7219
7314,16549.0443,keygen_C,40,2,23,16,256,7488,0.9532,16549.0443,4363.6942,2.3387,2.4537
7315,16549.0443,keygen_C,40,2,12,16,256,4496,0.5723,16549.0443,4362.7193,2.2506,3.9325
7316,16549.0443,keygen_C,40,2,20,9,256,4432,0.5642,16549.0443,4361.6697,2.2497,3.9877
7317,16549.0443,keygen_C,40,2,20,19,256,7632,0.9715,16549.0443,4375.8355,2.3425,2.4112
7318,16549.0443,keygen_C,40,2,22,17,256,7568,0.9633,16549.0443,4365.5552,2.3406,2.4297
7319,16549.0443,keygen_C,40,2,21,18,256,7616,0.9695,16549.0443,4369.1001,2.342,2.4158
7320,16549.0443,keygen_C,40,2,13,16,256,4768,0.6069,16549.0443,4362.8079,2.2585,3.7212
7321,16549.0443,keygen_C,40,2,21,9,256,4592,0.5845,16549.0443,4361.6704,2.2543,3.8566
7322,16549.0443,keygen_C,40,2,24,8,256,4688,0.5967,16549.0443,4361.6641,2.2575,3.7831
7323,16549.0443,keygen_C,40,2,24,15,256,7376,0.9389,16549.0443,4362.7193,2.3355,2.4875
7324,16549.0443,keygen_C,40,2,22,10,256,5104,0.6497,16549.0443,4361.6863,2.2691,3.4926
7325,16549.0443,keygen_C,40,2,10,15,256,3792,0.4827,16549.0443,4362.0989,2.2297,4.6193
7326,16549.0443,keygen_C,40,2,23,8,256,4544,0.5784,16549.0443,4361.6638,2.2534,3.8958
7327,16549.0443,keygen_C,40,2,19,10,256,4576,0.5825,16549.0443,4361.6821,2.2538,3.8693
7328,16549.0443,keygen_C,40,2,11,18,256,4576,0.5825,16549.0443,4365.5552,2.2529,3.8677
7329,16549.0443,keygen_C,40,2,20,18,256,7312,0.9308,16549.0443,4368.7457,2.3332,2.5068
7330,16549.0443,keygen_C,40,2,11,17,256,4400,0.5601,16549.0443,4363.6055,2.2478,4.0133
7331,16549.0443,keygen_C,40,2,11,14,256,3872,0.4929,16549.0443,4361.8995,2.2325,4.5295
7332,16549.0443,keygen_C,40,2,8,19,256,3792,0.4827,16549.0443,4367.3277,2.2297,4.6193
7333,16549.0443,keygen_C,40,2,11,16,256,4224,0.5377,16549.0443,4362.6307,2.2427,4.1711
7334,16549.0443,keygen_C,40,2,14,13,256,4368,0.556,16549.0443,4361.8109,2.2469,4.0411
7335,16549.0443,keygen_C,40,2,22,16,256,7216,0.9185,16549.0443,4363.6055,2.3304,2.5371
7336,16549.0443,keygen_C,40,2,17,10,256,4224,0.5377,16549.0443,4361.6794,2.2432,4.1719
7337,16549.0443,keygen_C,40,2,24,9,256,5072,0.6456,16549.0443,4361.6724,2.2687,3.5139
7338,16549.0443,keygen_C,40,2,20,11,256,5072,0.6456,16549.0443,4361.7112,2.2682,3.5132
7339,16549.0443,keygen_C,40,2,15,15,256,5072,0.6456,16549.0443,4362.3205,2.2677,3.5125
7340,16549.0443,keygen_C,40,2,13,15,256,4560,0.5804,16549.0443,4362.2319,2.2524,3.8805
7341,16549.0443,keygen_C,40,2,16,12,256,4560,0.5804,16549.0443,4361.7445,2.2529,3.8813
7342,16549.0443,keygen_C,40,2,18,12,256,4976,0.6334,16549.0443,4361.7555,2.265,3.5759
7343,16549.0443,keygen_C,40,2,12,19,256,5072,0.6456,16549.0443,4370.1636,2.2673,3.5118
7344,16549.0443,keygen_C,40,2,23,9,256,4912,0.6253,16549.0443,4361.6718,2.264,3.621
7345,16549.0443,keygen_C,40,2,10,16,256,3952,0.5031,16549.0443,4362.5421,2.2343,4.4415
7346,16549.0443,keygen_C,40,2,9,20,256,4256,0.5418,16549.0443,4374.4175,2.2432,4.1406
7347,16549.0443,keygen_C,40,2,18,10,256,4400,0.5601,16549.0443,4361.6808,2.2483,4.0142
7348,16549.0443,keygen_C,40,2,19,20,256,7616,0.9695,16549.0443,4388.5971,2.342,2.4158
7349,16549.0443,keygen_C,40,2,10,18,256,4272,0.5438,16549.0443,4365.2007,2.2436,4.1259
7350,16549.0443,keygen_C,40,2,15,11,256,4112,0.5234,16549.0443,4361.6974,2.2399,4.2794
7351,16549.0443,keygen_C,40,2,17,11,256,4496,0.5723,16549.0443,4361.7029,2.251,3.9333
7352,16549.0443,keygen_C,40,2,21,17,256,7280,0.9267,16549.0443,4365.378,2.3323,2.5168
7353,16549.0443,keygen_C,40,2,18,20,256,7280,0.9267,16549.0443,4387.1792,2.3318,2.5163
7354,16549.0443,keygen_C,40,2,12,14,256,4112,0.5234,16549.0443,4361.9217,2.2394,4.2785
7355,16549.0443,keygen_C,40,2,9,18,256,3968,0.5051,16549.0443,4364.8463,2.2348,4.4245
7356,16549.0443,keygen_C,40,2,16,11,256,4304,0.5479,16549.0443,4361.7001,2.2455,4.0986
7357,16549.0443,keygen_C,40,2,11,15,256,4048,0.5153,16549.0443,4362.1433,2.2376,4.3425
7358,16549.0443,keygen_C,40,2,9,17,256,3824,0.4868,16549.0443,4363.251,2.2306,4.5826
7359,16549.0443,keygen_C,40,2,12,18,256,4880,0.6212,16549.0443,4365.9097,2.2617,3.641
7360,16549.0443,keygen_C,40,2,9,19,256,4112,0.5234,16549.0443,4368.0367,2.239,4.2776
7361,16549.0443,keygen_C,40,2,19,9,256,4272,0.5438,16549.0443,4361.669,2.245,4.1285
7362,16549.0443,keygen_C,40,2,12,15,256,4304,0.5479,16549.0443,4362.1876,2.245,4.0978
7363,16549.0443,keygen_C,40,2,14,16,256,5040,0.6415,16549.0443,4362.8966,2.2664,3.5326
7364,16549.0443,keygen_C,40,2,19,11,256,4880,0.6212,16549.0443,4361.7085,2.2626,3.6425
7365,16549.0443,keygen_C,40,2,17,13,256,5040,0.6415,16549.0443,4361.8442,2.2668,3.5334
7366,16549.0443,keygen_C,40,2,10,17,256,4112,0.5234,16549.0443,4363.4283,2.239,4.2776
7367,16549.0443,keygen_C,40,2,19,19,256,7312,0.9308,16549.0443,4375.1265,2.3332,2.5068
7368,16549.0443,keygen_C,40,2,16,14,256,5072,0.6456,16549.0443,4362.0103,2.2677,3.5125
7369,16549.0443,keygen_C,40,2,19,15,256,6096,0.776,16549.0443,4362.4977,2.2979,2.9614
7370,16549.0443,keygen_C,40,2,24,12,256,6224,0.7923,16549.0443,4361.7888,2.3021,2.9057
7371,16549.0443,keygen_C,40,2,24,10,256,5456,0.6945,16549.0443,4361.6891,2.2798,3.2827
7372,16549.0443,keygen_C,40,2,18,16,256,6128,0.78,16549.0443,4363.251,2.2984,2.9465
7373,16549.0443,keygen_C,40,2,22,11,256,5456,0.6945,16549.0443,4361.7168,2.2794,3.282
7374,16549.0443,keygen_C,40,2,17,18,256,6400,0.8147,16549.0443,4367.6822,2.3063,2.8309
7375,16549.0443,keygen_C,40,2,19,14,256,5792,0.7373,16549.0443,4362.0768,2.2891,3.1048
7376,16549.0443,keygen_C,40,2,15,18,256,5792,0.7373,16549.0443,4366.9732,2.2886,3.1042
7377,16549.0443,keygen_C,40,2,16,16,256,5584,0.7108,16549.0443,4363.0738,2.2826,3.2113
7378,16549.0443,keygen_C,40,2,17,15,256,5584,0.7108,16549.0443,4362.4091,2.2826,3.2113
7379,16549.0443,keygen_C,40,2,19,12,256,5184,0.6599,16549.0443,4361.7611,2.2715,3.4422
7380,16549.0443,keygen_C,40,2,15,16,256,5312,0.6762,16549.0443,4362.9852,2.2747,3.3641
7381,16549.0443,keygen_C,40,2,13,18,256,5184,0.6599,16549.0443,4366.2642,2.2705,3.4408
7382,16549.0443,keygen_C,40,2,17,14,256,5312,0.6762,16549.0443,4362.0325,2.2747,3.3641
7383,16549.0443,keygen_C,40,2,21,14,256,6272,0.7984,16549.0443,4362.1211,2.303,2.8846
7384,16549.0443,keygen_C,40,2,24,13,256,6608,0.8411,16549.0443,4361.9217,2.3132,2.7501
7385,16549.0443,keygen_C,40,2,13,20,256,5600,0.7128,16549.0443,4380.0894,2.2826,3.2022
7386,16549.0443,keygen_C,40,2,21,12,256,5600,0.7128,16549.0443,4361.7721,2.2835,3.2035
7387,16549.0443,keygen_C,40,2,21,15,256,6608,0.8411,16549.0443,4362.5864,2.3128,2.7496
7388,16549.0443,keygen_C,40,2,16,15,256,5328,0.6782,16549.0443,4362.3648,2.2752,3.3547
7389,16549.0443,keygen_C,40,2,19,16,256,6400,0.8147,16549.0443,4363.3397,2.3067,2.8315
7390,16549.0443,keygen_C,40,2,17,17,256,6128,0.78,16549.0443,4364.669,2.2984,2.9465
7391,16549.0443,keygen_C,40,2,23,10,256,5280,0.6721,16549.0443,4361.6877,2.2747,3.3845
7392,16549.0443,keygen_C,40,2,18,14,256,5552,0.7067,16549.0443,4362.0546,2.2817,3.2285
7393,16549.0443,keygen_C,40,2,18,15,256,5840,0.7434,16549.0443,4362.4534,2.29,3.0806
7394,16549.0443,keygen_C,40,2,16,18,256,6096,0.776,16549.0443,4367.3277,2.2974,2.9608
7395,16549.0443,keygen_C,40,2,9,16,256,3680,0.4684,16549.0443,4362.4534,2.2265,4.753
7396,16549.0443,keygen_C,40,2,17,20,256,6944,0.8839,16549.0443,4385.7612,2.322,2.627
7397,16549.0443,keygen_C,40,2,24,11,256,5840,0.7434,16549.0443,4361.7223,2.291,3.0818
7398,16549.0443,keygen_C,40,2,21,16,256,6944,0.8839,16549.0443,4363.5169,2.3225,2.6275
7399,16549.0443,keygen_C,40,2,20,13,256,5712,0.7271,16549.0443,4361.8774,2.2868,3.1451
7400,16549.0443,keygen_C,40,2,7,20,256,3584,0.4562,16549.0443,4371.5816,2.2237,4.8742
7401,16549.0443,keygen_C,40,2,19,13,256,5488,0.6986,16549.0443,4361.8663,2.2803,3.2642
7402,16549.0443,keygen_C,40,2,16,20,256,6608,0.8411,16549.0443,4384.3433,2.3123,2.749
7403,16549.0443,keygen_C,40,2,14,18,256,5488,0.6986,16549.0443,4366.6187,2.2794,3.2629
7404,16549.0443,keygen_C,40,2,14,19,256,5712,0.7271,16549.0443,4371.5816,2.2858,3.1438
7405,16549.0443,keygen_C,40,2,16,17,256,5840,0.7434,16549.0443,4364.4918,2.29,3.0806
7406,16549.0443,keygen_C,40,2,18,17,256,6416,0.8167,16549.0443,4364.8463,2.3067,2.8244
7407,16549.0443,keygen_C,40,2,12,20,256,5264,0.6701,16549.0443,4378.6714,2.2729,3.392
7408,16549.0443,keygen_C,40,2,14,17,256,5264,0.6701,16549.0443,4364.1373,2.2729,3.392
7409,16549.0443,keygen_C,40,2,18,13,256,5264,0.6701,16549.0443,4361.8552,2.2733,3.3927
7410,16549.0443,keygen_C,40,2,21,11,256,5264,0.6701,16549.0443,4361.714,2.2738,3.3934
7411,16549.0443,keygen_C,40,2,22,12,256,5808,0.7393,16549.0443,4361.7777,2.2896,3.0969
7412,16549.0443,keygen_C,40,2,15,17,256,5552,0.7067,16549.0443,4364.3145,2.2817,3.2285
7413,16549.0443,keygen_C,40,2,17,16,256,5856,0.7454,16549.0443,4363.1624,2.2905,3.0728
7414,16549.0443,keygen_C,40,2,23,13,256,6384,0.8126,16549.0443,4361.9106,2.3067,2.8386
7415,16549.0443,keygen_C,40,2,15,20,256,6272,0.7984,16549.0443,4382.9253,2.3026,2.8841
7416,16549.0443,keygen_C,40,2,15,19,256,6032,0.7678,16549.0443,4372.2906,2.2956,2.9897
7417,16549.0443,keygen_C,40,2,23,12,256,6016,0.7658,16549.0443,4361.7832,2.2961,2.9983
7418,16549.0443,keygen_C,40,2,24,14,256,6992,0.89,16549.0443,4362.1876,2.3244,2.6116
7419,16549.0443,keygen_C,40,2,20,17,256,6992,0.89,16549.0443,4365.2007,2.3239,2.6111
7420,16549.0443,keygen_C,40,2,18,19,256,6992,0.89,16549.0443,4374.4175,2.3234,2.6105
7421,16549.0443,keygen_C,40,2,20,16,256,6672,0.8493,16549.0443,4363.4283,2.3146,2.7254
7422,16549.0443,keygen_C,40,2,16,19,256,6352,0.8086,16549.0443,4372.9995,2.3049,2.8506
7423,16549.0443,keygen_C,40,2,20,15,256,6352,0.8086,16549.0443,4362.5421,2.3053,2.8512
7424,16549.0443,keygen_C,40,2,17,19,256,6672,0.8493,16549.0443,4373.7085,2.3142,2.7248
7425,16549.0443,keygen_C,40,2,20,12,256,5392,0.6864,16549.0443,4361.7666,2.2775,3.3182
7426,16549.0443,keygen_C,40,2,13,19,256,5392,0.6864,16549.0443,4370.8726,2.2766,3.3169
7427,16549.0443,keygen_C,40,2,23,11,256,5648,0.7189,16549.0443,4361.7195,2.2854,3.1788
7428,16549.0443,keygen_C,40,2,22,15,256,6864,0.8737,16549.0443,4362.6307,2.3202,2.6555
7429,16549.0443,keygen_C,40,2,8,18,256,3664,0.4664,16549.0443,4364.4918,2.226,4.7727
7430,16549.0443,keygen_C,40,2,23,14,256,6752,0.8595,16549.0443,4362.1654,2.3174,2.6963
7431,16549.0443,keygen_C,40,2,23,15,256,7120,0.9063,16549.0443,4362.675,2.3281,2.5687
7432,16549.0443,keygen_C,40,2,18,18,256,6704,0.8534,16549.0443,4368.0367,2.3151,2.7129
7433,16549.0443,keygen_C,40,2,19,18,256,7008,0.8921,16549.0443,4368.3912,2.3244,2.6056
7434,16549.0443,keygen_C,40,2,21,13,256,5936,0.7556,16549.0443,4361.8885,2.2933,3.035
7435,16549.0443,keygen_C,40,2,22,14,256,6512,0.8289,16549.0443,4362.1433,2.31,2.7867
7436,16549.0443,keygen_C,40,2,19,17,256,6704,0.8534,16549.0443,4365.0235,2.3155,2.7134
7437,16549.0443,keygen_C,40,2,14,20,256,5936,0.7556,16549.0443,4381.5073,2.2923,3.0338
7438,16549.0443,keygen_C,40,2,20,14,256,6032,0.7678,16549.0443,4362.0989,2.2961,2.9904
7439,16549.0443,keygen_C,40,2,22,13,256,6160,0.7841,16549.0443,4361.8995,2.2998,2.933
7440,25967.7245,keygen_C,46,2,15,9,32,4048,0.5153,25967.7245,6844.0477,0.5044,0.9789
7441,25967.7245,keygen_C,46,2,13,17,32,5392,0.6864,25967.7245,6846.3415,0.5429,0.791
7442,25967.7245,keygen_C,46,2,23,13,32,6800,0.8656,25967.7245,6844.2921,0.5852,0.676
7443,25967.7245,keygen_C,46,2,22,8,32,4816,0.613,25967.7245,6844.0449,0.5271,0.8599
7444,25967.7245,keygen_C,46,2,21,14,32,6688,0.8513,25967.7245,6844.5026,0.5814,0.683
7445,25967.7245,keygen_C,46,2,22,10,32,5520,0.7026,25967.7245,6844.0678,0.5476,0.7793
7446,25967.7245,keygen_C,46,2,17,15,32,6000,0.7637,25967.7245,6844.7906,0.561,0.7346
7447,25967.7245,keygen_C,46,2,20,11,32,5488,0.6986,25967.7245,6844.0927,0.5466,0.7825
7448,25967.7245,keygen_C,46,2,16,14,32,5488,0.6986,25967.7245,6844.3918,0.5462,0.7818
7449,25967.7245,keygen_C,46,2,19,10,32,4992,0.6354,25967.7245,6844.0636,0.5323,0.8376
7450,25967.7245,keygen_C,46,2,11,18,32,4992,0.6354,25967.7245,6847.9367,0.5313,0.8362
7451,25967.7245,keygen_C,46,2,20,8,32,4528,0.5764,25967.7245,6844.0443,0.5188,0.9001
7452,25967.7245,keygen_C,46,2,14,11,32,4336,0.5519,25967.7245,6844.0761,0.5123,0.9282
7453,25967.7245,keygen_C,46,2,22,15,32,7280,0.9267,25967.7245,6845.0122,0.5986,0.646
7454,25967.7245,keygen_C,46,2,24,9,32,5488,0.6986,25967.7245,6844.0539,0.5471,0.7832
7455,25967.7245,keygen_C,46,2,10,14,32,4048,0.5153,25967.7245,6844.2589,0.5035,0.9771
7456,25967.7245,keygen_C,46,2,18,12,32,5392,0.6864,25967.7245,6844.137,0.5434,0.7917
7457,25967.7245,keygen_C,46,2,11,17,32,4816,0.613,25967.7245,6845.987,0.5262,0.8584
7458,25967.7245,keygen_C,46,2,17,10,32,4640,0.5906,25967.7245,6844.0609,0.5216,0.8831
7459,25967.7245,keygen_C,46,2,21,9,32,5008,0.6375,25967.7245,6844.0519,0.5327,0.8357
7460,25967.7245,keygen_C,46,2,15,13,32,5008,0.6375,25967.7245,6844.2035,0.5323,0.8349
7461,25967.7245,keygen_C,46,2,14,14,32,5008,0.6375,25967.7245,6844.3475,0.5318,0.8342
7462,25967.7245,keygen_C,46,2,11,16,32,4640,0.5906,25967.7245,6845.0122,0.5211,0.8823
7463,25967.7245,keygen_C,46,2,15,16,32,5728,0.7291,25967.7245,6845.3667,0.5531,0.7586
7464,25967.7245,keygen_C,46,2,18,10,32,4816,0.613,25967.7245,6844.0623,0.5267,0.8591
7465,25967.7245,keygen_C,46,2,15,14,32,5248,0.668,25967.7245,6844.3697,0.5392,0.8072
7466,25967.7245,keygen_C,46,2,10,20,32,5008,0.6375,25967.7245,6858.217,0.5313,0.8335
7467,25967.7245,keygen_C,46,2,7,18,32,3776,0.4807,25967.7245,6846.5188,0.4956,1.0311
7468,25967.7245,keygen_C,46,2,9,18,32,4384,0.558,25967.7245,6847.2278,0.5132,0.9197
7469,25967.7245,keygen_C,46,2,12,16,32,4912,0.6253,25967.7245,6845.1008,0.529,0.8461
7470,25967.7245,keygen_C,46,2,13,12,32,4352,0.554,25967.7245,6844.1093,0.5128,0.9256
7471,25967.7245,keygen_C,46,2,23,12,32,6432,0.8187,25967.7245,6844.1647,0.5745,0.7017
7472,25967.7245,keygen_C,46,2,17,14,32,5728,0.7291,25967.7245,6844.414,0.5531,0.7586
7473,25967.7245,keygen_C,46,2,19,8,32,4384,0.558,25967.7245,6844.0439,0.5146,0.9222
7474,25967.7245,keygen_C,46,2,17,18,32,6816,0.8676,25967.7245,6850.0637,0.5847,0.6739
7475,25967.7245,keygen_C,46,2,15,15,32,5488,0.6986,25967.7245,6844.702,0.5462,0.7818
7476,25967.7245,keygen_C,46,2,10,16,32,4368,0.556,25967.7245,6844.9236,0.5128,0.9222
7477,25967.7245,keygen_C,46,2,14,16,32,5456,0.6945,25967.7245,6845.278,0.5448,0.7844
7478,25967.7245,keygen_C,46,2,10,19,32,4848,0.6171,25967.7245,6851.1272,0.5267,0.8535
7479,25967.7245,keygen_C,46,2,20,9,32,4848,0.6171,25967.7245,6844.0512,0.5281,0.8557
7480,25967.7245,keygen_C,46,2,19,16,32,6816,0.8676,25967.7245,6845.7212,0.5852,0.6744
7481,25967.7245,keygen_C,46,2,19,18,32,7424,0.945,25967.7245,6850.7727,0.6028,0.6379
7482,25967.7245,keygen_C,46,2,21,15,32,7024,0.8941,25967.7245,6844.9679,0.5912,0.6612
7483,25967.7245,keygen_C,46,2,24,13,32,7024,0.8941,25967.7245,6844.3032,0.5916,0.6617
7484,25967.7245,keygen_C,46,2,18,20,32,7696,0.9796,25967.7245,6869.5607,0.6102,0.6229
7485,25967.7245,keygen_C,46,2,8,20,32,4336,0.5519,25967.7245,6855.381,0.5118,0.9273
7486,25967.7245,keygen_C,46,2,9,16,32,4096,0.5214,25967.7245,6844.8349,0.5049,0.9683
7487,25967.7245,keygen_C,46,2,16,15,32,5744,0.7312,25967.7245,6844.7463,0.5536,0.7571
7488,25967.7245,keygen_C,46,2,21,17,32,7696,0.9796,25967.7245,6847.7595,0.6107,0.6234
7489,25967.7245,keygen_C,46,2,17,8,32,4096,0.5214,25967.7245,6844.0432,0.5058,0.9701
7490,25967.7245,keygen_C,46,2,8,16,32,3824,0.4868,25967.7245,6844.7463,0.497,1.021
7491,25967.7245,keygen_C,46,2,23,9,32,5328,0.6782,25967.7245,6844.0533,0.5425,0.7998
7492,25967.7245,keygen_C,46,2,13,20,32,6016,0.7658,25967.7245,6862.4709,0.561,0.7326
7493,25967.7245,keygen_C,46,2,21,12,32,6016,0.7658,25967.7245,6844.1536,0.5619,0.7338
7494,25967.7245,keygen_C,46,2,21,10,32,5344,0.6802,25967.7245,6844.0664,0.5425,0.7974
7495,25967.7245,keygen_C,46,2,11,20,32,5344,0.6802,25967.7245,6859.6349,0.5415,0.7961
7496,25967.7245,keygen_C,46,2,18,17,32,6832,0.8697,25967.7245,6847.2277,0.5852,0.6729
7497,25967.7245,keygen_C,46,2,17,13,32,5456,0.6945,25967.7245,6844.2257,0.5452,0.7851
7498,25967.7245,keygen_C,46,2,12,13,32,4336,0.5519,25967.7245,6844.1703,0.5123,0.9282
7499,25967.7245,keygen_C,46,2,18,9,32,4528,0.5764,25967.7245,6844.0498,0.5183,0.8993
7500,25967.7245,keygen_C,46,2,12,19,32,5488,0.6986,25967.7245,6852.5451,0.5457,0.7812
7501,25967.7245,keygen_C,46,2,22,13,32,6576,0.8371,25967.7245,6844.281,0.5782,0.6907
7502,25967.7245,keygen_C,46,2,11,13,32,4112,0.5234,25967.7245,6844.1592,0.5058,0.9663
7503,25967.7245,keygen_C,46,2,23,11,32,6064,0.7719,25967.7245,6844.101,0.5638,0.7304
7504,25967.7245,keygen_C,46,2,14,20,32,6352,0.8086,25967.7245,6863.8888,0.5708,0.7059
7505,25967.7245,keygen_C,46,2,16,12,32,4976,0.6334,25967.7245,6844.126,0.5313,0.8388
7506,25967.7245,keygen_C,46,2,13,15,32,4976,0.6334,25967.7245,6844.6134,0.5309,0.8381
7507,25967.7245,keygen_C,46,2,17,9,32,4368,0.556,25967.7245,6844.0491,0.5137,0.9239
7508,25967.7245,keygen_C,46,2,20,12,32,5808,0.7393,25967.7245,6844.1481,0.5559,0.7519
7509,25967.7245,keygen_C,46,2,21,13,32,6352,0.8086,25967.7245,6844.27,0.5717,0.7071
7510,25967.7245,keygen_C,46,2,13,19,32,5808,0.7393,25967.7245,6853.2541,0.555,0.7507
7511,25967.7245,keygen_C,46,2,13,13,32,4560,0.5804,25967.7245,6844.1813,0.5188,0.8938
7512,25967.7245,keygen_C,46,2,14,12,32,4560,0.5804,25967.7245,6844.1149,0.5188,0.8938
7513,25967.7245,keygen_C,46,2,17,16,32,6272,0.7984,25967.7245,6845.5439,0.5689,0.7126
7514,25967.7245,keygen_C,46,2,12,12,32,4144,0.5275,25967.7245,6844.1038,0.5067,0.9606
7515,25967.7245,keygen_C,46,2,16,20,32,7024,0.8941,25967.7245,6866.7247,0.5907,0.6607
7516,25967.7245,keygen_C,46,2,12,18,32,5296,0.6741,25967.7245,6848.2912,0.5401,0.8012
7517,25967.7245,keygen_C,46,2,19,11,32,5296,0.6741,25967.7245,6844.09,0.5411,0.8026
7518,25967.7245,keygen_C,46,2,8,18,32,4080,0.5193,25967.7245,6846.8733,0.5044,0.9712
7519,25967.7245,keygen_C,46,2,13,11,32,4144,0.5275,25967.7245,6844.0733,0.5067,0.9606
7520,25967.7245,keygen_C,46,2,23,8,32,4960,0.6314,25967.7245,6844.0453,0.5318,0.8423
7521,25967.7245,keygen_C,46,2,14,10,32,4112,0.5234,25967.7245,6844.0567,0.5058,0.9663
7522,25967.7245,keygen_C,46,2,15,11,32,4528,0.5764,25967.7245,6844.0789,0.5183,0.8993
7523,25967.7245,keygen_C,46,2,17,11,32,4912,0.6253,25967.7245,6844.0844,0.5295,0.8468
7524,25967.7245,keygen_C,46,2,16,9,32,4208,0.5356,25967.7245,6844.0484,0.509,0.9504
7525,25967.7245,keygen_C,46,2,21,11,32,5680,0.723,25967.7245,6844.0955,0.5522,0.7638
7526,25967.7245,keygen_C,46,2,7,19,32,3888,0.4949,25967.7245,6849.0002,0.4988,1.0079
7527,25967.7245,keygen_C,46,2,23,10,32,5696,0.7251,25967.7245,6844.0692,0.5531,0.7629
7528,25967.7245,keygen_C,46,2,18,13,32,5680,0.723,25967.7245,6844.2367,0.5517,0.7631
7529,25967.7245,keygen_C,46,2,8,17,32,3952,0.5031,25967.7245,6845.4553,0.5007,0.9953
7530,25967.7245,keygen_C,46,2,18,16,32,6544,0.833,25967.7245,6845.6325,0.5768,0.6924
7531,25967.7245,keygen_C,46,2,11,15,32,4464,0.5682,25967.7245,6844.5248,0.516,0.9081
7532,25967.7245,keygen_C,46,2,14,17,32,5680,0.723,25967.7245,6846.5188,0.5513,0.7625
7533,25967.7245,keygen_C,46,2,23,14,32,7168,0.9124,25967.7245,6844.5469,0.5958,0.653
7534,25967.7245,keygen_C,46,2,24,12,32,6640,0.8452,25967.7245,6844.1703,0.5805,0.6868
7535,25967.7245,keygen_C,46,2,22,12,32,6224,0.7923,25967.7245,6844.1592,0.568,0.7169
7536,25967.7245,keygen_C,46,2,21,8,32,4672,0.5947,25967.7245,6844.0446,0.523,0.8794
7537,25967.7245,keygen_C,46,2,9,20,32,4672,0.5947,25967.7245,6856.799,0.5216,0.877
7538,25967.7245,keygen_C,46,2,20,13,32,6128,0.78,25967.7245,6844.2589,0.5652,0.7246
7539,25967.7245,keygen_C,46,2,14,19,32,6128,0.78,25967.7245,6853.9631,0.5643,0.7234
7540,25967.7245,keygen_C,46,2,12,20,32,5680,0.723,25967.7245,6861.0529,0.5513,0.7625
7541,25967.7245,keygen_C,46,2,16,11,32,4720,0.6008,25967.7245,6844.0816,0.5239,0.872
7542,25967.7245,keygen_C,46,2,12,15,32,4720,0.6008,25967.7245,6844.5691,0.5234,0.8712
7543,25967.7245,keygen_C,46,2,9,14,32,3808,0.4847,25967.7245,6844.2367,0.4965,1.0243
7544,25967.7245,keygen_C,46,2,13,10,32,3936,0.501,25967.7245,6844.0553,0.5007,0.9994
7545,25967.7245,keygen_C,46,2,11,12,32,3936,0.501,25967.7245,6844.0983,0.5007,0.9994
7546,25967.7245,keygen_C,46,2,17,20,32,7360,0.9369,25967.7245,6868.1427,0.6005,0.6409
7547,25967.7245,keygen_C,46,2,10,18,32,4688,0.5967,25967.7245,6847.5822,0.522,0.8748
7548,25967.7245,keygen_C,46,2,10,13,32,3888,0.4949,25967.7245,6844.1481,0.4988,1.0079
7549,25967.7245,keygen_C,46,2,22,16,32,7632,0.9715,25967.7245,6845.987,0.6088,0.6267
7550,25967.7245,keygen_C,46,2,17,17,32,6544,0.833,25967.7245,6847.0505,0.5768,0.6924
7551,25967.7245,keygen_C,46,2,12,14,32,4528,0.5764,25967.7245,6844.3032,0.5179,0.8985
7552,25967.7245,keygen_C,46,2,21,16,32,7360,0.9369,25967.7245,6845.8984,0.6009,0.6414
7553,25967.7245,keygen_C,46,2,9,15,32,3952,0.5031,25967.7245,6844.4361,0.5007,0.9953
7554,25967.7245,keygen_C,46,2,12,11,32,3952,0.5031,25967.7245,6844.0706,0.5012,0.9962
7555,25967.7245,keygen_C,46,2,13,16,32,5184,0.6599,25967.7245,6845.1894,0.5369,0.8136
7556,25967.7245,keygen_C,46,2,19,14,32,6208,0.7902,25967.7245,6844.4583,0.5675,0.7182
7557,25967.7245,keygen_C,46,2,24,15,32,7792,0.9919,25967.7245,6845.1008,0.6139,0.619
7558,25967.7245,keygen_C,46,2,16,19,32,6768,0.8615,25967.7245,6855.381,0.5833,0.6771
7559,25967.7245,keygen_C,46,2,19,12,32,5600,0.7128,25967.7245,6844.1426,0.5499,0.7714
7560,25967.7245,keygen_C,46,2,13,18,32,5600,0.7128,25967.7245,6848.6457,0.549,0.7701
7561,25967.7245,keygen_C,46,2,17,12,32,5184,0.6599,25967.7245,6844.1315,0.5374,0.8143
7562,25967.7245,keygen_C,46,2,12,17,32,5104,0.6497,25967.7245,6846.1643,0.5346,0.8228
7563,25967.7245,keygen_C,46,2,10,15,32,4208,0.5356,25967.7245,6844.4804,0.5081,0.9486
7564,25967.7245,keygen_C,46,2,18,11,32,5104,0.6497,25967.7245,6844.0872,0.535,0.8235
7565,25967.7245,keygen_C,46,2,20,15,32,6768,0.8615,25967.7245,6844.9236,0.5838,0.6776
7566,25967.7245,keygen_C,46,2,24,8,32,5104,0.6497,25967.7245,6844.0456,0.536,0.8249
7567,25967.7245,keygen_C,46,2,16,10,32,4464,0.5682,25967.7245,6844.0595,0.5165,0.9089
7568,25967.7245,keygen_C,46,2,15,18,32,6208,0.7902,25967.7245,6849.3547,0.5671,0.7176
7569,25967.7245,keygen_C,46,2,15,10,32,4288,0.5458,25967.7245,6844.0581,0.5114,0.9369
7570,25967.7245,keygen_C,46,2,19,13,32,5904,0.7515,25967.7245,6844.2478,0.5587,0.7434
7571,25967.7245,keygen_C,46,2,14,18,32,5904,0.7515,25967.7245,6849.0002,0.5578,0.7422
7572,25967.7245,keygen_C,46,2,15,17,32,5968,0.7597,25967.7245,6846.696,0.5601,0.7373
7573,25967.7245,keygen_C,46,2,18,14,32,5968,0.7597,25967.7245,6844.4361,0.5601,0.7373
7574,25967.7245,keygen_C,46,2,9,17,32,4240,0.5397,25967.7245,6845.6325,0.509,0.9432
7575,25967.7245,keygen_C,46,2,18,8,32,4240,0.5397,25967.7245,6844.0436,0.51,0.9449
7576,25967.7245,keygen_C,46,2,11,14,32,4288,0.5458,25967.7245,6844.281,0.5109,0.936
7577,25967.7245,keygen_C,46,2,8,19,32,4208,0.5356,25967.7245,6849.7092,0.5081,0.9486
7578,25967.7245,keygen_C,46,2,23,15,32,7536,0.9593,25967.7245,6845.0565,0.6065,0.6323
7579,25967.7245,keygen_C,46,2,17,19,32,7088,0.9022,25967.7245,6856.09,0.5926,0.6568
7580,25967.7245,keygen_C,46,2,19,15,32,6512,0.8289,25967.7245,6844.8792,0.5763,0.6953
7581,25967.7245,keygen_C,46,2,7,20,32,4000,0.5092,25967.7245,6853.9631,0.5021,0.9861
7582,25967.7245,keygen_C,46,2,16,17,32,6256,0.7963,25967.7245,6846.8733,0.5684,0.7138
7583,25967.7245,keygen_C,46,2,16,13,32,5232,0.666,25967.7245,6844.2146,0.5387,0.8089
7584,25967.7245,keygen_C,46,2,16,18,32,6512,0.8289,25967.7245,6849.7092,0.5759,0.6947
7585,25967.7245,keygen_C,46,2,14,15,32,5232,0.666,25967.7245,6844.6577,0.5383,0.8082
7586,25967.7245,keygen_C,46,2,16,16,32,6000,0.7637,25967.7245,6845.4553,0.561,0.7346
7587,25967.7245,keygen_C,46,2,18,15,32,6256,0.7963,25967.7245,6844.8349,0.5684,0.7138
7588,25967.7245,keygen_C,46,2,20,16,32,7088,0.9022,25967.7245,6845.8098,0.593,0.6573
7589,25967.7245,keygen_C,46,2,24,11,32,6256,0.7963,25967.7245,6844.1038,0.5694,0.715
7590,25967.7245,keygen_C,46,2,20,17,32,7408,0.943,25967.7245,6847.5822,0.6023,0.6387
7591,25967.7245,keygen_C,46,2,20,14,32,6448,0.8208,25967.7245,6844.4804,0.5745,0.6999
7592,25967.7245,keygen_C,46,2,15,19,32,6448,0.8208,25967.7245,6854.6721,0.574,0.6994
7593,25967.7245,keygen_C,46,2,18,19,32,7408,0.943,25967.7245,6856.799,0.6019,0.6383
7594,25967.7245,keygen_C,46,2,24,14,32,7408,0.943,25967.7245,6844.5691,0.6028,0.6392
7595,25967.7245,keygen_C,46,2,14,13,32,4784,0.609,25967.7245,6844.1924,0.5253,0.8626
7596,25967.7245,keygen_C,46,2,22,11,32,5872,0.7475,25967.7245,6844.0983,0.5578,0.7462
7597,25967.7245,keygen_C,46,2,20,18,32,7728,0.9837,25967.7245,6851.1271,0.6116,0.6217
7598,25967.7245,keygen_C,46,2,10,17,32,4528,0.5764,25967.7245,6845.8098,0.5174,0.8977
7599,25967.7245,keygen_C,46,2,22,9,32,5168,0.6578,25967.7245,6844.0526,0.5374,0.8168
7600,25967.7245,keygen_C,46,2,20,10,32,5168,0.6578,25967.7245,6844.065,0.5374,0.8168
7601,25967.7245,keygen_C,46,2,11,19,32,5168,0.6578,25967.7245,6851.8361,0.5364,0.8154
7602,25967.7245,keygen_C,46,2,18,18,32,7120,0.9063,25967.7245,6850.4182,0.5935,0.6549
7603,25967.7245,keygen_C,46,2,22,14,32,6928,0.8819,25967.7245,6844.5248,0.5884,0.6672
7604,25967.7245,keygen_C,46,2,9,19,32,4528,0.5764,25967.7245,6850.4182,0.5174,0.8977
7605,25967.7245,keygen_C,46,2,19,17,32,7120,0.9063,25967.7245,6847.405,0.594,0.6554
7606,25967.7245,keygen_C,46,2,19,19,32,7728,0.9837,25967.7245,6857.508,0.6116,0.6217
7607,25967.7245,keygen_C,46,2,13,14,32,4768,0.6069,25967.7245,6844.3254,0.5248,0.8647
7608,25967.7245,keygen_C,46,2,24,10,32,5872,0.7475,25967.7245,6844.0706,0.5582,0.7469
7609,25967.7245,keygen_C,46,2,15,12,32,4768,0.6069,25967.7245,6844.1204,0.5253,0.8655
7610,25967.7245,keygen_C,46,2,19,9,32,4688,0.5967,25967.7245,6844.0505,0.5234,0.8772
7611,25967.7245,keygen_C,46,2,15,20,32,6688,0.8513,25967.7245,6865.3068,0.581,0.6824
7612,32768.1121,keygen_C,48,2,21,16,16,7616,0.9695,32768.1121,8638.2043,0.4441,0.4581
7613,32768.1121,keygen_C,48,2,13,16,16,5440,0.6925,32768.1121,8637.4953,0.38,0.5488
7614,32768.1121,keygen_C,48,2,22,13,16,6832,0.8697,32768.1121,8636.587,0.4213,0.4845
7615,32768.1121,keygen_C,48,2,17,20,16,7616,0.9695,32768.1121,8660.4486,0.4436,0.4576
7616,32768.1121,keygen_C,48,2,16,20,16,7280,0.9267,32768.1121,8659.0307,0.4339,0.4682
7617,32768.1121,keygen_C,48,2,13,12,16,4608,0.5866,32768.1121,8636.4152,0.3559,0.6068
7618,32768.1121,keygen_C,48,2,17,10,16,4896,0.6232,32768.1121,8636.3668,0.3647,0.5852
7619,32768.1121,keygen_C,48,2,8,18,16,4336,0.5519,32768.1121,8639.1792,0.3476,0.6297
7620,32768.1121,keygen_C,48,2,16,10,16,4720,0.6008,32768.1121,8636.3654,0.3596,0.5986
7621,32768.1121,keygen_C,48,2,11,15,16,4720,0.6008,32768.1121,8636.8307,0.3592,0.5978
7622,32768.1121,keygen_C,48,2,24,12,16,6896,0.8778,32768.1121,8636.4762,0.4237,0.4826
7623,32768.1121,keygen_C,48,2,19,18,16,7680,0.9776,32768.1121,8643.0786,0.4459,0.4562
7624,32768.1121,keygen_C,48,2,11,19,16,5424,0.6904,32768.1121,8644.142,0.3796,0.5498
7625,32768.1121,keygen_C,48,2,14,9,16,4144,0.5275,32768.1121,8636.3529,0.3425,0.6492
7626,32768.1121,keygen_C,48,2,20,10,16,5424,0.6904,32768.1121,8636.3709,0.3805,0.5511
7627,32768.1121,keygen_C,48,2,22,9,16,5424,0.6904,32768.1121,8636.3585,0.3805,0.5511
7628,32768.1121,keygen_C,48,2,21,15,16,7280,0.9267,32768.1121,8637.2738,0.4343,0.4687
7629,32768.1121,keygen_C,48,2,18,18,16,7376,0.9389,32768.1121,8642.7241,0.4367,0.4651
7630,32768.1121,keygen_C,48,2,23,15,16,7792,0.9919,32768.1121,8637.3624,0.4497,0.4533
7631,32768.1121,keygen_C,48,2,10,13,16,4144,0.5275,32768.1121,8636.454,0.342,0.6483
7632,32768.1121,keygen_C,48,2,7,19,16,4144,0.5275,32768.1121,8641.3061,0.342,0.6483
7633,32768.1121,keygen_C,48,2,7,20,16,4256,0.5418,32768.1121,8646.269,0.3452,0.6373
7634,32768.1121,keygen_C,48,2,11,16,16,4896,0.6232,32768.1121,8637.3181,0.3643,0.5845
7635,32768.1121,keygen_C,48,2,13,17,16,5648,0.7189,32768.1121,8638.6474,0.3861,0.537
7636,32768.1121,keygen_C,48,2,24,13,16,7280,0.9267,32768.1121,8636.6091,0.4348,0.4692
7637,32768.1121,keygen_C,48,2,18,12,16,5648,0.7189,32768.1121,8636.4429,0.3865,0.5377
7638,32768.1121,keygen_C,48,2,19,17,16,7376,0.9389,32768.1121,8639.7109,0.4371,0.4656
7639,32768.1121,keygen_C,48,2,11,12,16,4192,0.5336,32768.1121,8636.4042,0.3439,0.6444
7640,32768.1121,keygen_C,48,2,15,15,16,5744,0.7312,32768.1121,8637.0079,0.3893,0.5325
7641,32768.1121,keygen_C,48,2,21,10,16,5600,0.7128,32768.1121,8636.3723,0.3856,0.541
7642,32768.1121,keygen_C,48,2,20,16,16,7344,0.9348,32768.1121,8638.1157,0.4362,0.4666
7643,32768.1121,keygen_C,48,2,17,19,16,7344,0.9348,32768.1121,8648.3959,0.4357,0.4661
7644,32768.1121,keygen_C,48,2,8,17,16,4208,0.5356,32768.1121,8637.7612,0.3439,0.6419
7645,32768.1121,keygen_C,48,2,17,15,16,6256,0.7963,32768.1121,8637.0965,0.4042,0.5075
7646,32768.1121,keygen_C,48,2,17,13,16,5712,0.7271,32768.1121,8636.5316,0.3884,0.5342
7647,32768.1121,keygen_C,48,2,19,11,16,5552,0.7067,32768.1121,8636.3959,0.3842,0.5437
7648,32768.1121,keygen_C,48,2,15,19,16,6704,0.8534,32768.1121,8646.978,0.4172,0.4889
7649,32768.1121,keygen_C,48,2,12,18,16,5552,0.7067,32768.1121,8640.5971,0.3833,0.5424
7650,32768.1121,keygen_C,48,2,9,19,16,4784,0.609,32768.1121,8642.7241,0.3606,0.5921
7651,32768.1121,keygen_C,48,2,10,17,16,4784,0.609,32768.1121,8638.1157,0.3606,0.5921
7652,32768.1121,keygen_C,48,2,9,18,16,4640,0.5906,32768.1121,8639.5337,0.3564,0.6034
7653,32768.1121,keygen_C,48,2,9,15,16,4208,0.5356,32768.1121,8636.742,0.3439,0.6419
7654,32768.1121,keygen_C,48,2,19,8,16,4640,0.5906,32768.1121,8636.3498,0.3578,0.6057
7655,32768.1121,keygen_C,48,2,15,11,16,4784,0.609,32768.1121,8636.3848,0.3615,0.5936
7656,32768.1121,keygen_C,48,2,18,9,16,4784,0.609,32768.1121,8636.3557,0.3615,0.5936
7657,32768.1121,keygen_C,48,2,20,8,16,4784,0.609,32768.1121,8636.3502,0.3619,0.5944
7658,32768.1121,keygen_C,48,2,14,12,16,4816,0.613,32768.1121,8636.4208,0.3619,0.5904
7659,32768.1121,keygen_C,48,2,13,13,16,4816,0.613,32768.1121,8636.4873,0.3619,0.5904
7660,32768.1121,keygen_C,48,2,15,14,16,5504,0.7006,32768.1121,8636.6756,0.3824,0.5458
7661,32768.1121,keygen_C,48,2,21,14,16,6944,0.8839,32768.1121,8636.8085,0.4246,0.4804
7662,32768.1121,keygen_C,48,2,15,20,16,6944,0.8839,32768.1121,8657.6127,0.4241,0.4798
7663,32768.1121,keygen_C,48,2,13,10,16,4192,0.5336,32768.1121,8636.3612,0.3439,0.6444
7664,32768.1121,keygen_C,48,2,15,9,16,4304,0.5479,32768.1121,8636.3536,0.3476,0.6344
7665,32768.1121,keygen_C,48,2,10,14,16,4304,0.5479,32768.1121,8636.5648,0.3466,0.6327
7666,32768.1121,keygen_C,48,2,12,14,16,4784,0.609,32768.1121,8636.6091,0.361,0.5928
7667,32768.1121,keygen_C,48,2,12,11,16,4208,0.5356,32768.1121,8636.3765,0.3443,0.6428
7668,32768.1121,keygen_C,48,2,16,8,16,4208,0.5356,32768.1121,8636.3488,0.3448,0.6437
7669,32768.1121,keygen_C,48,2,16,16,16,6256,0.7963,32768.1121,8637.7612,0.4042,0.5075
7670,32768.1121,keygen_C,48,2,11,20,16,5600,0.7128,32768.1121,8651.9408,0.3847,0.5397
7671,32768.1121,keygen_C,48,2,24,9,16,5744,0.7312,32768.1121,8636.3599,0.3903,0.5337
7672,32768.1121,keygen_C,48,2,10,16,16,4624,0.5886,32768.1121,8637.2295,0.3559,0.6047
7673,32768.1121,keygen_C,48,2,17,9,16,4624,0.5886,32768.1121,8636.355,0.3568,0.6063
7674,32768.1121,keygen_C,48,2,23,14,16,7424,0.945,32768.1121,8636.8528,0.439,0.4645
7675,32768.1121,keygen_C,48,2,20,11,16,5744,0.7312,32768.1121,8636.3986,0.3898,0.5331
7676,32768.1121,keygen_C,48,2,15,17,16,6224,0.7923,32768.1121,8639.0019,0.4032,0.509
7677,32768.1121,keygen_C,48,2,16,14,16,5744,0.7312,32768.1121,8636.6977,0.3893,0.5325
7678,32768.1121,keygen_C,48,2,18,14,16,6224,0.7923,32768.1121,8636.742,0.4032,0.509
7679,32768.1121,keygen_C,48,2,24,14,16,7664,0.9756,32768.1121,8636.875,0.4459,0.4571
7680,32768.1121,keygen_C,48,2,20,17,16,7664,0.9756,32768.1121,8639.8881,0.4455,0.4566
7681,32768.1121,keygen_C,48,2,18,19,16,7664,0.9756,32768.1121,8649.1049,0.445,0.4562
7682,32768.1121,keygen_C,48,2,12,19,16,5744,0.7312,32768.1121,8644.851,0.3889,0.5318
7683,32768.1121,keygen_C,48,2,23,9,16,5584,0.7108,32768.1121,8636.3592,0.3856,0.5425
7684,32768.1121,keygen_C,48,2,21,12,16,6272,0.7984,32768.1121,8636.4596,0.4051,0.5074
7685,32768.1121,keygen_C,48,2,13,20,16,6272,0.7984,32768.1121,8654.7768,0.4042,0.5063
7686,32768.1121,keygen_C,48,2,13,19,16,6064,0.7719,32768.1121,8645.56,0.3981,0.5158
7687,32768.1121,keygen_C,48,2,14,16,16,5712,0.7271,32768.1121,8637.584,0.3879,0.5335
7688,32768.1121,keygen_C,48,2,24,10,16,6128,0.78,32768.1121,8636.3765,0.4014,0.5146
7689,32768.1121,keygen_C,48,2,20,12,16,6064,0.7719,32768.1121,8636.454,0.3991,0.517
7690,32768.1121,keygen_C,48,2,14,15,16,5488,0.6986,32768.1121,8636.9636,0.3814,0.546
7691,32768.1121,keygen_C,48,2,22,11,16,6128,0.78,32768.1121,8636.4042,0.4009,0.514
7692,32768.1121,keygen_C,48,2,23,12,16,6688,0.8513,32768.1121,8636.4706,0.4176,0.4906
7693,32768.1121,keygen_C,48,2,20,14,16,6704,0.8534,32768.1121,8636.7864,0.4176,0.4894
7694,32768.1121,keygen_C,48,2,16,13,16,5488,0.6986,32768.1121,8636.5205,0.3819,0.5467
7695,32768.1121,keygen_C,48,2,17,12,16,5440,0.6925,32768.1121,8636.4374,0.3805,0.5495
7696,32768.1121,keygen_C,48,2,23,11,16,6320,0.8045,32768.1121,8636.4069,0.407,0.5059
7697,32768.1121,keygen_C,48,2,19,13,16,6160,0.7841,32768.1121,8636.5537,0.4019,0.5125
7698,32768.1121,keygen_C,48,2,22,12,16,6480,0.8248,32768.1121,8636.4651,0.4111,0.4984
7699,32768.1121,keygen_C,48,2,19,14,16,6464,0.8228,32768.1121,8636.7642,0.4107,0.4991
7700,32768.1121,keygen_C,48,2,19,12,16,5856,0.7454,32768.1121,8636.4485,0.393,0.5273
7701,32768.1121,keygen_C,48,2,19,9,16,4944,0.6293,32768.1121,8636.3564,0.3666,0.5825
7702,32768.1121,keygen_C,48,2,10,18,16,4944,0.6293,32768.1121,8639.8882,0.3652,0.5803
7703,32768.1121,keygen_C,48,2,20,13,16,6384,0.8126,32768.1121,8636.5648,0.4084,0.5025
7704,32768.1121,keygen_C,48,2,15,18,16,6464,0.8228,32768.1121,8641.6606,0.4102,0.4985
7705,32768.1121,keygen_C,48,2,22,8,16,5072,0.6456,32768.1121,8636.3509,0.3703,0.5736
7706,32768.1121,keygen_C,48,2,9,17,16,4496,0.5723,32768.1121,8637.9385,0.3522,0.6154
7707,32768.1121,keygen_C,48,2,18,8,16,4496,0.5723,32768.1121,8636.3495,0.3531,0.617
7708,32768.1121,keygen_C,48,2,17,18,16,7072,0.9002,32768.1121,8642.3696,0.4278,0.4753
7709,32768.1121,keygen_C,48,2,13,18,16,5856,0.7454,32768.1121,8640.9516,0.3921,0.526
7710,32768.1121,keygen_C,48,2,14,19,16,6384,0.8126,32768.1121,8646.269,0.4074,0.5014
7711,32768.1121,keygen_C,48,2,19,15,16,6768,0.8615,32768.1121,8637.1852,0.4195,0.4869
7712,32768.1121,keygen_C,48,2,16,18,16,6768,0.8615,32768.1121,8642.0151,0.419,0.4864
7713,32768.1121,keygen_C,48,2,19,16,16,7072,0.9002,32768.1121,8638.0271,0.4283,0.4758
7714,32768.1121,keygen_C,48,2,23,10,16,5952,0.7576,32768.1121,8636.3751,0.3963,0.5231
7715,32768.1121,keygen_C,48,2,15,10,16,4544,0.5784,32768.1121,8636.364,0.3545,0.6129
7716,32768.1121,keygen_C,48,2,17,16,16,6528,0.831,32768.1121,8637.8498,0.4121,0.4959
7717,32768.1121,keygen_C,48,2,12,15,16,4976,0.6334,32768.1121,8636.875,0.3666,0.5788
7718,32768.1121,keygen_C,48,2,10,20,16,5264,0.6701,32768.1121,8650.5229,0.3745,0.5589
7719,32768.1121,keygen_C,48,2,15,13,16,5264,0.6701,32768.1121,8636.5094,0.3754,0.5603
7720,32768.1121,keygen_C,48,2,11,14,16,4544,0.5784,32768.1121,8636.587,0.3541,0.6121
7721,32768.1121,keygen_C,48,2,14,10,16,4368,0.556,32768.1121,8636.3626,0.349,0.6276
7722,32768.1121,keygen_C,48,2,11,17,16,5072,0.6456,32768.1121,8638.2929,0.3694,0.5721
7723,32768.1121,keygen_C,48,2,18,10,16,5072,0.6456,32768.1121,8636.3682,0.3698,0.5728
7724,32768.1121,keygen_C,48,2,7,18,16,4032,0.5132,32768.1121,8638.8247,0.3387,0.66
7725,32768.1121,keygen_C,48,2,18,17,16,7088,0.9022,32768.1121,8639.5337,0.4283,0.4747
7726,32768.1121,keygen_C,48,2,22,14,16,7184,0.9145,32768.1121,8636.8307,0.4316,0.4719
7727,32768.1121,keygen_C,48,2,23,8,16,5216,0.664,32768.1121,8636.3512,0.3749,0.5647
7728,32768.1121,keygen_C,48,2,11,13,16,4368,0.556,32768.1121,8636.4651,0.349,0.6276
7729,32768.1121,keygen_C,48,2,13,11,16,4400,0.5601,32768.1121,8636.3792,0.3499,0.6247
7730,32768.1121,keygen_C,48,2,12,12,16,4400,0.5601,32768.1121,8636.4097,0.3499,0.6247
7731,32768.1121,keygen_C,48,2,23,13,16,7056,0.8982,32768.1121,8636.598,0.4283,0.4769
7732,32768.1121,keygen_C,48,2,17,14,16,5984,0.7617,32768.1121,8636.7199,0.3963,0.5203
7733,32768.1121,keygen_C,48,2,10,19,16,5104,0.6497,32768.1121,8643.4331,0.3698,0.5692
7734,32768.1121,keygen_C,48,2,20,9,16,5104,0.6497,32768.1121,8636.3571,0.3712,0.5714
7735,32768.1121,keygen_C,48,2,16,15,16,6000,0.7637,32768.1121,8637.0522,0.3968,0.5195
7736,32768.1121,keygen_C,48,2,21,9,16,5264,0.6701,32768.1121,8636.3578,0.3759,0.5609
7737,32768.1121,keygen_C,48,2,14,14,16,5264,0.6701,32768.1121,8636.6534,0.3749,0.5596
7738,32768.1121,keygen_C,48,2,12,20,16,5936,0.7556,32768.1121,8653.3588,0.3944,0.522
7739,32768.1121,keygen_C,48,2,15,16,16,5984,0.7617,32768.1121,8637.6726,0.3963,0.5203
7740,32768.1121,keygen_C,48,2,18,15,16,6512,0.8289,32768.1121,8637.1408,0.4116,0.4966
7741,32768.1121,keygen_C,48,2,8,20,16,4592,0.5845,32768.1121,8647.687,0.355,0.6073
7742,32768.1121,keygen_C,48,2,21,11,16,5936,0.7556,32768.1121,8636.4014,0.3954,0.5232
7743,32768.1121,keygen_C,48,2,12,13,16,4592,0.5845,32768.1121,8636.4762,0.3555,0.6081
7744,32768.1121,keygen_C,48,2,14,11,16,4592,0.5845,32768.1121,8636.382,0.3555,0.6081
7745,32768.1121,keygen_C,48,2,14,18,16,6160,0.7841,32768.1121,8641.3061,0.4009,0.5113
7746,32768.1121,keygen_C,48,2,19,10,16,5248,0.668,32768.1121,8636.3696,0.3754,0.562
7747,32768.1121,keygen_C,48,2,17,8,16,4352,0.554,32768.1121,8636.3491,0.349,0.6299
7748,32768.1121,keygen_C,48,2,18,16,16,6800,0.8656,32768.1121,8637.9384,0.42,0.4852
7749,32768.1121,keygen_C,48,2,16,11,16,4976,0.6334,32768.1121,8636.3876,0.3671,0.5795
7750,32768.1121,keygen_C,48,2,14,20,16,6608,0.8411,32768.1121,8656.1947,0.4139,0.4921
7751,32768.1121,keygen_C,48,2,21,13,16,6608,0.8411,32768.1121,8636.5759,0.4148,0.4932
7752,32768.1121,keygen_C,48,2,11,18,16,5248,0.668,32768.1121,8640.2426,0.3745,0.5606
7753,32768.1121,keygen_C,48,2,9,16,16,4352,0.554,32768.1121,8637.1408,0.348,0.6282
7754,32768.1121,keygen_C,48,2,8,16,16,4080,0.5193,32768.1121,8637.0522,0.3401,0.6549
7755,32768.1121,keygen_C,48,2,22,15,16,7536,0.9593,32768.1121,8637.3181,0.4418,0.4605
7756,32768.1121,keygen_C,48,2,13,14,16,5024,0.6395,32768.1121,8636.6313,0.368,0.5754
7757,32768.1121,keygen_C,48,2,15,12,16,5024,0.6395,32768.1121,8636.4263,0.3684,0.5761
7758,32768.1121,keygen_C,48,2,16,17,16,6512,0.8289,32768.1121,8639.1792,0.4116,0.4966
7759,32768.1121,keygen_C,48,2,24,11,16,6512,0.8289,32768.1121,8636.4097,0.4125,0.4977
7760,32768.1121,keygen_C,48,2,16,19,16,7024,0.8941,32768.1121,8647.6869,0.4265,0.477
7761,32768.1121,keygen_C,48,2,8,19,16,4464,0.5682,32768.1121,8642.0151,0.3513,0.6182
7762,32768.1121,keygen_C,48,2,14,17,16,5936,0.7556,32768.1121,8638.8247,0.3944,0.522
7763,32768.1121,keygen_C,48,2,16,9,16,4464,0.5682,32768.1121,8636.3543,0.3522,0.6198
7764,32768.1121,keygen_C,48,2,21,8,16,4928,0.6273,32768.1121,8636.3505,0.3661,0.5837
7765,32768.1121,keygen_C,48,2,10,15,16,4464,0.5682,32768.1121,8636.7864,0.3513,0.6182
7766,32768.1121,keygen_C,48,2,9,20,16,4928,0.6273,32768.1121,8649.1049,0.3647,0.5814
7767,32768.1121,keygen_C,48,2,13,15,16,5232,0.666,32768.1121,8636.9193,0.374,0.5616
7768,32768.1121,keygen_C,48,2,12,17,16,5360,0.6823,32768.1121,8638.4702,0.3777,0.5536
7769,32768.1121,keygen_C,48,2,18,13,16,5936,0.7556,32768.1121,8636.5426,0.3949,0.5226
7770,32768.1121,keygen_C,48,2,24,8,16,5360,0.6823,32768.1121,8636.3515,0.3791,0.5557
7771,32768.1121,keygen_C,48,2,18,11,16,5360,0.6823,32768.1121,8636.3931,0.3782,0.5543
7772,32768.1121,keygen_C,48,2,22,10,16,5776,0.7352,32768.1121,8636.3737,0.3907,0.5314
7773,32768.1121,keygen_C,48,2,12,16,16,5168,0.6578,32768.1121,8637.4067,0.3722,0.5657
7774,32768.1121,keygen_C,48,2,20,15,16,7024,0.8941,32768.1121,8637.2295,0.4269,0.4775
7775,32768.1121,keygen_C,48,2,16,12,16,5232,0.666,32768.1121,8636.4319,0.3745,0.5623
7776,32768.1121,keygen_C,48,2,14,13,16,5040,0.6415,32768.1121,8636.4983,0.3684,0.5743
7777,32768.1121,keygen_C,48,2,17,17,16,6800,0.8656,32768.1121,8639.3564,0.42,0.4852
7778,32768.1121,keygen_C,48,2,17,11,16,5168,0.6578,32768.1121,8636.3903,0.3726,0.5664
7779,32768.1121,keygen_C,48,2,9,14,16,4064,0.5173,32768.1121,8636.5426,0.3397,0.6566
7780,33098.0887,keygen_C,42,2,18,15,256,5872,0.7475,33098.0887,8724.1093,2.291,3.065
7781,33098.0887,keygen_C,42,2,24,11,256,5872,0.7475,33098.0887,8723.3781,2.2919,3.0662
7782,33098.0887,keygen_C,42,2,17,9,256,3984,0.5071,33098.0887,8723.3234,2.2362,4.4095
7783,33098.0887,keygen_C,42,2,8,17,256,3568,0.4542,33098.0887,8724.7296,2.2232,4.895
7784,33098.0887,keygen_C,42,2,10,16,256,3984,0.5071,33098.0887,8724.1979,2.2353,4.4077
7785,33098.0887,keygen_C,42,2,19,16,256,6432,0.8187,33098.0887,8724.9955,2.3077,2.8186
7786,33098.0887,keygen_C,42,2,13,18,256,5216,0.664,33098.0887,8727.9201,2.2715,3.4211
7787,33098.0887,keygen_C,42,2,23,14,256,6784,0.8635,33098.0887,8723.8212,2.3183,2.6847
7788,33098.0887,keygen_C,42,2,9,18,256,4000,0.5092,33098.0887,8726.5021,2.2357,4.391
7789,33098.0887,keygen_C,42,2,19,13,256,5520,0.7026,33098.0887,8723.5221,2.2812,3.2466
7790,33098.0887,keygen_C,42,2,14,18,256,5520,0.7026,33098.0887,8728.2745,2.2803,3.2453
7791,33098.0887,keygen_C,42,2,10,15,256,3824,0.4868,33098.0887,8723.7548,2.2306,4.5826
7792,33098.0887,keygen_C,42,2,19,12,256,5216,0.664,33098.0887,8723.4169,2.2724,3.4225
7793,33098.0887,keygen_C,42,2,22,14,256,6544,0.833,33098.0887,8723.7991,2.3109,2.7742
7794,33098.0887,keygen_C,42,2,8,19,256,3824,0.4868,33098.0887,8728.9835,2.2306,4.5826
7795,33098.0887,keygen_C,42,2,9,15,256,3568,0.4542,33098.0887,8723.7105,2.2232,4.895
7796,33098.0887,keygen_C,42,2,22,12,256,5840,0.7434,33098.0887,8723.4335,2.2905,3.0812
7797,33098.0887,keygen_C,42,2,24,12,256,6256,0.7963,33098.0887,8723.4446,2.303,2.892
7798,33098.0887,keygen_C,42,2,11,13,256,3728,0.4745,33098.0887,8723.4335,2.2283,4.6957
7799,33098.0887,keygen_C,42,2,11,19,256,4784,0.609,33098.0887,8731.1105,2.2589,3.7095
7800,33098.0887,keygen_C,42,2,16,17,256,5872,0.7475,33098.0887,8726.1476,2.291,3.065
7801,33098.0887,keygen_C,42,2,18,17,256,6448,0.8208,33098.0887,8726.5021,2.3077,2.8116
7802,33098.0887,keygen_C,42,2,12,12,256,3760,0.4786,33098.0887,8723.3781,2.2292,4.6577
7803,33098.0887,keygen_C,42,2,13,12,256,3968,0.5051,33098.0887,8723.3837,2.2353,4.4255
7804,33098.0887,keygen_C,42,2,22,15,256,6896,0.8778,33098.0887,8724.2865,2.3211,2.6442
7805,33098.0887,keygen_C,42,2,16,16,256,5616,0.7149,33098.0887,8724.7296,2.2835,3.1943
7806,33098.0887,keygen_C,42,2,17,15,256,5616,0.7149,33098.0887,8724.065,2.2835,3.1943
7807,33098.0887,keygen_C,42,2,23,11,256,5680,0.723,33098.0887,8723.3754,2.2863,3.1622
7808,33098.0887,keygen_C,42,2,20,11,256,5104,0.6497,33098.0887,8723.3671,2.2691,3.4926
7809,33098.0887,keygen_C,42,2,24,9,256,5104,0.6497,33098.0887,8723.3283,2.2696,3.4933
7810,33098.0887,keygen_C,42,2,24,8,256,4720,0.6008,33098.0887,8723.32,2.2585,3.759
7811,33098.0887,keygen_C,42,2,18,11,256,4720,0.6008,33098.0887,8723.3615,2.2575,3.7575
7812,33098.0887,keygen_C,42,2,12,17,256,4720,0.6008,33098.0887,8725.4386,2.2571,3.7567
7813,33098.0887,keygen_C,42,2,22,13,256,6192,0.7882,33098.0887,8723.5554,2.3007,2.919
7814,33098.0887,keygen_C,42,2,11,17,256,4432,0.5642,33098.0887,8725.2614,2.2487,3.986
7815,33098.0887,keygen_C,42,2,18,10,256,4432,0.5642,33098.0887,8723.3366,2.2492,3.9868
7816,33098.0887,keygen_C,42,2,13,20,256,5632,0.7169,33098.0887,8741.7452,2.2835,3.1853
7817,33098.0887,keygen_C,42,2,21,12,256,5632,0.7169,33098.0887,8723.428,2.2845,3.1866
7818,33098.0887,keygen_C,42,2,9,17,256,3856,0.4908,33098.0887,8724.9069,2.2316,4.5464
7819,33098.0887,keygen_C,42,2,22,17,256,7600,0.9674,33098.0887,8727.2111,2.3415,2.4204
7820,33098.0887,keygen_C,42,2,18,16,256,6160,0.7841,33098.0887,8724.9069,2.2993,2.9324
7821,33098.0887,keygen_C,42,2,15,10,256,3904,0.4969,33098.0887,8723.3324,2.2339,4.4952
7822,33098.0887,keygen_C,42,2,11,16,256,4256,0.5418,33098.0887,8724.2865,2.2436,4.1414
7823,33098.0887,keygen_C,42,2,17,10,256,4256,0.5418,33098.0887,8723.3352,2.2441,4.1423
7824,33098.0887,keygen_C,42,2,17,17,256,6160,0.7841,33098.0887,8726.3248,2.2993,2.9324
7825,33098.0887,keygen_C,42,2,11,14,256,3904,0.4969,33098.0887,8723.5554,2.2334,4.4943
7826,33098.0887,keygen_C,42,2,22,8,256,4432,0.5642,33098.0887,8723.3193,2.2497,3.9877
7827,33098.0887,keygen_C,42,2,22,10,256,5136,0.6538,33098.0887,8723.3421,2.2701,3.4723
7828,33098.0887,keygen_C,42,2,10,14,256,3664,0.4664,33098.0887,8723.5332,2.226,4.7727
7829,33098.0887,keygen_C,42,2,19,15,256,6128,0.78,33098.0887,8724.1536,2.2988,2.9471
7830,33098.0887,keygen_C,42,2,7,20,256,3616,0.4603,33098.0887,8733.2374,2.2246,4.8331
7831,33098.0887,keygen_C,42,2,16,14,256,5104,0.6497,33098.0887,8723.6662,2.2687,3.4919
7832,33098.0887,keygen_C,42,2,12,19,256,5104,0.6497,33098.0887,8731.8195,2.2682,3.4912
7833,33098.0887,keygen_C,42,2,14,13,256,4400,0.5601,33098.0887,8723.4668,2.2478,4.0133
7834,33098.0887,keygen_C,42,2,19,19,256,7344,0.9348,33098.0887,8736.7823,2.3341,2.4968
7835,33098.0887,keygen_C,42,2,20,18,256,7344,0.9348,33098.0887,8730.4015,2.3341,2.4968
7836,33098.0887,keygen_C,42,2,21,13,256,5968,0.7597,33098.0887,8723.5443,2.2942,3.02
7837,33098.0887,keygen_C,42,2,17,16,256,5888,0.7495,33098.0887,8724.8183,2.2914,3.0573
7838,33098.0887,keygen_C,42,2,14,16,256,5072,0.6456,33098.0887,8724.5524,2.2673,3.5118
7839,33098.0887,keygen_C,42,2,17,13,256,5072,0.6456,33098.0887,8723.5,2.2677,3.5125
7840,33098.0887,keygen_C,42,2,21,8,256,4288,0.5458,33098.0887,8723.3189,2.2455,4.1139
7841,33098.0887,keygen_C,42,2,14,20,256,5968,0.7597,33098.0887,8743.1632,2.2933,3.0188
7842,33098.0887,keygen_C,42,2,15,17,256,5584,0.7108,33098.0887,8725.9704,2.2826,3.2113
7843,33098.0887,keygen_C,42,2,18,14,256,5584,0.7108,33098.0887,8723.7105,2.2826,3.2113
7844,33098.0887,keygen_C,42,2,13,11,256,3760,0.4786,33098.0887,8723.3477,2.2292,4.6577
7845,33098.0887,keygen_C,42,2,9,20,256,4288,0.5458,33098.0887,8736.0733,2.2441,4.1114
7846,33098.0887,keygen_C,42,2,14,11,256,3952,0.5031,33098.0887,8723.3504,2.2348,4.4425
7847,33098.0887,keygen_C,42,2,16,20,256,6640,0.8452,33098.0887,8745.9991,2.3132,2.7369
7848,33098.0887,keygen_C,42,2,21,15,256,6640,0.8452,33098.0887,8724.2422,2.3137,2.7374
7849,33098.0887,keygen_C,42,2,16,18,256,6128,0.78,33098.0887,8728.9835,2.2984,2.9465
7850,33098.0887,keygen_C,42,2,24,13,256,6640,0.8452,33098.0887,8723.5775,2.3142,2.7379
7851,33098.0887,keygen_C,42,2,12,13,256,3952,0.5031,33098.0887,8723.4446,2.2348,4.4425
7852,33098.0887,keygen_C,42,2,8,20,256,3952,0.5031,33098.0887,8734.6554,2.2343,4.4415
7853,33098.0887,keygen_C,42,2,18,18,256,6736,0.8574,33098.0887,8729.6925,2.316,2.7011
7854,33098.0887,keygen_C,42,2,23,15,256,7152,0.9104,33098.0887,8724.3308,2.329,2.5583
7855,33098.0887,keygen_C,42,2,19,17,256,6736,0.8574,33098.0887,8726.6793,2.3165,2.7016
7856,33098.0887,keygen_C,42,2,20,9,256,4464,0.5682,33098.0887,8723.3255,2.2506,3.9607
7857,33098.0887,keygen_C,42,2,10,19,256,4464,0.5682,33098.0887,8730.4015,2.2492,3.9582
7858,33098.0887,keygen_C,42,2,15,15,256,5104,0.6497,33098.0887,8723.9763,2.2687,3.4919
7859,33098.0887,keygen_C,42,2,20,10,256,4784,0.609,33098.0887,8723.3394,2.2599,3.711
7860,33098.0887,keygen_C,42,2,23,16,256,7520,0.9572,33098.0887,8725.35,2.3397,2.4442
7861,33098.0887,keygen_C,42,2,19,20,256,7648,0.9735,33098.0887,8750.253,2.3429,2.4066
7862,33098.0887,keygen_C,42,2,20,19,256,7664,0.9756,33098.0887,8737.4913,2.3434,2.4021
7863,33098.0887,keygen_C,42,2,15,14,256,4864,0.6191,33098.0887,8723.644,2.2617,3.653
7864,33098.0887,keygen_C,42,2,15,16,256,5344,0.6802,33098.0887,8724.641,2.2756,3.3453
7865,33098.0887,keygen_C,42,2,8,18,256,3696,0.4705,33098.0887,8726.1476,2.2269,4.7334
7866,33098.0887,keygen_C,42,2,16,19,256,6384,0.8126,33098.0887,8734.6554,2.3058,2.8375
7867,33098.0887,keygen_C,42,2,21,16,256,6976,0.888,33098.0887,8725.1727,2.3234,2.6165
7868,33098.0887,keygen_C,42,2,17,20,256,6976,0.888,33098.0887,8747.4171,2.323,2.616
7869,33098.0887,keygen_C,42,2,7,19,256,3504,0.446,33098.0887,8728.2745,2.2213,4.9803
7870,33098.0887,keygen_C,42,2,19,18,256,7040,0.8961,33098.0887,8730.047,2.3253,2.5948
7871,33098.0887,keygen_C,42,2,23,10,256,5312,0.6762,33098.0887,8723.3435,2.2756,3.3655
7872,33098.0887,keygen_C,42,2,23,9,256,4944,0.6293,33098.0887,8723.3276,2.265,3.599
7873,33098.0887,keygen_C,42,2,11,18,256,4608,0.5866,33098.0887,8727.2111,2.2538,3.8425
7874,33098.0887,keygen_C,42,2,19,10,256,4608,0.5866,33098.0887,8723.338,2.2548,3.844
7875,33098.0887,keygen_C,42,2,16,13,256,4848,0.6171,33098.0887,8723.4889,2.2613,3.6643
7876,33098.0887,keygen_C,42,2,14,15,256,4848,0.6171,33098.0887,8723.932,2.2608,3.6635
7877,33098.0887,keygen_C,42,2,23,12,256,6048,0.7699,33098.0887,8723.4391,2.297,2.9836
7878,33098.0887,keygen_C,42,2,20,15,256,6384,0.8126,33098.0887,8724.1979,2.3063,2.838
7879,33098.0887,keygen_C,42,2,16,10,256,4080,0.5193,33098.0887,8723.3338,2.239,4.3111
7880,33098.0887,keygen_C,42,2,21,11,256,5296,0.6741,33098.0887,8723.3698,2.2747,3.3743
7881,33098.0887,keygen_C,42,2,11,15,256,4080,0.5193,33098.0887,8723.7991,2.2385,4.3102
7882,33098.0887,keygen_C,42,2,18,13,256,5296,0.6741,33098.0887,8723.5111,2.2742,3.3736
7883,33098.0887,keygen_C,42,2,22,9,256,4784,0.609,33098.0887,8723.3269,2.2599,3.711
7884,33098.0887,keygen_C,42,2,12,20,256,5296,0.6741,33098.0887,8740.3272,2.2738,3.3729
7885,33098.0887,keygen_C,42,2,20,8,256,4144,0.5275,33098.0887,8723.3186,2.2413,4.2489
7886,33098.0887,keygen_C,42,2,20,12,256,5424,0.6904,33098.0887,8723.4224,2.2784,3.3
7887,33098.0887,keygen_C,42,2,13,19,256,5424,0.6904,33098.0887,8732.5284,2.2775,3.2987
7888,33098.0887,keygen_C,42,2,18,9,256,4144,0.5275,33098.0887,8723.3241,2.2408,4.2481
7889,33098.0887,keygen_C,42,2,16,11,256,4336,0.5519,33098.0887,8723.356,2.2464,4.0701
7890,33098.0887,keygen_C,42,2,17,19,256,6704,0.8534,33098.0887,8735.3644,2.3151,2.7129
7891,33098.0887,keygen_C,42,2,21,14,256,6304,0.8024,33098.0887,8723.7769,2.3039,2.8712
7892,33098.0887,keygen_C,42,2,12,15,256,4336,0.5519,33098.0887,8723.8434,2.2459,4.0692
7893,33098.0887,keygen_C,42,2,20,16,256,6704,0.8534,33098.0887,8725.0841,2.3155,2.7134
7894,33098.0887,keygen_C,42,2,15,20,256,6304,0.8024,33098.0887,8744.5811,2.3035,2.8706
7895,33098.0887,keygen_C,42,2,12,18,256,4912,0.6253,33098.0887,8727.5656,2.2626,3.6188
7896,33098.0887,keygen_C,42,2,13,15,256,4592,0.5845,33098.0887,8723.8877,2.2534,3.8551
7897,33098.0887,keygen_C,42,2,19,11,256,4912,0.6253,33098.0887,8723.3643,2.2636,3.6202
7898,33098.0887,keygen_C,42,2,16,15,256,5360,0.6823,33098.0887,8724.0207,2.2761,3.336
7899,33098.0887,keygen_C,42,2,24,16,256,7792,0.9919,33098.0887,8725.4386,2.3476,2.3668
7900,33098.0887,keygen_C,42,2,11,20,256,4960,0.6314,33098.0887,8738.9093,2.264,3.5859
7901,33098.0887,keygen_C,42,2,23,8,256,4576,0.5825,33098.0887,8723.3196,2.2543,3.8701
7902,33098.0887,keygen_C,42,2,20,13,256,5744,0.7312,33098.0887,8723.5332,2.2877,3.1289
7903,33098.0887,keygen_C,42,2,22,16,256,7248,0.9226,33098.0887,8725.2614,2.3313,2.5269
7904,33098.0887,keygen_C,42,2,14,19,256,5744,0.7312,33098.0887,8733.2374,2.2868,3.1276
7905,33098.0887,keygen_C,42,2,9,19,256,4144,0.5275,33098.0887,8729.6925,2.2399,4.2463
7906,33098.0887,keygen_C,42,2,10,17,256,4144,0.5275,33098.0887,8725.0841,2.2399,4.2463
7907,33098.0887,keygen_C,42,2,12,14,256,4144,0.5275,33098.0887,8723.5775,2.2404,4.2472
7908,33098.0887,keygen_C,42,2,18,19,256,7024,0.8941,33098.0887,8736.0733,2.3244,2.5997
7909,33098.0887,keygen_C,42,2,20,17,256,7024,0.8941,33098.0887,8726.8566,2.3248,2.6002
7910,33098.0887,keygen_C,42,2,24,14,256,7024,0.8941,33098.0887,8723.8434,2.3253,2.6007
7911,33098.0887,keygen_C,42,2,17,14,256,5344,0.6802,33098.0887,8723.6883,2.2756,3.3453
7912,33098.0887,keygen_C,42,2,15,11,256,4144,0.5275,33098.0887,8723.3532,2.2408,4.2481
7913,33098.0887,keygen_C,42,2,16,12,256,4592,0.5845,33098.0887,8723.4003,2.2538,3.8559
7914,33098.0887,keygen_C,42,2,21,10,256,4960,0.6314,33098.0887,8723.3407,2.265,3.5874
7915,33098.0887,keygen_C,42,2,14,17,256,5296,0.6741,33098.0887,8725.7931,2.2738,3.3729
7916,33098.0887,keygen_C,42,2,10,18,256,4304,0.5479,33098.0887,8726.8566,2.2445,4.0969
7917,33098.0887,keygen_C,42,2,13,17,256,5008,0.6375,33098.0887,8725.6159,2.2654,3.5538
7918,33098.0887,keygen_C,42,2,21,17,256,7312,0.9308,33098.0887,8727.0338,2.3332,2.5068
7919,33098.0887,keygen_C,42,2,18,20,256,7312,0.9308,33098.0887,8748.835,2.3327,2.5063
7920,33098.0887,keygen_C,42,2,21,18,256,7648,0.9735,33098.0887,8730.756,2.3429,2.4066
7921,33098.0887,keygen_C,42,2,15,12,256,4384,0.558,33098.0887,8723.3948,2.2478,4.028
7922,33098.0887,keygen_C,42,2,15,19,256,6064,0.7719,33098.0887,8733.9464,2.2965,2.9752
7923,33098.0887,keygen_C,42,2,24,10,256,5488,0.6986,33098.0887,8723.3449,2.2807,3.2649
7924,33098.0887,keygen_C,42,2,20,14,256,6064,0.7719,33098.0887,8723.7548,2.297,2.9758
7925,33098.0887,keygen_C,42,2,18,12,256,5008,0.6375,33098.0887,8723.4114,2.2659,3.5545
7926,33098.0887,keygen_C,42,2,9,16,256,3712,0.4725,33098.0887,8724.1093,2.2274,4.714
7927,33098.0887,keygen_C,42,2,19,14,256,5824,0.7413,33098.0887,8723.7326,2.29,3.089
7928,33098.0887,keygen_C,42,2,12,16,256,4528,0.5764,33098.0887,8724.3751,2.2515,3.9063
7929,33098.0887,keygen_C,42,2,19,9,256,4304,0.5479,33098.0887,8723.3248,2.2459,4.0995
7930,33098.0887,keygen_C,42,2,24,15,256,7408,0.943,33098.0887,8724.3751,2.3364,2.4777
7931,33098.0887,keygen_C,42,2,17,11,256,4528,0.5764,33098.0887,8723.3588,2.252,3.9071
7932,33098.0887,keygen_C,42,2,13,14,256,4384,0.558,33098.0887,8723.5997,2.2473,4.0272
7933,33098.0887,keygen_C,42,2,22,11,256,5488,0.6986,33098.0887,8723.3726,2.2803,3.2642
7934,33098.0887,keygen_C,42,2,23,13,256,6416,0.8167,33098.0887,8723.5665,2.3077,2.8256
7935,33098.0887,keygen_C,42,2,15,18,256,5824,0.7413,33098.0887,8728.629,2.2896,3.0884
7936,33098.0887,keygen_C,42,2,13,13,256,4176,0.5316,33098.0887,8723.4557,2.2413,4.2164
7937,33098.0887,keygen_C,42,2,14,12,256,4176,0.5316,33098.0887,8723.3892,2.2413,4.2164
7938,33098.0887,keygen_C,42,2,15,13,256,4624,0.5886,33098.0887,8723.4778,2.2548,3.8307
7939,33098.0887,keygen_C,42,2,21,9,256,4624,0.5886,33098.0887,8723.3262,2.2552,3.8315
7940,33098.0887,keygen_C,42,2,17,18,256,6432,0.8187,33098.0887,8729.338,2.3072,2.818
7941,33098.0887,keygen_C,42,2,10,20,256,4624,0.5886,33098.0887,8737.4913,2.2538,3.8292
7942,33098.0887,keygen_C,42,2,17,12,256,4800,0.611,33098.0887,8723.4058,2.2599,3.6986
7943,33098.0887,keygen_C,42,2,13,16,256,4800,0.611,33098.0887,8724.4638,2.2594,3.6979
7944,33098.0887,keygen_C,42,2,14,14,256,4624,0.5886,33098.0887,8723.6219,2.2543,3.83
7945,51935.4491,keygen_C,48,2,13,12,32,4384,0.558,51935.4491,13688.1467,0.5137,0.9205
7946,51935.4491,keygen_C,48,2,18,8,32,4272,0.5438,51935.4491,13688.0809,0.5109,0.9395
7947,51935.4491,keygen_C,48,2,16,16,32,6032,0.7678,51935.4491,13689.4926,0.5619,0.7319
7948,51935.4491,keygen_C,48,2,13,13,32,4592,0.5845,51935.4491,13688.2187,0.5197,0.8891
7949,51935.4491,keygen_C,48,2,17,15,32,6032,0.7678,51935.4491,13688.828,0.5619,0.7319
7950,51935.4491,keygen_C,48,2,15,17,32,6000,0.7637,51935.4491,13690.7333,0.561,0.7346
7951,51935.4491,keygen_C,48,2,18,17,32,6864,0.8737,51935.4491,13691.2651,0.5861,0.6708
7952,51935.4491,keygen_C,48,2,23,10,32,5728,0.7291,51935.4491,13688.1065,0.5541,0.7599
7953,51935.4491,keygen_C,48,2,9,17,32,4272,0.5438,51935.4491,13689.6699,0.51,0.9378
7954,51935.4491,keygen_C,48,2,18,14,32,6000,0.7637,51935.4491,13688.4735,0.561,0.7346
7955,51935.4491,keygen_C,48,2,24,14,32,7440,0.947,51935.4491,13688.6064,0.6037,0.6375
7956,51935.4491,keygen_C,48,2,16,15,32,5776,0.7352,51935.4491,13688.7836,0.5545,0.7542
7957,51935.4491,keygen_C,48,2,20,17,32,7440,0.947,51935.4491,13691.6196,0.6032,0.637
7958,51935.4491,keygen_C,48,2,19,13,32,5936,0.7556,51935.4491,13688.2851,0.5596,0.7406
7959,51935.4491,keygen_C,48,2,14,18,32,5936,0.7556,51935.4491,13693.0375,0.5587,0.7394
7960,51935.4491,keygen_C,48,2,8,16,32,3856,0.4908,51935.4491,13688.7837,0.4979,1.0144
7961,51935.4491,keygen_C,48,2,18,19,32,7440,0.947,51935.4491,13700.8363,0.6028,0.6365
7962,51935.4491,keygen_C,48,2,9,14,32,3840,0.4888,51935.4491,13688.2741,0.4974,1.0177
7963,51935.4491,keygen_C,48,2,21,11,32,5712,0.7271,51935.4491,13688.1328,0.5531,0.7608
7964,51935.4491,keygen_C,48,2,17,14,32,5760,0.7332,51935.4491,13688.4513,0.5541,0.7557
7965,51935.4491,keygen_C,48,2,15,16,32,5760,0.7332,51935.4491,13689.404,0.5541,0.7557
7966,51935.4491,keygen_C,48,2,23,11,32,6096,0.776,51935.4491,13688.1384,0.5647,0.7278
7967,51935.4491,keygen_C,48,2,18,13,32,5712,0.7271,51935.4491,13688.2741,0.5527,0.7601
7968,51935.4491,keygen_C,48,2,9,19,32,4560,0.5804,51935.4491,13694.4555,0.5183,0.893
7969,51935.4491,keygen_C,48,2,20,12,32,5840,0.7434,51935.4491,13688.1854,0.5568,0.7491
7970,51935.4491,keygen_C,48,2,24,10,32,5904,0.7515,51935.4491,13688.1079,0.5592,0.744
7971,51935.4491,keygen_C,48,2,22,11,32,5904,0.7515,51935.4491,13688.1356,0.5587,0.7434
7972,51935.4491,keygen_C,48,2,21,14,32,6720,0.8554,51935.4491,13688.5399,0.5824,0.6808
7973,51935.4491,keygen_C,48,2,19,8,32,4416,0.5621,51935.4491,13688.0812,0.5155,0.9171
7974,51935.4491,keygen_C,48,2,7,18,32,3808,0.4847,51935.4491,13690.5561,0.4965,1.0243
7975,51935.4491,keygen_C,48,2,8,20,32,4368,0.556,51935.4491,13699.4184,0.5128,0.9222
7976,51935.4491,keygen_C,48,2,19,16,32,6848,0.8717,51935.4491,13689.7585,0.5861,0.6723
7977,51935.4491,keygen_C,48,2,12,13,32,4368,0.556,51935.4491,13688.2076,0.5132,0.9231
7978,51935.4491,keygen_C,48,2,17,10,32,4672,0.5947,51935.4491,13688.0982,0.5225,0.8786
7979,51935.4491,keygen_C,48,2,11,16,32,4672,0.5947,51935.4491,13689.0495,0.522,0.8778
7980,51935.4491,keygen_C,48,2,20,8,32,4560,0.5804,51935.4491,13688.0816,0.5197,0.8954
7981,51935.4491,keygen_C,48,2,18,9,32,4560,0.5804,51935.4491,13688.0871,0.5193,0.8946
7982,51935.4491,keygen_C,48,2,15,11,32,4560,0.5804,51935.4491,13688.1162,0.5193,0.8946
7983,51935.4491,keygen_C,48,2,19,18,32,7456,0.9491,51935.4491,13694.81,0.6037,0.6361
7984,51935.4491,keygen_C,48,2,12,14,32,4560,0.5804,51935.4491,13688.3405,0.5188,0.8938
7985,51935.4491,keygen_C,48,2,10,17,32,4560,0.5804,51935.4491,13689.8471,0.5183,0.893
7986,51935.4491,keygen_C,48,2,9,18,32,4416,0.5621,51935.4491,13691.2651,0.5142,0.9147
7987,51935.4491,keygen_C,48,2,14,17,32,5712,0.7271,51935.4491,13690.5561,0.5522,0.7595
7988,51935.4491,keygen_C,48,2,17,9,32,4400,0.5601,51935.4491,13688.0864,0.5146,0.9188
7989,51935.4491,keygen_C,48,2,14,11,32,4368,0.556,51935.4491,13688.1134,0.5132,0.9231
7990,51935.4491,keygen_C,48,2,13,19,32,5840,0.7434,51935.4491,13697.2914,0.5559,0.7478
7991,51935.4491,keygen_C,48,2,12,20,32,5712,0.7271,51935.4491,13705.0902,0.5522,0.7595
7992,51935.4491,keygen_C,48,2,16,19,32,6800,0.8656,51935.4491,13699.4184,0.5842,0.6749
7993,51935.4491,keygen_C,48,2,17,18,32,6848,0.8717,51935.4491,13694.101,0.5856,0.6718
7994,51935.4491,keygen_C,48,2,10,16,32,4400,0.5601,51935.4491,13688.9609,0.5137,0.9172
7995,51935.4491,keygen_C,48,2,17,20,32,7392,0.9409,51935.4491,13712.18,0.6014,0.6391
7996,51935.4491,keygen_C,48,2,21,16,32,7392,0.9409,51935.4491,13689.9357,0.6019,0.6396
7997,51935.4491,keygen_C,48,2,23,15,32,7568,0.9633,51935.4491,13689.0938,0.6074,0.6305
7998,51935.4491,keygen_C,48,2,20,15,32,6800,0.8656,51935.4491,13688.9609,0.5847,0.6755
7999,51935.4491,keygen_C,48,2,15,20,32,6720,0.8554,51935.4491,13709.3441,0.5819,0.6803
8000,51935.4491,keygen_C,48,2,23,13,32,6832,0.8697,51935.4491,13688.3295,0.5861,0.6739
8001,51935.4491,keygen_C,48,2,11,14,32,4320,0.5499,51935.4491,13688.3184,0.5118,0.9308
8002,51935.4491,keygen_C,48,2,15,10,32,4320,0.5499,51935.4491,13688.0954,0.5123,0.9316
8003,51935.4491,keygen_C,48,2,11,15,32,4496,0.5723,51935.4491,13688.5621,0.5169,0.9033
8004,51935.4491,keygen_C,48,2,13,20,32,6048,0.7699,51935.4491,13706.5082,0.5619,0.7299
8005,51935.4491,keygen_C,48,2,21,12,32,6048,0.7699,51935.4491,13688.191,0.5629,0.7311
8006,51935.4491,keygen_C,48,2,16,10,32,4496,0.5723,51935.4491,13688.0968,0.5174,0.9041
8007,51935.4491,keygen_C,48,2,14,12,32,4592,0.5845,51935.4491,13688.1522,0.5197,0.8891
8008,51935.4491,keygen_C,48,2,15,15,32,5520,0.7026,51935.4491,13688.7393,0.5471,0.7786
8009,51935.4491,keygen_C,48,2,21,13,32,6384,0.8126,51935.4491,13688.3073,0.5726,0.7047
8010,51935.4491,keygen_C,48,2,17,13,32,5488,0.6986,51935.4491,13688.263,0.5462,0.7818
8011,51935.4491,keygen_C,48,2,19,11,32,5328,0.6782,51935.4491,13688.1273,0.542,0.7992
8012,51935.4491,keygen_C,48,2,22,15,32,7312,0.9308,51935.4491,13689.0495,0.5995,0.6441
8013,51935.4491,keygen_C,48,2,23,12,32,6464,0.8228,51935.4491,13688.2021,0.5754,0.6993
8014,51935.4491,keygen_C,48,2,17,12,32,5216,0.664,51935.4491,13688.1688,0.5383,0.8107
8015,51935.4491,keygen_C,48,2,13,16,32,5216,0.664,51935.4491,13689.2268,0.5378,0.81
8016,51935.4491,keygen_C,48,2,15,14,32,5280,0.6721,51935.4491,13688.407,0.5401,0.8037
8017,51935.4491,keygen_C,48,2,17,16,32,6304,0.8024,51935.4491,13689.5813,0.5698,0.7101
8018,51935.4491,keygen_C,48,2,22,13,32,6608,0.8411,51935.4491,13688.3184,0.5791,0.6885
8019,51935.4491,keygen_C,48,2,15,12,32,4800,0.611,51935.4491,13688.1578,0.5262,0.8612
8020,51935.4491,keygen_C,48,2,13,14,32,4800,0.611,51935.4491,13688.3627,0.5258,0.8605
8021,51935.4491,keygen_C,48,2,17,17,32,6576,0.8371,51935.4491,13691.0878,0.5777,0.6902
8022,51935.4491,keygen_C,48,2,14,13,32,4816,0.613,51935.4491,13688.2298,0.5262,0.8584
8023,51935.4491,keygen_C,48,2,17,8,32,4128,0.5255,51935.4491,13688.0806,0.5067,0.9644
8024,51935.4491,keygen_C,48,2,12,11,32,3984,0.5071,51935.4491,13688.1079,0.5021,0.9901
8025,51935.4491,keygen_C,48,2,9,15,32,3984,0.5071,51935.4491,13688.4735,0.5016,0.9891
8026,51935.4491,keygen_C,48,2,12,19,32,5520,0.7026,51935.4491,13696.5824,0.5466,0.778
8027,51935.4491,keygen_C,48,2,8,17,32,3984,0.5071,51935.4491,13689.4926,0.5016,0.9891
8028,51935.4491,keygen_C,48,2,16,14,32,5520,0.7026,51935.4491,13688.4292,0.5471,0.7786
8029,51935.4491,keygen_C,48,2,20,11,32,5520,0.7026,51935.4491,13688.1301,0.5476,0.7793
8030,51935.4491,keygen_C,48,2,9,16,32,4128,0.5255,51935.4491,13688.8723,0.5058,0.9626
8031,51935.4491,keygen_C,48,2,24,9,32,5520,0.7026,51935.4491,13688.0913,0.548,0.7799
8032,51935.4491,keygen_C,48,2,22,12,32,6256,0.7963,51935.4491,13688.1965,0.5689,0.7144
8033,51935.4491,keygen_C,48,2,19,15,32,6544,0.833,51935.4491,13688.9166,0.5773,0.693
8034,51935.4491,keygen_C,48,2,13,10,32,3968,0.5051,51935.4491,13688.0927,0.5016,0.9931
8035,51935.4491,keygen_C,48,2,16,17,32,6288,0.8004,51935.4491,13690.9106,0.5694,0.7114
8036,51935.4491,keygen_C,48,2,16,8,32,3984,0.5071,51935.4491,13688.0802,0.5026,0.991
8037,51935.4491,keygen_C,48,2,14,16,32,5488,0.6986,51935.4491,13689.3154,0.5457,0.7812
8038,51935.4491,keygen_C,48,2,21,9,32,5040,0.6415,51935.4491,13688.0892,0.5336,0.8318
8039,51935.4491,keygen_C,48,2,15,13,32,5040,0.6415,51935.4491,13688.2408,0.5332,0.8311
8040,51935.4491,keygen_C,48,2,18,15,32,6288,0.8004,51935.4491,13688.8723,0.5694,0.7114
8041,51935.4491,keygen_C,48,2,22,16,32,7664,0.9756,51935.4491,13690.0244,0.6097,0.625
8042,51935.4491,keygen_C,48,2,24,11,32,6288,0.8004,51935.4491,13688.1411,0.5703,0.7125
8043,51935.4491,keygen_C,48,2,16,13,32,5264,0.6701,51935.4491,13688.2519,0.5397,0.8054
8044,51935.4491,keygen_C,48,2,18,12,32,5424,0.6904,51935.4491,13688.1744,0.5443,0.7884
8045,51935.4491,keygen_C,48,2,22,8,32,4848,0.6171,51935.4491,13688.0823,0.5281,0.8557
8046,51935.4491,keygen_C,48,2,18,10,32,4848,0.6171,51935.4491,13688.0996,0.5276,0.855
8047,51935.4491,keygen_C,48,2,11,17,32,4848,0.6171,51935.4491,13690.0244,0.5271,0.8542
8048,51935.4491,keygen_C,48,2,13,17,32,5424,0.6904,51935.4491,13690.3789,0.5439,0.7877
8049,51935.4491,keygen_C,48,2,23,8,32,4992,0.6354,51935.4491,13688.0826,0.5327,0.8383
8050,51935.4491,keygen_C,48,2,10,19,32,4880,0.6212,51935.4491,13695.1645,0.5276,0.8494
8051,51935.4491,keygen_C,48,2,13,15,32,5008,0.6375,51935.4491,13688.6507,0.5318,0.8342
8052,51935.4491,keygen_C,48,2,16,12,32,5008,0.6375,51935.4491,13688.1633,0.5323,0.8349
8053,51935.4491,keygen_C,48,2,20,9,32,4880,0.6212,51935.4491,13688.0885,0.529,0.8516
8054,51935.4491,keygen_C,48,2,23,14,32,7200,0.9165,51935.4491,13688.5842,0.5968,0.6511
8055,51935.4491,keygen_C,48,2,7,20,32,4032,0.5132,51935.4491,13698.0004,0.503,0.9801
8056,51935.4491,keygen_C,48,2,11,18,32,5024,0.6395,51935.4491,13691.9741,0.5323,0.8323
8057,51935.4491,keygen_C,48,2,19,10,32,5024,0.6395,51935.4491,13688.101,0.5332,0.8337
8058,51935.4491,keygen_C,48,2,12,12,32,4176,0.5316,51935.4491,13688.1411,0.5077,0.955
8059,51935.4491,keygen_C,48,2,22,14,32,6960,0.8859,51935.4491,13688.5621,0.5893,0.6652
8060,51935.4491,keygen_C,48,2,13,11,32,4176,0.5316,51935.4491,13688.1107,0.5077,0.955
8061,51935.4491,keygen_C,48,2,18,20,32,7728,0.9837,51935.4491,13713.598,0.6111,0.6213
8062,51935.4491,keygen_C,48,2,21,17,32,7728,0.9837,51935.4491,13691.7968,0.6116,0.6217
8063,51935.4491,keygen_C,48,2,14,10,32,4144,0.5275,51935.4491,13688.0941,0.5067,0.9606
8064,51935.4491,keygen_C,48,2,11,13,32,4144,0.5275,51935.4491,13688.1965,0.5067,0.9606
8065,51935.4491,keygen_C,48,2,10,20,32,5040,0.6415,51935.4491,13702.2543,0.5323,0.8296
8066,51935.4491,keygen_C,48,2,14,14,32,5040,0.6415,51935.4491,13688.3848,0.5327,0.8304
8067,51935.4491,keygen_C,48,2,24,13,32,7056,0.8982,51935.4491,13688.3405,0.5926,0.6598
8068,51935.4491,keygen_C,48,2,22,10,32,5552,0.7067,51935.4491,13688.1051,0.5485,0.7761
8069,51935.4491,keygen_C,48,2,18,16,32,6576,0.8371,51935.4491,13689.6699,0.5777,0.6902
8070,51935.4491,keygen_C,48,2,11,12,32,3968,0.5051,51935.4491,13688.1356,0.5016,0.9931
8071,51935.4491,keygen_C,48,2,16,18,32,6544,0.833,51935.4491,13693.7465,0.5768,0.6924
8072,51935.4491,keygen_C,48,2,18,18,32,7152,0.9104,51935.4491,13694.4555,0.5944,0.6529
8073,51935.4491,keygen_C,48,2,10,15,32,4240,0.5397,51935.4491,13688.5178,0.509,0.9432
8074,51935.4491,keygen_C,48,2,16,9,32,4240,0.5397,51935.4491,13688.0857,0.51,0.9449
8075,51935.4491,keygen_C,48,2,15,9,32,4080,0.5193,51935.4491,13688.0851,0.5053,0.973
8076,51935.4491,keygen_C,48,2,19,9,32,4720,0.6008,51935.4491,13688.0878,0.5244,0.8728
8077,51935.4491,keygen_C,48,2,19,19,32,7760,0.9878,51935.4491,13701.5453,0.6125,0.6201
8078,51935.4491,keygen_C,48,2,10,18,32,4720,0.6008,51935.4491,13691.6196,0.523,0.8704
8079,51935.4491,keygen_C,48,2,20,18,32,7760,0.9878,51935.4491,13695.1645,0.6125,0.6201
8080,51935.4491,keygen_C,48,2,17,11,32,4944,0.6293,51935.4491,13688.1217,0.5304,0.8428
8081,51935.4491,keygen_C,48,2,14,9,32,3920,0.499,51935.4491,13688.0844,0.5002,1.0025
8082,51935.4491,keygen_C,48,2,17,19,32,7120,0.9063,51935.4491,13700.1274,0.5935,0.6549
8083,51935.4491,keygen_C,48,2,20,16,32,7120,0.9063,51935.4491,13689.8471,0.594,0.6554
8084,51935.4491,keygen_C,48,2,10,13,32,3920,0.499,51935.4491,13688.1854,0.4998,1.0016
8085,51935.4491,keygen_C,48,2,7,19,32,3920,0.499,51935.4491,13693.0375,0.4998,1.0016
8086,51935.4491,keygen_C,48,2,13,18,32,5632,0.7169,51935.4491,13692.683,0.5499,0.767
8087,51935.4491,keygen_C,48,2,19,12,32,5632,0.7169,51935.4491,13688.1799,0.5508,0.7683
8088,51935.4491,keygen_C,48,2,12,16,32,4944,0.6293,51935.4491,13689.1381,0.5299,0.8421
8089,51935.4491,keygen_C,48,2,14,20,32,6384,0.8126,51935.4491,13707.9262,0.5717,0.7035
8090,51935.4491,keygen_C,48,2,12,18,32,5328,0.6782,51935.4491,13692.3286,0.5411,0.7978
8091,51935.4491,keygen_C,48,2,12,17,32,5136,0.6538,51935.4491,13690.2016,0.5355,0.8191
8092,51935.4491,keygen_C,48,2,18,11,32,5136,0.6538,51935.4491,13688.1245,0.536,0.8198
8093,51935.4491,keygen_C,48,2,21,8,32,4704,0.5988,51935.4491,13688.0819,0.5239,0.8749
8094,51935.4491,keygen_C,48,2,9,20,32,4704,0.5988,51935.4491,13700.8363,0.5225,0.8726
8095,51935.4491,keygen_C,48,2,20,13,32,6160,0.7841,51935.4491,13688.2962,0.5661,0.722
8096,51935.4491,keygen_C,48,2,14,19,32,6160,0.7841,51935.4491,13698.0004,0.5652,0.7208
8097,51935.4491,keygen_C,48,2,24,8,32,5136,0.6538,51935.4491,13688.083,0.5369,0.8212
8098,51935.4491,keygen_C,48,2,8,19,32,4240,0.5397,51935.4491,13693.7465,0.509,0.9432
8099,51935.4491,keygen_C,48,2,24,12,32,6672,0.8493,51935.4491,13688.2076,0.5814,0.6846
8100,51935.4491,keygen_C,48,2,19,17,32,7152,0.9104,51935.4491,13691.4423,0.5949,0.6535
8101,51935.4491,keygen_C,48,2,12,15,32,4752,0.6049,51935.4491,13688.6064,0.5244,0.8669
8102,51935.4491,keygen_C,48,2,19,14,32,6240,0.7943,51935.4491,13688.4956,0.5684,0.7157
8103,51935.4491,keygen_C,48,2,22,9,32,5200,0.6619,51935.4491,13688.0899,0.5383,0.8132
8104,51935.4491,keygen_C,48,2,20,10,32,5200,0.6619,51935.4491,13688.1024,0.5383,0.8132
8105,51935.4491,keygen_C,48,2,11,19,32,5200,0.6619,51935.4491,13695.8735,0.5374,0.8118
8106,51935.4491,keygen_C,48,2,15,18,32,6240,0.7943,51935.4491,13693.392,0.568,0.7151
8107,51935.4491,keygen_C,48,2,15,19,32,6480,0.8248,51935.4491,13698.7094,0.5749,0.697
8108,51935.4491,keygen_C,48,2,20,14,32,6480,0.8248,51935.4491,13688.5178,0.5754,0.6976
8109,51935.4491,keygen_C,48,2,21,15,32,7056,0.8982,51935.4491,13689.0052,0.5921,0.6592
8110,51935.4491,keygen_C,48,2,21,10,32,5376,0.6843,51935.4491,13688.1037,0.5434,0.7941
8111,51935.4491,keygen_C,48,2,11,20,32,5376,0.6843,51935.4491,13703.6723,0.5425,0.7927
8112,51935.4491,keygen_C,48,2,16,20,32,7056,0.8982,51935.4491,13710.7621,0.5916,0.6587
8113,51935.4491,keygen_C,48,2,16,11,32,4752,0.6049,51935.4491,13688.119,0.5248,0.8676
8114,51935.4491,keygen_C,48,2,14,15,32,5264,0.6701,51935.4491,13688.695,0.5392,0.8047
8115,51935.4491,keygen_C,48,2,10,14,32,4080,0.5193,51935.4491,13688.2962,0.5044,0.9712
8116,51935.4491,keygen_C,48,2,8,18,32,4112,0.5234,51935.4491,13690.9106,0.5053,0.9654
8117,51935.4491,keygen_C,48,2,24,15,32,7824,0.9959,51935.4491,13689.1381,0.6148,0.6174
8118,51935.4491,keygen_C,48,2,23,9,32,5360,0.6823,51935.4491,13688.0906,0.5434,0.7964
8119,65536.2242,keygen_C,50,2,15,13,16,5296,0.6741,65536.2242,17272.8527,0.3763,0.5582
8120,65536.2242,keygen_C,50,2,22,10,16,5808,0.7393,65536.2242,17272.7169,0.3916,0.5297
8121,65536.2242,keygen_C,50,2,19,9,16,4976,0.6334,65536.2242,17272.6996,0.3675,0.5802
8122,65536.2242,keygen_C,50,2,10,18,16,4976,0.6334,65536.2242,17276.2314,0.3661,0.578
8123,65536.2242,keygen_C,50,2,17,14,16,6016,0.7658,65536.2242,17273.0631,0.3972,0.5187
8124,65536.2242,keygen_C,50,2,19,10,16,5280,0.6721,65536.2242,17272.7128,0.3763,0.5599
8125,65536.2242,keygen_C,50,2,15,16,16,6016,0.7658,65536.2242,17274.0158,0.3972,0.5187
8126,65536.2242,keygen_C,50,2,20,13,16,6416,0.8167,65536.2242,17272.908,0.4093,0.5011
8127,65536.2242,keygen_C,50,2,19,18,16,7712,0.9817,65536.2242,17279.4218,0.4469,0.4552
8128,65536.2242,keygen_C,50,2,9,20,16,4960,0.6314,65536.2242,17285.4482,0.3657,0.5792
8129,65536.2242,keygen_C,50,2,16,19,16,7056,0.8982,65536.2242,17284.0302,0.4274,0.4758
8130,65536.2242,keygen_C,50,2,8,18,16,4368,0.556,65536.2242,17275.5224,0.3485,0.6268
8131,65536.2242,keygen_C,50,2,20,15,16,7056,0.8982,65536.2242,17273.5727,0.4278,0.4764
8132,65536.2242,keygen_C,50,2,11,18,16,5280,0.6721,65536.2242,17276.5859,0.3754,0.5586
8133,65536.2242,keygen_C,50,2,7,18,16,4064,0.5173,65536.2242,17275.1679,0.3397,0.6566
8134,65536.2242,keygen_C,50,2,22,15,16,7568,0.9633,65536.2242,17273.6613,0.4427,0.4595
8135,65536.2242,keygen_C,50,2,10,20,16,5296,0.6741,65536.2242,17286.8661,0.3754,0.5569
8136,65536.2242,keygen_C,50,2,14,14,16,5296,0.6741,65536.2242,17272.9967,0.3759,0.5576
8137,65536.2242,keygen_C,50,2,14,19,16,6416,0.8167,65536.2242,17282.6122,0.4084,0.5
8138,65536.2242,keygen_C,50,2,9,14,16,4096,0.5214,65536.2242,17272.8859,0.3406,0.6533
8139,65536.2242,keygen_C,50,2,21,9,16,5296,0.6741,65536.2242,17272.701,0.3768,0.5589
8140,65536.2242,keygen_C,50,2,21,8,16,4960,0.6314,65536.2242,17272.6938,0.3671,0.5814
8141,65536.2242,keygen_C,50,2,22,11,16,6160,0.7841,65536.2242,17272.7474,0.4019,0.5125
8142,65536.2242,keygen_C,50,2,22,14,16,7216,0.9185,65536.2242,17273.1739,0.4325,0.4708
8143,65536.2242,keygen_C,50,2,17,11,16,5200,0.6619,65536.2242,17272.7336,0.3735,0.5643
8144,65536.2242,keygen_C,50,2,21,11,16,5968,0.7597,65536.2242,17272.7446,0.3963,0.5217
8145,65536.2242,keygen_C,50,2,12,16,16,5200,0.6619,65536.2242,17273.75,0.3731,0.5636
8146,65536.2242,keygen_C,50,2,17,18,16,7104,0.9043,65536.2242,17278.7128,0.4288,0.4742
8147,65536.2242,keygen_C,50,2,19,16,16,7104,0.9043,65536.2242,17274.3703,0.4292,0.4747
8148,65536.2242,keygen_C,50,2,15,18,16,6496,0.8269,65536.2242,17278.0039,0.4111,0.4972
8149,65536.2242,keygen_C,50,2,11,17,16,5104,0.6497,65536.2242,17274.6362,0.3703,0.57
8150,65536.2242,keygen_C,50,2,18,10,16,5104,0.6497,65536.2242,17272.7114,0.3708,0.5707
8151,65536.2242,keygen_C,50,2,18,13,16,5968,0.7597,65536.2242,17272.8859,0.3958,0.521
8152,65536.2242,keygen_C,50,2,14,17,16,5968,0.7597,65536.2242,17275.1679,0.3954,0.5204
8153,65536.2242,keygen_C,50,2,12,12,16,4432,0.5642,65536.2242,17272.753,0.3508,0.6218
8154,65536.2242,keygen_C,50,2,19,12,16,5888,0.7495,65536.2242,17272.7917,0.394,0.5256
8155,65536.2242,keygen_C,50,2,13,11,16,4432,0.5642,65536.2242,17272.7225,0.3508,0.6218
8156,65536.2242,keygen_C,50,2,22,8,16,5104,0.6497,65536.2242,17272.6941,0.3712,0.5714
8157,65536.2242,keygen_C,50,2,19,14,16,6496,0.8269,65536.2242,17273.1074,0.4116,0.4978
8158,65536.2242,keygen_C,50,2,24,11,16,6544,0.833,65536.2242,17272.753,0.4135,0.4964
8159,65536.2242,keygen_C,50,2,18,17,16,7120,0.9063,65536.2242,17275.8769,0.4292,0.4736
8160,65536.2242,keygen_C,50,2,7,17,16,3952,0.5031,65536.2242,17273.9272,0.3364,0.6688
8161,65536.2242,keygen_C,50,2,6,20,16,3952,0.5031,65536.2242,17281.1943,0.336,0.6678
8162,65536.2242,keygen_C,50,2,18,15,16,6544,0.833,65536.2242,17273.4841,0.4125,0.4952
8163,65536.2242,keygen_C,50,2,16,17,16,6544,0.833,65536.2242,17275.5224,0.4125,0.4952
8164,65536.2242,keygen_C,50,2,22,12,16,6512,0.8289,65536.2242,17272.8083,0.4121,0.4971
8165,65536.2242,keygen_C,50,2,10,19,16,5136,0.6538,65536.2242,17279.7763,0.3708,0.5671
8166,65536.2242,keygen_C,50,2,20,9,16,5136,0.6538,65536.2242,17272.7003,0.3722,0.5693
8167,65536.2242,keygen_C,50,2,12,20,16,5968,0.7597,65536.2242,17289.7021,0.3954,0.5204
8168,65536.2242,keygen_C,50,2,16,12,16,5264,0.6701,65536.2242,17272.7751,0.3754,0.5603
8169,65536.2242,keygen_C,50,2,8,19,16,4496,0.5723,65536.2242,17278.3583,0.3522,0.6154
8170,65536.2242,keygen_C,50,2,16,9,16,4496,0.5723,65536.2242,17272.6976,0.3531,0.617
8171,65536.2242,keygen_C,50,2,13,15,16,5264,0.6701,65536.2242,17273.2625,0.3749,0.5596
8172,65536.2242,keygen_C,50,2,19,15,16,6800,0.8656,65536.2242,17273.5284,0.4204,0.4857
8173,65536.2242,keygen_C,50,2,12,15,16,5008,0.6375,65536.2242,17273.2182,0.3675,0.5765
8174,65536.2242,keygen_C,50,2,9,16,16,4384,0.558,65536.2242,17273.4841,0.349,0.6253
8175,65536.2242,keygen_C,50,2,17,8,16,4384,0.558,65536.2242,17272.6924,0.3499,0.627
8176,65536.2242,keygen_C,50,2,16,11,16,5008,0.6375,65536.2242,17272.7308,0.368,0.5772
8177,65536.2242,keygen_C,50,2,12,10,16,4048,0.5153,65536.2242,17272.7031,0.3397,0.6592
8178,65536.2242,keygen_C,50,2,11,11,16,4048,0.5153,65536.2242,17272.717,0.3397,0.6592
8179,65536.2242,keygen_C,50,2,23,8,16,5248,0.668,65536.2242,17272.6944,0.3759,0.5627
8180,65536.2242,keygen_C,50,2,16,18,16,6800,0.8656,65536.2242,17278.3583,0.42,0.4852
8181,65536.2242,keygen_C,50,2,17,16,16,6560,0.835,65536.2242,17274.1931,0.413,0.4946
8182,65536.2242,keygen_C,50,2,10,15,16,4496,0.5723,65536.2242,17273.1296,0.3522,0.6154
8183,65536.2242,keygen_C,50,2,18,8,16,4528,0.5764,65536.2242,17272.6927,0.3541,0.6143
8184,65536.2242,keygen_C,50,2,13,14,16,5056,0.6436,65536.2242,17272.9745,0.3689,0.5732
8185,65536.2242,keygen_C,50,2,15,12,16,5056,0.6436,65536.2242,17272.7696,0.3694,0.5739
8186,65536.2242,keygen_C,50,2,23,10,16,5984,0.7617,65536.2242,17272.7183,0.3972,0.5215
8187,65536.2242,keygen_C,50,2,11,13,16,4400,0.5601,65536.2242,17272.8083,0.3499,0.6247
8188,65536.2242,keygen_C,50,2,14,10,16,4400,0.5601,65536.2242,17272.7059,0.3499,0.6247
8189,65536.2242,keygen_C,50,2,15,19,16,6736,0.8574,65536.2242,17283.3212,0.4181,0.4876
8190,65536.2242,keygen_C,50,2,20,14,16,6736,0.8574,65536.2242,17273.1296,0.4186,0.4882
8191,65536.2242,keygen_C,50,2,23,13,16,7088,0.9022,65536.2242,17272.9413,0.4292,0.4757
8192,65536.2242,keygen_C,50,2,14,13,16,5072,0.6456,65536.2242,17272.8416,0.3694,0.5721
8193,65536.2242,keygen_C,50,2,8,15,16,3984,0.5071,65536.2242,17273.041,0.3374,0.6652
8194,65536.2242,keygen_C,50,2,13,18,16,5888,0.7495,65536.2242,17277.2949,0.393,0.5244
8195,65536.2242,keygen_C,50,2,9,17,16,4528,0.5764,65536.2242,17274.2817,0.3531,0.6127
8196,65536.2242,keygen_C,50,2,10,12,16,4016,0.5112,65536.2242,17272.7419,0.3383,0.6617
8197,65536.2242,keygen_C,50,2,15,15,16,5776,0.7352,65536.2242,17273.3512,0.3903,0.5308
8198,65536.2242,keygen_C,50,2,11,14,16,4576,0.5825,65536.2242,17272.9302,0.355,0.6094
8199,65536.2242,keygen_C,50,2,15,17,16,6256,0.7963,65536.2242,17275.3452,0.4042,0.5075
8200,65536.2242,keygen_C,50,2,15,14,16,5536,0.7047,65536.2242,17273.0188,0.3833,0.5439
8201,65536.2242,keygen_C,50,2,18,14,16,6256,0.7963,65536.2242,17273.0853,0.4042,0.5075
8202,65536.2242,keygen_C,50,2,17,9,16,4656,0.5927,65536.2242,17272.6983,0.3578,0.6037
8203,65536.2242,keygen_C,50,2,10,16,16,4656,0.5927,65536.2242,17273.5727,0.3568,0.6021
8204,65536.2242,keygen_C,50,2,17,20,16,7648,0.9735,65536.2242,17296.7919,0.4445,0.4566
8205,65536.2242,keygen_C,50,2,21,16,16,7648,0.9735,65536.2242,17274.5476,0.445,0.4571
8206,65536.2242,keygen_C,50,2,16,13,16,5520,0.7026,65536.2242,17272.8637,0.3828,0.5448
8207,65536.2242,keygen_C,50,2,14,15,16,5520,0.7026,65536.2242,17273.3068,0.3824,0.5442
8208,65536.2242,keygen_C,50,2,9,19,16,4816,0.613,65536.2242,17279.0673,0.3615,0.5897
8209,65536.2242,keygen_C,50,2,10,17,16,4816,0.613,65536.2242,17274.4589,0.3615,0.5897
8210,65536.2242,keygen_C,50,2,12,14,16,4816,0.613,65536.2242,17272.9524,0.3619,0.5904
8211,65536.2242,keygen_C,50,2,15,11,16,4816,0.613,65536.2242,17272.728,0.3624,0.5912
8212,65536.2242,keygen_C,50,2,13,12,16,4640,0.5906,65536.2242,17272.7585,0.3568,0.6042
8213,65536.2242,keygen_C,50,2,18,9,16,4816,0.613,65536.2242,17272.6989,0.3624,0.5912
8214,65536.2242,keygen_C,50,2,23,14,16,7456,0.9491,65536.2242,17273.1961,0.4399,0.4635
8215,65536.2242,keygen_C,50,2,20,12,16,6096,0.776,65536.2242,17272.7973,0.4,0.5155
8216,65536.2242,keygen_C,50,2,13,19,16,6096,0.776,65536.2242,17281.9033,0.3991,0.5143
8217,65536.2242,keygen_C,50,2,24,13,16,7312,0.9308,65536.2242,17272.9524,0.4357,0.4681
8218,65536.2242,keygen_C,50,2,21,15,16,7312,0.9308,65536.2242,17273.617,0.4353,0.4676
8219,65536.2242,keygen_C,50,2,16,20,16,7312,0.9308,65536.2242,17295.3739,0.4348,0.4672
8220,65536.2242,keygen_C,50,2,17,12,16,5472,0.6965,65536.2242,17272.7806,0.3814,0.5476
8221,65536.2242,keygen_C,50,2,13,16,16,5472,0.6965,65536.2242,17273.8386,0.381,0.547
8222,65536.2242,keygen_C,50,2,14,9,16,4176,0.5316,65536.2242,17272.6962,0.3434,0.646
8223,65536.2242,keygen_C,50,2,10,13,16,4176,0.5316,65536.2242,17272.7973,0.3429,0.6451
8224,65536.2242,keygen_C,50,2,19,17,16,7408,0.943,65536.2242,17276.0541,0.4381,0.4645
8225,65536.2242,keygen_C,50,2,7,19,16,4176,0.5316,65536.2242,17277.6494,0.3429,0.6451
8226,65536.2242,keygen_C,50,2,18,18,16,7408,0.943,65536.2242,17279.0673,0.4376,0.4641
8227,65536.2242,keygen_C,50,2,21,13,16,6640,0.8452,65536.2242,17272.9191,0.4158,0.4919
8228,65536.2242,keygen_C,50,2,24,10,16,6160,0.7841,65536.2242,17272.7197,0.4023,0.5131
8229,65536.2242,keygen_C,50,2,20,16,16,7376,0.9389,65536.2242,17274.4589,0.4371,0.4656
8230,65536.2242,keygen_C,50,2,17,19,16,7376,0.9389,65536.2242,17284.7392,0.4367,0.4651
8231,65536.2242,keygen_C,50,2,14,18,16,6192,0.7882,65536.2242,17277.6494,0.4019,0.5098
8232,65536.2242,keygen_C,50,2,21,10,16,5632,0.7169,65536.2242,17272.7156,0.3865,0.5392
8233,65536.2242,keygen_C,50,2,11,20,16,5632,0.7169,65536.2242,17288.2841,0.3856,0.5379
8234,65536.2242,keygen_C,50,2,19,13,16,6192,0.7882,65536.2242,17272.897,0.4028,0.511
8235,65536.2242,keygen_C,50,2,7,20,16,4288,0.5458,65536.2242,17282.6122,0.3462,0.6342
8236,65536.2242,keygen_C,50,2,13,17,16,5680,0.723,65536.2242,17274.9907,0.387,0.5353
8237,65536.2242,keygen_C,50,2,18,12,16,5680,0.723,65536.2242,17272.7862,0.3875,0.5359
8238,65536.2242,keygen_C,50,2,22,13,16,6864,0.8737,65536.2242,17272.9302,0.4223,0.4833
8239,65536.2242,keygen_C,50,2,23,9,16,5616,0.7149,65536.2242,17272.7024,0.3865,0.5407
8240,65536.2242,keygen_C,50,2,16,8,16,4240,0.5397,65536.2242,17272.692,0.3457,0.6405
8241,65536.2242,keygen_C,50,2,12,11,16,4240,0.5397,65536.2242,17272.7197,0.3452,0.6397
8242,65536.2242,keygen_C,50,2,9,15,16,4240,0.5397,65536.2242,17273.0853,0.3448,0.6388
8243,65536.2242,keygen_C,50,2,8,17,16,4240,0.5397,65536.2242,17274.1045,0.3448,0.6388
8244,65536.2242,keygen_C,50,2,11,15,16,4752,0.6049,65536.2242,17273.1739,0.3601,0.5953
8245,65536.2242,keygen_C,50,2,16,10,16,4752,0.6049,65536.2242,17272.7086,0.3606,0.5961
8246,65536.2242,keygen_C,50,2,19,11,16,5584,0.7108,65536.2242,17272.7391,0.3852,0.5419
8247,65536.2242,keygen_C,50,2,12,18,16,5584,0.7108,65536.2242,17276.9404,0.3842,0.5406
8248,65536.2242,keygen_C,50,2,24,12,16,6928,0.8819,65536.2242,17272.8194,0.4246,0.4815
8249,65536.2242,keygen_C,50,2,13,10,16,4224,0.5377,65536.2242,17272.7045,0.3448,0.6412
8250,65536.2242,keygen_C,50,2,11,12,16,4224,0.5377,65536.2242,17272.7474,0.3448,0.6412
8251,65536.2242,keygen_C,50,2,19,8,16,4672,0.5947,65536.2242,17272.6931,0.3587,0.6032
8252,65536.2242,keygen_C,50,2,9,18,16,4672,0.5947,65536.2242,17275.8769,0.3573,0.6008
8253,65536.2242,keygen_C,50,2,14,20,16,6640,0.8452,65536.2242,17292.538,0.4148,0.4908
8254,65536.2242,keygen_C,50,2,13,13,16,4848,0.6171,65536.2242,17272.8305,0.3629,0.588
8255,65536.2242,keygen_C,50,2,20,8,16,4816,0.613,65536.2242,17272.6934,0.3629,0.5919
8256,65536.2242,keygen_C,50,2,14,12,16,4848,0.6171,65536.2242,17272.764,0.3629,0.588
8257,65536.2242,keygen_C,50,2,15,20,16,6976,0.888,65536.2242,17293.9559,0.4251,0.4787
8258,65536.2242,keygen_C,50,2,23,12,16,6720,0.8554,65536.2242,17272.8139,0.4186,0.4893
8259,65536.2242,keygen_C,50,2,16,16,16,6288,0.8004,65536.2242,17274.1045,0.4051,0.5061
8260,65536.2242,keygen_C,50,2,17,15,16,6288,0.8004,65536.2242,17273.4398,0.4051,0.5061
8261,65536.2242,keygen_C,50,2,17,13,16,5744,0.7312,65536.2242,17272.8748,0.3893,0.5325
8262,65536.2242,keygen_C,50,2,21,14,16,6976,0.888,65536.2242,17273.1518,0.4255,0.4792
8263,65536.2242,keygen_C,50,2,23,15,16,7824,0.9959,65536.2242,17273.7056,0.4506,0.4524
8264,65536.2242,keygen_C,50,2,10,14,16,4336,0.5519,65536.2242,17272.908,0.3476,0.6297
8265,65536.2242,keygen_C,50,2,23,11,16,6352,0.8086,65536.2242,17272.7502,0.4079,0.5045
8266,65536.2242,keygen_C,50,2,11,19,16,5456,0.6945,65536.2242,17280.4853,0.3805,0.5479
8267,65536.2242,keygen_C,50,2,15,9,16,4336,0.5519,65536.2242,17272.6969,0.3485,0.6314
8268,65536.2242,keygen_C,50,2,24,14,16,7696,0.9796,65536.2242,17273.2182,0.4469,0.4562
8269,65536.2242,keygen_C,50,2,18,16,16,6832,0.8697,65536.2242,17274.2817,0.4209,0.484
8270,65536.2242,keygen_C,50,2,20,17,16,7696,0.9796,65536.2242,17276.2314,0.4464,0.4557
8271,65536.2242,keygen_C,50,2,17,17,16,6832,0.8697,65536.2242,17275.6997,0.4209,0.484
8272,65536.2242,keygen_C,50,2,18,19,16,7696,0.9796,65536.2242,17285.4482,0.4459,0.4552
8273,65536.2242,keygen_C,50,2,13,20,16,6304,0.8024,65536.2242,17291.12,0.4051,0.5048
8274,65536.2242,keygen_C,50,2,21,12,16,6304,0.8024,65536.2242,17272.8028,0.406,0.506
8275,65536.2242,keygen_C,50,2,12,17,16,5392,0.6864,65536.2242,17274.8134,0.3787,0.5517
8276,65536.2242,keygen_C,50,2,18,11,16,5392,0.6864,65536.2242,17272.7363,0.3791,0.5524
8277,65536.2242,keygen_C,50,2,16,15,16,6032,0.7678,65536.2242,17273.3955,0.3977,0.5179
8278,65536.2242,keygen_C,50,2,12,19,16,5776,0.7352,65536.2242,17281.1943,0.3898,0.5302
8279,65536.2242,keygen_C,50,2,24,8,16,5392,0.6864,65536.2242,17272.6948,0.38,0.5537
8280,65536.2242,keygen_C,50,2,24,9,16,5776,0.7352,65536.2242,17272.7031,0.3912,0.5321
8281,65536.2242,keygen_C,50,2,16,14,16,5776,0.7352,65536.2242,17273.041,0.3903,0.5308
8282,65536.2242,keygen_C,50,2,17,10,16,4928,0.6273,65536.2242,17272.71,0.3657,0.5829
8283,65536.2242,keygen_C,50,2,14,11,16,4624,0.5886,65536.2242,17272.7253,0.3564,0.6055
8284,65536.2242,keygen_C,50,2,14,16,16,5744,0.7312,65536.2242,17273.9272,0.3889,0.5318
8285,65536.2242,keygen_C,50,2,20,10,16,5456,0.6945,65536.2242,17272.7142,0.3814,0.5492
8286,65536.2242,keygen_C,50,2,15,10,16,4576,0.5825,65536.2242,17272.7073,0.3555,0.6102
8287,65536.2242,keygen_C,50,2,12,13,16,4624,0.5886,65536.2242,17272.8194,0.3564,0.6055
8288,65536.2242,keygen_C,50,2,22,9,16,5456,0.6945,65536.2242,17272.7017,0.3814,0.5492
8289,65536.2242,keygen_C,50,2,8,20,16,4624,0.5886,65536.2242,17284.0302,0.3559,0.6047
8290,65536.2242,keygen_C,50,2,8,16,16,4112,0.5234,65536.2242,17273.3955,0.3411,0.6516
8291,65536.2242,keygen_C,50,2,11,16,16,4928,0.6273,65536.2242,17273.6613,0.3652,0.5822
8292,65536.2242,keygen_C,50,2,20,11,16,5776,0.7352,65536.2242,17272.7419,0.3907,0.5314
8293,66196.1774,keygen_C,44,2,9,17,256,3888,0.4949,66196.1774,17448.2186,2.2325,4.5109
8294,66196.1774,keygen_C,44,2,19,15,256,6160,0.7841,66196.1774,17447.4653,2.2998,2.933
8295,66196.1774,keygen_C,44,2,20,16,256,6736,0.8574,66196.1774,17448.3958,2.3165,2.7016
8296,66196.1774,keygen_C,44,2,11,16,256,4288,0.5458,66196.1774,17447.5982,2.2445,4.1122
8297,66196.1774,keygen_C,44,2,17,10,256,4288,0.5458,66196.1774,17446.6469,2.245,4.1131
8298,66196.1774,keygen_C,44,2,16,10,256,4112,0.5234,66196.1774,17446.6455,2.2399,4.2794
8299,66196.1774,keygen_C,44,2,18,17,256,6480,0.8248,66196.1774,17449.8138,2.3086,2.7988
8300,66196.1774,keygen_C,44,2,19,9,256,4336,0.5519,66196.1774,17446.6365,2.2469,4.0709
8301,66196.1774,keygen_C,44,2,16,18,256,6160,0.7841,66196.1774,17452.2952,2.2993,2.9324
8302,66196.1774,keygen_C,44,2,11,15,256,4112,0.5234,66196.1774,17447.1108,2.2394,4.2785
8303,66196.1774,keygen_C,44,2,15,20,256,6336,0.8065,66196.1774,17467.8928,2.3044,2.8572
8304,66196.1774,keygen_C,44,2,9,15,256,3600,0.4582,66196.1774,17447.0222,2.2241,4.8535
8305,66196.1774,keygen_C,44,2,21,14,256,6336,0.8065,66196.1774,17447.0886,2.3049,2.8578
8306,66196.1774,keygen_C,44,2,20,19,256,7696,0.9796,66196.1774,17460.803,2.3443,2.3931
8307,66196.1774,keygen_C,44,2,16,20,256,6672,0.8493,66196.1774,17469.3108,2.3142,2.7248
8308,66196.1774,keygen_C,44,2,24,13,256,6672,0.8493,66196.1774,17446.8892,2.3151,2.7259
8309,66196.1774,keygen_C,44,2,21,15,256,6672,0.8493,66196.1774,17447.5539,2.3146,2.7254
8310,66196.1774,keygen_C,44,2,22,14,256,6576,0.8371,66196.1774,17447.1108,2.3118,2.7618
8311,66196.1774,keygen_C,44,2,7,19,256,3536,0.4501,66196.1774,17451.5862,2.2223,4.9373
8312,66196.1774,keygen_C,44,2,10,18,256,4336,0.5519,66196.1774,17450.1683,2.2455,4.0684
8313,66196.1774,keygen_C,44,2,17,17,256,6192,0.7882,66196.1774,17449.6365,2.3002,2.9184
8314,66196.1774,keygen_C,44,2,11,14,256,3936,0.501,66196.1774,17446.8671,2.2343,4.4596
8315,66196.1774,keygen_C,44,2,15,10,256,3936,0.501,66196.1774,17446.6441,2.2348,4.4605
8316,66196.1774,keygen_C,44,2,17,19,256,6736,0.8574,66196.1774,17458.676,2.316,2.7011
8317,66196.1774,keygen_C,44,2,8,17,256,3600,0.4582,66196.1774,17448.0413,2.2241,4.8535
8318,66196.1774,keygen_C,44,2,18,16,256,6192,0.7882,66196.1774,17448.2186,2.3002,2.9184
8319,66196.1774,keygen_C,44,2,13,13,256,4208,0.5356,66196.1774,17446.7674,2.2422,4.1861
8320,66196.1774,keygen_C,44,2,16,9,256,3856,0.4908,66196.1774,17446.6344,2.2325,4.5483
8321,66196.1774,keygen_C,44,2,17,18,256,6464,0.8228,66196.1774,17452.6497,2.3081,2.8052
8322,66196.1774,keygen_C,44,2,21,13,256,6000,0.7637,66196.1774,17446.856,2.2951,3.0051
8323,66196.1774,keygen_C,44,2,13,12,256,4000,0.5092,66196.1774,17446.6954,2.2362,4.3919
8324,66196.1774,keygen_C,44,2,23,13,256,6448,0.8208,66196.1774,17446.8781,2.3086,2.8127
8325,66196.1774,keygen_C,44,2,23,12,256,6080,0.7739,66196.1774,17446.7507,2.2979,2.9691
8326,66196.1774,keygen_C,44,2,12,14,256,4176,0.5316,66196.1774,17446.8892,2.2413,4.2164
8327,66196.1774,keygen_C,44,2,10,16,256,4016,0.5112,66196.1774,17447.5096,2.2362,4.3744
8328,66196.1774,keygen_C,44,2,10,17,256,4176,0.5316,66196.1774,17448.3958,2.2408,4.2155
8329,66196.1774,keygen_C,44,2,14,11,256,3984,0.5071,66196.1774,17446.6621,2.2357,4.4086
8330,66196.1774,keygen_C,44,2,9,20,256,4320,0.5499,66196.1774,17459.385,2.245,4.0826
8331,66196.1774,keygen_C,44,2,21,8,256,4320,0.5499,66196.1774,17446.6306,2.2464,4.0851
8332,66196.1774,keygen_C,44,2,9,19,256,4176,0.5316,66196.1774,17453.0042,2.2408,4.2155
8333,66196.1774,keygen_C,44,2,8,19,256,3856,0.4908,66196.1774,17452.2952,2.2316,4.5464
8334,66196.1774,keygen_C,44,2,8,16,256,3472,0.442,66196.1774,17447.3323,2.2204,5.0241
8335,66196.1774,keygen_C,44,2,16,19,256,6416,0.8167,66196.1774,17457.9671,2.3067,2.8244
8336,66196.1774,keygen_C,44,2,20,15,256,6416,0.8167,66196.1774,17447.5096,2.3072,2.825
8337,66196.1774,keygen_C,44,2,9,18,256,4032,0.5132,66196.1774,17449.8138,2.2367,4.3579
8338,66196.1774,keygen_C,44,2,19,8,256,4032,0.5132,66196.1774,17446.6299,2.2381,4.3606
8339,66196.1774,keygen_C,44,2,17,9,256,4016,0.5112,66196.1774,17446.6351,2.2371,4.3762
8340,66196.1774,keygen_C,44,2,12,13,256,3984,0.5071,66196.1774,17446.7563,2.2357,4.4086
8341,66196.1774,keygen_C,44,2,23,16,256,7552,0.9613,66196.1774,17448.6617,2.3406,2.4348
8342,66196.1774,keygen_C,44,2,15,11,256,4176,0.5316,66196.1774,17446.6649,2.2418,4.2173
8343,66196.1774,keygen_C,44,2,15,12,256,4416,0.5621,66196.1774,17446.7064,2.2487,4.0004
8344,66196.1774,keygen_C,44,2,13,14,256,4416,0.5621,66196.1774,17446.9114,2.2483,3.9996
8345,66196.1774,keygen_C,44,2,10,15,256,3856,0.4908,66196.1774,17447.0665,2.2316,4.5464
8346,66196.1774,keygen_C,44,2,22,17,256,7632,0.9715,66196.1774,17450.5227,2.3425,2.4112
8347,66196.1774,keygen_C,44,2,21,18,256,7680,0.9776,66196.1774,17454.0677,2.3439,2.3976
8348,66196.1774,keygen_C,44,2,19,20,256,7680,0.9776,66196.1774,17473.5647,2.3439,2.3976
8349,66196.1774,keygen_C,44,2,14,12,256,4208,0.5356,66196.1774,17446.7009,2.2422,4.1861
8350,66196.1774,keygen_C,44,2,14,20,256,6000,0.7637,66196.1774,17466.4748,2.2942,3.0039
8351,66196.1774,keygen_C,44,2,12,15,256,4368,0.556,66196.1774,17447.1551,2.2469,4.0411
8352,66196.1774,keygen_C,44,2,16,11,256,4368,0.556,66196.1774,17446.6677,2.2473,4.0419
8353,66196.1774,keygen_C,44,2,24,12,256,6288,0.8004,66196.1774,17446.7563,2.3039,2.8785
8354,66196.1774,keygen_C,44,2,11,12,256,3584,0.4562,66196.1774,17446.6843,2.2241,4.8752
8355,66196.1774,keygen_C,44,2,20,14,256,6096,0.776,66196.1774,17447.0665,2.2979,2.9614
8356,66196.1774,keygen_C,44,2,14,13,256,4432,0.5642,66196.1774,17446.7784,2.2487,3.986
8357,66196.1774,keygen_C,44,2,20,8,256,4176,0.5316,66196.1774,17446.6303,2.2422,4.2181
8358,66196.1774,keygen_C,44,2,18,9,256,4176,0.5316,66196.1774,17446.6358,2.2418,4.2173
8359,66196.1774,keygen_C,44,2,15,19,256,6096,0.776,66196.1774,17457.2581,2.2974,2.9608
8360,66196.1774,keygen_C,44,2,19,16,256,6464,0.8228,66196.1774,17448.3072,2.3086,2.8057
8361,66196.1774,keygen_C,44,2,8,20,256,3984,0.5071,66196.1774,17457.9671,2.2353,4.4077
8362,66196.1774,keygen_C,44,2,22,13,256,6224,0.7923,66196.1774,17446.8671,2.3016,2.9051
8363,66196.1774,keygen_C,44,2,15,15,256,5136,0.6538,66196.1774,17447.288,2.2696,3.4716
8364,66196.1774,keygen_C,44,2,14,19,256,5776,0.7352,66196.1774,17456.5491,2.2877,3.1115
8365,66196.1774,keygen_C,44,2,24,10,256,5520,0.7026,66196.1774,17446.6566,2.2817,3.2472
8366,66196.1774,keygen_C,44,2,23,10,256,5344,0.6802,66196.1774,17446.6552,2.2766,3.3467
8367,66196.1774,keygen_C,44,2,17,15,256,5648,0.7189,66196.1774,17447.3766,2.2845,3.1775
8368,66196.1774,keygen_C,44,2,16,16,256,5648,0.7189,66196.1774,17448.0413,2.2845,3.1775
8369,66196.1774,keygen_C,44,2,23,14,256,6816,0.8676,66196.1774,17447.1329,2.3193,2.6731
8370,66196.1774,keygen_C,44,2,12,19,256,5136,0.6538,66196.1774,17455.1311,2.2691,3.4709
8371,66196.1774,keygen_C,44,2,20,13,256,5776,0.7352,66196.1774,17446.8449,2.2886,3.1128
8372,66196.1774,keygen_C,44,2,13,17,256,5040,0.6415,66196.1774,17448.9275,2.2664,3.5326
8373,66196.1774,keygen_C,44,2,17,11,256,4560,0.5804,66196.1774,17446.6704,2.2529,3.8813
8374,66196.1774,keygen_C,44,2,12,16,256,4560,0.5804,66196.1774,17447.6868,2.2524,3.8805
8375,66196.1774,keygen_C,44,2,18,12,256,5040,0.6415,66196.1774,17446.723,2.2668,3.5334
8376,66196.1774,keygen_C,44,2,21,16,256,7008,0.8921,66196.1774,17448.4844,2.3244,2.6056
8377,66196.1774,keygen_C,44,2,17,20,256,7008,0.8921,66196.1774,17470.7287,2.3239,2.6051
8378,66196.1774,keygen_C,44,2,8,18,256,3728,0.4745,66196.1774,17449.4593,2.2278,4.6947
8379,66196.1774,keygen_C,44,2,14,10,256,3760,0.4786,66196.1774,17446.6427,2.2292,4.6577
8380,66196.1774,keygen_C,44,2,15,16,256,5376,0.6843,66196.1774,17447.9527,2.2766,3.3268
8381,66196.1774,keygen_C,44,2,17,14,256,5376,0.6843,66196.1774,17447.0,2.2766,3.3268
8382,66196.1774,keygen_C,44,2,18,14,256,5616,0.7149,66196.1774,17447.0221,2.2835,3.1943
8383,66196.1774,keygen_C,44,2,15,17,256,5616,0.7149,66196.1774,17449.282,2.2835,3.1943
8384,66196.1774,keygen_C,44,2,15,14,256,4896,0.6232,66196.1774,17446.9557,2.2626,3.6306
8385,66196.1774,keygen_C,44,2,16,15,256,5392,0.6864,66196.1774,17447.3323,2.277,3.3176
8386,66196.1774,keygen_C,44,2,16,13,256,4880,0.6212,66196.1774,17446.8006,2.2622,3.6417
8387,66196.1774,keygen_C,44,2,14,15,256,4880,0.6212,66196.1774,17447.2437,2.2617,3.641
8388,66196.1774,keygen_C,44,2,15,18,256,5856,0.7454,66196.1774,17451.9407,2.2905,3.0728
8389,66196.1774,keygen_C,44,2,19,14,256,5856,0.7454,66196.1774,17447.0443,2.291,3.0734
8390,66196.1774,keygen_C,44,2,21,17,256,7344,0.9348,66196.1774,17450.3455,2.3341,2.4968
8391,66196.1774,keygen_C,44,2,18,20,256,7344,0.9348,66196.1774,17472.1467,2.3336,2.4963
8392,66196.1774,keygen_C,44,2,11,13,256,3760,0.4786,66196.1774,17446.7452,2.2292,4.6577
8393,66196.1774,keygen_C,44,2,21,11,256,5328,0.6782,66196.1774,17446.6815,2.2756,3.3554
8394,66196.1774,keygen_C,44,2,18,13,256,5328,0.6782,66196.1774,17446.8227,2.2752,3.3547
8395,66196.1774,keygen_C,44,2,19,19,256,7376,0.9389,66196.1774,17460.094,2.335,2.487
8396,66196.1774,keygen_C,44,2,14,17,256,5328,0.6782,66196.1774,17449.1048,2.2747,3.354
8397,66196.1774,keygen_C,44,2,18,19,256,7056,0.8982,66196.1774,17459.385,2.3253,2.5889
8398,66196.1774,keygen_C,44,2,16,12,256,4624,0.5886,66196.1774,17446.712,2.2548,3.8307
8399,66196.1774,keygen_C,44,2,13,15,256,4624,0.5886,66196.1774,17447.1994,2.2543,3.83
8400,66196.1774,keygen_C,44,2,24,14,256,7056,0.8982,66196.1774,17447.1551,2.3262,2.59
8401,66196.1774,keygen_C,44,2,11,18,256,4640,0.5906,66196.1774,17450.5227,2.2548,3.8175
8402,66196.1774,keygen_C,44,2,19,12,256,5248,0.668,66196.1774,17446.7286,2.2733,3.403
8403,66196.1774,keygen_C,44,2,13,18,256,5248,0.668,66196.1774,17451.2317,2.2724,3.4017
8404,66196.1774,keygen_C,44,2,19,10,256,4640,0.5906,66196.1774,17446.6497,2.2557,3.8191
8405,66196.1774,keygen_C,44,2,24,16,256,7824,0.9959,66196.1774,17448.7503,2.3485,2.3581
8406,66196.1774,keygen_C,44,2,21,10,256,4992,0.6354,66196.1774,17446.6524,2.2659,3.5659
8407,66196.1774,keygen_C,44,2,7,20,256,3648,0.4644,66196.1774,17456.5491,2.2255,4.7927
8408,66196.1774,keygen_C,44,2,23,11,256,5712,0.7271,66196.1774,17446.687,2.2872,3.1458
8409,66196.1774,keygen_C,44,2,11,20,256,4992,0.6354,66196.1774,17462.2209,2.265,3.5644
8410,66196.1774,keygen_C,44,2,20,9,256,4496,0.5723,66196.1774,17446.6372,2.2515,3.9341
8411,66196.1774,keygen_C,44,2,10,20,256,4656,0.5927,66196.1774,17460.803,2.2548,3.8044
8412,66196.1774,keygen_C,44,2,15,13,256,4656,0.5927,66196.1774,17446.7895,2.2557,3.806
8413,66196.1774,keygen_C,44,2,21,9,256,4656,0.5927,66196.1774,17446.6379,2.2561,3.8068
8414,66196.1774,keygen_C,44,2,23,8,256,4608,0.5866,66196.1774,17446.6313,2.2552,3.8448
8415,66196.1774,keygen_C,44,2,23,9,256,4976,0.6334,66196.1774,17446.6393,2.2659,3.5773
8416,66196.1774,keygen_C,44,2,21,12,256,5664,0.721,66196.1774,17446.7397,2.2854,3.1698
8417,66196.1774,keygen_C,44,2,13,20,256,5664,0.721,66196.1774,17465.0569,2.2845,3.1686
8418,66196.1774,keygen_C,44,2,19,11,256,4944,0.6293,66196.1774,17446.676,2.2645,3.5983
8419,66196.1774,keygen_C,44,2,12,18,256,4944,0.6293,66196.1774,17450.8772,2.2636,3.5968
8420,66196.1774,keygen_C,44,2,12,20,256,5328,0.6782,66196.1774,17463.6389,2.2747,3.354
8421,66196.1774,keygen_C,44,2,24,15,256,7440,0.947,66196.1774,17447.6868,2.3374,2.468
8422,66196.1774,keygen_C,44,2,20,18,256,7376,0.9389,66196.1774,17453.7132,2.335,2.487
8423,66196.1774,keygen_C,44,2,23,15,256,7184,0.9145,66196.1774,17447.6425,2.3299,2.5479
8424,66196.1774,keygen_C,44,2,19,18,256,7072,0.9002,66196.1774,17453.3587,2.3262,2.5841
8425,66196.1774,keygen_C,44,2,14,14,256,4656,0.5927,66196.1774,17446.9335,2.2552,3.8052
8426,66196.1774,keygen_C,44,2,10,19,256,4496,0.5723,66196.1774,17453.7132,2.2501,3.9317
8427,66196.1774,keygen_C,44,2,20,17,256,7056,0.8982,66196.1774,17450.1683,2.3258,2.5894
8428,66196.1774,keygen_C,44,2,22,12,256,5872,0.7475,66196.1774,17446.7452,2.2914,3.0656
8429,66196.1774,keygen_C,44,2,18,11,256,4752,0.6049,66196.1774,17446.6732,2.2585,3.7337
8430,66196.1774,keygen_C,44,2,24,8,256,4752,0.6049,66196.1774,17446.6317,2.2594,3.7352
8431,66196.1774,keygen_C,44,2,13,11,256,3792,0.4827,66196.1774,17446.6594,2.2302,4.6203
8432,66196.1774,keygen_C,44,2,12,12,256,3792,0.4827,66196.1774,17446.6898,2.2302,4.6203
8433,66196.1774,keygen_C,44,2,22,16,256,7280,0.9267,66196.1774,17448.573,2.3323,2.5168
8434,66196.1774,keygen_C,44,2,18,18,256,6768,0.8615,66196.1774,17453.0042,2.3169,2.6894
8435,66196.1774,keygen_C,44,2,22,10,256,5168,0.6578,66196.1774,17446.6538,2.271,3.4522
8436,66196.1774,keygen_C,44,2,16,17,256,5904,0.7515,66196.1774,17449.4593,2.2919,3.0496
8437,66196.1774,keygen_C,44,2,18,15,256,5904,0.7515,66196.1774,17447.421,2.2919,3.0496
8438,66196.1774,keygen_C,44,2,22,11,256,5520,0.7026,66196.1774,17446.6843,2.2812,3.2466
8439,66196.1774,keygen_C,44,2,22,8,256,4464,0.5682,66196.1774,17446.631,2.2506,3.9607
8440,66196.1774,keygen_C,44,2,18,10,256,4464,0.5682,66196.1774,17446.6483,2.2501,3.9599
8441,66196.1774,keygen_C,44,2,11,17,256,4464,0.5682,66196.1774,17448.573,2.2497,3.9591
8442,66196.1774,keygen_C,44,2,24,11,256,5904,0.7515,66196.1774,17446.6898,2.2928,3.0509
8443,66196.1774,keygen_C,44,2,22,15,256,6928,0.8819,66196.1774,17447.5982,2.322,2.6331
8444,66196.1774,keygen_C,44,2,17,16,256,5920,0.7536,66196.1774,17448.1299,2.2923,3.042
8445,66196.1774,keygen_C,44,2,9,16,256,3744,0.4766,66196.1774,17447.421,2.2283,4.6756
8446,66196.1774,keygen_C,44,2,17,12,256,4832,0.6151,66196.1774,17446.7175,2.2608,3.6757
8447,66196.1774,keygen_C,44,2,13,16,256,4832,0.6151,66196.1774,17447.7754,2.2603,3.6749
8448,66196.1774,keygen_C,44,2,24,9,256,5136,0.6538,66196.1774,17446.64,2.2705,3.473
8449,66196.1774,keygen_C,44,2,11,19,256,4816,0.613,66196.1774,17454.4221,2.2599,3.6864
8450,66196.1774,keygen_C,44,2,20,11,256,5136,0.6538,66196.1774,17446.6787,2.2701,3.4723
8451,66196.1774,keygen_C,44,2,20,10,256,4816,0.613,66196.1774,17446.651,2.2608,3.6879
8452,66196.1774,keygen_C,44,2,22,9,256,4816,0.613,66196.1774,17446.6386,2.2608,3.6879
8453,66196.1774,keygen_C,44,2,13,19,256,5456,0.6945,66196.1774,17455.8401,2.2784,3.2807
8454,66196.1774,keygen_C,44,2,16,14,256,5136,0.6538,66196.1774,17446.9778,2.2696,3.4716
8455,66196.1774,keygen_C,44,2,20,12,256,5456,0.6945,66196.1774,17446.7341,2.2794,3.282
8456,66196.1774,keygen_C,44,2,17,13,256,5104,0.6497,66196.1774,17446.8117,2.2687,3.4919
8457,66196.1774,keygen_C,44,2,14,16,256,5104,0.6497,66196.1774,17447.8641,2.2682,3.4912
8458,66196.1774,keygen_C,44,2,19,17,256,6768,0.8615,66196.1774,17449.991,2.3174,2.6899
8459,66196.1774,keygen_C,44,2,12,17,256,4752,0.6049,66196.1774,17448.7503,2.258,3.7329
8460,66196.1774,keygen_C,44,2,14,18,256,5552,0.7067,66196.1774,17451.5862,2.2812,3.2279
8461,66196.1774,keygen_C,44,2,19,13,256,5552,0.7067,66196.1774,17446.8338,2.2821,3.2292
8462,66196.1774,keygen_C,44,2,10,14,256,3696,0.4705,66196.1774,17446.8449,2.2269,4.7334
8463,103870.8982,keygen_C,50,2,16,17,32,6320,0.8045,103870.8982,27378.9853,0.5703,0.7089
8464,103870.8982,keygen_C,50,2,12,16,32,4976,0.6334,103870.8982,27377.2128,0.5309,0.8381
8465,103870.8982,keygen_C,50,2,7,20,32,4064,0.5173,103870.8982,27386.0751,0.5039,0.9742
8466,103870.8982,keygen_C,50,2,16,18,32,6576,0.8371,103870.8982,27381.8212,0.5777,0.6902
8467,103870.8982,keygen_C,50,2,19,15,32,6576,0.8371,103870.8982,27376.9913,0.5782,0.6907
8468,103870.8982,keygen_C,50,2,23,13,32,6864,0.8737,103870.8982,27376.4041,0.587,0.6718
8469,103870.8982,keygen_C,50,2,22,13,32,6640,0.8452,103870.8982,27376.393,0.58,0.6863
8470,103870.8982,keygen_C,50,2,14,15,32,5296,0.6741,103870.8982,27376.7697,0.5401,0.8012
8471,103870.8982,keygen_C,50,2,23,15,32,7600,0.9674,103870.8982,27377.1685,0.6084,0.6288
8472,103870.8982,keygen_C,50,2,23,14,32,7232,0.9206,103870.8982,27376.6589,0.5977,0.6492
8473,103870.8982,keygen_C,50,2,16,11,32,4784,0.609,103870.8982,27376.1936,0.5258,0.8634
8474,103870.8982,keygen_C,50,2,19,12,32,5664,0.721,103870.8982,27376.2546,0.5517,0.7653
8475,103870.8982,keygen_C,50,2,13,18,32,5664,0.721,103870.8982,27380.7577,0.5508,0.764
8476,103870.8982,keygen_C,50,2,16,13,32,5296,0.6741,103870.8982,27376.3266,0.5406,0.8019
8477,103870.8982,keygen_C,50,2,9,14,32,3872,0.4929,103870.8982,27376.3487,0.4984,1.0112
8478,103870.8982,keygen_C,50,2,17,11,32,4976,0.6334,103870.8982,27376.1964,0.5313,0.8388
8479,103870.8982,keygen_C,50,2,14,13,32,4848,0.6171,103870.8982,27376.3044,0.5271,0.8542
8480,103870.8982,keygen_C,50,2,23,11,32,6128,0.78,103870.8982,27376.213,0.5657,0.7252
8481,103870.8982,keygen_C,50,2,15,14,32,5312,0.6762,103870.8982,27376.4817,0.5411,0.8002
8482,103870.8982,keygen_C,50,2,14,10,32,4176,0.5316,103870.8982,27376.1687,0.5077,0.955
8483,103870.8982,keygen_C,50,2,22,15,32,7344,0.9348,103870.8982,27377.1242,0.6005,0.6423
8484,103870.8982,keygen_C,50,2,19,9,32,4752,0.6049,103870.8982,27376.1625,0.5253,0.8684
8485,103870.8982,keygen_C,50,2,10,18,32,4752,0.6049,103870.8982,27379.6942,0.5239,0.8661
8486,103870.8982,keygen_C,50,2,22,12,32,6288,0.8004,103870.8982,27376.2712,0.5698,0.7119
8487,103870.8982,keygen_C,50,2,17,17,32,6608,0.8411,103870.8982,27379.1625,0.5787,0.6879
8488,103870.8982,keygen_C,50,2,21,10,32,5408,0.6884,103870.8982,27376.1784,0.5443,0.7907
8489,103870.8982,keygen_C,50,2,13,14,32,4832,0.6151,103870.8982,27376.4374,0.5267,0.8563
8490,103870.8982,keygen_C,50,2,21,13,32,6416,0.8167,103870.8982,27376.382,0.5735,0.7023
8491,103870.8982,keygen_C,50,2,14,20,32,6416,0.8167,103870.8982,27396.0008,0.5726,0.7011
8492,103870.8982,keygen_C,50,2,15,12,32,4832,0.6151,103870.8982,27376.2324,0.5271,0.857
8493,103870.8982,keygen_C,50,2,22,10,32,5584,0.7108,103870.8982,27376.1798,0.5494,0.773
8494,103870.8982,keygen_C,50,2,18,16,32,6608,0.8411,103870.8982,27377.7445,0.5787,0.6879
8495,103870.8982,keygen_C,50,2,11,20,32,5408,0.6884,103870.8982,27391.7469,0.5434,0.7894
8496,103870.8982,keygen_C,50,2,18,12,32,5456,0.6945,103870.8982,27376.249,0.5452,0.7851
8497,103870.8982,keygen_C,50,2,15,18,32,6272,0.7984,103870.8982,27381.4667,0.5689,0.7126
8498,103870.8982,keygen_C,50,2,19,14,32,6272,0.7984,103870.8982,27376.5703,0.5694,0.7132
8499,103870.8982,keygen_C,50,2,13,17,32,5456,0.6945,103870.8982,27378.4535,0.5448,0.7844
8500,103870.8982,keygen_C,50,2,12,15,32,4784,0.609,103870.8982,27376.6811,0.5253,0.8626
8501,103870.8982,keygen_C,50,2,22,16,32,7696,0.9796,103870.8982,27378.099,0.6107,0.6234
8502,103870.8982,keygen_C,50,2,18,15,32,6320,0.8045,103870.8982,27376.9469,0.5703,0.7089
8503,103870.8982,keygen_C,50,2,19,11,32,5360,0.6823,103870.8982,27376.202,0.5429,0.7957
8504,103870.8982,keygen_C,50,2,10,14,32,4112,0.5234,103870.8982,27376.3709,0.5053,0.9654
8505,103870.8982,keygen_C,50,2,14,19,32,6192,0.7882,103870.8982,27386.0751,0.5661,0.7183
8506,103870.8982,keygen_C,50,2,15,9,32,4112,0.5234,103870.8982,27376.1597,0.5063,0.9672
8507,103870.8982,keygen_C,50,2,20,9,32,4912,0.6253,103870.8982,27376.1632,0.5299,0.8475
8508,103870.8982,keygen_C,50,2,16,14,32,5552,0.7067,103870.8982,27376.5038,0.548,0.7755
8509,103870.8982,keygen_C,50,2,17,8,32,4160,0.5295,103870.8982,27376.1552,0.5077,0.9587
8510,103870.8982,keygen_C,50,2,24,9,32,5552,0.7067,103870.8982,27376.166,0.549,0.7768
8511,103870.8982,keygen_C,50,2,10,19,32,4912,0.6253,103870.8982,27383.2392,0.5285,0.8453
8512,103870.8982,keygen_C,50,2,9,17,32,4304,0.5479,103870.8982,27377.7445,0.5109,0.9325
8513,103870.8982,keygen_C,50,2,17,16,32,6336,0.8065,103870.8982,27377.6559,0.5708,0.7077
8514,103870.8982,keygen_C,50,2,24,11,32,6320,0.8045,103870.8982,27376.2158,0.5712,0.7101
8515,103870.8982,keygen_C,50,2,20,13,32,6192,0.7882,103870.8982,27376.3709,0.5671,0.7194
8516,103870.8982,keygen_C,50,2,9,16,32,4160,0.5295,103870.8982,27376.9469,0.5067,0.9569
8517,103870.8982,keygen_C,50,2,13,11,32,4208,0.5356,103870.8982,27376.1853,0.5086,0.9495
8518,103870.8982,keygen_C,50,2,12,12,32,4208,0.5356,103870.8982,27376.2158,0.5086,0.9495
8519,103870.8982,keygen_C,50,2,20,11,32,5552,0.7067,103870.8982,27376.2047,0.5485,0.7761
8520,103870.8982,keygen_C,50,2,19,16,32,6880,0.8758,103870.8982,27377.8332,0.587,0.6703
8521,103870.8982,keygen_C,50,2,14,16,32,5520,0.7026,103870.8982,27377.3901,0.5466,0.778
8522,103870.8982,keygen_C,50,2,15,15,32,5552,0.7067,103870.8982,27376.814,0.548,0.7755
8523,103870.8982,keygen_C,50,2,24,10,32,5936,0.7556,103870.8982,27376.1826,0.5601,0.7413
8524,103870.8982,keygen_C,50,2,16,9,32,4272,0.5438,103870.8982,27376.1604,0.5109,0.9395
8525,103870.8982,keygen_C,50,2,10,15,32,4272,0.5438,103870.8982,27376.5925,0.51,0.9378
8526,103870.8982,keygen_C,50,2,8,19,32,4272,0.5438,103870.8982,27381.8212,0.51,0.9378
8527,103870.8982,keygen_C,50,2,17,13,32,5520,0.7026,103870.8982,27376.3377,0.5471,0.7786
8528,103870.8982,keygen_C,50,2,8,18,32,4144,0.5275,103870.8982,27378.9853,0.5063,0.9598
8529,103870.8982,keygen_C,50,2,11,17,32,4880,0.6212,103870.8982,27378.099,0.5281,0.8501
8530,103870.8982,keygen_C,50,2,18,10,32,4880,0.6212,103870.8982,27376.1743,0.5285,0.8509
8531,103870.8982,keygen_C,50,2,22,8,32,4880,0.6212,103870.8982,27376.157,0.529,0.8516
8532,103870.8982,keygen_C,50,2,22,14,32,6992,0.89,103870.8982,27376.6368,0.5903,0.6632
8533,103870.8982,keygen_C,50,2,21,8,32,4736,0.6029,103870.8982,27376.1566,0.5248,0.8706
8534,103870.8982,keygen_C,50,2,9,20,32,4736,0.6029,103870.8982,27388.911,0.5234,0.8683
8535,103870.8982,keygen_C,50,2,10,12,32,3792,0.4827,103870.8982,27376.2047,0.4961,1.0277
8536,103870.8982,keygen_C,50,2,23,9,32,5392,0.6864,103870.8982,27376.1653,0.5443,0.7931
8537,103870.8982,keygen_C,50,2,11,16,32,4704,0.5988,103870.8982,27377.1242,0.523,0.8734
8538,103870.8982,keygen_C,50,2,17,10,32,4704,0.5988,103870.8982,27376.1729,0.5234,0.8742
8539,103870.8982,keygen_C,50,2,17,18,32,6880,0.8758,103870.8982,27382.1757,0.5865,0.6698
8540,103870.8982,keygen_C,50,2,12,18,32,5360,0.6823,103870.8982,27380.4032,0.542,0.7944
8541,103870.8982,keygen_C,50,2,12,19,32,5552,0.7067,103870.8982,27384.6571,0.5476,0.7748
8542,103870.8982,keygen_C,50,2,18,17,32,6896,0.8778,103870.8982,27379.3398,0.587,0.6687
8543,103870.8982,keygen_C,50,2,18,8,32,4304,0.5479,103870.8982,27376.1556,0.5118,0.9342
8544,103870.8982,keygen_C,50,2,21,12,32,6080,0.7739,103870.8982,27376.2657,0.5638,0.7285
8545,103870.8982,keygen_C,50,2,7,18,32,3840,0.4888,103870.8982,27378.6308,0.4974,1.0177
8546,103870.8982,keygen_C,50,2,11,15,32,4528,0.5764,103870.8982,27376.6368,0.5179,0.8985
8547,103870.8982,keygen_C,50,2,16,10,32,4528,0.5764,103870.8982,27376.1715,0.5183,0.8993
8548,103870.8982,keygen_C,50,2,19,19,32,7792,0.9919,103870.8982,27389.62,0.6135,0.6185
8549,103870.8982,keygen_C,50,2,20,18,32,7792,0.9919,103870.8982,27383.2392,0.6135,0.6185
8550,103870.8982,keygen_C,50,2,21,9,32,5072,0.6456,103870.8982,27376.1639,0.5346,0.828
8551,103870.8982,keygen_C,50,2,15,13,32,5072,0.6456,103870.8982,27376.3155,0.5341,0.8273
8552,103870.8982,keygen_C,50,2,14,14,32,5072,0.6456,103870.8982,27376.4595,0.5336,0.8266
8553,103870.8982,keygen_C,50,2,10,20,32,5072,0.6456,103870.8982,27390.329,0.5332,0.8258
8554,103870.8982,keygen_C,50,2,24,14,32,7472,0.9511,103870.8982,27376.6811,0.6046,0.6357
8555,103870.8982,keygen_C,50,2,20,17,32,7472,0.9511,103870.8982,27379.6942,0.6042,0.6352
8556,103870.8982,keygen_C,50,2,18,19,32,7472,0.9511,103870.8982,27388.911,0.6037,0.6347
8557,103870.8982,keygen_C,50,2,24,13,32,7088,0.9022,103870.8982,27376.4152,0.5935,0.6578
8558,103870.8982,keygen_C,50,2,21,15,32,7088,0.9022,103870.8982,27377.0799,0.593,0.6573
8559,103870.8982,keygen_C,50,2,16,20,32,7088,0.9022,103870.8982,27398.8368,0.5926,0.6568
8560,103870.8982,keygen_C,50,2,19,10,32,5056,0.6436,103870.8982,27376.1756,0.5341,0.8299
8561,103870.8982,keygen_C,50,2,11,13,32,4176,0.5316,103870.8982,27376.2712,0.5077,0.955
8562,103870.8982,keygen_C,50,2,11,12,32,4000,0.5092,103870.8982,27376.2103,0.5026,0.987
8563,103870.8982,keygen_C,50,2,13,10,32,4000,0.5092,103870.8982,27376.1673,0.5026,0.987
8564,103870.8982,keygen_C,50,2,16,15,32,5808,0.7393,103870.8982,27376.8583,0.5555,0.7513
8565,103870.8982,keygen_C,50,2,17,14,32,5792,0.7373,103870.8982,27376.526,0.555,0.7528
8566,103870.8982,keygen_C,50,2,15,16,32,5792,0.7373,103870.8982,27377.4787,0.555,0.7528
8567,103870.8982,keygen_C,50,2,12,10,32,3824,0.4868,103870.8982,27376.166,0.4974,1.022
8568,103870.8982,keygen_C,50,2,11,11,32,3824,0.4868,103870.8982,27376.1798,0.4974,1.022
8569,103870.8982,keygen_C,50,2,16,12,32,5040,0.6415,103870.8982,27376.238,0.5332,0.8311
8570,103870.8982,keygen_C,50,2,18,18,32,7184,0.9145,103870.8982,27382.5302,0.5954,0.6511
8571,103870.8982,keygen_C,50,2,19,17,32,7184,0.9145,103870.8982,27379.517,0.5958,0.6516
8572,103870.8982,keygen_C,50,2,8,16,32,3888,0.4949,103870.8982,27376.8583,0.4988,1.0079
8573,103870.8982,keygen_C,50,2,13,15,32,5040,0.6415,103870.8982,27376.7254,0.5327,0.8304
8574,103870.8982,keygen_C,50,2,19,18,32,7488,0.9532,103870.8982,27382.8847,0.6046,0.6344
8575,103870.8982,keygen_C,50,2,20,12,32,5872,0.7475,103870.8982,27376.2601,0.5578,0.7462
8576,103870.8982,keygen_C,50,2,22,11,32,5936,0.7556,103870.8982,27376.2103,0.5596,0.7406
8577,103870.8982,keygen_C,50,2,9,18,32,4448,0.5662,103870.8982,27379.3398,0.5151,0.9097
8578,103870.8982,keygen_C,50,2,19,8,32,4448,0.5662,103870.8982,27376.1559,0.5165,0.9122
8579,103870.8982,keygen_C,50,2,20,14,32,6512,0.8289,103870.8982,27376.5924,0.5763,0.6953
8580,103870.8982,keygen_C,50,2,15,19,32,6512,0.8289,103870.8982,27386.7841,0.5759,0.6947
8581,103870.8982,keygen_C,50,2,12,17,32,5168,0.6578,103870.8982,27378.2763,0.5364,0.8154
8582,103870.8982,keygen_C,50,2,15,20,32,6752,0.8595,103870.8982,27397.4188,0.5828,0.6781
8583,103870.8982,keygen_C,50,2,21,14,32,6752,0.8595,103870.8982,27376.6146,0.5833,0.6787
8584,103870.8982,keygen_C,50,2,18,11,32,5168,0.6578,103870.8982,27376.1992,0.5369,0.8161
8585,103870.8982,keygen_C,50,2,17,9,32,4432,0.5642,103870.8982,27376.1611,0.5155,0.9138
8586,103870.8982,keygen_C,50,2,10,16,32,4432,0.5642,103870.8982,27377.0356,0.5146,0.9122
8587,103870.8982,keygen_C,50,2,24,8,32,5168,0.6578,103870.8982,27376.1576,0.5378,0.8176
8588,103870.8982,keygen_C,50,2,23,12,32,6496,0.8269,103870.8982,27376.2767,0.5763,0.697
8589,103870.8982,keygen_C,50,2,14,18,32,5968,0.7597,103870.8982,27381.1122,0.5596,0.7367
8590,103870.8982,keygen_C,50,2,19,13,32,5968,0.7597,103870.8982,27376.3598,0.5606,0.7379
8591,103870.8982,keygen_C,50,2,21,17,32,7760,0.9878,103870.8982,27379.8715,0.6125,0.6201
8592,103870.8982,keygen_C,50,2,13,12,32,4416,0.5621,103870.8982,27376.2213,0.5146,0.9155
8593,103870.8982,keygen_C,50,2,18,20,32,7760,0.9878,103870.8982,27401.6727,0.6121,0.6196
8594,103870.8982,keygen_C,50,2,17,19,32,7152,0.9104,103870.8982,27388.202,0.5944,0.6529
8595,103870.8982,keygen_C,50,2,7,19,32,3952,0.5031,103870.8982,27381.1122,0.5007,0.9953
8596,103870.8982,keygen_C,50,2,10,13,32,3952,0.5031,103870.8982,27376.2601,0.5007,0.9953
8597,103870.8982,keygen_C,50,2,14,9,32,3952,0.5031,103870.8982,27376.159,0.5012,0.9962
8598,103870.8982,keygen_C,50,2,20,16,32,7152,0.9104,103870.8982,27377.9218,0.5949,0.6535
8599,103870.8982,keygen_C,50,2,8,15,32,3760,0.4786,103870.8982,27376.5038,0.4951,1.0345
8600,103870.8982,keygen_C,50,2,14,11,32,4400,0.5601,103870.8982,27376.1881,0.5142,0.918
8601,103870.8982,keygen_C,50,2,12,13,32,4400,0.5601,103870.8982,27376.2823,0.5142,0.918
8602,103870.8982,keygen_C,50,2,8,20,32,4400,0.5601,103870.8982,27387.493,0.5137,0.9172
8603,103870.8982,keygen_C,50,2,13,19,32,5872,0.7475,103870.8982,27385.3661,0.5568,0.745
8604,103870.8982,keygen_C,50,2,8,17,32,4016,0.5112,103870.8982,27377.5673,0.5026,0.9831
8605,103870.8982,keygen_C,50,2,11,18,32,5056,0.6436,103870.8982,27380.0487,0.5332,0.8285
8606,103870.8982,keygen_C,50,2,9,19,32,4592,0.5845,103870.8982,27382.5302,0.5193,0.8883
8607,103870.8982,keygen_C,50,2,16,16,32,6064,0.7719,103870.8982,27377.5673,0.5629,0.7292
8608,103870.8982,keygen_C,50,2,10,17,32,4592,0.5845,103870.8982,27377.9218,0.5193,0.8883
8609,103870.8982,keygen_C,50,2,18,13,32,5744,0.7312,103870.8982,27376.3487,0.5536,0.7571
8610,103870.8982,keygen_C,50,2,20,10,32,5232,0.666,103870.8982,27376.177,0.5392,0.8096
8611,103870.8982,keygen_C,50,2,15,17,32,6032,0.7678,103870.8982,27378.808,0.5619,0.7319
8612,103870.8982,keygen_C,50,2,11,19,32,5232,0.666,103870.8982,27383.9481,0.5383,0.8082
8613,103870.8982,keygen_C,50,2,18,14,32,6032,0.7678,103870.8982,27376.5481,0.5619,0.7319
8614,103870.8982,keygen_C,50,2,12,14,32,4592,0.5845,103870.8982,27376.4152,0.5197,0.8891
8615,103870.8982,keygen_C,50,2,15,11,32,4592,0.5845,103870.8982,27376.1909,0.5202,0.8899
8616,103870.8982,keygen_C,50,2,18,9,32,4592,0.5845,103870.8982,27376.1618,0.5202,0.8899
8617,103870.8982,keygen_C,50,2,20,8,32,4592,0.5845,103870.8982,27376.1563,0.5206,0.8907
8618,103870.8982,keygen_C,50,2,23,8,32,5024,0.6395,103870.8982,27376.1573,0.5336,0.8345
8619,103870.8982,keygen_C,50,2,7,17,32,3728,0.4745,103870.8982,27377.3901,0.4942,1.0414
8620,103870.8982,keygen_C,50,2,14,17,32,5744,0.7312,103870.8982,27378.6308,0.5531,0.7565
8621,103870.8982,keygen_C,50,2,14,12,32,4624,0.5886,103870.8982,27376.2269,0.5206,0.8846
8622,103870.8982,keygen_C,50,2,17,15,32,6064,0.7719,103870.8982,27376.9026,0.5629,0.7292
8623,103870.8982,keygen_C,50,2,20,15,32,6832,0.8697,103870.8982,27377.0356,0.5856,0.6734
8624,103870.8982,keygen_C,50,2,16,19,32,6832,0.8697,103870.8982,27387.493,0.5852,0.6729
8625,103870.8982,keygen_C,50,2,23,10,32,5760,0.7332,103870.8982,27376.1812,0.555,0.7569
8626,103870.8982,keygen_C,50,2,9,15,32,4016,0.5112,103870.8982,27376.5481,0.5026,0.9831
8627,103870.8982,keygen_C,50,2,21,11,32,5744,0.7312,103870.8982,27376.2075,0.5541,0.7578
8628,103870.8982,keygen_C,50,2,21,16,32,7424,0.945,103870.8982,27378.0104,0.6028,0.6379
8629,103870.8982,keygen_C,50,2,12,11,32,4016,0.5112,103870.8982,27376.1826,0.503,0.984
8630,103870.8982,keygen_C,50,2,13,20,32,6080,0.7739,103870.8982,27394.5829,0.5629,0.7273
8631,103870.8982,keygen_C,50,2,12,20,32,5744,0.7312,103870.8982,27393.1649,0.5531,0.7565
8632,103870.8982,keygen_C,50,2,24,12,32,6704,0.8534,103870.8982,27376.2823,0.5824,0.6824
8633,103870.8982,keygen_C,50,2,15,10,32,4352,0.554,103870.8982,27376.1701,0.5132,0.9264
8634,103870.8982,keygen_C,50,2,17,20,32,7424,0.945,103870.8982,27400.2547,0.6023,0.6374
8635,103870.8982,keygen_C,50,2,17,12,32,5248,0.668,103870.8982,27376.2435,0.5392,0.8072
8636,103870.8982,keygen_C,50,2,11,14,32,4352,0.554,103870.8982,27376.3931,0.5128,0.9256
8637,103870.8982,keygen_C,50,2,13,13,32,4624,0.5886,103870.8982,27376.2934,0.5206,0.8846
8638,103870.8982,keygen_C,50,2,16,8,32,4016,0.5112,103870.8982,27376.1549,0.5035,0.9849
8639,103870.8982,keygen_C,50,2,6,20,32,3728,0.4745,103870.8982,27384.6571,0.4937,1.0404
8640,103870.8982,keygen_C,50,2,22,9,32,5232,0.666,103870.8982,27376.1646,0.5392,0.8096
8641,103870.8982,keygen_C,50,2,13,16,32,5248,0.668,103870.8982,27377.3014,0.5387,0.8065
8642,132392.3548,keygen_C,46,2,15,20,256,6368,0.8106,132392.3548,34914.5162,2.3053,2.844
8643,132392.3548,keygen_C,46,2,24,9,256,5168,0.6578,132392.3548,34893.2633,2.2715,3.4529
8644,132392.3548,keygen_C,46,2,16,14,256,5168,0.6578,132392.3548,34893.6012,2.2705,3.4515
8645,132392.3548,keygen_C,46,2,20,11,256,5168,0.6578,132392.3548,34893.3021,2.271,3.4522
8646,132392.3548,keygen_C,46,2,19,11,256,4976,0.6334,132392.3548,34893.2993,2.2654,3.5766
8647,132392.3548,keygen_C,46,2,12,18,256,4976,0.6334,132392.3548,34897.5006,2.2645,3.5751
8648,132392.3548,keygen_C,46,2,15,9,256,3728,0.4745,132392.3548,34893.2571,2.2288,4.6967
8649,132392.3548,keygen_C,46,2,15,15,256,5168,0.6578,132392.3548,34893.9114,2.2705,3.4515
8650,132392.3548,keygen_C,46,2,12,19,256,5168,0.6578,132392.3548,34901.7545,2.2701,3.4508
8651,132392.3548,keygen_C,46,2,13,12,256,4032,0.5132,132392.3548,34893.3187,2.2371,4.3588
8652,132392.3548,keygen_C,46,2,20,10,256,4848,0.6171,132392.3548,34893.2744,2.2617,3.665
8653,132392.3548,keygen_C,46,2,16,9,256,3888,0.4949,132392.3548,34893.2578,2.2334,4.5128
8654,132392.3548,keygen_C,46,2,18,17,256,6512,0.8289,132392.3548,34896.4371,2.3095,2.7862
8655,132392.3548,keygen_C,46,2,21,18,256,7712,0.9817,132392.3548,34900.691,2.3448,2.3886
8656,132392.3548,keygen_C,46,2,19,20,256,7712,0.9817,132392.3548,34920.188,2.3448,2.3886
8657,132392.3548,keygen_C,46,2,9,14,256,3488,0.444,132392.3548,34893.4461,2.2209,5.0021
8658,132392.3548,keygen_C,46,2,14,16,256,5136,0.6538,132392.3548,34894.4874,2.2691,3.4709
8659,132392.3548,keygen_C,46,2,17,13,256,5136,0.6538,132392.3548,34893.435,2.2696,3.4716
8660,132392.3548,keygen_C,46,2,10,15,256,3888,0.4949,132392.3548,34893.6898,2.2325,4.5109
8661,132392.3548,keygen_C,46,2,22,9,256,4848,0.6171,132392.3548,34893.2619,2.2617,3.665
8662,132392.3548,keygen_C,46,2,23,9,256,5008,0.6375,132392.3548,34893.2626,2.2668,3.5559
8663,132392.3548,keygen_C,46,2,22,14,256,6608,0.8411,132392.3548,34893.7341,2.3128,2.7496
8664,132392.3548,keygen_C,46,2,11,19,256,4848,0.6171,132392.3548,34901.0455,2.2608,3.6635
8665,132392.3548,keygen_C,46,2,10,16,256,4048,0.5153,132392.3548,34894.1329,2.2371,4.3416
8666,132392.3548,keygen_C,46,2,10,14,256,3728,0.4745,132392.3548,34893.4683,2.2278,4.6947
8667,132392.3548,keygen_C,46,2,18,8,256,3920,0.499,132392.3548,34893.2529,2.2343,4.4778
8668,132392.3548,keygen_C,46,2,19,16,256,6496,0.8269,132392.3548,34894.9305,2.3095,2.793
8669,132392.3548,keygen_C,46,2,17,9,256,4048,0.5153,132392.3548,34893.2585,2.2381,4.3434
8670,132392.3548,keygen_C,46,2,17,18,256,6496,0.8269,132392.3548,34899.273,2.309,2.7925
8671,132392.3548,keygen_C,46,2,9,17,256,3920,0.499,132392.3548,34894.8419,2.2334,4.4759
8672,132392.3548,keygen_C,46,2,23,13,256,6480,0.8248,132392.3548,34893.5015,2.3095,2.7999
8673,132392.3548,keygen_C,46,2,19,8,256,4064,0.5173,132392.3548,34893.2533,2.239,4.3281
8674,132392.3548,keygen_C,46,2,7,18,256,3456,0.4399,132392.3548,34895.7281,2.22,5.0463
8675,132392.3548,keygen_C,46,2,15,10,256,3968,0.5051,132392.3548,34893.2675,2.2357,4.4264
8676,132392.3548,keygen_C,46,2,12,13,256,4016,0.5112,132392.3548,34893.3796,2.2367,4.3753
8677,132392.3548,keygen_C,46,2,21,16,256,7040,0.8961,132392.3548,34895.1078,2.3253,2.5948
8678,132392.3548,keygen_C,46,2,17,20,256,7040,0.8961,132392.3548,34917.3521,2.3248,2.5943
8679,132392.3548,keygen_C,46,2,8,18,256,3760,0.4786,132392.3548,34896.0826,2.2288,4.6567
8680,132392.3548,keygen_C,46,2,24,12,256,6320,0.8045,132392.3548,34893.3796,2.3049,2.865
8681,132392.3548,keygen_C,46,2,8,16,256,3504,0.446,132392.3548,34893.9557,2.2213,4.9803
8682,132392.3548,keygen_C,46,2,21,11,256,5360,0.6823,132392.3548,34893.3049,2.2766,3.3367
8683,132392.3548,keygen_C,46,2,18,13,256,5360,0.6823,132392.3548,34893.4461,2.2761,3.336
8684,132392.3548,keygen_C,46,2,23,10,256,5376,0.6843,132392.3548,34893.2785,2.2775,3.3281
8685,132392.3548,keygen_C,46,2,20,15,256,6448,0.8208,132392.3548,34894.1329,2.3081,2.8121
8686,132392.3548,keygen_C,46,2,14,17,256,5360,0.6823,132392.3548,34895.7281,2.2756,3.3353
8687,132392.3548,keygen_C,46,2,12,20,256,5360,0.6823,132392.3548,34910.2623,2.2756,3.3353
8688,132392.3548,keygen_C,46,2,16,19,256,6448,0.8208,132392.3548,34904.5904,2.3077,2.8116
8689,132392.3548,keygen_C,46,2,20,19,256,7728,0.9837,132392.3548,34907.4263,2.3452,2.3841
8690,132392.3548,keygen_C,46,2,14,15,256,4912,0.6253,132392.3548,34893.8671,2.2626,3.6188
8691,132392.3548,keygen_C,46,2,16,13,256,4912,0.6253,132392.3548,34893.4239,2.2631,3.6195
8692,132392.3548,keygen_C,46,2,17,8,256,3776,0.4807,132392.3548,34893.2526,2.2302,4.6399
8693,132392.3548,keygen_C,46,2,9,16,256,3776,0.4807,132392.3548,34894.0443,2.2292,4.6379
8694,132392.3548,keygen_C,46,2,15,14,256,4928,0.6273,132392.3548,34893.579,2.2636,3.6085
8695,132392.3548,keygen_C,46,2,8,20,256,4016,0.5112,132392.3548,34904.5904,2.2362,4.3744
8696,132392.3548,keygen_C,46,2,16,10,256,4144,0.5275,132392.3548,34893.2689,2.2408,4.2481
8697,132392.3548,keygen_C,46,2,11,14,256,3968,0.5051,132392.3548,34893.4904,2.2353,4.4255
8698,132392.3548,keygen_C,46,2,21,10,256,5024,0.6395,132392.3548,34893.2758,2.2668,3.5446
8699,132392.3548,keygen_C,46,2,11,15,256,4144,0.5275,132392.3548,34893.7341,2.2404,4.2472
8700,132392.3548,keygen_C,46,2,13,18,256,5280,0.6721,132392.3548,34897.8551,2.2733,3.3824
8701,132392.3548,keygen_C,46,2,16,15,256,5424,0.6904,132392.3548,34893.9557,2.278,3.2993
8702,132392.3548,keygen_C,46,2,22,17,256,7664,0.9756,132392.3548,34897.1461,2.3434,2.4021
8703,132392.3548,keygen_C,46,2,9,18,256,4064,0.5173,132392.3548,34896.4371,2.2376,4.3254
8704,132392.3548,keygen_C,46,2,13,16,256,4864,0.6191,132392.3548,34894.3988,2.2613,3.6522
8705,132392.3548,keygen_C,46,2,17,12,256,4864,0.6191,132392.3548,34893.3409,2.2617,3.653
8706,132392.3548,keygen_C,46,2,21,14,256,6368,0.8106,132392.3548,34893.712,2.3058,2.8446
8707,132392.3548,keygen_C,46,2,19,18,256,7104,0.9043,132392.3548,34899.982,2.3271,2.5735
8708,132392.3548,keygen_C,46,2,14,11,256,4016,0.5112,132392.3548,34893.2855,2.2367,4.3753
8709,132392.3548,keygen_C,46,2,18,12,256,5072,0.6456,132392.3548,34893.3464,2.2677,3.5125
8710,132392.3548,keygen_C,46,2,17,14,256,5408,0.6884,132392.3548,34893.6233,2.2775,3.3084
8711,132392.3548,keygen_C,46,2,15,16,256,5408,0.6884,132392.3548,34894.576,2.2775,3.3084
8712,132392.3548,keygen_C,46,2,19,12,256,5280,0.6721,132392.3548,34893.3519,2.2742,3.3838
8713,132392.3548,keygen_C,46,2,24,14,256,7088,0.9022,132392.3548,34893.7784,2.3271,2.5793
8714,132392.3548,keygen_C,46,2,23,15,256,7216,0.9185,132392.3548,34894.2659,2.3309,2.5376
8715,132392.3548,keygen_C,46,2,20,17,256,7088,0.9022,132392.3548,34896.7916,2.3267,2.5788
8716,132392.3548,keygen_C,46,2,18,19,256,7088,0.9022,132392.3548,34906.0084,2.3262,2.5783
8717,132392.3548,keygen_C,46,2,22,10,256,5200,0.6619,132392.3548,34893.2772,2.2719,3.4324
8718,132392.3548,keygen_C,46,2,11,20,256,5024,0.6395,132392.3548,34908.8443,2.2659,3.5432
8719,132392.3548,keygen_C,46,2,13,17,256,5072,0.6456,132392.3548,34895.5509,2.2673,3.5118
8720,132392.3548,keygen_C,46,2,22,15,256,6960,0.8859,132392.3548,34894.2215,2.323,2.622
8721,132392.3548,keygen_C,46,2,13,11,256,3824,0.4868,132392.3548,34893.2827,2.2311,4.5835
8722,132392.3548,keygen_C,46,2,8,19,256,3888,0.4949,132392.3548,34898.9186,2.2325,4.5109
8723,132392.3548,keygen_C,46,2,10,13,256,3568,0.4542,132392.3548,34893.3575,2.2232,4.895
8724,132392.3548,keygen_C,46,2,20,13,256,5808,0.7393,132392.3548,34893.4683,2.2896,3.0969
8725,132392.3548,keygen_C,46,2,15,19,256,6128,0.78,132392.3548,34903.8814,2.2984,2.9465
8726,132392.3548,keygen_C,46,2,20,14,256,6128,0.78,132392.3548,34893.6898,2.2988,2.9471
8727,132392.3548,keygen_C,46,2,21,17,256,7376,0.9389,132392.3548,34896.9689,2.335,2.487
8728,132392.3548,keygen_C,46,2,13,10,256,3616,0.4603,132392.3548,34893.2647,2.2251,4.8341
8729,132392.3548,keygen_C,46,2,10,18,256,4368,0.556,132392.3548,34896.7916,2.2464,4.0402
8730,132392.3548,keygen_C,46,2,19,9,256,4368,0.556,132392.3548,34893.2599,2.2478,4.0427
8731,132392.3548,keygen_C,46,2,18,20,256,7376,0.9389,132392.3548,34918.77,2.3346,2.4865
8732,132392.3548,keygen_C,46,2,10,20,256,4688,0.5967,132392.3548,34907.4263,2.2557,3.78
8733,132392.3548,keygen_C,46,2,14,14,256,4688,0.5967,132392.3548,34893.5569,2.2561,3.7808
8734,132392.3548,keygen_C,46,2,15,13,256,4688,0.5967,132392.3548,34893.4129,2.2566,3.7816
8735,132392.3548,keygen_C,46,2,21,9,256,4688,0.5967,132392.3548,34893.2612,2.2571,3.7823
8736,132392.3548,keygen_C,46,2,18,14,256,5648,0.7189,132392.3548,34893.6455,2.2845,3.1775
8737,132392.3548,keygen_C,46,2,15,17,256,5648,0.7189,132392.3548,34895.9054,2.2845,3.1775
8738,132392.3548,keygen_C,46,2,20,9,256,4528,0.5764,132392.3548,34893.2605,2.2524,3.9079
8739,132392.3548,keygen_C,46,2,10,19,256,4528,0.5764,132392.3548,34900.3365,2.251,3.9055
8740,132392.3548,keygen_C,46,2,24,15,256,7472,0.9511,132392.3548,34894.3102,2.3383,2.4585
8741,132392.3548,keygen_C,46,2,17,10,256,4320,0.5499,132392.3548,34893.2702,2.2459,4.0843
8742,132392.3548,keygen_C,46,2,22,8,256,4496,0.5723,132392.3548,34893.2543,2.2515,3.9341
8743,132392.3548,keygen_C,46,2,18,10,256,4496,0.5723,132392.3548,34893.2716,2.251,3.9333
8744,132392.3548,keygen_C,46,2,11,17,256,4496,0.5723,132392.3548,34895.1964,2.2506,3.9325
8745,132392.3548,keygen_C,46,2,11,12,256,3616,0.4603,132392.3548,34893.3076,2.2251,4.8341
8746,132392.3548,keygen_C,46,2,14,12,256,4240,0.5397,132392.3548,34893.3242,2.2432,4.1562
8747,132392.3548,keygen_C,46,2,13,13,256,4240,0.5397,132392.3548,34893.3907,2.2432,4.1562
8748,132392.3548,keygen_C,46,2,16,18,256,6192,0.7882,132392.3548,34898.9186,2.3002,2.9184
8749,132392.3548,keygen_C,46,2,19,15,256,6192,0.7882,132392.3548,34894.0886,2.3007,2.919
8750,132392.3548,keygen_C,46,2,14,19,256,5808,0.7393,132392.3548,34903.1724,2.2886,3.0956
8751,132392.3548,keygen_C,46,2,18,18,256,6800,0.8656,132392.3548,34899.6275,2.3179,2.6778
8752,132392.3548,keygen_C,46,2,19,17,256,6800,0.8656,132392.3548,34896.6144,2.3183,2.6784
8753,132392.3548,keygen_C,46,2,16,16,256,5680,0.723,132392.3548,34894.6647,2.2854,3.1609
8754,132392.3548,keygen_C,46,2,21,13,256,6032,0.7678,132392.3548,34893.4793,2.2961,2.9904
8755,132392.3548,keygen_C,46,2,14,20,256,6032,0.7678,132392.3548,34913.0982,2.2951,2.9891
8756,132392.3548,keygen_C,46,2,17,11,256,4592,0.5845,132392.3548,34893.2938,2.2538,3.8559
8757,132392.3548,keygen_C,46,2,12,16,256,4592,0.5845,132392.3548,34894.3102,2.2534,3.8551
8758,132392.3548,keygen_C,46,2,23,11,256,5744,0.7312,132392.3548,34893.3104,2.2882,3.1295
8759,132392.3548,keygen_C,46,2,12,11,256,3632,0.4623,132392.3548,34893.2799,2.2255,4.8138
8760,132392.3548,keygen_C,46,2,20,18,256,7408,0.943,132392.3548,34900.3365,2.336,2.4772
8761,132392.3548,keygen_C,46,2,19,19,256,7408,0.943,132392.3548,34906.7174,2.336,2.4772
8762,132392.3548,keygen_C,46,2,23,16,256,7584,0.9654,132392.3548,34895.285,2.3415,2.4255
8763,132392.3548,keygen_C,46,2,16,20,256,6704,0.8534,132392.3548,34915.9341,2.3151,2.7129
8764,132392.3548,keygen_C,46,2,9,15,256,3632,0.4623,132392.3548,34893.6455,2.2251,4.8128
8765,132392.3548,keygen_C,46,2,21,15,256,6704,0.8534,132392.3548,34894.1772,2.3155,2.7134
8766,132392.3548,keygen_C,46,2,24,13,256,6704,0.8534,132392.3548,34893.5126,2.316,2.714
8767,132392.3548,keygen_C,46,2,12,15,256,4400,0.5601,132392.3548,34893.7784,2.2478,4.0133
8768,132392.3548,keygen_C,46,2,9,20,256,4352,0.554,132392.3548,34906.0084,2.2459,4.0543
8769,132392.3548,keygen_C,46,2,7,20,256,3680,0.4684,132392.3548,34903.1724,2.2265,4.753
8770,132392.3548,keygen_C,46,2,21,8,256,4352,0.554,132392.3548,34893.254,2.2473,4.0568
8771,132392.3548,keygen_C,46,2,23,12,256,6112,0.778,132392.3548,34893.3741,2.2988,2.9548
8772,132392.3548,keygen_C,46,2,8,17,256,3632,0.4623,132392.3548,34894.6647,2.2251,4.8128
8773,132392.3548,keygen_C,46,2,7,19,256,3568,0.4542,132392.3548,34898.2096,2.2232,4.895
8774,132392.3548,keygen_C,46,2,13,15,256,4656,0.5927,132392.3548,34893.8227,2.2552,3.8052
8775,132392.3548,keygen_C,46,2,16,12,256,4656,0.5927,132392.3548,34893.3353,2.2557,3.806
8776,132392.3548,keygen_C,46,2,21,12,256,5696,0.7251,132392.3548,34893.363,2.2863,3.1533
8777,132392.3548,keygen_C,46,2,23,14,256,6848,0.8717,132392.3548,34893.7563,2.3202,2.6617
8778,132392.3548,keygen_C,46,2,13,20,256,5696,0.7251,132392.3548,34911.6802,2.2854,3.152
8779,132392.3548,keygen_C,46,2,11,18,256,4672,0.5947,132392.3548,34897.1461,2.2557,3.7929
8780,132392.3548,keygen_C,46,2,19,10,256,4672,0.5947,132392.3548,34893.273,2.2566,3.7945
8781,132392.3548,keygen_C,46,2,17,15,256,5680,0.723,132392.3548,34894.0,2.2854,3.1609
8782,132392.3548,keygen_C,46,2,23,8,256,4640,0.5906,132392.3548,34893.2547,2.2561,3.8199
8783,132392.3548,keygen_C,46,2,16,11,256,4400,0.5601,132392.3548,34893.291,2.2483,4.0142
8784,132392.3548,keygen_C,46,2,11,16,256,4320,0.5499,132392.3548,34894.2216,2.2455,4.0834
8785,132392.3548,keygen_C,46,2,22,12,256,5904,0.7515,132392.3548,34893.3686,2.2923,3.0502
8786,132392.3548,keygen_C,46,2,22,13,256,6256,0.7963,132392.3548,34893.4904,2.3026,2.8914
8787,132392.3548,keygen_C,46,2,12,17,256,4784,0.609,132392.3548,34895.3736,2.2589,3.7095
8788,132392.3548,keygen_C,46,2,14,13,256,4464,0.5682,132392.3548,34893.4018,2.2497,3.9591
8789,132392.3548,keygen_C,46,2,20,8,256,4208,0.5356,132392.3548,34893.2536,2.2432,4.1878
8790,132392.3548,keygen_C,46,2,17,16,256,5952,0.7576,132392.3548,34894.7533,2.2933,3.0269
8791,132392.3548,keygen_C,46,2,14,10,256,3792,0.4827,132392.3548,34893.2661,2.2302,4.6203
8792,132392.3548,keygen_C,46,2,11,13,256,3792,0.4827,132392.3548,34893.3686,2.2302,4.6203
8793,132392.3548,keygen_C,46,2,13,14,256,4448,0.5662,132392.3548,34893.5347,2.2492,3.9725
8794,132392.3548,keygen_C,46,2,19,13,256,5584,0.7108,132392.3548,34893.4572,2.2831,3.212
8795,132392.3548,keygen_C,46,2,14,18,256,5584,0.7108,132392.3548,34898.2096,2.2821,3.2107
8796,132392.3548,keygen_C,46,2,9,19,256,4208,0.5356,132392.3548,34899.6275,2.2418,4.1852
8797,132392.3548,keygen_C,46,2,10,17,256,4208,0.5356,132392.3548,34895.0192,2.2418,4.1852
8798,132392.3548,keygen_C,46,2,12,14,256,4208,0.5356,132392.3548,34893.5126,2.2422,4.1861
8799,132392.3548,keygen_C,46,2,15,12,256,4448,0.5662,132392.3548,34893.3298,2.2497,3.9733
8800,132392.3548,keygen_C,46,2,17,17,256,6224,0.7923,132392.3548,34896.2599,2.3012,2.9045
8801,132392.3548,keygen_C,46,2,18,16,256,6224,0.7923,132392.3548,34894.8419,2.3012,2.9045
8802,132392.3548,keygen_C,46,2,15,11,256,4208,0.5356,132392.3548,34893.2882,2.2427,4.1869
8803,132392.3548,keygen_C,46,2,24,10,256,5552,0.7067,132392.3548,34893.2799,2.2826,3.2298
8804,132392.3548,keygen_C,46,2,22,11,256,5552,0.7067,132392.3548,34893.3076,2.2821,3.2292
8805,132392.3548,keygen_C,46,2,24,11,256,5936,0.7556,132392.3548,34893.3132,2.2937,3.0356
8806,132392.3548,keygen_C,46,2,12,12,256,3824,0.4868,132392.3548,34893.3132,2.2311,4.5835
8807,132392.3548,keygen_C,46,2,18,9,256,4208,0.5356,132392.3548,34893.2592,2.2427,4.1869
8808,132392.3548,keygen_C,46,2,18,11,256,4784,0.609,132392.3548,34893.2965,2.2594,3.7102
8809,132392.3548,keygen_C,46,2,17,19,256,6768,0.8615,132392.3548,34905.2994,2.3169,2.6894
8810,132392.3548,keygen_C,46,2,20,16,256,6768,0.8615,132392.3548,34895.0192,2.3174,2.6899
8811,132392.3548,keygen_C,46,2,24,8,256,4784,0.609,132392.3548,34893.255,2.2603,3.7118
8812,132392.3548,keygen_C,46,2,15,18,256,5888,0.7495,132392.3548,34898.5641,2.2914,3.0573
8813,132392.3548,keygen_C,46,2,18,15,256,5936,0.7556,132392.3548,34894.0443,2.2928,3.0344
8814,132392.3548,keygen_C,46,2,22,16,256,7312,0.9308,132392.3548,34895.1964,2.3332,2.5068
8815,132392.3548,keygen_C,46,2,20,12,256,5488,0.6986,132392.3548,34893.3575,2.2803,3.2642
8816,132392.3548,keygen_C,46,2,13,19,256,5488,0.6986,132392.3548,34902.4635,2.2794,3.2629
8817,132392.3548,keygen_C,46,2,16,17,256,5936,0.7556,132392.3548,34896.0826,2.2928,3.0344
8818,132392.3548,keygen_C,46,2,19,14,256,5888,0.7495,132392.3548,34893.6677,2.2919,3.0579
8819,264784.7096,keygen_C,48,2,22,10,256,5232,0.666,264784.7096,69786.5239,2.2729,3.4128
8820,264784.7096,keygen_C,48,2,20,9,256,4560,0.5804,264784.7096,69786.5072,2.2534,3.8821
8821,264784.7096,keygen_C,48,2,15,10,256,4000,0.5092,264784.7096,69786.5142,2.2367,4.3928
8822,264784.7096,keygen_C,48,2,11,14,256,4000,0.5092,264784.7096,69786.7371,2.2362,4.3919
8823,264784.7096,keygen_C,48,2,18,19,256,7120,0.9063,264784.7096,69799.2551,2.3271,2.5677
8824,264784.7096,keygen_C,48,2,10,19,256,4560,0.5804,264784.7096,69793.5832,2.252,3.8797
8825,264784.7096,keygen_C,48,2,20,16,256,6800,0.8656,264784.7096,69788.2659,2.3183,2.6784
8826,264784.7096,keygen_C,48,2,23,9,256,5040,0.6415,264784.7096,69786.5093,2.2677,3.5348
8827,264784.7096,keygen_C,48,2,17,8,256,3808,0.4847,264784.7096,69786.4993,2.2311,4.6028
8828,264784.7096,keygen_C,48,2,11,13,256,3824,0.4868,264784.7096,69786.6153,2.2311,4.5835
8829,264784.7096,keygen_C,48,2,10,14,256,3760,0.4786,264784.7096,69786.715,2.2288,4.6567
8830,264784.7096,keygen_C,48,2,23,13,256,6512,0.8289,264784.7096,69786.7482,2.3104,2.7873
8831,264784.7096,keygen_C,48,2,16,11,256,4432,0.5642,264784.7096,69786.5377,2.2492,3.9868
8832,264784.7096,keygen_C,48,2,20,17,256,7120,0.9063,264784.7096,69790.0383,2.3276,2.5682
8833,264784.7096,keygen_C,48,2,23,11,256,5776,0.7352,264784.7096,69786.5571,2.2891,3.1134
8834,264784.7096,keygen_C,48,2,24,13,256,6736,0.8574,264784.7096,69786.7593,2.3169,2.7022
8835,264784.7096,keygen_C,48,2,19,19,256,7440,0.947,264784.7096,69799.9641,2.3369,2.4676
8836,264784.7096,keygen_C,48,2,24,14,256,7120,0.9063,264784.7096,69787.0251,2.3281,2.5687
8837,264784.7096,keygen_C,48,2,17,20,256,7072,0.9002,264784.7096,69810.5988,2.3258,2.5836
8838,264784.7096,keygen_C,48,2,20,18,256,7440,0.947,264784.7096,69793.5832,2.3369,2.4676
8839,264784.7096,keygen_C,48,2,21,15,256,6736,0.8574,264784.7096,69787.4239,2.3165,2.7016
8840,264784.7096,keygen_C,48,2,22,12,256,5936,0.7556,264784.7096,69786.6153,2.2933,3.035
8841,264784.7096,keygen_C,48,2,16,20,256,6736,0.8574,264784.7096,69809.1808,2.316,2.7011
8842,264784.7096,keygen_C,48,2,19,16,256,6528,0.831,264784.7096,69788.1772,2.3104,2.7805
8843,264784.7096,keygen_C,48,2,17,10,256,4352,0.554,264784.7096,69786.5169,2.2469,4.0559
8844,264784.7096,keygen_C,48,2,17,18,256,6528,0.831,264784.7096,69792.5197,2.31,2.7799
8845,264784.7096,keygen_C,48,2,11,16,256,4352,0.554,264784.7096,69787.4683,2.2464,4.0551
8846,264784.7096,keygen_C,48,2,12,15,256,4432,0.5642,264784.7096,69787.0251,2.2487,3.986
8847,264784.7096,keygen_C,48,2,14,16,256,5168,0.6578,264784.7096,69787.7341,2.2701,3.4508
8848,264784.7096,keygen_C,48,2,24,9,256,5200,0.6619,264784.7096,69786.51,2.2724,3.4331
8849,264784.7096,keygen_C,48,2,18,17,256,6544,0.833,264784.7096,69789.6838,2.3104,2.7737
8850,264784.7096,keygen_C,48,2,21,18,256,7744,0.9857,264784.7096,69793.9377,2.3457,2.3796
8851,264784.7096,keygen_C,48,2,14,13,256,4496,0.5723,264784.7096,69786.6485,2.2506,3.9325
8852,264784.7096,keygen_C,48,2,14,10,256,3824,0.4868,264784.7096,69786.5128,2.2311,4.5835
8853,264784.7096,keygen_C,48,2,13,14,256,4480,0.5703,264784.7096,69786.7814,2.2501,3.9457
8854,264784.7096,keygen_C,48,2,18,8,256,3952,0.5031,264784.7096,69786.4996,2.2353,4.4434
8855,264784.7096,keygen_C,48,2,9,17,256,3952,0.5031,264784.7096,69788.0886,2.2343,4.4415
8856,264784.7096,keygen_C,48,2,16,19,256,6480,0.8248,264784.7096,69797.8371,2.3086,2.7988
8857,264784.7096,keygen_C,48,2,20,15,256,6480,0.8248,264784.7096,69787.3796,2.309,2.7994
8858,264784.7096,keygen_C,48,2,15,12,256,4480,0.5703,264784.7096,69786.5765,2.2506,3.9466
8859,264784.7096,keygen_C,48,2,14,9,256,3600,0.4582,264784.7096,69786.5031,2.2246,4.8546
8860,264784.7096,keygen_C,48,2,24,11,256,5968,0.7597,264784.7096,69786.5599,2.2947,3.0206
8861,264784.7096,keygen_C,48,2,18,15,256,5968,0.7597,264784.7096,69787.291,2.2937,3.0194
8862,264784.7096,keygen_C,48,2,18,12,256,5104,0.6497,264784.7096,69786.5931,2.2687,3.4919
8863,264784.7096,keygen_C,48,2,10,13,256,3600,0.4582,264784.7096,69786.6042,2.2241,4.8535
8864,264784.7096,keygen_C,48,2,13,17,256,5104,0.6497,264784.7096,69788.7976,2.2682,3.4912
8865,264784.7096,keygen_C,48,2,16,17,256,5968,0.7597,264784.7096,69789.3293,2.2937,3.0194
8866,264784.7096,keygen_C,48,2,7,19,256,3600,0.4582,264784.7096,69791.4563,2.2241,4.8535
8867,264784.7096,keygen_C,48,2,10,18,256,4400,0.5601,264784.7096,69790.0383,2.2473,4.0125
8868,264784.7096,keygen_C,48,2,17,13,256,5168,0.6578,264784.7096,69786.6817,2.2705,3.4515
8869,264784.7096,keygen_C,48,2,19,20,256,7744,0.9857,264784.7096,69813.4347,2.3457,2.3796
8870,264784.7096,keygen_C,48,2,20,13,256,5840,0.7434,264784.7096,69786.715,2.2905,3.0812
8871,264784.7096,keygen_C,48,2,14,19,256,5840,0.7434,264784.7096,69796.4191,2.2896,3.0799
8872,264784.7096,keygen_C,48,2,21,8,256,4384,0.558,264784.7096,69786.5007,2.2483,4.0288
8873,264784.7096,keygen_C,48,2,21,16,256,7072,0.9002,264784.7096,69788.3545,2.3262,2.5841
8874,264784.7096,keygen_C,48,2,11,20,256,5056,0.6436,264784.7096,69802.091,2.2668,3.5222
8875,264784.7096,keygen_C,48,2,21,10,256,5056,0.6436,264784.7096,69786.5225,2.2677,3.5236
8876,264784.7096,keygen_C,48,2,19,9,256,4400,0.5601,264784.7096,69786.5066,2.2487,4.015
8877,264784.7096,keygen_C,48,2,19,18,256,7136,0.9084,264784.7096,69793.2287,2.3281,2.563
8878,264784.7096,keygen_C,48,2,20,19,256,7760,0.9878,264784.7096,69800.673,2.3462,2.3752
8879,264784.7096,keygen_C,48,2,20,11,256,5200,0.6619,264784.7096,69786.5488,2.2719,3.4324
8880,264784.7096,keygen_C,48,2,16,14,256,5200,0.6619,264784.7096,69786.8479,2.2715,3.4317
8881,264784.7096,keygen_C,48,2,19,14,256,5920,0.7536,264784.7096,69786.9144,2.2928,3.0426
8882,264784.7096,keygen_C,48,2,17,19,256,6800,0.8656,264784.7096,69798.5461,2.3179,2.6778
8883,264784.7096,keygen_C,48,2,15,18,256,5920,0.7536,264784.7096,69791.8108,2.2923,3.042
8884,264784.7096,keygen_C,48,2,24,15,256,7504,0.9552,264784.7096,69787.5569,2.3392,2.4489
8885,264784.7096,keygen_C,48,2,12,19,256,5200,0.6619,264784.7096,69795.0012,2.271,3.431
8886,264784.7096,keygen_C,48,2,22,8,256,4528,0.5764,264784.7096,69786.501,2.2524,3.9079
8887,264784.7096,keygen_C,48,2,8,19,256,3920,0.499,264784.7096,69792.1653,2.2334,4.4759
8888,264784.7096,keygen_C,48,2,10,15,256,3920,0.499,264784.7096,69786.9365,2.2334,4.4759
8889,264784.7096,keygen_C,48,2,18,10,256,4528,0.5764,264784.7096,69786.5183,2.252,3.9071
8890,264784.7096,keygen_C,48,2,11,17,256,4528,0.5764,264784.7096,69788.4431,2.2515,3.9063
8891,264784.7096,keygen_C,48,2,16,9,256,3920,0.499,264784.7096,69786.5045,2.2343,4.4778
8892,264784.7096,keygen_C,48,2,9,20,256,4384,0.558,264784.7096,69799.2551,2.2469,4.0263
8893,264784.7096,keygen_C,48,2,15,15,256,5200,0.6619,264784.7096,69787.1581,2.2715,3.4317
8894,264784.7096,keygen_C,48,2,17,16,256,5984,0.7617,264784.7096,69788.0,2.2942,3.0119
8895,264784.7096,keygen_C,48,2,17,15,256,5712,0.7271,264784.7096,69787.2467,2.2863,3.1445
8896,264784.7096,keygen_C,48,2,7,20,256,3712,0.4725,264784.7096,69796.4191,2.2274,4.714
8897,264784.7096,keygen_C,48,2,15,16,256,5440,0.6925,264784.7096,69787.8227,2.2784,3.2903
8898,264784.7096,keygen_C,48,2,14,18,256,5616,0.7149,264784.7096,69791.4563,2.2831,3.1937
8899,264784.7096,keygen_C,48,2,19,13,256,5616,0.7149,264784.7096,69786.7039,2.284,3.195
8900,264784.7096,keygen_C,48,2,9,15,256,3664,0.4664,264784.7096,69786.8922,2.226,4.7727
8901,264784.7096,keygen_C,48,2,23,16,256,7616,0.9695,264784.7096,69788.5317,2.3425,2.4163
8902,264784.7096,keygen_C,48,2,9,19,256,4240,0.5397,264784.7096,69792.8742,2.2427,4.1553
8903,264784.7096,keygen_C,48,2,10,17,256,4240,0.5397,264784.7096,69788.2659,2.2427,4.1553
8904,264784.7096,keygen_C,48,2,12,14,256,4240,0.5397,264784.7096,69786.7593,2.2432,4.1562
8905,264784.7096,keygen_C,48,2,15,11,256,4240,0.5397,264784.7096,69786.5349,2.2436,4.157
8906,264784.7096,keygen_C,48,2,18,9,256,4240,0.5397,264784.7096,69786.5059,2.2436,4.157
8907,264784.7096,keygen_C,48,2,8,16,256,3536,0.4501,264784.7096,69787.2024,2.2223,4.9373
8908,264784.7096,keygen_C,48,2,20,8,256,4240,0.5397,264784.7096,69786.5003,2.2441,4.1579
8909,264784.7096,keygen_C,48,2,23,14,256,6880,0.8758,264784.7096,69787.003,2.3211,2.6504
8910,264784.7096,keygen_C,48,2,21,12,256,5728,0.7291,264784.7096,69786.6097,2.2872,3.137
8911,264784.7096,keygen_C,48,2,20,14,256,6160,0.7841,264784.7096,69786.9365,2.2998,2.933
8912,264784.7096,keygen_C,48,2,15,19,256,6160,0.7841,264784.7096,69797.1281,2.2993,2.9324
8913,264784.7096,keygen_C,48,2,17,14,256,5440,0.6925,264784.7096,69786.87,2.2784,3.2903
8914,264784.7096,keygen_C,48,2,19,10,256,4704,0.5988,264784.7096,69786.5197,2.2575,3.7702
8915,264784.7096,keygen_C,48,2,11,18,256,4704,0.5988,264784.7096,69790.3928,2.2566,3.7687
8916,264784.7096,keygen_C,48,2,23,15,256,7248,0.9226,264784.7096,69787.5126,2.3318,2.5274
8917,264784.7096,keygen_C,48,2,24,12,256,6352,0.8086,264784.7096,69786.6263,2.3058,2.8518
8918,264784.7096,keygen_C,48,2,16,12,256,4688,0.5967,264784.7096,69786.582,2.2566,3.7816
8919,264784.7096,keygen_C,48,2,8,17,256,3664,0.4664,264784.7096,69787.9114,2.226,4.7727
8920,264784.7096,keygen_C,48,2,12,11,256,3664,0.4664,264784.7096,69786.5266,2.2265,4.7737
8921,264784.7096,keygen_C,48,2,13,11,256,3856,0.4908,264784.7096,69786.5294,2.232,4.5474
8922,264784.7096,keygen_C,48,2,10,20,256,4720,0.6008,264784.7096,69800.673,2.2566,3.7559
8923,264784.7096,keygen_C,48,2,22,16,256,7344,0.9348,264784.7096,69788.4431,2.3341,2.4968
8924,264784.7096,keygen_C,48,2,22,13,256,6288,0.8004,264784.7096,69786.7371,2.3035,2.8779
8925,264784.7096,keygen_C,48,2,22,11,256,5584,0.7108,264784.7096,69786.5543,2.2831,3.212
8926,264784.7096,keygen_C,48,2,8,18,256,3792,0.4827,264784.7096,69789.3293,2.2297,4.6193
8927,264784.7096,keygen_C,48,2,24,10,256,5584,0.7108,264784.7096,69786.5266,2.2835,3.2126
8928,264784.7096,keygen_C,48,2,23,10,256,5408,0.6884,264784.7096,69786.5252,2.2784,3.3098
8929,264784.7096,keygen_C,48,2,16,18,256,6224,0.7923,264784.7096,69792.1653,2.3012,2.9045
8930,264784.7096,keygen_C,48,2,22,14,256,6640,0.8452,264784.7096,69786.9808,2.3137,2.7374
8931,264784.7096,keygen_C,48,2,19,15,256,6224,0.7923,264784.7096,69787.3353,2.3016,2.9051
8932,264784.7096,keygen_C,48,2,11,19,256,4880,0.6212,264784.7096,69794.2922,2.2617,3.641
8933,264784.7096,keygen_C,48,2,12,12,256,3856,0.4908,264784.7096,69786.5599,2.232,4.5474
8934,264784.7096,keygen_C,48,2,20,10,256,4880,0.6212,264784.7096,69786.5211,2.2626,3.6425
8935,264784.7096,keygen_C,48,2,21,11,256,5392,0.6864,264784.7096,69786.5516,2.2775,3.3182
8936,264784.7096,keygen_C,48,2,18,13,256,5392,0.6864,264784.7096,69786.6928,2.277,3.3176
8937,264784.7096,keygen_C,48,2,14,17,256,5392,0.6864,264784.7096,69788.9748,2.2766,3.3169
8938,264784.7096,keygen_C,48,2,12,20,256,5392,0.6864,264784.7096,69803.509,2.2766,3.3169
8939,264784.7096,keygen_C,48,2,21,9,256,4720,0.6008,264784.7096,69786.5079,2.258,3.7582
8940,264784.7096,keygen_C,48,2,22,15,256,6992,0.89,264784.7096,69787.4682,2.3239,2.6111
8941,264784.7096,keygen_C,48,2,15,13,256,4720,0.6008,264784.7096,69786.6596,2.2575,3.7575
8942,264784.7096,keygen_C,48,2,14,14,256,4720,0.6008,264784.7096,69786.8036,2.2571,3.7567
8943,264784.7096,keygen_C,48,2,13,16,256,4896,0.6232,264784.7096,69787.6455,2.2622,3.6298
8944,264784.7096,keygen_C,48,2,17,12,256,4896,0.6232,264784.7096,69786.5876,2.2626,3.6306
8945,264784.7096,keygen_C,48,2,22,9,256,4880,0.6212,264784.7096,69786.5086,2.2626,3.6425
8946,264784.7096,keygen_C,48,2,23,12,256,6144,0.7821,264784.7096,69786.6208,2.2998,2.9406
8947,264784.7096,keygen_C,48,2,13,15,256,4688,0.5967,264784.7096,69787.0694,2.2561,3.7808
8948,264784.7096,keygen_C,48,2,9,18,256,4096,0.5214,264784.7096,69789.6838,2.2385,4.2934
8949,264784.7096,keygen_C,48,2,18,11,256,4816,0.613,264784.7096,69786.5433,2.2603,3.6871
8950,264784.7096,keygen_C,48,2,23,8,256,4672,0.5947,264784.7096,69786.5014,2.2571,3.7953
8951,264784.7096,keygen_C,48,2,9,16,256,3808,0.4847,264784.7096,69787.291,2.2302,4.6009
8952,264784.7096,keygen_C,48,2,14,11,256,4048,0.5153,264784.7096,69786.5322,2.2376,4.3425
8953,264784.7096,keygen_C,48,2,12,13,256,4048,0.5153,264784.7096,69786.6263,2.2376,4.3425
8954,264784.7096,keygen_C,48,2,8,20,256,4048,0.5153,264784.7096,69797.8371,2.2371,4.3416
8955,264784.7096,keygen_C,48,2,16,16,256,5712,0.7271,264784.7096,69787.9114,2.2863,3.1445
8956,264784.7096,keygen_C,48,2,16,15,256,5456,0.6945,264784.7096,69787.2024,2.2789,3.2813
8957,264784.7096,keygen_C,48,2,24,8,256,4816,0.613,264784.7096,69786.5017,2.2613,3.6886
8958,264784.7096,keygen_C,48,2,15,9,256,3760,0.4786,264784.7096,69786.5038,2.2297,4.6586
8959,264784.7096,keygen_C,48,2,19,8,256,4096,0.5214,264784.7096,69786.5,2.2399,4.2961
8960,264784.7096,keygen_C,48,2,17,11,256,4624,0.5886,264784.7096,69786.5405,2.2548,3.8307
8961,264784.7096,keygen_C,48,2,9,14,256,3520,0.4481,264784.7096,69786.6928,2.2218,4.9587
8962,264784.7096,keygen_C,48,2,19,17,256,6832,0.8697,264784.7096,69789.8611,2.3193,2.6669
8963,264784.7096,keygen_C,48,2,21,13,256,6064,0.7719,264784.7096,69786.726,2.297,2.9758
8964,264784.7096,keygen_C,48,2,14,20,256,6064,0.7719,264784.7096,69806.3449,2.2961,2.9746
8965,264784.7096,keygen_C,48,2,18,20,256,7408,0.943,264784.7096,69812.0167,2.3355,2.4767
8966,264784.7096,keygen_C,48,2,21,17,256,7408,0.943,264784.7096,69790.2156,2.336,2.4772
8967,264784.7096,keygen_C,48,2,18,18,256,6832,0.8697,264784.7096,69792.8742,2.3188,2.6663
8968,264784.7096,keygen_C,48,2,12,18,256,5008,0.6375,264784.7096,69790.7473,2.2654,3.5538
8969,264784.7096,keygen_C,48,2,13,20,256,5728,0.7291,264784.7096,69804.9269,2.2863,3.1357
8970,264784.7096,keygen_C,48,2,19,11,256,5008,0.6375,264784.7096,69786.546,2.2664,3.5552
8971,264784.7096,keygen_C,48,2,12,16,256,4624,0.5886,264784.7096,69787.5569,2.2543,3.83
8972,264784.7096,keygen_C,48,2,13,12,256,4064,0.5173,264784.7096,69786.5654,2.2381,4.3263
8973,264784.7096,keygen_C,48,2,18,14,256,5680,0.723,264784.7096,69786.8922,2.2854,3.1609
8974,264784.7096,keygen_C,48,2,21,14,256,6400,0.8147,264784.7096,69786.9587,2.3067,2.8315
8975,264784.7096,keygen_C,48,2,20,12,256,5520,0.7026,264784.7096,69786.6042,2.2812,3.2466
8976,264784.7096,keygen_C,48,2,19,12,256,5312,0.6762,264784.7096,69786.5986,2.2752,3.3648
8977,264784.7096,keygen_C,48,2,13,18,256,5312,0.6762,264784.7096,69791.1018,2.2742,3.3634
8978,264784.7096,keygen_C,48,2,13,19,256,5520,0.7026,264784.7096,69795.7102,2.2803,3.2453
8979,264784.7096,keygen_C,48,2,16,10,256,4176,0.5316,264784.7096,69786.5156,2.2418,4.2173
8980,264784.7096,keygen_C,48,2,13,13,256,4272,0.5438,264784.7096,69786.6374,2.2441,4.1268
8981,264784.7096,keygen_C,48,2,14,12,256,4272,0.5438,264784.7096,69786.5709,2.2441,4.1268
8982,264784.7096,keygen_C,48,2,11,15,256,4176,0.5316,264784.7096,69786.9808,2.2413,4.2164
8983,264784.7096,keygen_C,48,2,15,17,256,5680,0.723,264784.7096,69789.1521,2.2854,3.1609
8984,264784.7096,keygen_C,48,2,10,16,256,4080,0.5193,264784.7096,69787.3796,2.2381,4.3093
8985,264784.7096,keygen_C,48,2,17,9,256,4080,0.5193,264784.7096,69786.5052,2.239,4.3111
8986,264784.7096,keygen_C,48,2,14,15,256,4944,0.6293,264784.7096,69787.1138,2.2636,3.5968
8987,264784.7096,keygen_C,48,2,15,20,256,6400,0.8147,264784.7096,69807.7629,2.3063,2.8309
8988,264784.7096,keygen_C,48,2,15,14,256,4960,0.6314,264784.7096,69786.8257,2.2645,3.5867
8989,264784.7096,keygen_C,48,2,12,17,256,4816,0.613,264784.7096,69788.6203,2.2599,3.6864
8990,264784.7096,keygen_C,48,2,18,16,256,6256,0.7963,264784.7096,69788.0886,2.3021,2.8909
8991,264784.7096,keygen_C,48,2,11,12,256,3648,0.4644,264784.7096,69786.5543,2.226,4.7937
8992,264784.7096,keygen_C,48,2,13,10,256,3648,0.4644,264784.7096,69786.5114,2.226,4.7937
8993,264784.7096,keygen_C,48,2,16,8,256,3664,0.4664,264784.7096,69786.4989,2.2269,4.7747
8994,264784.7096,keygen_C,48,2,7,18,256,3488,0.444,264784.7096,69788.9748,2.2209,5.0021
8995,264784.7096,keygen_C,48,2,22,17,256,7696,0.9796,264784.7096,69790.3928,2.3443,2.3931
8996,264784.7096,keygen_C,48,2,16,13,256,4944,0.6293,264784.7096,69786.6706,2.264,3.5975
8997,264784.7096,keygen_C,48,2,17,17,256,6256,0.7963,264784.7096,69789.5066,2.3021,2.8909
8998,529569.4191,keygen_C,50,2,13,10,256,3680,0.4684,529569.4191,139573.0048,2.2269,4.754
8999,529569.4191,keygen_C,50,2,20,19,256,7792,0.9919,529569.4191,139587.1664,2.3471,2.3664
9000,529569.4191,keygen_C,50,2,8,17,256,3696,0.4705,529569.4191,139574.4048,2.2269,4.7334
9001,529569.4191,keygen_C,50,2,7,17,256,3408,0.4338,529569.4191,139574.2275,2.2186,5.1141
9002,529569.4191,keygen_C,50,2,11,12,256,3680,0.4684,529569.4191,139573.0477,2.2269,4.754
9003,529569.4191,keygen_C,50,2,9,14,256,3552,0.4521,529569.4191,139573.1862,2.2227,4.9161
9004,529569.4191,keygen_C,50,2,11,11,256,3504,0.446,529569.4191,139573.0173,2.2218,4.9813
9005,529569.4191,keygen_C,50,2,7,19,256,3632,0.4623,529569.4191,139577.9497,2.2251,4.8128
9006,529569.4191,keygen_C,50,2,10,12,256,3472,0.442,529569.4191,139573.0422,2.2204,5.0241
9007,529569.4191,keygen_C,50,2,8,15,256,3440,0.4379,529569.4191,139573.3413,2.2195,5.0687
9008,529569.4191,keygen_C,50,2,10,13,256,3632,0.4623,529569.4191,139573.0976,2.2251,4.8128
9009,529569.4191,keygen_C,50,2,14,9,256,3632,0.4623,529569.4191,139572.9965,2.2255,4.8138
9010,529569.4191,keygen_C,50,2,21,18,256,7776,0.9898,529569.4191,139580.4311,2.3466,2.3708
9011,529569.4191,keygen_C,50,2,9,16,256,3840,0.4888,529569.4191,139573.7844,2.2311,4.5644
9012,529569.4191,keygen_C,50,2,17,8,256,3840,0.4888,529569.4191,139572.9927,2.232,4.5663
9013,529569.4191,keygen_C,50,2,19,20,256,7776,0.9898,529569.4191,139599.9281,2.3466,2.3708
9014,529569.4191,keygen_C,50,2,8,16,256,3568,0.4542,529569.4191,139573.6958,2.2232,4.895
9015,529569.4191,keygen_C,50,2,14,10,256,3856,0.4908,529569.4191,139573.0062,2.232,4.5474
9016,529569.4191,keygen_C,50,2,11,13,256,3856,0.4908,529569.4191,139573.1087,2.232,4.5474
9017,529569.4191,keygen_C,50,2,16,8,256,3696,0.4705,529569.4191,139572.9923,2.2278,4.7354
9018,529569.4191,keygen_C,50,2,12,11,256,3696,0.4705,529569.4191,139573.02,2.2274,4.7344
9019,529569.4191,keygen_C,50,2,9,15,256,3696,0.4705,529569.4191,139573.3856,2.2269,4.7334
9020,529569.4191,keygen_C,50,2,15,9,256,3792,0.4827,529569.4191,139572.9972,2.2306,4.6213
9021,529569.4191,keygen_C,50,2,7,20,256,3744,0.4766,529569.4191,139582.9126,2.2283,4.6756
9022,529569.4191,keygen_C,50,2,8,18,256,3824,0.4868,529569.4191,139575.8227,2.2306,4.5826
9023,529569.4191,keygen_C,50,2,10,14,256,3792,0.4827,529569.4191,139573.2084,2.2297,4.6193
9024,529569.4191,keygen_C,50,2,12,10,256,3504,0.446,529569.4191,139573.0034,2.2218,4.9813
9025,529569.4191,keygen_C,50,2,7,18,256,3520,0.4481,529569.4191,139575.4682,2.2218,4.9587
9026,529569.4191,keygen_C,50,2,20,15,256,6512,0.8289,529569.4191,139573.873,2.31,2.7867
9027,529569.4191,keygen_C,50,2,13,11,256,3888,0.4949,529569.4191,139573.0228,2.2329,4.5118
9028,529569.4191,keygen_C,50,2,21,11,256,5424,0.6904,529569.4191,139573.045,2.2784,3.3
9029,529569.4191,keygen_C,50,2,23,10,256,5440,0.6925,529569.4191,139573.0187,2.2794,3.2917
9030,529569.4191,keygen_C,50,2,15,16,256,5472,0.6965,529569.4191,139574.3161,2.2794,3.2724
9031,529569.4191,keygen_C,50,2,17,14,256,5472,0.6965,529569.4191,139573.3635,2.2794,3.2724
9032,529569.4191,keygen_C,50,2,16,15,256,5488,0.6986,529569.4191,139573.6958,2.2798,3.2635
9033,529569.4191,keygen_C,50,2,13,19,256,5552,0.7067,529569.4191,139582.2036,2.2812,3.2279
9034,529569.4191,keygen_C,50,2,20,12,256,5552,0.7067,529569.4191,139573.0976,2.2821,3.2292
9035,529569.4191,keygen_C,50,2,23,14,256,6912,0.8798,529569.4191,139573.4964,2.322,2.6392
9036,529569.4191,keygen_C,50,2,22,11,256,5616,0.7149,529569.4191,139573.0477,2.284,3.195
9037,529569.4191,keygen_C,50,2,24,10,256,5616,0.7149,529569.4191,139573.02,2.2845,3.1956
9038,529569.4191,keygen_C,50,2,14,18,256,5648,0.7189,529569.4191,139577.9497,2.284,3.1769
9039,529569.4191,keygen_C,50,2,19,13,256,5648,0.7189,529569.4191,139573.1973,2.2849,3.1782
9040,529569.4191,keygen_C,50,2,19,17,256,6864,0.8737,529569.4191,139576.3545,2.3202,2.6555
9041,529569.4191,keygen_C,50,2,18,18,256,6864,0.8737,529569.4191,139579.3676,2.3197,2.655
9042,529569.4191,keygen_C,50,2,20,16,256,6832,0.8697,529569.4191,139574.7593,2.3193,2.6669
9043,529569.4191,keygen_C,50,2,18,13,256,5424,0.6904,529569.4191,139573.1862,2.278,3.2993
9044,529569.4191,keygen_C,50,2,14,17,256,5424,0.6904,529569.4191,139575.4682,2.2775,3.2987
9045,529569.4191,keygen_C,50,2,12,20,256,5424,0.6904,529569.4191,139590.0024,2.2775,3.2987
9046,529569.4191,keygen_C,50,2,19,12,256,5344,0.6802,529569.4191,139573.092,2.2761,3.346
9047,529569.4191,keygen_C,50,2,20,17,256,7152,0.9104,529569.4191,139576.5317,2.3285,2.5577
9048,529569.4191,keygen_C,50,2,18,19,256,7152,0.9104,529569.4191,139585.7485,2.3281,2.5572
9049,529569.4191,keygen_C,50,2,13,17,256,5136,0.6538,529569.4191,139575.291,2.2691,3.4709
9050,529569.4191,keygen_C,50,2,18,12,256,5136,0.6538,529569.4191,139573.0865,2.2696,3.4716
9051,529569.4191,keygen_C,50,2,21,16,256,7104,0.9043,529569.4191,139574.8479,2.3271,2.5735
9052,529569.4191,keygen_C,50,2,17,20,256,7104,0.9043,529569.4191,139597.0922,2.3267,2.573
9053,529569.4191,keygen_C,50,2,14,16,256,5200,0.6619,529569.4191,139574.2275,2.271,3.431
9054,529569.4191,keygen_C,50,2,17,19,256,6832,0.8697,529569.4191,139585.0395,2.3188,2.6663
9055,529569.4191,keygen_C,50,2,17,13,256,5200,0.6619,529569.4191,139573.1751,2.2715,3.4317
9056,529569.4191,keygen_C,50,2,15,15,256,5232,0.666,529569.4191,139573.6515,2.2724,3.4121
9057,529569.4191,keygen_C,50,2,16,14,256,5232,0.666,529569.4191,139573.3413,2.2724,3.4121
9058,529569.4191,keygen_C,50,2,20,11,256,5232,0.666,529569.4191,139573.0422,2.2729,3.4128
9059,529569.4191,keygen_C,50,2,24,9,256,5232,0.666,529569.4191,139573.0034,2.2733,3.4135
9060,529569.4191,keygen_C,50,2,22,10,256,5264,0.6701,529569.4191,139573.0173,2.2738,3.3934
9061,529569.4191,keygen_C,50,2,22,15,256,7024,0.8941,529569.4191,139573.9617,2.3248,2.6002
9062,529569.4191,keygen_C,50,2,13,18,256,5344,0.6802,529569.4191,139577.5952,2.2752,3.3446
9063,529569.4191,keygen_C,50,2,12,19,256,5232,0.666,529569.4191,139581.4946,2.2719,3.4114
9064,529569.4191,keygen_C,50,2,24,14,256,7152,0.9104,529569.4191,139573.5185,2.329,2.5583
9065,529569.4191,keygen_C,50,2,15,17,256,5712,0.7271,529569.4191,139575.6455,2.2863,3.1445
9066,529569.4191,keygen_C,50,2,16,16,256,5744,0.7312,529569.4191,139574.4048,2.2872,3.1282
9067,529569.4191,keygen_C,50,2,15,19,256,6192,0.7882,529569.4191,139583.6215,2.3002,2.9184
9068,529569.4191,keygen_C,50,2,20,14,256,6192,0.7882,529569.4191,139573.4299,2.3007,2.919
9069,529569.4191,keygen_C,50,2,16,18,256,6256,0.7963,529569.4191,139578.6587,2.3021,2.8909
9070,529569.4191,keygen_C,50,2,19,15,256,6256,0.7963,529569.4191,139573.8287,2.3026,2.8914
9071,529569.4191,keygen_C,50,2,17,17,256,6288,0.8004,529569.4191,139576.0,2.303,2.8773
9072,529569.4191,keygen_C,50,2,18,16,256,6288,0.8004,529569.4191,139574.582,2.303,2.8773
9073,529569.4191,keygen_C,50,2,22,13,256,6320,0.8045,529569.4191,139573.2305,2.3044,2.8645
9074,529569.4191,keygen_C,50,2,18,17,256,6576,0.8371,529569.4191,139576.1772,2.3114,2.7613
9075,529569.4191,keygen_C,50,2,24,12,256,6384,0.8126,529569.4191,139573.1197,2.3067,2.8386
9076,529569.4191,keygen_C,50,2,19,16,256,6560,0.835,529569.4191,139574.6706,2.3114,2.768
9077,529569.4191,keygen_C,50,2,17,18,256,6560,0.835,529569.4191,139579.0131,2.3109,2.7674
9078,529569.4191,keygen_C,50,2,15,20,256,6432,0.8187,529569.4191,139594.2563,2.3072,2.818
9079,529569.4191,keygen_C,50,2,21,14,256,6432,0.8187,529569.4191,139573.4521,2.3077,2.8186
9080,529569.4191,keygen_C,50,2,23,13,256,6544,0.833,529569.4191,139573.2416,2.3114,2.7748
9081,529569.4191,keygen_C,50,2,16,19,256,6512,0.8289,529569.4191,139584.3305,2.3095,2.7862
9082,529569.4191,keygen_C,50,2,23,12,256,6176,0.7862,529569.4191,139573.1142,2.3007,2.9265
9083,529569.4191,keygen_C,50,2,22,14,256,6672,0.8493,529569.4191,139573.4742,2.3146,2.7254
9084,529569.4191,keygen_C,50,2,21,13,256,6096,0.776,529569.4191,139573.2194,2.2979,2.9614
9085,529569.4191,keygen_C,50,2,14,20,256,6096,0.776,529569.4191,139592.8383,2.297,2.9602
9086,529569.4191,keygen_C,50,2,17,15,256,5744,0.7312,529569.4191,139573.7401,2.2872,3.1282
9087,529569.4191,keygen_C,50,2,13,20,256,5760,0.7332,529569.4191,139591.4203,2.2872,3.1195
9088,529569.4191,keygen_C,50,2,21,12,256,5760,0.7332,529569.4191,139573.1031,2.2882,3.1208
9089,529569.4191,keygen_C,50,2,23,11,256,5808,0.7393,529569.4191,139573.0505,2.29,3.0975
9090,529569.4191,keygen_C,50,2,14,19,256,5872,0.7475,529569.4191,139582.9126,2.2905,3.0644
9091,529569.4191,keygen_C,50,2,20,13,256,5872,0.7475,529569.4191,139573.2084,2.2914,3.0656
9092,529569.4191,keygen_C,50,2,24,13,256,6768,0.8615,529569.4191,139573.2527,2.3179,2.6905
9093,529569.4191,keygen_C,50,2,18,14,256,5712,0.7271,529569.4191,139573.3856,2.2863,3.1445
9094,529569.4191,keygen_C,50,2,21,15,256,6768,0.8615,529569.4191,139573.9173,2.3174,2.6899
9095,529569.4191,keygen_C,50,2,15,18,256,5952,0.7576,529569.4191,139578.3042,2.2933,3.0269
9096,529569.4191,keygen_C,50,2,19,14,256,5952,0.7576,529569.4191,139573.4078,2.2937,3.0275
9097,529569.4191,keygen_C,50,2,22,12,256,5968,0.7597,529569.4191,139573.1087,2.2942,3.02
9098,529569.4191,keygen_C,50,2,16,17,256,6000,0.7637,529569.4191,139575.8227,2.2947,3.0045
9099,529569.4191,keygen_C,50,2,18,15,256,6000,0.7637,529569.4191,139573.7844,2.2947,3.0045
9100,529569.4191,keygen_C,50,2,24,11,256,6000,0.7637,529569.4191,139573.0533,2.2956,3.0057
9101,529569.4191,keygen_C,50,2,17,16,256,6016,0.7658,529569.4191,139574.4934,2.2951,2.9971
9102,529569.4191,keygen_C,50,2,16,20,256,6768,0.8615,529569.4191,139595.6742,2.3169,2.6894
9103,529569.4191,keygen_C,50,2,21,10,256,5088,0.6477,529569.4191,139573.0159,2.2687,3.5029
9104,529569.4191,keygen_C,50,2,11,20,256,5088,0.6477,529569.4191,139588.5844,2.2677,3.5015
9105,529569.4191,keygen_C,50,2,23,9,256,5072,0.6456,529569.4191,139573.0027,2.2687,3.5139
9106,529569.4191,keygen_C,50,2,10,17,256,4272,0.5438,529569.4191,139574.7593,2.2436,4.1259
9107,529569.4191,keygen_C,50,2,12,14,256,4272,0.5438,529569.4191,139573.2527,2.2441,4.1268
9108,529569.4191,keygen_C,50,2,15,11,256,4272,0.5438,529569.4191,139573.0283,2.2445,4.1276
9109,529569.4191,keygen_C,50,2,18,9,256,4272,0.5438,529569.4191,139572.9993,2.2445,4.1276
9110,529569.4191,keygen_C,50,2,20,8,256,4272,0.5438,529569.4191,139572.9937,2.245,4.1285
9111,529569.4191,keygen_C,50,2,13,13,256,4304,0.5479,529569.4191,139573.1308,2.245,4.0978
9112,529569.4191,keygen_C,50,2,14,12,256,4304,0.5479,529569.4191,139573.0644,2.245,4.0978
9113,529569.4191,keygen_C,50,2,11,16,256,4384,0.558,529569.4191,139573.9617,2.2473,4.0272
9114,529569.4191,keygen_C,50,2,17,10,256,4384,0.558,529569.4191,139573.0103,2.2478,4.028
9115,529569.4191,keygen_C,50,2,24,15,256,7536,0.9593,529569.4191,139574.0503,2.3401,2.4395
9116,529569.4191,keygen_C,50,2,9,20,256,4416,0.5621,529569.4191,139585.7485,2.2478,3.9988
9117,529569.4191,keygen_C,50,2,21,8,256,4416,0.5621,529569.4191,139572.9941,2.2492,4.0013
9118,529569.4191,keygen_C,50,2,10,18,256,4432,0.5642,529569.4191,139576.5317,2.2483,3.9852
9119,529569.4191,keygen_C,50,2,19,9,256,4432,0.5642,529569.4191,139573.0,2.2497,3.9877
9120,529569.4191,keygen_C,50,2,12,15,256,4464,0.5682,529569.4191,139573.5185,2.2497,3.9591
9121,529569.4191,keygen_C,50,2,9,19,256,4272,0.5438,529569.4191,139579.3676,2.2436,4.1259
9122,529569.4191,keygen_C,50,2,16,10,256,4208,0.5356,529569.4191,139573.009,2.2427,4.1869
9123,529569.4191,keygen_C,50,2,11,15,256,4208,0.5356,529569.4191,139573.4742,2.2422,4.1861
9124,529569.4191,keygen_C,50,2,23,16,256,7648,0.9735,529569.4191,139575.0251,2.3434,2.4071
9125,529569.4191,keygen_C,50,2,8,19,256,3952,0.5031,529569.4191,139578.6587,2.2343,4.4415
9126,529569.4191,keygen_C,50,2,10,15,256,3952,0.5031,529569.4191,139573.4299,2.2343,4.4415
9127,529569.4191,keygen_C,50,2,16,9,256,3952,0.5031,529569.4191,139572.9979,2.2353,4.4434
9128,529569.4191,keygen_C,50,2,9,17,256,3984,0.5071,529569.4191,139574.582,2.2353,4.4077
9129,529569.4191,keygen_C,50,2,18,8,256,3984,0.5071,529569.4191,139572.993,2.2362,4.4095
9130,529569.4191,keygen_C,50,2,22,17,256,7728,0.9837,529569.4191,139576.8862,2.3452,2.3841
9131,529569.4191,keygen_C,50,2,11,14,256,4032,0.5132,529569.4191,139573.2305,2.2371,4.3588
9132,529569.4191,keygen_C,50,2,16,11,256,4464,0.5682,529569.4191,139573.0311,2.2501,3.9599
9133,529569.4191,keygen_C,50,2,15,10,256,4032,0.5132,529569.4191,139573.0076,2.2376,4.3597
9134,529569.4191,keygen_C,50,2,12,13,256,4080,0.5193,529569.4191,139573.1197,2.2385,4.3102
9135,529569.4191,keygen_C,50,2,14,11,256,4080,0.5193,529569.4191,139573.0256,2.2385,4.3102
9136,529569.4191,keygen_C,50,2,13,12,256,4096,0.5214,529569.4191,139573.0588,2.239,4.2943
9137,529569.4191,keygen_C,50,2,10,16,256,4112,0.5234,529569.4191,139573.873,2.239,4.2776
9138,529569.4191,keygen_C,50,2,17,9,256,4112,0.5234,529569.4191,139572.9986,2.2399,4.2794
9139,529569.4191,keygen_C,50,2,9,18,256,4128,0.5255,529569.4191,139576.1772,2.2394,4.2619
9140,529569.4191,keygen_C,50,2,19,8,256,4128,0.5255,529569.4191,139572.9934,2.2408,4.2645
9141,529569.4191,keygen_C,50,2,8,20,256,4080,0.5193,529569.4191,139584.3305,2.2381,4.3093
9142,529569.4191,keygen_C,50,2,13,14,256,4512,0.5743,529569.4191,139573.2748,2.251,3.9194
9143,529569.4191,keygen_C,50,2,15,12,256,4512,0.5743,529569.4191,139573.0699,2.2515,3.9202
9144,529569.4191,keygen_C,50,2,20,18,256,7472,0.9511,529569.4191,139580.0766,2.3378,2.458
9145,529569.4191,keygen_C,50,2,21,9,256,4752,0.6049,529569.4191,139573.0013,2.2589,3.7345
9146,529569.4191,keygen_C,50,2,12,17,256,4848,0.6171,529569.4191,139575.1138,2.2608,3.6635
9147,529569.4191,keygen_C,50,2,18,11,256,4848,0.6171,529569.4191,139573.0367,2.2613,3.6643
9148,529569.4191,keygen_C,50,2,24,8,256,4848,0.6171,529569.4191,139572.9951,2.2622,3.6658
9149,529569.4191,keygen_C,50,2,23,15,256,7280,0.9267,529569.4191,139574.006,2.3327,2.5173
9150,529569.4191,keygen_C,50,2,11,19,256,4912,0.6253,529569.4191,139580.7856,2.2626,3.6188
9151,529569.4191,keygen_C,50,2,20,10,256,4912,0.6253,529569.4191,139573.0145,2.2636,3.6202
9152,529569.4191,keygen_C,50,2,15,13,256,4752,0.6049,529569.4191,139573.153,2.2585,3.7337
9153,529569.4191,keygen_C,50,2,22,9,256,4912,0.6253,529569.4191,139573.002,2.2636,3.6202
9154,529569.4191,keygen_C,50,2,17,12,256,4928,0.6273,529569.4191,139573.081,2.2636,3.6085
9155,529569.4191,keygen_C,50,2,14,15,256,4976,0.6334,529569.4191,139573.6072,2.2645,3.5751
9156,529569.4191,keygen_C,50,2,16,13,256,4976,0.6334,529569.4191,139573.1641,2.265,3.5759
9157,529569.4191,keygen_C,50,2,15,14,256,4992,0.6354,529569.4191,139573.3191,2.2654,3.5651
9158,529569.4191,keygen_C,50,2,12,18,256,5040,0.6415,529569.4191,139577.2407,2.2664,3.5326
9159,529569.4191,keygen_C,50,2,19,11,256,5040,0.6415,529569.4191,139573.0394,2.2673,3.5341
9160,529569.4191,keygen_C,50,2,19,18,256,7168,0.9124,529569.4191,139579.7221,2.329,2.5525
9161,529569.4191,keygen_C,50,2,13,16,256,4928,0.6273,529569.4191,139574.1389,2.2631,3.6077
9162,529569.4191,keygen_C,50,2,12,12,256,3888,0.4949,529569.4191,139573.0533,2.2329,4.5118
9163,529569.4191,keygen_C,50,2,14,14,256,4752,0.6049,529569.4191,139573.297,2.258,3.7329
9164,529569.4191,keygen_C,50,2,19,10,256,4736,0.6029,529569.4191,139573.0131,2.2585,3.7463
9165,529569.4191,keygen_C,50,2,19,19,256,7472,0.9511,529569.4191,139586.4575,2.3378,2.458
9166,529569.4191,keygen_C,50,2,14,13,256,4528,0.5764,529569.4191,139573.1419,2.2515,3.9063
9167,529569.4191,keygen_C,50,2,11,17,256,4560,0.5804,529569.4191,139574.9365,2.2524,3.8805
9168,529569.4191,keygen_C,50,2,18,10,256,4560,0.5804,529569.4191,139573.0117,2.2529,3.8813
9169,529569.4191,keygen_C,50,2,22,8,256,4560,0.5804,529569.4191,139572.9944,2.2534,3.8821
9170,529569.4191,keygen_C,50,2,21,17,256,7440,0.947,529569.4191,139576.709,2.3369,2.4676
9171,529569.4191,keygen_C,50,2,18,20,256,7440,0.947,529569.4191,139598.5101,2.3364,2.4671
9172,529569.4191,keygen_C,50,2,10,20,256,4752,0.6049,529569.4191,139587.1664,2.2575,3.7322
9173,529569.4191,keygen_C,50,2,10,19,256,4592,0.5845,529569.4191,139580.0766,2.2529,3.8543
9174,529569.4191,keygen_C,50,2,12,16,256,4656,0.5927,529569.4191,139574.0503,2.2552,3.8052
9175,529569.4191,keygen_C,50,2,17,11,256,4656,0.5927,529569.4191,139573.0339,2.2557,3.806
9176,529569.4191,keygen_C,50,2,22,16,256,7376,0.9389,529569.4191,139574.9365,2.335,2.487
9177,529569.4191,keygen_C,50,2,23,8,256,4704,0.5988,529569.4191,139572.9948,2.258,3.771
9178,529569.4191,keygen_C,50,2,13,15,256,4720,0.6008,529569.4191,139573.5629,2.2571,3.7567
9179,529569.4191,keygen_C,50,2,16,12,256,4720,0.6008,529569.4191,139573.0754,2.2575,3.7575
9180,529569.4191,keygen_C,50,2,11,18,256,4736,0.6029,529569.4191,139576.8862,2.2575,3.7448
9181,529569.4191,keygen_C,50,2,20,9,256,4592,0.5845,529569.4191,139573.0007,2.2543,3.8566
9182,529569.4191,keygen_C,50,2,6,20,256,3408,0.4338,529569.4191,139581.4946,2.2181,5.1131
